Customer ID,Recency,Frequency,Monetary,TotalQuantity,AverageOrderValue,AverageQuantityPerOrder,UniqueProducts,ActiveDays,Tenure,FirstPurchaseDaysAgo,OrderValueStd,OrderValueMax,OrderValueMin,OrderValueMedian,OrdersPerActiveDay,ProductsPerOrder,SpendPerDay,CountryCount,Cancellations,CancelledValue,ReturnRatio,SpendTrend,Churn
12346,235,1,77183.6,74215,77183.6,74215.0,1,1,0,235,0.0,77183.6,77183.6,77183.6,1.0,1.0,77183.6,1,1.0,77183.6,0.5,-0.9999870440476468,1
12347,39,5,2790.86,1590,558.172,318.0,82,5,237,276,130.4952770026563,711.79,382.52,584.9100000000001,1.0,16.4,11.726302521008403,1,0.0,0.0,0.0,0.1491836983229818,0
12348,158,3,1487.24,2124,495.74666666666667,708.0,22,3,109,267,350.86715510764657,892.8,227.44,367.0,1.0,7.333333333333333,13.520363636363637,1,0.0,0.0,0.0,-0.5061280438638929,0
12350,219,1,334.4,197,334.4,197.0,17,1,0,219,0.0,334.4,334.4,334.4,1.0,17.0,334.4,1,0.0,0.0,0.0,-0.9970184853905785,1
12352,171,5,1561.81,254,312.36199999999997,50.8,26,4,34,206,302.98027373081567,840.3,120.33,160.33,1.25,5.2,44.62314285714285,1,10.0,960.63,0.6666666666666666,-0.640186586981143,0
12353,113,1,89.0,20,89.0,20.0,4,1,0,113,0.0,89.0,89.0,89.0,1.0,4.0,89.0,1,0.0,0.0,0.0,-0.9888888888888889,1
12354,141,1,1079.4,530,1079.4,530.0,58,1,0,141,0.0,1079.4,1079.4,1079.4,1.0,58.0,1079.4,1,0.0,0.0,0.0,-0.9990744168826361,1
12355,123,1,459.4,240,459.4,240.0,13,1,0,123,0.0,459.4,459.4,459.4,1.0,13.0,459.4,1,0.0,0.0,0.0,-0.9978279756733276,1
12356,155,2,2753.08,1586,1376.54,793.0,53,2,80,235,1265.83427540891,2271.62,481.46000000000004,1376.54,1.0,26.5,33.98864197530864,1,0.0,0.0,0.0,-0.65000290478127,0
12358,60,1,484.86,100,484.86,100.0,12,1,0,60,0.0,484.86,484.86,484.86,1.0,12.0,484.86,1,0.0,0.0,0.0,-0.9979417939324086,0
12359,99,3,3495.73,965,1165.2433333333333,321.6666666666667,135,3,141,241,647.5187344265286,1838.9099999999999,547.5,1109.32,1.0,45.0,24.61781690140845,1,6.0,127.05,0.6666666666666666,-0.3652240807840468,0
12360,22,2,1618.28,674,809.14,337.0,63,2,88,110,388.1167700576721,1083.58,534.7,809.14,1.0,31.5,18.182921348314608,1,0.0,0.0,0.0,-0.33896546613309614,0
12361,196,1,189.9,91,189.9,91.0,10,1,0,196,0.0,189.9,189.9,189.9,1.0,10.0,189.9,1,0.0,0.0,0.0,-0.9947616553169198,1
12362,29,4,1747.35,988,436.8375,247.0,89,4,175,205,89.36285968827693,495.24,303.76,474.175,1.0,22.25,9.928125,1,8.0,71.65,0.6666666666666666,-0.11515428832899594,0
12363,19,2,552.0,408,276.0,204.0,23,2,132,151,32.668333290818495,299.1,252.9,276.0,1.0,11.5,4.150375939849624,1,0.0,0.0,0.0,-0.08354430379746838,1
12364,21,1,623.92,555,623.92,555.0,34,1,0,21,0.0,623.92,623.92,623.92,1.0,34.0,623.92,1,0.0,0.0,0.0,-0.9983997951737822,0
12365,200,2,641.38,174,320.69,87.0,22,1,0,200,0.0,320.69,320.69,320.69,2.0,11.0,641.38,1,1.0,320.69,0.3333333333333333,0.0,1
12370,184,3,2806.41,1973,935.4699999999999,657.6666666666666,125,3,85,269,656.814868056441,1590.82,277.2,938.39,1.0,41.666666666666664,32.63267441860465,2,0.0,0.0,0.0,-0.33113439077299006,0
12372,122,2,914.9200000000001,592,457.46000000000004,296.0,32,2,83,206,82.36379787260907,515.7,399.22,457.46000000000004,1.0,16.0,10.891904761904764,1,0.0,0.0,0.0,0.12717267883657962,0
12373,220,1,364.6,197,364.6,197.0,14,1,0,220,0.0,364.6,364.6,364.6,1.0,14.0,364.6,1,0.0,0.0,0.0,-0.9972647702407003,1
12375,7,1,230.3,87,230.3,87.0,11,1,0,7,0.0,230.3,230.3,230.3,1.0,11.0,230.3,1,1.0,2.08,0.5,-0.9956766104626027,0
12377,224,2,1628.12,944,814.06,472.0,72,2,39,264,265.10847440246033,1001.52,626.6,814.06,1.0,36.0,40.702999999999996,1,0.0,0.0,0.0,-0.2301365154193675,1
12378,39,1,4008.62,2529,4008.62,2529.0,219,1,0,39,0.0,4008.62,4008.62,4008.62,1.0,219.0,4008.62,1,0.0,0.0,0.0,-0.9997505998074631,1
12379,79,1,459.84,211,459.84,211.0,20,1,0,79,0.0,459.84,459.84,459.84,1.0,20.0,459.84,1,1.0,1.95,0.5,-0.997830049474872,0
12380,95,1,607.5500000000001,293,607.5500000000001,293.0,36,1,0,95,0.0,607.5500000000001,607.5500000000001,607.5500000000001,1.0,36.0,607.5500000000001,1,1.0,4.25,0.5,-0.9983567496508093,0
12381,29,1,1268.74,568,1268.74,568.0,62,1,0,29,0.0,1268.74,1268.74,1268.74,1.0,62.0,1268.74,1,4.0,41.35,0.8,-0.999212437191866,0
12383,94,5,1850.56,1532,370.11199999999997,306.4,84,5,167,261,253.75093806723163,651.16,99.45,357.07,1.0,16.8,11.015238095238095,1,1.0,11.25,0.16666666666666666,-0.7384799844455487,1
12384,31,1,292.69,62,292.69,62.0,14,1,0,31,0.0,292.69,292.69,292.69,1.0,14.0,292.69,1,3.0,19.11,0.75,-0.9965950492015391,0
12386,247,2,401.9,354,200.95,177.0,10,2,29,276,81.95367593952083,258.9,143.0,200.95,1.0,5.0,13.396666666666667,1,0.0,0.0,0.0,-0.28766443286175225,1
12388,57,4,1668.3400000000001,760,417.08500000000004,190.0,50,4,178,236,348.2401861263765,902.09,124.05000000000001,321.1,1.0,12.5,9.320335195530728,1,0.0,0.0,0.0,0.08137347694298347,0
12393,155,3,1061.1000000000001,522,353.70000000000005,174.0,33,3,86,242,154.38707847485165,462.5,177.00000000000003,421.6,1.0,11.0,12.196551724137933,1,0.0,0.0,0.0,-0.20515958949251478,0
12394,126,1,381.08,182,381.08,182.0,21,1,0,126,0.0,381.08,381.08,381.08,1.0,21.0,381.08,1,0.0,0.0,0.0,-0.9973827470686767,0
12395,21,8,1899.57,1629,237.44625,203.625,65,8,258,280,84.79090684695248,346.1,149.97,206.665,1.0,8.125,7.334247104247104,1,3.0,20.35,0.2727272727272727,-0.30321956044765525,0
12397,44,1,1214.81,704,1214.81,704.0,70,1,0,44,0.0,1214.81,1214.81,1214.81,1.0,70.0,1214.81,1,0.0,0.0,0.0,-0.999177503063801,0
12399,28,4,1108.65,1178,277.1625,294.5,47,4,142,171,150.35819196727084,480.90000000000003,130.08,248.835,1.0,11.75,7.752797202797203,1,0.0,0.0,0.0,-0.3868336862974812,1
12401,212,1,84.3,11,84.3,11.0,5,1,0,212,0.0,84.3,84.3,84.3,1.0,5.0,84.3,1,0.0,0.0,0.0,-0.9882766705744431,1
12402,232,1,225.6,94,225.6,94.0,11,1,0,232,0.0,225.6,225.6,225.6,1.0,11.0,225.6,1,0.0,0.0,0.0,-0.9955869373345102,1
12405,58,1,1710.39,857,1710.39,857.0,54,1,0,58,0.0,1710.39,1710.39,1710.39,1.0,54.0,1710.39,1,0.0,0.0,0.0,-0.9994156796522126,1
12406,93,1,1621.25,793,1621.25,793.0,48,1,0,93,0.0,1621.25,1621.25,1621.25,1.0,48.0,1621.25,1,3.0,134.55,0.75,-0.9993835721991062,0
12407,43,4,1407.3600000000001,1237,351.84000000000003,309.25,50,4,130,173,246.84990203225382,719.06,192.34,247.98000000000002,1.0,12.5,10.74320610687023,1,0.0,0.0,0.0,0.294981396801954,0
12408,8,4,2134.0499999999997,1044,533.5124999999999,261.0,67,3,161,169,310.6519822754502,762.89,74.7,648.23,1.3333333333333333,16.75,13.173148148148146,1,8.0,45.980000000000004,0.6666666666666666,0.21492236715767785,0
12409,92,1,6207.08,3142,6207.08,3142.0,64,1,0,92,0.0,6207.08,6207.08,6207.08,1.0,64.0,6207.08,1,5.0,15.74,0.8333333333333334,-0.9998389196015516,0
12410,218,2,693.3299999999999,211,346.66499999999996,105.5,26,1,0,218,394.0918223586985,625.3299999999999,68.0,346.66499999999996,2.0,13.0,693.3299999999999,1,2.0,12.25,0.5,-0.8026874828971814,1
12412,47,2,890.74,599,445.37,299.5,34,2,31,78,97.76458356685205,514.5,376.24,445.37,1.0,17.0,27.835625,1,0.0,0.0,0.0,-0.15504519254491217,0
12413,145,2,563.9,205,281.95,102.5,25,2,100,246,279.0243358562117,479.25,84.65,281.95,1.0,12.5,5.583168316831683,1,2.0,63.95,0.5,-0.6985307134006019,0
12414,126,3,562.41,300,187.47,100.0,16,3,93,219,48.29698437790916,242.8,153.76,165.85,1.0,5.333333333333333,5.983085106382978,1,0.0,0.0,0.0,0.45240588558953526,1
12415,8,15,102087.88,66701,6805.858666666667,4446.733333333334,382,12,238,247,8394.95299482192,22775.93,61.199999999999996,2732.92,1.25,25.466666666666665,427.14594142259415,1,62.0,1189.08,0.8051948051948052,0.251764932674352,0
12417,16,7,2816.52,1229,402.36,175.57142857142858,132,7,250,267,90.25258795920114,562.69,291.34,410.0,1.0,18.857142857142858,11.221195219123507,2,6.0,70.3,0.46153846153846156,0.27221102245946793,0
12418,22,1,668.58,407,668.58,407.0,34,1,0,22,0.0,668.58,668.58,668.58,1.0,34.0,668.58,1,0.0,0.0,0.0,-0.9985065264792855,1
12421,24,3,628.56,407,209.51999999999998,135.66666666666666,25,3,204,228,45.25335015222631,239.35,157.45,231.76,1.0,8.333333333333334,3.0661463414634142,1,1.0,0.77,0.25,0.4982209797318763,0
12422,5,3,803.5600000000001,370,267.85333333333335,123.33333333333333,39,3,229,234,137.20547559530317,417.36,147.7,238.5,1.0,13.0,3.4937391304347827,2,0.0,0.0,0.0,0.40588644725067125,1
12423,10,7,1650.67,1136,235.81,162.28571428571428,86,7,252,263,89.86130016122995,347.35,84.92,237.93,1.0,12.285714285714286,6.524387351778657,1,1.0,10.2,0.125,-0.25140009808254676,0
12424,72,2,1760.96,740,880.48,370.0,30,1,0,72,828.5028733806541,1466.3200000000002,294.64000000000004,880.4800000000001,2.0,15.0,1760.96,1,0.0,0.0,0.0,-0.9994324502258848,1
12426,104,1,582.73,258,582.73,258.0,30,1,0,104,0.0,582.73,582.73,582.73,1.0,30.0,582.73,1,0.0,0.0,0.0,-0.998286879207853,1
12427,281,1,303.5,79,303.5,79.0,10,1,0,281,0.0,303.5,303.5,303.5,1.0,10.0,303.5,1,4.0,117.42999999999999,0.8,-0.9967159277504105,0
12428,29,8,7548.12,3386,943.515,423.25,252,6,163,193,798.9011483817721,2474.62,373.72,581.77,1.3333333333333333,31.5,46.02512195121951,1,6.0,79.26,0.42857142857142855,-0.6719935568649061,0
12429,82,3,2844.88,1045,948.2933333333334,348.3333333333333,62,3,193,275,448.78344012823527,1281.5,437.98,1125.4,1.0,20.666666666666668,14.664329896907217,2,0.0,0.0,0.0,0.09904844898590247,0
12431,28,11,4874.57,2108,443.14272727272726,191.63636363636363,134,11,254,283,138.2280096862361,640.1,118.8,472.09,1.0,12.181818181818182,19.115960784313724,2,4.0,71.06,0.26666666666666666,0.09270916015973513,0
12432,79,3,4016.66,1427,1338.8866666666665,475.6666666666667,75,2,1,81,1324.8011332020114,2862.06,454.6,700.0,1.5,25.0,2008.33,1,0.0,0.0,0.0,-0.6512895566075776,0
12433,0,3,6395.23,5431,2131.7433333333333,1810.3333333333333,151,3,282,282,413.337921358945,2608.11,1867.98,1919.1399999999999,1.0,50.333333333333336,22.59798586572438,1,0.0,0.0,0.0,-0.18432889373896807,0
12434,169,1,286.25,77,286.25,77.0,16,1,0,169,0.0,286.25,286.25,286.25,1.0,16.0,286.25,1,4.0,40.949999999999996,0.8,-0.9965187119234117,0
12435,177,1,3978.9900000000002,879,3978.9900000000002,879.0,19,1,0,177,0.0,3978.9900000000002,3978.9900000000002,3978.9900000000002,1.0,19.0,3978.9900000000002,1,0.0,0.0,0.0,-0.9997487430872942,0
12436,9,1,509.01,211,509.01,211.0,16,1,0,9,0.0,509.01,509.01,509.01,1.0,16.0,509.01,1,0.0,0.0,0.0,-0.9980392541322719,1
12437,7,11,2811.41,1797,255.58272727272725,163.36363636363637,63,9,232,240,136.6898484958491,501.64,65.1,267.12,1.2222222222222223,5.7272727272727275,12.066137339055793,1,1.0,54.75,0.08333333333333333,0.046888611546680566,0
12438,49,1,890.0699999999999,586,890.0699999999999,586.0,49,1,0,49,0.0,890.0699999999999,890.0699999999999,890.0699999999999,1.0,49.0,890.0699999999999,1,0.0,0.0,0.0,-0.9988777537118296,0
12441,276,1,173.55,121,173.55,121.0,11,1,0,276,0.0,173.55,173.55,173.55,1.0,11.0,173.55,1,0.0,0.0,0.0,-0.9942709825264967,1
12444,31,2,2627.27,650,1313.635,325.0,96,2,49,80,787.1017713421818,1870.2,757.0699999999999,1313.635,1.0,48.0,52.5454,1,0.0,0.0,0.0,-0.4235219364829337,0
12447,152,1,476.49,190,476.49,190.0,26,1,0,152,0.0,476.49,476.49,476.49,1.0,26.0,476.49,1,0.0,0.0,0.0,-0.9979057153029383,1
12449,1,3,2724.58,1029,908.1933333333333,343.0,84,3,95,96,160.64377558229054,1087.7,777.95,858.9300000000001,1.0,28.0,28.381041666666665,1,0.0,0.0,0.0,0.36935991605456453,0
12450,65,2,197.88,128,98.94,64.0,7,2,17,82,4.157787873376896,101.88,96.0,98.94,1.0,3.5,10.993333333333332,1,0.0,0.0,0.0,-0.029565567176186622,1
12451,127,2,5307.82,4105,2653.91,2052.5,162,2,106,234,375.61512216629393,2919.5099999999998,2388.31,2653.91,1.0,81.0,49.605794392523364,1,1.0,102.0,0.3333333333333333,-0.10005990031683121,0
12453,43,1,707.09,473,707.09,473.0,43,1,0,43,0.0,707.09,707.09,707.09,1.0,43.0,707.09,1,0.0,0.0,0.0,-0.9985877501447556,1
12455,37,5,2176.36,1766,435.27200000000005,353.2,67,5,169,206,704.025021515571,1683.9,15.0,134.5,1.0,13.4,12.802117647058825,2,0.0,0.0,0.0,-0.5609729213359298,0
12456,40,2,2265.4,1073,1132.7,536.5,77,2,123,164,272.27853716369196,1325.23,940.1700000000001,1132.7,1.0,38.5,18.269354838709678,1,4.0,27.15,0.6666666666666666,0.16989939992940342,0
12457,143,3,1067.25,397,355.75,132.33333333333334,23,3,5,148,272.23461848192636,669.25,179.0,219.0,1.0,7.666666666666667,177.875,1,5.0,445.45,0.625,-0.6639363444886497,0
12458,194,1,441.92,270,441.92,270.0,19,1,0,194,0.0,441.92,441.92,441.92,1.0,19.0,441.92,1,0.0,0.0,0.0,-0.9977422559378669,0
12461,3,2,826.88,287,413.44,143.5,35,2,60,64,301.8497427529134,626.88,200.0,413.44,1.0,17.5,13.555409836065573,1,0.0,0.0,0.0,-0.5156302845823066,1
12462,212,1,762.11,287,762.11,287.0,40,1,0,212,0.0,762.11,762.11,762.11,1.0,40.0,762.11,1,10.0,65.58,0.9090909090909091,-0.9986895729318185,0
12463,84,3,985.79,577,328.59666666666664,192.33333333333334,51,3,66,151,27.77361037627867,350.57,297.38,337.84000000000003,1.0,17.0,14.713283582089552,1,5.0,41.15,0.625,0.28846056405111525,0
12464,15,6,780.55,81,130.09166666666667,13.5,6,5,203,218,74.40098397646813,213.89999999999998,34.0,148.475,1.2,1.0,3.8262254901960784,1,0.0,0.0,0.0,0.06762203313927455,0
12465,78,1,440.94,294,440.94,294.0,26,1,0,78,0.0,440.94,440.94,440.94,1.0,26.0,440.94,1,4.0,8.3,0.8,-0.9977372494003711,0
12468,97,2,729.5400000000001,366,364.77000000000004,183.0,36,2,128,225,203.9013114229529,508.95000000000005,220.59,364.77000000000004,1.0,18.0,5.655348837209303,1,2.0,5.5,0.5,0.39472171270566975,1
12471,16,19,11116.4,4352,585.0736842105263,229.05263157894737,108,12,257,274,540.4666304655484,1982.41,29.700000000000003,530.22,1.5833333333333333,5.684210526315789,43.08682170542635,1,71.0,1083.1299999999999,0.7888888888888889,-0.35222623994818936,0
12472,48,5,4927.6,3088,985.5200000000001,617.6,180,5,230,278,451.63081870040713,1631.3,592.18,825.36,1.0,36.0,21.331601731601733,1,52.0,342.63,0.9122807017543859,-0.23740615996429007,0
12473,24,2,1186.25,878,593.125,439.0,60,2,77,101,111.8147953090288,672.1899999999999,514.06,593.125,1.0,30.0,15.208333333333334,1,11.0,1090.32,0.8461538461538461,-0.13319014529374604,0
12474,8,13,4362.06,2798,335.54307692307697,215.23076923076923,153,12,231,239,255.24605998867756,806.47,7.800000000000001,287.58000000000004,1.0833333333333333,11.76923076923077,18.801982758620692,1,33.0,259.32,0.717391304347826,0.10542142441314119,0
12476,50,6,3191.67,1132,531.945,188.66666666666666,91,6,220,270,505.3887047708922,1411.67,12.45,430.39,1.0,15.166666666666666,14.441945701357467,1,31.0,269.84,0.8378378378378378,0.5472566848437201,0
12477,10,3,8834.03,2518,2944.6766666666667,839.3333333333334,156,3,200,211,1138.5578757504304,4257.0599999999995,2221.02,2355.9500000000003,1.0,52.0,43.95039800995025,1,8.0,102.72999999999999,0.7272727272727273,-0.0362092715021908,0
12480,52,3,2144.95,1096,714.9833333333332,365.3333333333333,97,3,192,245,138.09305642693744,816.25,557.6800000000001,771.02,1.0,32.333333333333336,11.113730569948185,1,0.0,0.0,0.0,-0.47978284675784616,0
12481,89,8,4101.76,2361,512.72,295.125,112,6,186,275,308.96130478935845,1001.21,134.82,602.975,1.3333333333333333,14.0,21.934545454545457,1,1.0,5.46,0.1111111111111111,0.32000409480447306,0
12483,8,6,1624.06,792,270.6766666666667,132.0,38,6,240,248,187.6798984086113,547.56,8.5,314.7,1.0,6.333333333333333,6.738838174273859,1,6.0,157.85,0.5,-0.07203426335027634,0
12484,10,4,3663.15,1859,915.7875,464.75,222,4,235,245,519.6989347930203,1246.49,140.0,1138.33,1.0,55.5,15.521822033898305,1,4.0,46.45,0.5,0.37820776987841653,0
12489,245,1,334.93,105,334.93,105.0,15,1,0,245,0.0,334.93,334.93,334.93,1.0,15.0,334.93,1,0.0,0.0,0.0,-0.9970231893549252,1
12490,2,6,3552.59,2010,592.0983333333334,335.0,102,6,236,239,286.6569604538963,1035.82,331.5,454.06,1.0,17.0,14.989831223628693,1,0.0,0.0,0.0,0.32675407123500455,0
12492,14,1,126.39000000000001,69,126.39000000000001,69.0,9,1,0,14,0.0,126.39000000000001,126.39000000000001,126.39000000000001,1.0,9.0,126.39000000000001,1,0.0,0.0,0.0,-0.9921500902739618,0
12493,75,2,433.74,207,216.87,103.5,20,2,31,106,22.10415797989147,232.5,201.24,216.87,1.0,10.0,13.554375,1,1.0,16.95,0.3333333333333333,-0.07190504669457605,1
12494,71,5,868.86,364,173.772,72.8,42,5,204,275,158.75818016719643,403.09000000000003,4.949999999999999,153.22,1.0,8.4,4.238341463414634,1,7.0,106.75,0.5833333333333334,0.28022900236819726,0
12500,16,6,1773.8400000000001,1270,295.64000000000004,211.66666666666666,20,6,227,243,80.60532885609983,378.0,185.64000000000001,297.39,1.0,3.3333333333333335,7.78,1,4.0,51.55,0.4,-0.3642919925176354,0
12501,246,1,2169.39,1783,2169.39,1783.0,149,1,0,246,0.0,2169.39,2169.39,2169.39,1.0,149.0,2169.39,1,11.0,79.71000000000001,0.9166666666666666,-0.9995392533139206,1
12502,5,5,3723.87,820,744.774,164.0,102,5,214,219,218.02465830726575,1092.35,522.6,702.8,1.0,20.4,17.32032558139535,1,0.0,0.0,0.0,0.010354723789018123,1
12506,142,1,73.5,23,73.5,23.0,23,1,0,142,0.0,73.5,73.5,73.5,1.0,23.0,73.5,1,0.0,0.0,0.0,-0.9865771812080537,1
12507,43,3,1304.81,894,434.93666666666667,298.0,19,3,164,208,382.69844921730913,811.9,46.75,446.16,1.0,6.333333333333333,7.907939393939394,1,1.0,46.75,0.25,0.3158882226357586,1
12509,193,1,176.5,55,176.5,55.0,7,1,0,193,0.0,176.5,176.5,176.5,1.0,7.0,176.5,1,0.0,0.0,0.0,-0.9943661971830986,1
12510,52,2,982.5699999999999,353,491.28499999999997,176.5,29,2,182,234,268.3682366637304,681.05,301.52,491.28499999999997,1.0,14.5,5.369234972677595,1,0.0,0.0,0.0,-0.3858698414957756,1
12513,22,1,612.29,462,612.29,462.0,35,1,0,22,0.0,612.29,612.29,612.29,1.0,35.0,612.29,1,1.0,25.5,0.5,-0.9983694500154903,1
12514,176,1,1017.68,440,1017.68,440.0,51,1,0,176,0.0,1017.68,1017.68,1017.68,1.0,51.0,1017.68,1,0.0,0.0,0.0,-0.999018337456316,1
12515,262,1,383.7,131,383.7,131.0,16,1,0,262,0.0,383.7,383.7,383.7,1.0,16.0,383.7,1,0.0,0.0,0.0,-0.9974005718741876,1
12516,90,1,583.2,345,583.2,345.0,13,1,0,90,0.0,583.2,583.2,583.2,1.0,13.0,583.2,1,0.0,0.0,0.0,-0.9982882574460801,0
12517,35,2,1538.7,841,769.35,420.5,173,2,63,99,3.3941125496953957,771.75,766.95,769.35,1.0,86.5,24.0421875,1,2.0,37.949999999999996,0.5,0.0031174904202116997,0
12518,19,1,324.83,187,324.83,187.0,18,1,0,19,0.0,324.83,324.83,324.83,1.0,18.0,324.83,1,0.0,0.0,0.0,-0.99693091489427,0
12520,51,4,2045.85,1099,511.4625,274.75,104,4,131,183,329.4619636493213,987.42,246.54,405.945,1.0,26.0,15.498863636363636,1,3.0,51.75,0.42857142857142855,-0.206204655934729,0
12521,52,1,599.68,309,599.68,309.0,38,1,0,52,0.0,599.68,599.68,599.68,1.0,38.0,599.68,1,0.0,0.0,0.0,-0.998335220083905,1
12523,17,7,1017.75,560,145.39285714285714,80.0,49,7,224,241,36.70913905931587,204.75,102.95,138.75,1.0,7.0,4.523333333333333,1,4.0,44.2,0.36363636363636365,0.017050306748466207,0
12524,71,6,3122.48,2290,520.4133333333333,381.6666666666667,92,6,171,243,294.18321826145467,1094.33,289.1,438.15999999999997,1.0,15.333333333333334,18.153953488372093,1,0.0,0.0,0.0,0.1428342745911611,0
12526,3,1,520.3,318,520.3,318.0,29,1,0,3,0.0,520.3,520.3,520.3,1.0,29.0,520.3,1,0.0,0.0,0.0,-0.9980817187799731,0
12527,204,2,284.92,221,142.46,110.5,15,2,30,235,14.057282809988562,152.4,132.52,142.46,1.0,7.5,9.190967741935484,1,0.0,0.0,0.0,0.06952993844432007,0
12528,24,4,1287.37,503,321.8425,125.75,46,4,198,222,116.49649876713036,493.53000000000003,234.0,279.91999999999996,1.0,11.5,6.469195979899497,1,3.0,11.2,0.42857142857142855,-0.19866187508246852,0
12530,33,3,1221.65,600,407.2166666666667,200.0,39,3,213,246,17.168308982929375,417.6,387.40000000000003,416.65,1.0,13.0,5.708644859813084,1,2.0,38.650000000000006,0.4,-0.31762973868237027,0
12534,40,1,1089.18,651,1089.18,651.0,63,1,0,40,0.0,1089.18,1089.18,1089.18,1.0,63.0,1089.18,1,0.0,0.0,0.0,-0.9990827202847237,1
12535,1,2,716.35,219,358.175,109.5,28,2,94,96,18.773685040502826,371.45,344.9,358.17499999999995,1.0,14.0,7.5405263157894735,1,0.0,0.0,0.0,-0.037011221858228215,1
12539,171,3,4517.69,1621,1505.8966666666665,540.3333333333334,125,3,71,243,363.6498405517776,1715.85,1085.99,1715.85,1.0,41.666666666666664,62.74569444444444,1,1.0,1715.85,0.25,-0.5191128402258177,0
12540,1,11,9246.86,4433,840.6236363636364,403.0,207,11,269,271,439.7163332029577,1380.11,288.98,881.01,1.0,18.818181818181817,34.24762962962963,1,3.0,91.19999999999999,0.21428571428571427,0.2520583140315706,0
12541,82,2,536.14,419,268.07,209.5,27,2,107,190,62.69208721999928,312.4,223.74,268.07,1.0,13.5,4.964259259259259,1,0.0,0.0,0.0,-0.16505938861376918,0
12545,169,1,628.15,346,628.15,346.0,34,1,0,169,0.0,628.15,628.15,628.15,1.0,34.0,628.15,1,0.0,0.0,0.0,-0.9984105539219582,0
12547,107,2,207.79999999999998,134,103.89999999999999,67.0,7,2,82,190,78.48885271170678,159.4,48.4,103.9,1.0,3.5,2.503614457831325,1,0.0,0.0,0.0,-0.5316091954022989,1
12548,75,1,95.19999999999999,49,95.19999999999999,49.0,5,1,0,75,0.0,95.19999999999999,95.19999999999999,95.19999999999999,1.0,5.0,95.19999999999999,1,0.0,0.0,0.0,-0.9896049896049895,1
12551,267,1,168.0,100,168.0,100.0,10,1,0,267,0.0,168.0,168.0,168.0,1.0,10.0,168.0,1,0.0,0.0,0.0,-0.9940828402366864,1
12553,19,7,2419.59,1351,345.6557142857143,193.0,81,7,219,239,203.56716351588915,700.31,6.3,352.85,1.0,11.571428571428571,10.998136363636364,1,5.0,40.029999999999994,0.4166666666666667,-0.14209345655398065,0
12556,60,1,312.9,166,312.9,166.0,60,1,0,60,0.0,312.9,312.9,312.9,1.0,60.0,312.9,1,0.0,0.0,0.0,-0.996814272061166,0
12557,67,4,9000.960000000001,3464,2250.2400000000002,866.0,15,4,213,281,1795.1072864502187,4146.34,620.0,2117.3100000000004,1.0,3.75,42.06056074766356,1,0.0,0.0,0.0,0.10294646943554511,0
12559,220,2,561.71,283,280.855,141.5,21,2,8,229,290.27440474488964,486.11,75.60000000000001,280.855,1.0,10.5,62.412222222222226,1,1.0,25.5,0.3333333333333333,-0.7295232002274705,1
12560,21,2,1436.31,820,718.155,410.0,77,2,30,52,811.9777879043244,1292.31,144.0,718.155,1.0,38.5,46.332580645161286,1,6.0,32.620000000000005,0.75,-0.7989299455232344,0
12561,212,1,238.85,177,238.85,177.0,16,1,0,212,0.0,238.85,238.85,238.85,1.0,16.0,238.85,1,0.0,0.0,0.0,-0.9958307275380446,1
12562,36,3,1605.23,776,535.0766666666667,258.6666666666667,53,3,71,108,104.74673471442118,650.0,444.96000000000004,510.27,1.0,17.666666666666668,22.29486111111111,1,0.0,0.0,0.0,-0.1900288252616375,0
12564,170,1,456.9,133,456.9,133.0,21,1,0,170,0.0,456.9,456.9,456.9,1.0,21.0,456.9,1,0.0,0.0,0.0,-0.9978161170561258,1
12565,198,1,145.92,80,145.92,80.0,9,1,0,198,0.0,145.92,145.92,145.92,1.0,9.0,145.92,1,1.0,14.75,0.5,-0.9931935747345494,1
12567,5,9,7849.98,3533,872.2199999999999,392.55555555555554,271,8,273,279,511.1826504049213,1650.1,286.34000000000003,851.06,1.125,30.11111111111111,28.64956204379562,1,17.0,286.34000000000003,0.6538461538461539,0.19000940010036962,0
12569,1,15,2167.68,857,144.512,57.13333333333333,48,13,160,161,81.48852120741567,348.68,60.650000000000006,106.80000000000001,1.1538461538461537,3.2,13.463850931677017,1,3.0,59.7,0.16666666666666666,-0.20530460925539962,0
12571,31,1,248.35,197,248.35,197.0,14,1,0,31,0.0,248.35,248.35,248.35,1.0,14.0,248.35,1,0.0,0.0,0.0,-0.9959895728895127,0
12573,136,1,160.54000000000002,84,160.54000000000002,84.0,26,1,0,136,0.0,160.54000000000002,160.54000000000002,160.54000000000002,1.0,26.0,160.54000000000002,1,0.0,0.0,0.0,-0.9938095827658784,1
12574,225,1,218.45,61,218.45,61.0,11,1,0,225,0.0,218.45,218.45,218.45,1.0,11.0,218.45,1,0.0,0.0,0.0,-0.9954431533378901,1
12576,5,4,936.55,665,234.1375,166.25,54,4,208,214,55.12899078524838,275.7,154.8,253.025,1.0,13.5,4.4811004784689,1,1.0,8.850000000000001,0.2,0.0994613620606901,0
12577,268,1,195.89,134,195.89,134.0,67,1,0,268,0.0,195.89,195.89,195.89,1.0,67.0,195.89,1,1.0,62.400000000000006,0.5,-0.9949210218903957,0
12578,239,1,1608.66,748,1608.66,748.0,70,1,0,239,0.0,1608.66,1608.66,1608.66,1.0,70.0,1608.66,1,6.0,41.15,0.8571428571428571,-0.9993787507920927,0
12580,156,1,415.7,238,415.7,238.0,24,1,0,156,0.0,415.7,415.7,415.7,1.0,24.0,415.7,1,0.0,0.0,0.0,-0.9976001919846412,1
12582,148,2,511.36,300,255.68,150.0,21,2,49,198,71.44606917108875,306.2,205.16,255.68,1.0,10.5,10.2272,1,0.0,0.0,0.0,0.1972050901709735,1
12583,16,9,4232.21,3463,470.24555555555554,384.77777777777777,84,9,267,283,231.43242270213082,855.86,243.1,360.18,1.0,9.333333333333334,15.791828358208955,1,4.0,94.03999999999999,0.3076923076923077,-0.23827072127298193,0
12584,36,4,782.59,138,195.6475,34.5,27,4,153,189,190.57628785257276,463.63,12.75,153.10500000000002,1.0,6.75,5.081753246753247,1,30.0,444.2,0.8823529411764706,-0.1846246123610561,0
12585,143,2,2040.1,1279,1020.05,639.5,77,2,117,260,343.3710529441874,1262.85,777.25,1020.05,1.0,38.5,17.288983050847456,1,10.0,57.29,0.8333333333333334,-0.23791093038067704,1
12589,54,1,131.5,83,131.5,83.0,10,1,0,54,0.0,131.5,131.5,131.5,1.0,10.0,131.5,1,0.0,0.0,0.0,-0.9924528301886792,0
12590,120,2,9864.26,4283,4932.13,2141.5,68,1,0,120,6235.451444266085,9341.26,523.0,4932.13,2.0,34.0,9864.26,1,2.0,2.88,0.5,-0.8938700044398221,1
12591,226,1,452.84999999999997,228,452.84999999999997,228.0,26,1,0,226,0.0,452.84999999999997,452.84999999999997,452.84999999999997,1.0,26.0,452.84999999999997,1,0.0,0.0,0.0,-0.9977966288421285,1
12592,1,2,437.6,290,218.8,145.0,11,2,121,122,18.384776310850235,231.8,205.8,218.8,1.0,5.5,3.5868852459016396,1,0.0,0.0,0.0,-0.05927952576379389,1
12593,18,3,418.09999999999997,206,139.36666666666665,68.66666666666667,14,3,110,128,83.85143608390577,236.0,85.8,96.3,1.0,4.666666666666667,3.766666666666666,1,0.0,0.0,0.0,-0.12860892388451445,1
12594,30,8,2529.9,1440,316.2375,180.0,46,7,201,232,240.31475400577708,721.95,28.0,276.75,1.1428571428571428,5.75,12.524257425742574,1,1.0,18.0,0.1111111111111111,0.06907424236437637,0
12596,151,1,269.95,156,269.95,156.0,15,1,0,151,0.0,269.95,269.95,269.95,1.0,15.0,269.95,1,0.0,0.0,0.0,-0.9963092821553792,0
12597,92,2,1428.81,675,714.405,337.5,72,2,85,177,280.37490980827795,912.66,516.15,714.405,1.0,36.0,16.61406976744186,1,8.0,128.09,0.8,0.2773165665368126,0
12598,71,4,1584.3799999999999,971,396.09499999999997,242.75,45,3,122,194,295.67439721197826,720.86,36.0,413.76,1.3333333333333333,11.25,12.881138211382114,1,1.0,20.4,0.2,0.0899847355208215,0
12599,36,6,857.04,749,142.84,124.83333333333333,25,6,177,213,45.164929757501014,201.86,78.6,142.84,1.0,4.166666666666667,4.814831460674157,1,0.0,0.0,0.0,0.27052351871707614,0
12600,22,8,1936.5600000000002,544,242.07000000000002,68.0,26,8,258,280,115.351749382982,427.94000000000005,76.5,238.815,1.0,3.25,7.477065637065638,1,1.0,18.0,0.1111111111111111,0.1460187039369103,0
12601,99,5,577.0600000000001,245,115.412,49.0,21,5,142,242,30.536367170965185,144.26,68.1,113.10000000000001,1.0,4.2,4.035384615384616,1,1.0,7.5,0.16666666666666666,0.10784347645573118,1
12604,171,1,178.5,137,178.5,137.0,10,1,0,171,0.0,178.5,178.5,178.5,1.0,10.0,178.5,1,0.0,0.0,0.0,-0.9944289693593314,0
12609,95,2,800.73,518,400.365,259.0,42,2,132,227,159.00710188541888,512.8,287.93,400.365,1.0,21.0,6.020526315789474,1,0.0,0.0,0.0,0.28048095992416394,0
12610,15,2,1256.25,625,628.125,312.5,68,2,19,35,450.6037963111274,946.75,309.5,628.125,1.0,34.0,62.8125,1,5.0,41.55,0.7142857142857143,-0.5068602107774905,0
12613,107,4,1462.52,759,365.63,189.75,65,2,64,171,357.12504710068526,803.66,18.0,320.43,2.0,16.25,22.500307692307693,1,10.0,125.4,0.7142857142857143,-0.12353777194708644,0
12614,187,1,315.6,76,315.6,76.0,20,1,0,187,0.0,315.6,315.6,315.6,1.0,20.0,315.6,1,0.0,0.0,0.0,-0.9968414403032217,1
12615,77,1,634.74,413,634.74,413.0,31,1,0,77,0.0,634.74,634.74,634.74,1.0,31.0,634.74,1,0.0,0.0,0.0,-0.998427029917891,0
12616,4,2,713.3,284,356.65,142.0,25,2,202,206,142.90628047780126,457.7,255.6,356.65,1.0,12.5,3.5137931034482754,1,4.0,56.05,0.6666666666666666,0.28293434131317374,1
12619,25,5,2087.46,1756,417.492,351.2,28,5,137,162,173.4233326862334,688.0,205.98,389.68,1.0,5.6,15.126521739130435,1,5.0,426.43,0.5,0.39461612863066564,0
12620,114,1,561.66,434,561.66,434.0,33,1,0,114,0.0,561.66,561.66,561.66,1.0,33.0,561.66,1,0.0,0.0,0.0,-0.9982227277574379,0
12621,9,15,10195.04,5439,679.6693333333334,362.6,208,13,265,275,335.6583911076146,1209.8,49.800000000000004,642.29,1.1538461538461537,13.866666666666667,38.32721804511279,1,7.0,77.60000000000001,0.3181818181818182,0.23903986253486642,0
12622,141,1,180.1,69,180.1,69.0,11,1,0,141,0.0,180.1,180.1,180.1,1.0,11.0,180.1,1,0.0,0.0,0.0,-0.9944781888459414,1
12623,185,1,305.1,191,305.1,191.0,18,1,0,185,0.0,305.1,305.1,305.1,1.0,18.0,305.1,1,0.0,0.0,0.0,-0.9967330937602091,1
12624,15,2,641.13,355,320.565,177.5,36,2,71,87,29.168154723945086,341.19,299.94,320.565,1.0,18.0,8.904583333333333,1,0.0,0.0,0.0,0.06423932848488624,1
12625,121,2,2683.82,1612,1341.91,806.0,73,2,107,228,529.9199639568222,1716.62,967.2,1341.9099999999999,1.0,36.5,24.850185185185186,1,5.0,69.5,0.7142857142857143,-0.27913230682131385,1
12626,22,6,4774.0,2337,795.6666666666666,389.5,170,6,214,236,396.4550384932277,1159.06,178.1,938.79,1.0,28.333333333333332,22.204651162790697,1,13.0,232.13,0.6842105263157895,0.4661361256544503,0
12627,5,5,2727.83,1575,545.566,315.0,112,5,44,49,303.06356755637916,819.26,72.0,630.39,1.0,22.4,60.61844444444444,1,0.0,0.0,0.0,0.11560632212340088,0
12633,39,3,1948.75,1068,649.5833333333334,356.0,66,3,158,197,401.0482293108067,1012.82,219.2,716.73,1.0,22.0,12.2562893081761,1,2.0,23.35,0.4,-0.039435825105782786,0
12635,64,1,683.64,399,683.64,399.0,40,1,0,64,0.0,683.64,683.64,683.64,1.0,40.0,683.64,1,0.0,0.0,0.0,-0.9985393783594297,0
12637,1,7,5663.5,2844,809.0714285714286,406.2857142857143,176,6,232,233,584.4771885605281,1516.68,4.63,669.2,1.1666666666666667,25.142857142857142,24.3068669527897,1,4.0,68.65,0.36363636363636365,0.15535351752140525,0
12639,148,1,486.1,201,486.1,201.0,22,1,0,148,0.0,486.1,486.1,486.1,1.0,22.0,486.1,1,0.0,0.0,0.0,-0.9979470334633546,1
12641,24,1,185.9,72,185.9,72.0,10,1,0,24,0.0,185.9,185.9,185.9,1.0,10.0,185.9,1,0.0,0.0,0.0,-0.994649545211343,1
12642,17,1,366.45,277,366.45,277.0,24,1,0,17,0.0,366.45,366.45,366.45,1.0,24.0,366.45,1,0.0,0.0,0.0,-0.9972785412981358,0
12643,37,6,3344.64,1808,557.4399999999999,301.3333333333333,11,5,204,242,397.0997216820984,1202.22,202.48000000000002,409.12,1.2,1.8333333333333333,16.315317073170732,1,0.0,0.0,0.0,0.4789038868497508,1
12644,39,1,477.91,325,477.91,325.0,31,1,0,39,0.0,477.91,477.91,477.91,1.0,31.0,477.91,1,0.0,0.0,0.0,-0.9979119249963458,1
12645,19,3,1310.8600000000001,825,436.9533333333334,275.0,52,3,206,225,71.61370353035332,511.96000000000004,369.29999999999995,429.6,1.0,17.333333333333332,6.332657004830918,1,1.0,19.799999999999997,0.25,-0.21872760812891612,0
12647,35,9,2886.71,1039,320.74555555555554,115.44444444444444,63,8,242,278,144.231154497833,596.8,85.5,293.25,1.125,7.0,11.879465020576133,1,6.0,52.9,0.4,-0.1488688268558823,0
12648,64,1,318.05,160,318.05,160.0,21,1,0,64,0.0,318.05,318.05,318.05,1.0,21.0,318.05,1,0.0,0.0,0.0,-0.9968656950321266,1
12649,16,3,623.51,586,207.83666666666667,195.33333333333334,28,2,105,121,181.18740859489475,375.0,15.299999999999999,233.21,1.5,9.333333333333334,5.882169811320755,1,2.0,19.799999999999997,0.4,-0.2025427935501433,1
12651,244,1,114.0,78,114.0,78.0,9,1,0,244,0.0,114.0,114.0,114.0,1.0,9.0,114.0,1,0.0,0.0,0.0,-0.991304347826087,1
12652,240,1,919.98,505,919.98,505.0,48,1,0,240,0.0,919.98,919.98,919.98,1.0,48.0,919.98,1,3.0,5.45,0.75,-0.9989142000912072,1
12653,58,2,2209.85,919,1104.925,459.5,37,2,147,206,460.7861339602137,1430.75,779.1,1104.925,1.0,18.5,14.931418918918919,1,0.0,0.0,0.0,0.2947508876676391,1
12654,107,3,337.75,151,112.58333333333333,50.333333333333336,19,2,97,204,59.939351292229816,166.6,48.099999999999994,123.05,1.5,6.333333333333333,3.4464285714285716,1,0.0,0.0,0.0,0.013431734317343206,0
12656,25,3,2820.67,1280,940.2233333333334,426.6666666666667,51,3,117,143,346.2223239962052,1161.07,541.2,1118.3999999999999,1.0,17.0,23.903983050847458,1,4.0,68.45,0.5714285714285714,-0.17667905885521692,0
12662,16,7,2653.66,1400,379.0942857142857,200.0,96,7,266,282,83.56932747867542,493.68,261.48,383.92,1.0,13.714285714285714,9.93880149812734,1,2.0,32.699999999999996,0.2222222222222222,0.3218867952958195,0
12664,53,3,1957.48,505,652.4933333333333,168.33333333333334,10,3,179,232,9.865502183534964,661.58,642.0,653.9,1.0,3.3333333333333335,10.874888888888888,1,1.0,18.0,0.25,0.3238838282749888,0
12665,234,1,63.0,37,63.0,37.0,3,1,0,234,0.0,63.0,63.0,63.0,1.0,3.0,63.0,1,1.0,1.25,0.5,-0.984375,1
12668,168,3,2924.4700000000003,1334,974.8233333333334,444.6666666666667,104,3,96,265,488.4052125370216,1444.8,469.87,1009.8,1.0,34.666666666666664,30.14917525773196,1,7.0,63.97,0.7,-0.011919452258953302,0
12669,60,3,2744.0299999999997,1115,914.6766666666666,371.6666666666667,98,3,105,166,383.8628734761064,1136.3,471.43,1136.3,1.0,32.666666666666664,25.88707547169811,1,1.0,1136.3,0.25,-0.6561567633140621,1
12670,8,3,1634.47,761,544.8233333333334,253.66666666666666,40,3,133,142,131.78116494147912,633.05,393.34,608.0799999999999,1.0,13.333333333333334,12.197537313432836,1,2.0,9.9,0.4,-0.25577356967721815,0
12672,239,1,225.89999999999998,78,225.89999999999998,78.0,10,1,0,239,0.0,225.89999999999998,225.89999999999998,225.89999999999998,1.0,10.0,225.89999999999998,1,0.0,0.0,0.0,-0.9955927721463199,1
12673,236,1,220.9,171,220.9,171.0,23,1,0,236,0.0,220.9,220.9,220.9,1.0,23.0,220.9,1,0.0,0.0,0.0,-0.9954934655250113,0
12674,1,3,1402.0,787,467.3333333333333,262.3333333333333,42,3,116,117,104.89122429132635,586.74,390.06,425.2,1.0,14.0,11.982905982905983,1,8.0,51.29,0.7272727272727273,-0.39315751960085527,0
12676,33,4,998.0500000000001,494,249.51250000000002,123.5,21,4,187,220,176.16083737596162,509.5,121.55,183.5,1.0,5.25,5.308776595744681,1,0.0,0.0,0.0,-0.4171462889745257,0
12678,10,9,8282.26,5195,920.2511111111112,577.2222222222222,78,7,253,263,1087.2834996154916,3243.13,71.28,353.43,1.2857142857142858,8.666666666666666,32.60732283464567,1,2.0,40.2,0.18181818181818182,0.04570422756257801,0
12679,115,2,906.38,407,453.19,203.5,43,2,77,193,482.06297700611685,794.06,112.32000000000001,453.19,1.0,21.5,11.62025641025641,1,8.0,54.35,0.8,-0.7513279992946724,0
12680,22,1,311.78,230,311.78,230.0,20,1,0,22,0.0,311.78,311.78,311.78,1.0,20.0,311.78,1,0.0,0.0,0.0,-0.9968028646332886,0
12681,61,15,9866.58,5419,657.772,361.26666666666665,219,15,216,277,262.72946085823173,1238.06,343.29,565.54,1.0,14.6,45.468110599078344,1,8.0,109.94999999999999,0.34782608695652173,-0.3206561284529743,0
12682,10,20,8219.92,3531,410.996,176.55,149,18,270,280,188.30466068525624,835.11,99.6,439.89,1.1111111111111112,7.45,30.33180811808118,1,0.0,0.0,0.0,0.03232484928694109,0
12683,2,12,6622.19,3980,551.8491666666666,331.6666666666667,164,9,272,275,322.6595419452729,1130.95,24.900000000000002,536.835,1.3333333333333333,13.666666666666666,24.257106227106224,1,18.0,255.48,0.6,-0.02784307863733342,0
12684,80,4,1379.48,1274,344.87,318.5,37,4,42,122,213.36729427601287,489.1,30.0,430.19,1.0,9.25,32.08093023255814,1,0.0,0.0,0.0,-0.3293926750115902,0
12685,2,2,1606.42,917,803.21,458.5,83,2,1,3,359.167818435895,1057.18,549.24,803.21,1.0,41.5,803.21,1,0.0,0.0,0.0,0.315997063617474,0
12686,281,1,89.14,107,89.14,107.0,7,1,0,281,0.0,89.14,89.14,89.14,1.0,7.0,89.14,1,0.0,0.0,0.0,-0.9889061459951187,1
12688,23,1,4873.8099999999995,3028,4873.8099999999995,3028.0,171,1,0,23,0.0,4873.8099999999995,4873.8099999999995,4873.8099999999995,1.0,171.0,4873.8099999999995,1,0.0,0.0,0.0,-0.9997948637998199,1
12689,37,1,511.03,281,511.03,281.0,34,1,0,37,0.0,511.03,511.03,511.03,1.0,34.0,511.03,1,0.0,0.0,0.0,-0.9980469894342129,0
12690,115,1,389.01,106,389.01,106.0,16,1,0,115,0.0,389.01,389.01,389.01,1.0,16.0,389.01,1,0.0,0.0,0.0,-0.9974359631804313,1
12691,54,4,556.3,198,139.075,49.5,16,4,212,266,70.79224886949136,190.2,36.0,165.05,1.0,4.0,2.6117370892018776,1,0.0,0.0,0.0,-0.45953705365153424,0
12693,36,4,855.91,255,213.9775,63.75,35,4,192,228,35.17688386331759,239.85,162.05,227.005,1.0,8.75,4.434766839378238,1,2.0,24.95,0.3333333333333333,0.06081152046305915,1
12694,92,1,439.5,323,439.5,323.0,20,1,0,92,0.0,439.5,439.5,439.5,1.0,20.0,439.5,1,0.0,0.0,0.0,-0.9977298524404086,0
12695,16,2,333.90000000000003,172,166.95000000000002,86.0,17,2,102,119,109.8843937963895,244.65,89.25,166.95,1.0,8.5,3.2417475728155343,1,0.0,0.0,0.0,0.46401911018214387,0
12697,40,2,733.91,359,366.955,179.5,27,2,37,78,33.29765832607455,390.5,343.40999999999997,366.955,1.0,13.5,19.31342105263158,1,2.0,18.57,0.5,-0.06407587323617862,0
12700,65,2,2149.05,1376,1074.525,688.0,110,2,58,124,25.321493834290468,1092.43,1056.62,1074.525,1.0,55.0,36.424576271186446,1,2.0,72.0,0.5,-0.01665542661798571,0
12701,151,1,337.08,246,337.08,246.0,21,1,0,151,0.0,337.08,337.08,337.08,1.0,21.0,337.08,1,0.0,0.0,0.0,-0.9970421202082347,0
12704,15,3,1100.92,465,366.97333333333336,155.0,40,3,63,79,40.8452571706108,410.55,329.56,360.81,1.0,13.333333333333334,17.201875,1,2.0,120.0,0.4,0.40093654711775806,0
12705,67,4,4162.52,2599,1040.63,649.75,177,4,198,266,197.4794451751034,1321.25,858.0,991.635,1.0,44.25,20.917185929648245,1,14.0,54.050000000000004,0.7777777777777778,0.5876085619860117,0
12707,201,1,603.42,256,603.42,256.0,33,1,0,201,0.0,603.42,603.42,603.42,1.0,33.0,603.42,1,0.0,0.0,0.0,-0.9983455213262301,1
12708,11,7,2031.77,989,290.2528571428571,141.28571428571428,71,7,266,278,77.6372122362049,403.83,196.44,284.62,1.0,10.142857142857142,7.609625468164794,1,17.0,96.59,0.7083333333333334,0.24809988341032185,0
12709,5,11,7230.79,2855,657.3445454545455,259.54545454545456,89,11,270,276,354.9702859497859,1225.26,68.0,761.6800000000001,1.0,8.090909090909092,26.681881918819187,1,49.0,442.42,0.8166666666666667,-0.018361982303136563,0
12710,6,3,1149.02,851,383.00666666666666,283.6666666666667,75,3,104,110,324.46580487523386,718.96,71.4,358.66,1.0,25.0,10.943047619047618,1,2.0,18.45,0.4,-0.3753847759169406,1
12712,16,11,3913.08,943,355.73454545454547,85.72727272727273,54,11,264,280,205.30086903681809,776.0500000000001,146.8,295.1,1.0,4.909090909090909,14.766339622641508,1,9.0,154.5,0.45,0.2049574868168254,0
12714,16,4,3389.7,2258,847.425,564.5,167,4,187,204,258.52899895369575,1114.52,513.26,880.96,1.0,41.75,18.03031914893617,1,0.0,0.0,0.0,-0.03956115256436727,0
12715,15,1,353.86,197,353.86,197.0,20,1,0,15,0.0,353.86,353.86,353.86,1.0,20.0,353.86,1,0.0,0.0,0.0,-0.9971819872625824,1
12716,42,1,677.9,503,677.9,503.0,45,1,0,42,0.0,677.9,677.9,677.9,1.0,45.0,677.9,1,0.0,0.0,0.0,-0.9985270290175283,0
12717,60,2,1030.98,506,515.49,253.0,49,2,94,155,133.2896282536642,609.74,421.24,515.49,1.0,24.5,10.852421052631579,1,1.0,50.0,0.3333333333333333,-0.1826585786546251,1
12720,3,17,3689.84,3084,217.0494117647059,181.41176470588235,164,14,274,278,140.46242742592182,498.32,16.5,215.51999999999998,1.2142857142857142,9.647058823529411,13.4176,1,5.0,68.45,0.22727272727272727,-0.02816161090700215,0
12721,92,4,1698.91,1133,424.7275,283.25,88,4,171,264,130.5102696789286,591.09,286.6,410.61,1.0,22.0,9.877383720930233,1,3.0,27.15,0.42857142857142855,0.12687142260472611,0
12722,24,3,929.65,559,309.8833333333333,186.33333333333334,48,3,35,60,266.783165198506,580.08,46.65,302.92,1.0,16.0,25.82361111111111,1,4.0,93.3,0.5714285714285714,0.34793961209907054,0
12724,82,2,280.36,178,140.18,89.0,15,2,158,241,20.817223638131956,154.9,125.46000000000001,140.18,1.0,7.5,1.7632704402515724,1,0.0,0.0,0.0,-0.10463463178845606,0
12725,280,1,427.8,164,427.8,164.0,24,1,0,280,0.0,427.8,427.8,427.8,1.0,24.0,427.8,1,0.0,0.0,0.0,-0.9976679104477612,1
12726,94,5,1467.32,1942,293.464,388.4,40,5,172,266,95.12736241481734,401.58000000000004,170.28,316.02,1.0,8.0,8.481618497109826,1,0.0,0.0,0.0,0.2203879263375831,0
12727,4,6,3337.7,1756,556.2833333333333,292.6666666666667,91,5,224,229,302.9481400944173,919.66,38.4,536.03,1.2,15.166666666666666,14.834222222222222,1,2.0,33.0,0.25,-0.20275556354269622,0
12728,166,3,617.31,256,205.76999999999998,85.33333333333333,29,3,74,241,44.460621902982865,252.54,164.05,200.72,1.0,9.666666666666666,8.230799999999999,1,0.0,0.0,0.0,0.1815108925943297,0
12729,23,1,453.01,233,453.01,233.0,26,1,0,23,0.0,453.01,453.01,453.01,1.0,26.0,453.01,1,0.0,0.0,0.0,-0.9977974053434946,1
12731,53,8,11324.25,5439,1415.53125,679.875,84,7,220,274,921.7968418480677,3174.4300000000003,252.0,1370.44,1.1428571428571428,10.5,51.240950226244344,1,3.0,102.5,0.2727272727272727,0.25002450277035826,0
12732,89,1,236.26000000000002,111,236.26000000000002,111.0,12,1,0,89,0.0,236.26000000000002,236.26000000000002,236.26000000000002,1.0,12.0,236.26000000000002,1,0.0,0.0,0.0,-0.9957852145325803,1
12733,143,1,383.95,137,383.95,137.0,22,1,0,143,0.0,383.95,383.95,383.95,1.0,22.0,383.95,1,0.0,0.0,0.0,-0.9974022600337706,1
12734,262,1,110.39999999999999,88,110.39999999999999,88.0,4,1,0,262,0.0,110.39999999999999,110.39999999999999,110.39999999999999,1.0,4.0,110.39999999999999,1,0.0,0.0,0.0,-0.9910233393177738,1
12735,224,2,779.5699999999999,368,389.78499999999997,184.0,38,2,21,246,99.01616256955229,459.8,319.77,389.78499999999997,1.0,19.0,35.434999999999995,1,0.0,0.0,0.0,0.1793945450119785,1
12736,242,1,234.0,173,234.0,173.0,4,1,0,242,0.0,234.0,234.0,234.0,1.0,4.0,234.0,1,0.0,0.0,0.0,-0.9957446808510638,1
12738,281,1,155.35,148,155.35,148.0,11,1,0,281,0.0,155.35,155.35,155.35,1.0,11.0,155.35,1,0.0,0.0,0.0,-0.9936040933802367,1
12739,8,1,975.54,485,975.54,485.0,37,1,0,8,0.0,975.54,975.54,975.54,1.0,37.0,975.54,1,0.0,0.0,0.0,-0.9989759764064964,0
12743,43,2,546.43,319,273.215,159.5,114,1,0,43,104.84272244652942,347.35,199.08,273.21500000000003,2.0,57.0,546.43,1,0.0,0.0,0.0,-0.270847414281278,1
12744,54,5,14211.970000000001,4640,2842.3940000000002,928.0,163,4,173,227,1051.6592623706597,4037.77,2053.07,2118.74,1.25,32.6,81.67798850574714,1,7.0,12158.9,0.5833333333333334,-0.4441949852845675,0
12747,19,8,2769.4,862,346.175,107.75,34,8,259,278,47.569177896136544,442.96,301.70000000000005,338.03,1.0,4.25,10.651538461538461,1,0.0,0.0,0.0,0.04664308403118684,0
12748,0,132,14107.75,9264,106.87689393939394,70.18181818181819,1165,74,282,283,140.28863509781172,873.87,0.95,64.775,1.7837837837837838,8.825757575757576,49.850706713780916,1,46.0,4647.63,0.25842696629213485,0.021907681403384435,0
12749,40,3,2755.23,1080,918.41,360.0,113,2,82,122,919.8002665252931,1866.43,29.700000000000003,859.1,1.5,37.666666666666664,33.1955421686747,1,32.0,222.68,0.9142857142857143,0.3762494421728231,0
12750,38,1,275.88,137,275.88,137.0,15,1,0,38,0.0,275.88,275.88,275.88,1.0,15.0,275.88,1,0.0,0.0,0.0,-0.9963883270731002,1
12753,45,5,16620.91,9211,3324.182,1842.2,114,5,226,272,2063.704145128366,5735.24,15.299999999999999,3599.38,1.0,22.8,73.2198678414097,1,33.0,405.38,0.868421052631579,-0.12401402726882768,0
12754,145,3,3010.74,6481,1003.5799999999999,2160.3333333333335,49,3,72,218,1684.9517133437384,2949.12,16.05,45.57,1.0,16.333333333333332,41.243013698630136,1,2.0,61.620000000000005,0.4,0.9587480991055005,1
12755,190,2,3811.95,1491,1905.975,745.5,4,2,85,275,2670.636246524412,3794.3999999999996,17.549999999999997,1905.975,1.0,2.0,44.324999999999996,1,2.0,1608.7499999999998,0.5,-0.9905322650441258,1
12757,52,7,5281.08,918,754.4399999999999,131.14285714285714,89,4,68,120,374.9966697185456,1241.98,243.2,602.83,1.75,12.714285714285714,76.53739130434782,1,6.0,3629.4,0.46153846153846156,-0.6834012358767758,0
12758,26,2,2791.59,2135,1395.795,1067.5,84,2,159,186,246.63177421005588,1570.19,1221.4,1395.795,1.0,42.0,17.4474375,1,0.0,0.0,0.0,-0.1248983918154831,1
12759,81,2,1082.52,630,541.26,315.0,60,2,104,185,136.41504022650878,637.72,444.8,541.26,1.0,30.0,10.309714285714286,1,0.0,0.0,0.0,0.17804932073242766,0
12763,47,2,494.08,316,247.04,158.0,16,2,230,278,103.29415859573085,320.08,174.0,247.04,1.0,8.0,2.138874458874459,1,0.0,0.0,0.0,-0.29506342409307584,1
12764,226,1,1693.88,386,1693.88,386.0,45,1,0,226,0.0,1693.88,1693.88,1693.88,1.0,45.0,1693.88,1,0.0,0.0,0.0,-0.9994099877277447,1
12766,58,5,4952.1900000000005,2495,990.4380000000001,499.0,161,5,216,275,204.57872096090537,1206.29,686.48,973.6500000000001,1.0,32.2,22.821152073732723,1,0.0,0.0,0.0,-0.134590031878446,0
12769,148,1,1143.6,356,1143.6,356.0,32,1,0,148,0.0,1143.6,1143.6,1143.6,1.0,32.0,1143.6,1,0.0,0.0,0.0,-0.9991263323431766,1
12770,120,1,1351.45,743,1351.45,743.0,12,1,0,120,0.0,1351.45,1351.45,1351.45,1.0,12.0,1351.45,1,0.0,0.0,0.0,-0.9992606011312802,1
12775,99,4,1164.68,740,291.17,185.0,36,4,121,220,92.23168183077513,419.8,214.45,265.21500000000003,1.0,9.0,9.546557377049181,1,1.0,34.8,0.2,0.22678608194358651,0
12778,92,4,492.06,458,123.015,114.5,25,4,129,221,30.24630500849098,155.65,84.0,126.20499999999998,1.0,6.25,3.785076923076923,1,1.0,18.0,0.2,-0.6572425262645519,0
12779,99,7,2999.41,1385,428.4871428571428,197.85714285714286,68,7,181,280,268.2525212503004,752.2099999999999,25.0,337.2,1.0,9.714285714285714,16.480274725274725,1,10.0,112.66,0.5882352941176471,0.2007225679157182,0
12781,194,1,549.26,346,549.26,346.0,15,1,0,194,0.0,549.26,549.26,549.26,1.0,15.0,549.26,1,5.0,119.02,0.8333333333333334,-0.9981826772798313,0
12782,59,4,2078.67,958,519.6675,239.5,73,4,207,267,116.90343803755303,683.9300000000001,415.52000000000004,489.61,1.0,18.25,9.99360576923077,1,4.0,57.6,0.5,-0.10395399270076505,0
12785,273,1,311.95,131,311.95,131.0,14,1,0,273,0.0,311.95,311.95,311.95,1.0,14.0,311.95,1,1.0,6.24,0.5,-0.9968046013740214,1
12787,1,2,344.65999999999997,210,172.32999999999998,105.0,15,2,101,102,20.124258992569157,186.56,158.1,172.32999999999998,1.0,7.5,3.379019607843137,1,0.0,0.0,0.0,0.08233524272406414,0
12790,101,1,324.92,166,324.92,166.0,21,1,0,101,0.0,324.92,324.92,324.92,1.0,21.0,324.92,1,0.0,0.0,0.0,-0.9969317623956799,1
12791,283,1,192.60000000000002,97,192.60000000000002,97.0,2,1,0,283,0.0,192.60000000000002,192.60000000000002,192.60000000000002,1.0,2.0,192.60000000000002,1,0.0,0.0,0.0,-0.9948347107438017,1
12792,166,1,400.53999999999996,217,400.53999999999996,217.0,25,1,0,166,0.0,400.53999999999996,400.53999999999996,400.53999999999996,1.0,25.0,400.53999999999996,1,0.0,0.0,0.0,-0.9975095880858694,1
12793,244,2,545.48,295,272.74,147.5,21,2,36,280,199.31925948086402,413.68,131.8,272.74,1.0,10.5,14.742702702702703,1,0.0,0.0,0.0,0.5158102766798419,1
12794,8,1,317.0,227,317.0,227.0,20,1,0,8,0.0,317.0,317.0,317.0,1.0,20.0,317.0,1,0.0,0.0,0.0,-0.9968553459119497,0
12797,275,1,254.03,118,254.03,118.0,13,1,0,275,0.0,254.03,254.03,254.03,1.0,13.0,254.03,1,4.0,59.85,0.8,-0.9960788926792926,1
12798,80,1,1607.04,2256,1607.04,2256.0,6,1,0,80,0.0,1607.04,1607.04,1607.04,1.0,6.0,1607.04,1,0.0,0.0,0.0,-0.9993781249222656,0
12802,96,1,427.58,314,427.58,314.0,25,1,0,96,0.0,427.58,427.58,427.58,1.0,25.0,427.58,1,1.0,15.0,0.5,-0.9976667133324,1
12808,94,2,281.35,108,140.675,54.0,16,2,184,278,15.945257915756654,151.95000000000002,129.4,140.675,1.0,8.0,1.520810810810811,1,0.0,0.0,0.0,0.07986541526474238,0
12809,87,1,489.31,220,489.31,220.0,25,1,0,87,0.0,489.31,489.31,489.31,1.0,25.0,489.31,1,1.0,4.95,0.5,-0.9979604739858456,1
12811,170,3,514.85,230,171.61666666666667,76.66666666666667,27,3,23,193,125.29561378329784,247.60000000000002,27.0,240.25,1.0,9.0,21.452083333333334,1,0.0,0.0,0.0,0.06658912474556561,1
12814,11,1,125.92,49,125.92,49.0,2,1,0,11,0.0,125.92,125.92,125.92,1.0,2.0,125.92,1,0.0,0.0,0.0,-0.9921210211156634,1
12815,57,2,1063.46,379,531.73,189.5,38,2,50,107,118.27068022126194,615.36,448.1,531.73,1.0,19.0,20.852156862745097,1,0.0,0.0,0.0,-0.15713131540875183,1
12816,5,2,572.2,128,286.1,64.0,27,2,80,85,46.03265145524426,318.65000000000003,253.55,286.1,1.0,13.5,7.064197530864198,1,0.0,0.0,0.0,-0.11357292393579906,1
12817,190,1,166.04,53,166.04,53.0,4,1,0,190,0.0,166.04,166.04,166.04,1.0,4.0,166.04,1,0.0,0.0,0.0,-0.9940134099616859,1
12818,171,1,1542.08,929,1542.08,929.0,14,1,0,171,0.0,1542.08,1542.08,1542.08,1.0,14.0,1542.08,1,2.0,24.2,0.6666666666666666,-0.9993519454597299,1
12820,236,1,170.46,146,170.46,146.0,11,1,0,236,0.0,170.46,170.46,170.46,1.0,11.0,170.46,1,0.0,0.0,0.0,-0.9941677359150822,0
12821,123,1,92.72,70,92.72,70.0,6,1,0,123,0.0,92.72,92.72,92.72,1.0,6.0,92.72,1,0.0,0.0,0.0,-0.9893299189073836,1
12823,36,4,1224.0,160,306.0,40.0,1,4,169,206,108.18733752154178,459.0,229.5,267.75,1.0,0.25,7.2,1,0.0,0.0,0.0,-0.6244897959183674,0
12826,88,4,818.62,721,204.655,180.25,50,4,186,274,91.28420290499336,329.38,121.52,183.86,1.0,12.5,4.37764705882353,1,3.0,6.6,0.42857142857142855,-0.7022522632439424,0
12828,8,3,415.51,157,138.50333333333333,52.333333333333336,23,3,31,39,78.49126087236293,227.0,77.31,111.2,1.0,7.666666666666667,12.9846875,1,0.0,0.0,0.0,-0.09241074644066172,0
12829,246,2,293.0,376,146.5,188.0,9,2,23,269,85.91347391416552,207.25,85.75,146.5,1.0,4.5,12.208333333333334,1,1.0,39.95,0.3333333333333333,0.413265306122449,1
12830,0,5,6414.32,8696,1282.864,1739.2,13,4,80,81,705.1166766429511,2221.84,587.52,1210.3200000000002,1.25,2.6,79.18913580246914,1,1.0,66.24,0.16666666666666666,-0.6225223371554341,0
12831,171,1,215.05,135,215.05,135.0,9,1,0,171,0.0,215.05,215.05,215.05,1.0,9.0,215.05,1,0.0,0.0,0.0,-0.9953714417958806,1
12832,7,1,267.8,132,267.8,132.0,18,1,0,7,0.0,267.8,267.8,267.8,1.0,18.0,267.8,1,0.0,0.0,0.0,-0.9962797619047619,0
12833,54,1,417.38,156,417.38,156.0,24,1,0,54,0.0,417.38,417.38,417.38,1.0,24.0,417.38,1,0.0,0.0,0.0,-0.9976098283856781,1
12834,192,1,312.38,110,312.38,110.0,18,1,0,192,0.0,312.38,312.38,312.38,1.0,18.0,312.38,1,0.0,0.0,0.0,-0.9968089858957176,1
12836,46,3,2112.53,858,704.1766666666667,286.0,110,3,174,221,219.72742599259965,846.69,451.13,814.71,1.0,36.666666666666664,12.071600000000002,1,0.0,0.0,0.0,0.19831750673044612,0
12837,82,1,134.1,24,134.1,24.0,12,1,0,82,0.0,134.1,134.1,134.1,1.0,12.0,134.1,1,0.0,0.0,0.0,-0.9925980754996299,1
12838,283,1,390.79,228,390.79,228.0,59,1,0,283,0.0,390.79,390.79,390.79,1.0,59.0,390.79,1,0.0,0.0,0.0,-0.9974476122412517,0
12839,1,9,3097.39,2071,344.15444444444444,230.11111111111111,73,9,274,276,39.03055121027344,413.58,304.48,330.6,1.0,8.11111111111111,11.263236363636363,1,2.0,7.8,0.18181818181818182,0.2967250733445435,0
12840,53,4,2726.77,1511,681.6925,377.75,67,4,82,136,134.81339779487791,854.0699999999999,572.8,649.95,1.0,16.75,32.85265060240964,1,3.0,12.5,0.42857142857142855,-0.15733364616518258,1
12841,16,17,2851.44,1820,167.73176470588237,107.05882352941177,167,17,265,281,54.76611637628851,294.25,79.4,169.68,1.0,9.823529411764707,10.719699248120302,1,19.0,145.95000000000002,0.5277777777777778,-0.29409908709736227,0
12842,218,1,310.73,157,310.73,157.0,14,1,0,218,0.0,310.73,310.73,310.73,1.0,14.0,310.73,1,0.0,0.0,0.0,-0.9967920957238636,0
12843,69,7,1692.31,780,241.75857142857143,111.42857142857143,68,7,104,173,144.79965301852664,444.45,20.4,294.3,1.0,9.714285714285714,16.117238095238093,1,5.0,21.5,0.4166666666666667,0.2587771878746361,0
12844,39,1,174.88,77,174.88,77.0,27,1,0,39,0.0,174.88,174.88,174.88,1.0,27.0,174.88,1,0.0,0.0,0.0,-0.9943143052080964,0
12845,176,4,354.09,204,88.5225,51.0,26,4,22,199,85.5109273231595,208.79999999999998,6.7,69.295,1.0,6.5,15.395217391304346,1,0.0,0.0,0.0,0.6305725309076573,1
12849,178,1,704.5,514,704.5,514.0,33,1,0,178,0.0,704.5,704.5,704.5,1.0,33.0,704.5,1,0.0,0.0,0.0,-0.9985825655563431,0
12851,6,1,135.18,109,135.18,109.0,43,1,0,6,0.0,135.18,135.18,135.18,1.0,43.0,135.18,1,0.0,0.0,0.0,-0.992656777794096,1
12852,204,1,311.55,149,311.55,149.0,17,1,0,204,0.0,311.55,311.55,311.55,1.0,17.0,311.55,1,3.0,11.8,0.75,-0.9968005119180932,1
12853,44,6,1957.1000000000001,800,326.18333333333334,133.33333333333334,66,3,181,225,314.02703970624356,897.8,47.7,228.8,2.0,11.0,10.753296703296703,1,6.0,75.4,0.5,0.09555181042847653,1
12854,150,2,810.37,422,405.185,211.0,71,2,77,227,21.616254300872715,420.46999999999997,389.90000000000003,405.185,1.0,35.5,10.389358974358974,1,5.0,35.35,0.7142857142857143,0.03767701541836639,0
12855,282,1,38.1,30,38.1,30.0,3,1,0,282,0.0,38.1,38.1,38.1,1.0,3.0,38.1,1,0.0,0.0,0.0,-0.9744245524296675,1
12857,120,2,1106.4,343,553.2,171.5,37,2,91,212,351.2906488934768,801.6,304.8,553.2,1.0,18.5,12.02608695652174,1,0.0,0.0,0.0,-0.44861838540726023,1
12864,47,1,147.12,216,147.12,216.0,3,1,0,47,0.0,147.12,147.12,147.12,1.0,3.0,147.12,1,0.0,0.0,0.0,-0.9932487172562787,1
12865,33,1,981.38,550,981.38,550.0,58,1,0,33,0.0,981.38,981.38,981.38,1.0,58.0,981.38,1,1.0,20.16,0.5,-0.9989820639671003,0
12866,192,1,559.12,171,559.12,171.0,26,1,0,192,0.0,559.12,559.12,559.12,1.0,26.0,559.12,1,0.0,0.0,0.0,-0.9982146682853674,1
12867,5,6,3025.74,3374,504.28999999999996,562.3333333333334,206,6,263,269,118.1942937708923,673.29,362.79,475.79499999999996,1.0,34.333333333333336,11.461136363636363,1,13.0,50.6,0.6842105263157895,0.1490580624698521,0
12868,95,6,1607.0600000000002,928,267.84333333333336,154.66666666666666,72,6,187,283,91.00257549468954,437.52000000000004,182.45000000000002,248.16500000000002,1.0,12.0,8.548191489361702,1,0.0,0.0,0.0,0.1620835043468527,1
12871,116,1,132.0,80,132.0,80.0,4,1,0,116,0.0,132.0,132.0,132.0,1.0,4.0,132.0,1,0.0,0.0,0.0,-0.9924812030075187,0
12872,236,2,599.97,319,299.985,159.5,58,2,38,274,111.07940425659477,378.53000000000003,221.44,299.985,1.0,29.0,15.383846153846154,1,0.0,0.0,0.0,-0.2613940795713597,1
12873,191,1,374.0,128,374.0,128.0,4,1,0,191,0.0,374.0,374.0,374.0,1.0,4.0,374.0,1,0.0,0.0,0.0,-0.9973333333333333,1
12875,52,2,343.2300000000001,2019,171.61500000000004,1009.5,1,2,219,272,172.73911557606172,293.76000000000005,49.470000000000006,171.61500000000004,1.0,0.5,1.5601363636363639,1,0.0,0.0,0.0,-0.7096708595996862,1
12876,105,1,726.43,651,726.43,651.0,34,1,0,105,0.0,726.43,726.43,726.43,1.0,34.0,726.43,1,0.0,0.0,0.0,-0.9986252972794634,0
12877,34,9,1059.23,705,117.69222222222223,78.33333333333333,41,9,233,268,63.23458028993665,276.79,79.2,92.92,1.0,4.555555555555555,4.526623931623932,1,0.0,0.0,0.0,0.05639342406836249,0
12878,145,2,854.99,547,427.495,273.5,38,2,29,175,158.8373962579341,539.81,315.18,427.495,1.0,19.0,28.499666666666666,1,2.0,13.35,0.5,0.2624212899683407,1
12879,1,1,140.5,58,140.5,58.0,4,1,0,1,0.0,140.5,140.5,140.5,1.0,4.0,140.5,1,2.0,20.650000000000002,0.6666666666666666,-0.9929328621908127,0
12881,185,1,298.0,21,298.0,21.0,7,1,0,185,0.0,298.0,298.0,298.0,1.0,7.0,298.0,1,0.0,0.0,0.0,-0.9966555183946488,1
12885,33,1,645.35,346,645.35,346.0,39,1,0,33,0.0,645.35,645.35,645.35,1.0,39.0,645.35,1,1.0,16.95,0.5,-0.9984528506227276,0
12886,129,1,775.0,416,775.0,416.0,47,1,0,129,0.0,775.0,775.0,775.0,1.0,47.0,775.0,1,4.0,27.310000000000002,0.8,-0.9987113402061856,0
12888,123,2,354.12,76,177.06,38.0,4,2,41,164,135.3402379191052,272.76,81.36,177.06,1.0,2.0,8.431428571428572,1,2.0,40.349999999999994,0.5,-0.5389727416084703,1
12891,95,3,331.0,950,110.33333333333333,316.6666666666667,2,3,107,202,83.91861136442462,204.00000000000003,42.0,85.0,1.0,0.6666666666666666,3.064814814814815,1,0.0,0.0,0.0,0.7439759036144579,1
12897,114,2,216.5,110,108.25,55.0,3,2,97,211,29.062088706767103,128.8,87.7,108.25,1.0,1.5,2.2091836734693877,1,0.0,0.0,0.0,-0.18896551724137936,1
12901,18,19,11639.470000000001,12420,612.6036842105264,653.6842105263158,29,16,162,180,744.1065479800483,2843.6,36.239999999999995,349.8,1.1875,1.5263157894736843,71.40779141104295,1,9.0,1361.44,0.32142857142857145,-0.3377569806030169,0
12902,174,1,138.68,66,138.68,66.0,10,1,0,174,0.0,138.68,138.68,138.68,1.0,10.0,138.68,1,0.0,0.0,0.0,-0.9928407789232532,1
12904,81,1,244.69,165,244.69,165.0,32,1,0,81,0.0,244.69,244.69,244.69,1.0,32.0,244.69,1,0.0,0.0,0.0,-0.9959298302739225,0
12908,85,2,750.0,1200,375.0,600.0,1,2,136,222,80.61017305526642,432.0,318.0,375.0,1.0,0.5,5.474452554744525,1,2.0,504.0,0.5,0.151797603195739,1
12909,111,3,1528.37,786,509.45666666666665,262.0,55,2,51,162,199.88444570134348,624.92,278.65,624.8,1.5,18.333333333333332,29.39173076923077,1,5.0,49.84,0.625,-0.18212074252796911,0
12910,43,4,1486.9,830,371.725,207.5,26,3,107,151,271.25357158938937,720.22,57.900000000000006,354.39,1.3333333333333333,6.5,13.767592592592594,1,0.0,0.0,0.0,-0.5363935748370185,0
12913,192,3,866.39,345,288.7966666666667,115.0,12,3,85,277,142.97423066179914,417.62,134.97,313.8,1.0,4.0,10.074302325581396,1,0.0,0.0,0.0,0.03591233470526526,0
12915,58,2,363.65,93,181.825,46.5,19,2,223,282,25.208356749300414,199.65,164.0,181.825,1.0,9.5,1.6234374999999999,1,0.0,0.0,0.0,-0.09776498011792131,1
12916,48,4,3006.15,1119,751.5375,279.75,53,4,181,230,94.97489962265472,847.85,649.78,754.26,1.0,13.25,16.517307692307693,1,2.0,23.799999999999997,0.3333333333333333,0.0036213690703822132,1
12917,37,1,594.0,120,594.0,120.0,2,1,0,37,0.0,594.0,594.0,594.0,1.0,2.0,594.0,1,0.0,0.0,0.0,-0.9983193277310924,1
12919,26,3,441.65,203,147.21666666666667,67.66666666666667,12,3,53,79,82.61071863465015,206.2,52.8,182.65,1.0,4.0,8.178703703703704,1,2.0,33.75,0.4,-0.1724839037614368,0
12921,7,24,10083.47,6051,420.1445833333333,252.125,173,15,274,282,175.16797565614277,678.15,24.900000000000002,463.46000000000004,1.6,7.208333333333333,36.66716363636363,1,21.0,197.35,0.4666666666666667,0.15954928717126438,0
12922,70,1,405.38,370,405.38,370.0,28,1,0,70,0.0,405.38,405.38,405.38,1.0,28.0,405.38,1,0.0,0.0,0.0,-0.9975392489787883,1
12924,107,3,655.27,285,218.42333333333332,95.0,10,3,129,237,154.85873702614694,367.28000000000003,58.190000000000005,229.8,1.0,3.3333333333333335,5.040538461538461,1,1.0,3.75,0.25,0.12081917503466565,0
12928,57,3,1136.14,690,378.71333333333337,230.0,42,3,211,268,19.720662598739732,392.34000000000003,356.1,387.7,1.0,14.0,5.3591509433962266,1,0.0,0.0,0.0,0.30907364088854494,0
12929,221,1,117.85,37,117.85,37.0,8,1,0,221,0.0,117.85,117.85,117.85,1.0,8.0,117.85,1,1.0,12.75,0.5,-0.991586032814472,1
12930,80,1,221.56,108,221.56,108.0,14,1,0,80,0.0,221.56,221.56,221.56,1.0,14.0,221.56,1,2.0,5.9,0.6666666666666666,-0.9955068296189792,0
12931,11,11,32530.7,21384,2957.336363636364,1944.0,27,8,256,267,5929.457740757198,18841.48,33.0,214.8,1.375,2.4545454545454546,126.57859922178989,1,20.0,8593.15,0.6451612903225806,0.7894730370684593,0
12933,80,2,357.49,378,178.745,189.0,48,2,112,193,96.15945117355858,246.73999999999998,110.75,178.745,1.0,24.0,3.163628318584071,1,1.0,1.25,0.3333333333333333,0.3793411252754609,0
12935,19,4,1535.34,1268,383.835,317.0,58,4,209,228,58.89418901725366,434.6,316.02,392.36,1.0,14.5,7.3111428571428565,1,1.0,4.25,0.2,0.43745525079084063,0
12937,106,2,428.23,268,214.115,134.0,27,2,69,176,4.6881179592668065,217.43,210.8,214.115,1.0,13.5,6.117571428571429,1,0.0,0.0,0.0,-0.015446264240616908,0
12939,47,4,7990.08,3208,1997.52,802.0,20,4,196,244,1070.4869023019385,3376.08,761.76,1926.12,1.0,5.0,40.55878172588832,1,0.0,0.0,0.0,-0.8092222828453726,0
12942,40,3,683.9,203,227.96666666666667,67.66666666666667,68,3,234,275,79.41346380389997,287.38,137.77,258.75,1.0,22.666666666666668,2.910212765957447,1,0.0,0.0,0.0,0.24295517593809313,1
12944,264,1,286.95,145,286.95,145.0,14,1,0,264,0.0,286.95,286.95,286.95,1.0,14.0,286.95,1,0.0,0.0,0.0,-0.9965271748567459,0
12945,197,1,462.95,165,462.95,165.0,23,1,0,197,0.0,462.95,462.95,462.95,1.0,23.0,462.95,1,0.0,0.0,0.0,-0.9978445953227718,1
12947,53,6,1603.99,1165,267.33166666666665,194.16666666666666,83,6,229,282,129.09870369863,429.57,40.8,302.64,1.0,13.833333333333334,6.973869565217392,1,6.0,196.7,0.5,0.24460588539492453,1
12948,14,4,1423.96,799,355.99,199.75,64,4,159,174,155.78143363914285,537.7,157.16,364.55,1.0,16.0,8.899750000000001,1,2.0,11.25,0.3333333333333333,-0.24461037502807093,0
12949,23,7,3449.42,2048,492.7742857142857,292.57142857142856,144,4,138,161,541.8392730277476,1534.3,35.1,425.75,1.75,20.571428571428573,24.815971223021585,1,4.0,24.2,0.36363636363636365,-0.30488462274157924,0
12951,83,5,751.78,331,150.356,66.2,39,5,157,240,28.742601308858607,188.69,117.4,155.19000000000003,1.0,7.8,4.758101265822785,1,2.0,22.0,0.2857142857142857,0.18544594702303457,0
12955,2,6,1843.36,1526,307.22666666666663,254.33333333333334,42,6,175,177,179.12143977387709,496.44,17.0,324.75,1.0,7.0,10.473636363636363,1,3.0,22.9,0.3333333333333333,0.2431846277299443,0
12956,215,1,108.07,34,108.07,34.0,19,1,0,215,0.0,108.07,108.07,108.07,1.0,19.0,108.07,1,0.0,0.0,0.0,-0.9908315760520766,1
12957,95,4,1715.29,1248,428.8225,312.0,97,4,153,249,110.63535190736579,586.52,330.51,399.13,1.0,24.25,11.138246753246753,1,6.0,38.5,0.6,0.5173542932721159,0
12962,22,1,170.54000000000002,78,170.54000000000002,78.0,11,1,0,22,0.0,170.54000000000002,170.54000000000002,170.54000000000002,1.0,11.0,170.54000000000002,1,0.0,0.0,0.0,-0.9941704558703509,0
12963,275,1,365.8,172,365.8,172.0,16,1,0,275,0.0,365.8,365.8,365.8,1.0,16.0,365.8,1,1.0,15.6,0.5,-0.9972737186477645,0
12967,267,2,1660.9,438,830.45,219.0,19,2,13,281,760.7761858786066,1368.4,292.5,830.45,1.0,9.5,118.63571428571429,1,14.0,466.15,0.875,-0.647391539803839,1
12968,21,1,135.95,73,135.95,73.0,5,1,0,21,0.0,135.95,135.95,135.95,1.0,5.0,135.95,1,0.0,0.0,0.0,-0.9926980649872216,1
12970,231,2,23.8,8,11.9,4.0,8,1,0,231,7.495331880577403,17.2,6.6,11.899999999999999,2.0,4.0,23.8,1,0.0,0.0,0.0,-0.42741935483870963,0
12971,1,64,8165.320000000001,5916,127.58312500000001,92.4375,80,52,279,281,75.41687200971782,411.08000000000004,25.2,110.265,1.2307692307692308,1.25,29.161857142857144,1,3.0,259.65,0.04477611940298507,0.024454099276050932,0
12974,107,1,144.8,24,144.8,24.0,8,1,0,107,0.0,144.8,144.8,144.8,1.0,8.0,144.8,1,0.0,0.0,0.0,-0.9931412894375857,1
12976,121,1,738.6,561,738.6,561.0,22,1,0,121,0.0,738.6,738.6,738.6,1.0,22.0,738.6,1,0.0,0.0,0.0,-0.9986479177934018,1
12977,65,1,39.239999999999995,12,39.239999999999995,12.0,9,1,0,65,0.0,39.239999999999995,39.239999999999995,39.239999999999995,1.0,9.0,39.239999999999995,1,0.0,0.0,0.0,-0.9751491053677932,1
12980,67,9,7374.900000000001,886,819.4333333333334,98.44444444444444,6,9,200,268,174.09983199302636,1077.1200000000001,432.90000000000003,838.8000000000001,1.0,0.6666666666666666,36.691044776119405,1,4.0,282.84000000000003,0.3076923076923077,0.0037175124391599147,1
12981,42,1,187.18,134,187.18,134.0,11,1,0,42,0.0,187.18,187.18,187.18,1.0,11.0,187.18,1,0.0,0.0,0.0,-0.9946859389945797,0
12982,152,1,390.54,288,390.54,288.0,28,1,0,152,0.0,390.54,390.54,390.54,1.0,28.0,390.54,1,6.0,13.34,0.8571428571428571,-0.9974459825305205,1
12987,107,1,304.3,108,304.3,108.0,14,1,0,107,0.0,304.3,304.3,304.3,1.0,14.0,304.3,1,2.0,13.7,0.6666666666666666,-0.9967245332459875,0
12988,201,1,535.32,136,535.32,136.0,75,1,0,201,0.0,535.32,535.32,535.32,1.0,75.0,535.32,1,0.0,0.0,0.0,-0.9981354415274463,1
12989,67,8,4469.14,2046,558.6425,255.75,14,7,206,273,348.8105182617061,1141.2,202.5,447.54,1.1428571428571428,1.75,21.590048309178744,1,4.0,69.6,0.3333333333333333,-0.05231603484454628,0
12990,94,2,263.9,130,131.95,65.0,5,2,124,219,48.71965722375314,166.4,97.5,131.95,1.0,2.5,2.1111999999999997,1,0.0,0.0,0.0,0.26009815024537564,0
12991,21,1,303.56,361,303.56,361.0,22,1,0,21,0.0,303.56,303.56,303.56,1.0,22.0,303.56,1,0.0,0.0,0.0,-0.9967165747307591,0
12993,30,3,372.4,204,124.13333333333333,68.0,23,3,177,207,65.00510236384012,197.1,72.4,102.89999999999999,1.0,7.666666666666667,2.0921348314606742,1,0.0,0.0,0.0,0.4461703267273702,0
12994,29,2,645.47,303,322.735,151.5,38,2,148,178,42.2354880402725,352.6,292.87,322.735,1.0,19.0,4.332013422818792,1,12.0,72.2,0.8571428571428571,-0.09239407861153652,0
12997,145,2,608.47,300,304.235,150.0,30,2,80,226,1.8596908345206167,305.55,302.92,304.235,1.0,15.0,7.511975308641976,1,8.0,28.95,0.8,-0.004315224703430842,0
12999,105,3,455.88,342,151.96,114.0,25,3,49,155,146.02878757286183,320.28000000000003,59.099999999999994,76.5,1.0,8.333333333333334,9.1176,1,0.0,0.0,0.0,-0.40421992645771326,1
13000,16,3,534.85,379,178.28333333333333,126.33333333333333,30,3,258,274,92.49035751543688,256.78,76.32000000000001,201.75,1.0,10.0,2.065057915057915,1,0.0,0.0,0.0,-0.7132779695810395,1
13001,67,11,8615.42,4879,783.22,443.54545454545456,154,11,168,236,436.23490383049364,1853.52,278.28000000000003,636.45,1.0,14.0,50.978816568047336,1,3.0,20.9,0.21428571428571427,-0.2635920718813614,0
13002,227,1,120.94999999999999,73,120.94999999999999,73.0,7,1,0,227,0.0,120.94999999999999,120.94999999999999,120.94999999999999,1.0,7.0,120.94999999999999,1,0.0,0.0,0.0,-0.99179991799918,1
13003,15,3,149.05,103,49.68333333333334,34.333333333333336,4,3,109,124,17.052883431646784,60.0,30.0,59.050000000000004,1.0,1.3333333333333333,1.3550000000000002,1,0.0,0.0,0.0,0.206264578473842,1
13004,23,12,3785.09,3275,315.4241666666667,272.9166666666667,193,12,243,267,105.50935748749606,451.78,15.8,322.68999999999994,1.0,16.083333333333332,15.51266393442623,1,5.0,42.480000000000004,0.29411764705882354,-0.07991093714095543,0
13005,83,2,513.7,172,256.85,86.0,21,2,72,155,91.64103884177656,321.65,192.05,256.85,1.0,10.5,7.036986301369864,1,3.0,44.75,0.6,-0.251797163396153,1
13008,232,1,229.46999999999997,175,229.46999999999997,175.0,14,1,0,232,0.0,229.46999999999997,229.46999999999997,229.46999999999997,1.0,14.0,229.46999999999997,1,1.0,51.0,0.5,-0.9956610404824923,1
13011,281,1,50.550000000000004,13,50.550000000000004,13.0,3,1,0,281,0.0,50.550000000000004,50.550000000000004,50.550000000000004,1.0,3.0,50.550000000000004,1,0.0,0.0,0.0,-0.9806013579049466,1
13012,58,4,1012.3100000000001,511,253.07750000000001,127.75,42,4,146,204,160.98212082402196,377.27000000000004,16.5,309.27,1.0,10.5,6.886462585034014,1,18.0,350.22,0.8181818181818182,0.25438414700338496,0
13013,2,9,3686.09,1758,409.5655555555556,195.33333333333334,137,8,278,281,245.72327586693496,841.94,194.51,303.14,1.125,15.222222222222221,13.21179211469534,1,3.0,23.95,0.25,-0.1815062827324529,0
13014,23,5,2022.48,616,404.496,123.2,53,5,167,190,122.79158085960127,515.38,233.7,460.75,1.0,10.6,12.038571428571428,1,14.0,100.85,0.7368421052631579,-0.31311404115681896,0
13015,106,4,1763.04,705,440.76,176.25,80,3,52,158,293.08198591292955,783.67,108.0,435.685,1.3333333333333333,20.0,33.26490566037736,1,0.0,0.0,0.0,-0.11093852747103243,0
13016,32,1,425.25,315,425.25,315.0,28,1,0,32,0.0,425.25,425.25,425.25,1.0,28.0,425.25,1,0.0,0.0,0.0,-0.9976539589442815,0
13018,2,18,5075.71,3864,281.9838888888889,214.66666666666666,242,14,203,205,131.62359314432283,493.45,17.4,321.25,1.2857142857142858,13.444444444444445,24.88093137254902,1,1.0,4.95,0.05263157894736842,-0.44757529975121685,0
13021,76,4,1152.47,527,288.1175,131.75,48,4,192,268,102.34021802302358,387.47,157.35000000000002,303.82500000000005,1.0,12.0,5.971347150259067,1,3.0,31.98,0.42857142857142855,0.2766175106418025,0
13023,39,1,336.40000000000003,159,336.40000000000003,159.0,20,1,0,39,0.0,336.40000000000003,336.40000000000003,336.40000000000003,1.0,20.0,336.40000000000003,1,0.0,0.0,0.0,-0.997036158861885,0
13026,2,3,604.2,900,201.4,300.0,13,3,182,185,142.77984731746986,360.48,84.36,159.35999999999999,1.0,4.333333333333333,3.3016393442622953,1,3.0,39.21,0.5,0.19292795769993398,0
13027,23,6,6912.0,17280,1152.0,2880.0,6,6,240,264,610.185545551515,2016.0,384.0,1104.0,1.0,1.0,28.680497925311204,1,0.0,0.0,0.0,0.4721539129176913,1
13029,48,2,773.1999999999999,92,386.59999999999997,46.0,6,2,214,262,5.798275605729661,390.7,382.5,386.6,1.0,3.0,3.5962790697674416,1,0.0,0.0,0.0,0.01059157840351329,0
13030,277,1,427.74,204,427.74,204.0,50,1,0,277,0.0,427.74,427.74,427.74,1.0,50.0,427.74,1,0.0,0.0,0.0,-0.9976675840835938,0
13033,266,1,190.55,83,190.55,83.0,11,1,0,266,0.0,190.55,190.55,190.55,1.0,11.0,190.55,1,0.0,0.0,0.0,-0.9947794309579744,1
13034,278,1,165.86,116,165.86,116.0,11,1,0,278,0.0,165.86,165.86,165.86,1.0,11.0,165.86,1,0.0,0.0,0.0,-0.9940069519357545,0
13035,170,1,333.0,212,333.0,212.0,12,1,0,170,0.0,333.0,333.0,333.0,1.0,12.0,333.0,1,3.0,35.25,0.75,-0.9970059880239521,0
13037,47,3,881.07,431,293.69,143.66666666666666,44,3,118,165,39.219896736223056,326.9,250.42000000000002,303.75,1.0,14.666666666666666,7.4039495798319335,1,0.0,0.0,0.0,-0.31014545330869436,1
13038,93,2,591.76,280,295.88,140.0,22,2,106,200,140.3182696586585,395.1,196.66,295.88,1.0,11.0,5.530467289719626,1,0.0,0.0,0.0,-0.33477292664822195,0
13043,182,1,516.42,254,516.42,254.0,13,1,0,182,0.0,516.42,516.42,516.42,1.0,13.0,516.42,1,1.0,44.849999999999994,0.5,-0.9980673340806309,1
13044,200,1,560.47,429,560.47,429.0,33,1,0,200,0.0,560.47,560.47,560.47,1.0,33.0,560.47,1,0.0,0.0,0.0,-0.9982189609418135,1
13045,8,1,305.28000000000003,221,305.28000000000003,221.0,18,1,0,8,0.0,305.28000000000003,305.28000000000003,305.28000000000003,1.0,18.0,305.28000000000003,1,0.0,0.0,0.0,-0.9967350137129424,1
13046,175,1,197.72,76,197.72,76.0,14,1,0,175,0.0,197.72,197.72,197.72,1.0,14.0,197.72,1,0.0,0.0,0.0,-0.9949677938808373,0
13047,36,8,2682.01,1164,335.25125,145.5,84,6,246,283,196.14543084423715,562.4,17.85,423.07500000000005,1.3333333333333333,10.5,10.858340080971661,1,24.0,158.44,0.75,0.0658402316800906,0
13048,23,3,1375.05,957,458.34999999999997,319.0,69,3,213,236,21.515083081410616,477.61,435.13,462.31,1.0,23.0,6.425467289719626,1,1.0,30.0,0.25,-0.36683986773736416,0
13049,227,1,153.78,78,153.78,78.0,7,1,0,227,0.0,153.78,153.78,153.78,1.0,7.0,153.78,1,0.0,0.0,0.0,-0.9935392169530947,0
13050,15,13,4509.74,2707,346.9030769230769,208.23076923076923,211,13,260,276,80.38075913888588,585.17,269.5,323.09000000000003,1.0,16.23076923076923,17.278697318007662,1,19.0,152.25,0.59375,-0.12237903315198842,0
13052,121,1,348.15000000000003,222,348.15000000000003,222.0,18,1,0,121,0.0,348.15000000000003,348.15000000000003,348.15000000000003,1.0,18.0,348.15000000000003,1,0.0,0.0,0.0,-0.9971359014750107,1
13055,123,1,344.86,252,344.86,252.0,22,1,0,123,0.0,344.86,344.86,344.86,1.0,22.0,344.86,1,2.0,12.450000000000001,0.6666666666666666,-0.9971086566818944,0
13058,61,1,47.550000000000004,9,47.550000000000004,9.0,3,1,0,61,0.0,47.550000000000004,47.550000000000004,47.550000000000004,1.0,3.0,47.550000000000004,1,0.0,0.0,0.0,-0.9794026776519053,0
13059,159,1,183.4,35,183.4,35.0,8,1,0,159,0.0,183.4,183.4,183.4,1.0,8.0,183.4,1,0.0,0.0,0.0,-0.9945770065075922,1
13060,163,1,307.53,123,307.53,123.0,15,1,0,163,0.0,307.53,307.53,307.53,1.0,15.0,307.53,1,0.0,0.0,0.0,-0.996758824101384,1
13062,100,1,346.98,343,346.98,343.0,11,1,0,100,0.0,346.98,346.98,346.98,1.0,11.0,346.98,1,0.0,0.0,0.0,-0.997126271624806,1
13064,62,2,659.25,284,329.625,142.0,31,2,174,236,178.6505282667812,455.95,203.3,329.625,1.0,15.5,3.7671428571428573,1,0.0,0.0,0.0,0.3826580840590685,0
13065,282,1,205.86,74,205.86,74.0,14,1,0,282,0.0,205.86,205.86,205.86,1.0,14.0,205.86,1,0.0,0.0,0.0,-0.9951658126268974,1
13068,229,1,165.0,100,165.0,100.0,1,1,0,229,0.0,165.0,165.0,165.0,1.0,1.0,165.0,1,0.0,0.0,0.0,-0.9939759036144579,0
13069,9,20,3874.7,5165,193.73499999999999,258.25,250,17,270,279,129.78722581290705,476.76000000000005,1.9,171.305,1.1764705882352942,12.5,14.297785977859778,1,45.0,718.3,0.6923076923076923,-0.1045333746161984,0
13070,101,1,228.8,110,228.8,110.0,9,1,0,101,0.0,228.8,228.8,228.8,1.0,9.0,228.8,1,0.0,0.0,0.0,-0.9956483899042646,1
13072,176,1,177.15,69,177.15,69.0,7,1,0,176,0.0,177.15,177.15,177.15,1.0,7.0,177.15,1,0.0,0.0,0.0,-0.994386752736458,1
13075,39,1,919.61,485,919.61,485.0,22,1,0,39,0.0,919.61,919.61,919.61,1.0,22.0,919.61,1,0.0,0.0,0.0,-0.9989137637001553,1
13077,199,3,577.44,607,192.48000000000002,202.33333333333334,61,2,76,275,161.15787538932128,313.72,9.6,254.12,1.5,20.333333333333332,7.49922077922078,1,0.0,0.0,0.0,-0.0864393887006431,0
13078,16,15,6917.150000000001,2500,461.1433333333334,166.66666666666666,81,15,260,276,145.92809749357815,846.45,302.24,434.74,1.0,5.4,26.502490421455942,1,22.0,195.66,0.5945945945945946,-0.020651474743970617,0
13079,0,2,59.5,10,29.75,5.0,1,2,49,49,8.414570696119918,35.7,23.8,29.75,1.0,0.5,1.19,1,0.0,0.0,0.0,0.19669421487603309,0
13080,88,1,58.08,120,58.08,120.0,6,1,0,88,0.0,58.08,58.08,58.08,1.0,6.0,58.08,1,0.0,0.0,0.0,-0.983073798239675,1
13081,53,8,18870.12,12665,2358.765,1583.125,424,6,227,280,1744.1514644826989,4655.85,11.6,2347.6150000000002,1.3333333333333333,53.0,82.7636842105263,1,33.0,372.9,0.8048780487804879,-0.03948891215783699,0
13082,35,9,3613.63,4324,401.51444444444445,480.44444444444446,63,7,212,247,413.3321019202087,1278.1,34.0,271.5,1.2857142857142858,7.0,16.965399061032866,1,2.0,18.15,0.18181818181818182,-0.08485792460085818,1
13085,67,2,416.08000000000004,216,208.04000000000002,108.0,17,2,137,204,99.07980217985904,278.1,137.98000000000002,208.04000000000002,1.0,8.5,3.0150724637681163,1,7.0,143.7,0.7777777777777778,-0.33595473290495825,1
13089,9,71,43324.49,23827,610.2040845070422,335.59154929577466,537,48,270,279,541.3099273523637,2415.04,17.4,485.89,1.4791666666666667,7.563380281690141,159.8689667896679,1,39.0,1439.95,0.35454545454545455,-0.055856033018899534,0
13090,45,9,4912.02,1133,545.7800000000001,125.88888888888889,56,8,236,282,331.9985474365814,968.4,15.0,555.3,1.125,6.222222222222222,20.725822784810127,1,6.0,221.43,0.4,0.04254409711338443,0
13092,121,4,439.75,95,109.9375,23.75,15,4,147,269,59.23472201054602,185.45,40.8,106.75,1.0,3.75,2.9712837837837838,1,1.0,18.0,0.2,0.15621100397050489,0
13093,185,8,7832.47,3961,979.05875,495.125,97,7,97,282,488.18912361143396,1827.91,304.5,945.24,1.1428571428571428,12.125,79.92316326530613,1,11.0,91.0,0.5789473684210527,-0.549497221537837,1
13094,39,10,1545.72,1356,154.572,135.6,4,10,239,278,70.56830336631313,228.96000000000004,76.32000000000001,179.19,1.0,0.4,6.4405,1,6.0,218.46,0.375,0.3153770559635875,0
13097,32,8,4643.71,1864,580.46375,233.0,181,7,237,269,200.58784053287687,878.02,304.90000000000003,615.48,1.1428571428571428,22.625,19.51138655462185,1,14.0,117.1,0.6363636363636364,-0.09536225081867335,0
13098,3,18,15169.46,8701,842.7477777777777,483.3888888888889,110,18,223,226,552.1203395206684,2022.6,244.79999999999998,643.2,1.0,6.111111111111111,67.72080357142856,1,33.0,223.56,0.6470588235294118,0.15961941826417922,0
13099,8,1,207.35999999999999,288,207.35999999999999,288.0,1,1,0,8,0.0,207.35999999999999,207.35999999999999,207.35999999999999,1.0,1.0,207.35999999999999,1,0.0,0.0,0.0,-0.9952006143213669,1
13101,143,1,101.19,113,101.19,113.0,8,1,0,143,0.0,101.19,101.19,101.19,1.0,8.0,101.19,1,0.0,0.0,0.0,-0.9902143066836285,1
13102,43,19,4961.7,3361,261.1421052631579,176.89473684210526,112,15,231,274,105.83559365454765,447.28,8.5,255.76,1.2666666666666666,5.894736842105263,21.386637931034482,1,6.0,87.8,0.24,-0.031043585145183055,0
13104,42,3,376.44,180,125.48,60.0,3,3,221,264,32.651542076906566,162.72,101.76,111.96,1.0,1.0,1.6956756756756757,1,0.0,0.0,0.0,-0.1351208139041967,0
13106,42,1,76.5,18,76.5,18.0,1,1,0,42,0.0,76.5,76.5,76.5,1.0,1.0,76.5,1,1.0,17.0,0.5,-0.9870967741935484,1
13107,85,2,935.22,816,467.61,408.0,36,2,157,243,140.33241179428225,566.84,368.38,467.61,1.0,18.0,5.919113924050633,1,2.0,7.550000000000001,0.5,-0.21198009014975117,0
13108,282,1,350.06,298,350.06,298.0,10,1,0,282,0.0,350.06,350.06,350.06,1.0,10.0,350.06,1,0.0,0.0,0.0,-0.997151484076796,1
13109,66,1,369.85,260,369.85,260.0,24,1,0,66,0.0,369.85,369.85,369.85,1.0,24.0,369.85,1,3.0,19.700000000000003,0.75,-0.9973034919778886,0
13110,46,5,1042.24,274,208.448,54.8,79,4,174,220,119.69764020230308,302.71000000000004,7.040000000000001,268.6,1.25,15.8,5.9556571428571425,1,1.0,35.8,0.16666666666666666,-0.40521835819178714,0
13113,23,20,10787.06,2616,539.353,130.8,93,19,252,275,392.90007693265244,1961.05,2.55,484.52,1.0526315789473684,4.65,42.63660079051383,1,79.0,1735.96,0.797979797979798,0.27105336826083654,0
13115,93,1,878.55,621,878.55,621.0,55,1,0,93,0.0,878.55,878.55,878.55,1.0,55.0,878.55,1,12.0,89.15,0.9230769230769231,-0.9988630549712921,0
13116,47,1,501.14,291,501.14,291.0,30,1,0,47,0.0,501.14,501.14,501.14,1.0,30.0,501.14,1,1.0,15.95,0.5,-0.9980085235193372,1
13117,31,7,841.77,703,120.25285714285714,100.42857142857143,57,7,250,281,52.445031767964984,202.12,65.28,95.56,1.0,8.142857142857142,3.3536653386454183,1,0.0,0.0,0.0,-0.402589081243993,0
13118,117,3,799.7,274,266.56666666666666,91.33333333333333,40,3,80,198,135.98152901527962,423.55,185.22,190.93,1.0,13.333333333333334,9.87283950617284,1,3.0,72.81,0.5,-0.5361059073310852,0
13120,148,1,30.599999999999998,12,30.599999999999998,12.0,1,1,0,148,0.0,30.599999999999998,30.599999999999998,30.599999999999998,1.0,1.0,30.599999999999998,1,0.0,0.0,0.0,-0.9683544303797468,1
13121,178,1,283.73,252,283.73,252.0,50,1,0,178,0.0,283.73,283.73,283.73,1.0,50.0,283.73,1,3.0,29.0,0.75,-0.9964879008183191,1
13122,3,2,922.39,585,461.195,292.5,54,2,146,149,625.7541460110352,903.67,18.72,461.195,1.0,27.0,6.274761904761904,1,0.0,0.0,0.0,-0.958370785908446,1
13124,161,2,2574.12,1623,1287.06,811.5,131,2,106,268,43.472924907348954,1317.8,1256.32,1287.06,1.0,65.5,24.057196261682243,1,0.0,0.0,0.0,0.023874615551896617,0
13126,162,5,1077.42,1062,215.484,212.4,61,4,113,276,123.66277503759974,323.87,19.799999999999997,209.94,1.25,12.2,9.451052631578948,1,2.0,43.349999999999994,0.2857142857142857,-0.01594925910127773,0
13130,3,1,64.0,32,64.0,32.0,2,1,0,3,0.0,64.0,64.0,64.0,1.0,2.0,64.0,1,0.0,0.0,0.0,-0.9846153846153847,1
13131,97,1,324.9,128,324.9,128.0,14,1,0,97,0.0,324.9,324.9,324.9,1.0,14.0,324.9,1,2.0,34.0,0.6666666666666666,-0.9969315741024855,0
13132,171,1,77.3,20,77.3,20.0,3,1,0,171,0.0,77.3,77.3,77.3,1.0,3.0,77.3,1,0.0,0.0,0.0,-0.9872286079182631,1
13133,183,2,109.8,32,54.9,16.0,7,2,30,213,3.6062445840513906,57.45,52.35,54.900000000000006,1.0,3.5,3.541935483870968,1,0.0,0.0,0.0,0.04602888086642601,1
13134,93,3,885.74,330,295.24666666666667,110.0,42,3,56,149,243.8927111115323,500.2,25.5,360.04,1.0,14.0,15.539298245614034,1,7.0,52.95,0.7,-0.18681913525948984,0
13135,106,1,3096.0,4300,3096.0,4300.0,1,1,0,106,0.0,3096.0,3096.0,3096.0,1.0,1.0,3096.0,1,0.0,0.0,0.0,-0.9996771068776235,1
13136,52,3,1226.68,677,408.8933333333334,225.66666666666666,55,2,69,122,251.75238972715496,574.46,119.18,533.04,1.5,18.333333333333332,17.524,1,12.0,62.23,0.8,0.0633389808419132,0
13137,2,5,1931.04,1189,386.20799999999997,237.8,231,5,216,218,172.71177093643618,645.91,217.93,301.39,1.0,46.2,8.898801843317973,1,1.0,45.33,0.16666666666666666,0.10525661994575683,0
13138,42,3,489.45,243,163.15,81.0,22,3,238,281,52.43820077004932,193.62,102.6,193.23,1.0,7.333333333333333,2.047907949790795,1,0.0,0.0,0.0,0.20999082475277814,0
13139,19,3,1710.94,726,570.3133333333334,242.0,39,3,149,169,177.34637333008342,760.52,409.5,540.9200000000001,1.0,13.0,11.406266666666667,1,4.0,9.15,0.5714285714285714,-0.36747783216701513,0
13140,17,3,423.72,186,141.24,62.0,40,3,258,275,23.99930623997284,159.51,114.06,150.15,1.0,13.333333333333334,1.635984555984556,1,0.0,0.0,0.0,0.24651535129026178,1
13141,123,4,1401.03,942,350.2575,235.5,77,3,101,224,125.84935236888059,516.28,215.51999999999998,334.615,1.3333333333333333,19.25,13.735588235294117,1,1.0,2.95,0.2,0.25098607019821256,0
13144,242,1,110.95,21,110.95,21.0,3,1,0,242,0.0,110.95,110.95,110.95,1.0,3.0,110.95,1,0.0,0.0,0.0,-0.9910674408217954,1
13145,1,3,499.72,121,166.57333333333335,40.333333333333336,5,3,280,281,112.42922277296651,295.0,85.92,118.80000000000001,1.0,1.6666666666666667,1.7783629893238435,1,1.0,3.75,0.25,-0.180300367470842,0
13147,9,1,118.80000000000001,24,118.80000000000001,24.0,1,1,0,9,0.0,118.80000000000001,118.80000000000001,118.80000000000001,1.0,1.0,118.80000000000001,1,0.0,0.0,0.0,-0.991652754590985,0
13148,43,10,2789.87,1380,278.98699999999997,138.0,173,6,230,273,160.0540267152869,505.25,14.850000000000001,325.49,1.6666666666666667,17.3,12.077359307359307,1,28.0,358.64,0.7368421052631579,-0.04429801459759864,0
13149,15,3,1132.62,884,377.53999999999996,294.6666666666667,58,3,182,198,128.22187176921105,506.16,249.72,376.74,1.0,19.333333333333332,6.1891803278688515,1,0.0,0.0,0.0,0.33445069776468306,0
13151,205,1,1257.8700000000001,363,1257.8700000000001,363.0,73,1,0,205,0.0,1257.8700000000001,1257.8700000000001,1257.8700000000001,1.0,73.0,1257.8700000000001,1,1.0,7.5,0.5,-0.9992056368012583,1
13155,236,2,569.2,262,284.6,131.0,55,2,41,278,134.49170978168135,379.7,189.5,284.6,1.0,27.5,13.552380952380954,1,0.0,0.0,0.0,-0.3335671694142406,0
13157,50,3,873.1999999999999,788,291.06666666666666,262.6666666666667,32,3,157,207,89.06576521499903,375.26,197.82,300.12,1.0,10.666666666666666,5.526582278481012,1,2.0,19.65,0.4,-0.14033401967513157,0
13158,4,4,1201.06,784,300.265,196.0,59,4,224,228,31.891959801805875,332.89,256.40999999999997,305.88,1.0,14.75,5.338044444444444,1,0.0,0.0,0.0,0.5725504550521605,1
13159,15,2,851.59,628,425.795,314.0,75,2,9,25,44.56894041818807,457.31,394.28000000000003,425.795,1.0,37.5,85.159,1,1.0,58.10000000000001,0.3333333333333333,-0.07392767918929376,0
13161,222,1,112.75,29,112.75,29.0,8,1,0,222,0.0,112.75,112.75,112.75,1.0,8.0,112.75,1,0.0,0.0,0.0,-0.9912087912087912,1
13162,31,4,1688.29,1713,422.0725,428.25,74,4,212,244,317.37648331017425,753.26,3.75,465.64000000000004,1.0,18.5,7.926244131455399,1,3.0,43.3,0.42857142857142855,-0.5417009512872272,1
13165,260,1,354.64,496,354.64,496.0,13,1,0,260,0.0,354.64,354.64,354.64,1.0,13.0,354.64,1,0.0,0.0,0.0,-0.9971881678101451,0
13166,192,1,417.2,216,417.2,216.0,39,1,0,192,0.0,417.2,417.2,417.2,1.0,39.0,417.2,1,1.0,2.5,0.5,-0.9976087996174079,1
13167,40,2,417.55,447,208.775,223.5,33,2,12,53,48.274179951605596,242.91,174.64,208.77499999999998,1.0,16.5,32.11923076923077,1,0.0,0.0,0.0,-0.16311073945765145,0
13168,108,3,972.66,557,324.21999999999997,185.66666666666666,94,3,119,227,269.51018032720026,632.18,131.43,209.05,1.0,31.333333333333332,8.1055,1,2.0,9.05,0.4,-0.7290019103177701,0
13169,161,1,505.2,96,505.2,96.0,6,1,0,161,0.0,505.2,505.2,505.2,1.0,6.0,505.2,1,0.0,0.0,0.0,-0.9980244962465429,0
13171,208,1,140.35,53,140.35,53.0,23,1,0,208,0.0,140.35,140.35,140.35,1.0,23.0,140.35,1,2.0,41.6,0.6666666666666666,-0.9929253625751681,0
13173,276,1,165.94,114,165.94,114.0,23,1,0,276,0.0,165.94,165.94,165.94,1.0,23.0,165.94,1,0.0,0.0,0.0,-0.9940098238888223,0
13174,225,2,2108.27,970,1054.135,485.0,178,2,52,278,511.71196434126875,1415.97,692.3000000000001,1054.135,1.0,89.0,39.778679245283016,1,0.0,0.0,0.0,-0.3430902634560772,0
13178,42,8,4391.7300000000005,2599,548.9662500000001,324.875,81,8,227,270,183.08088914368662,795.8000000000001,285.0,537.365,1.0,10.125,19.261973684210528,1,0.0,0.0,0.0,0.48801770197576444,0
13183,10,6,2394.98,1448,399.16333333333336,241.33333333333334,50,6,233,244,148.86471625830842,625.04,211.96,370.98,1.0,8.333333333333334,10.234957264957265,1,0.0,0.0,0.0,0.04892361371964709,0
13184,40,9,1504.44,1567,167.16,174.11111111111111,122,8,159,199,107.47633937290568,365.02,8.29,181.16,1.125,13.555555555555555,9.402750000000001,1,2.0,52.5,0.18181818181818182,0.007851525135508589,0
13185,177,1,71.4,12,71.4,12.0,1,1,0,177,0.0,71.4,71.4,71.4,1.0,1.0,71.4,1,0.0,0.0,0.0,-0.9861878453038674,1
13186,3,2,1301.94,547,650.97,273.5,57,2,35,38,477.1132295378111,988.34,313.6,650.97,1.0,28.5,36.165,1,5.0,36.2,0.7142857142857143,-0.5178596098055167,0
13187,246,1,236.02,95,236.02,95.0,37,1,0,246,0.0,236.02,236.02,236.02,1.0,37.0,236.02,1,0.0,0.0,0.0,-0.9957809467555481,1
13189,24,1,127.0,526,127.0,526.0,18,1,0,24,0.0,127.0,127.0,127.0,1.0,18.0,127.0,1,0.0,0.0,0.0,-0.9921875,0
13192,4,2,911.94,595,455.97,297.5,57,2,109,114,11.808683245815356,464.32,447.62,455.97,1.0,28.5,8.290363636363637,1,0.0,0.0,0.0,-0.01829254934606873,1
13194,45,1,60.7,26,60.7,26.0,3,1,0,45,0.0,60.7,60.7,60.7,1.0,3.0,60.7,1,0.0,0.0,0.0,-0.9837925445705025,1
13196,171,1,512.13,320,512.13,320.0,34,1,0,171,0.0,512.13,512.13,512.13,1.0,34.0,512.13,1,0.0,0.0,0.0,-0.9980511761152144,0
13198,30,5,3009.18,2369,601.836,473.8,182,5,241,271,233.87626467856887,903.01,384.55,489.86,1.0,36.4,12.434628099173553,1,3.0,17.15,0.375,-0.387458557295577,0
13199,1,22,4740.16,3652,215.4618181818182,166.0,29,20,274,276,157.05333312017243,606.84,15.0,186.26,1.1,1.3181818181818181,17.236945454545452,1,1.0,13.16,0.043478260869565216,-0.2653865298787639,0
13200,35,1,319.32,249,319.32,249.0,14,1,0,35,0.0,319.32,319.32,319.32,1.0,14.0,319.32,1,0.0,0.0,0.0,-0.9968781218781219,0
13203,30,2,309.86,274,154.93,137.0,20,2,121,151,15.245222202381965,165.71,144.15,154.93,1.0,10.0,2.5398360655737706,1,0.0,0.0,0.0,-0.06935598018400567,0
13207,60,1,197.52000000000004,72,197.52000000000004,72.0,5,1,0,60,0.0,197.52000000000004,197.52000000000004,197.52000000000004,1.0,5.0,197.52000000000004,1,0.0,0.0,0.0,-0.994962724158775,0
13208,64,4,835.0699999999999,573,208.76749999999998,143.25,97,4,153,218,83.57873468572414,326.48,134.86,186.865,1.0,24.25,5.422532467532467,1,1.0,18.0,0.2,0.1047878766132022,0
13209,38,5,4156.08,3255,831.216,651.0,200,5,233,271,738.8275274582018,1932.24,111.35,595.26,1.0,40.0,17.76102564102564,1,8.0,71.45,0.6153846153846154,0.79278724489305,0
13210,3,1,353.48,316,353.48,316.0,22,1,0,3,0.0,353.48,353.48,353.48,1.0,22.0,353.48,1,0.0,0.0,0.0,-0.9971789663732792,1
13211,4,2,886.64,619,443.32,309.5,43,2,266,270,470.3957151165389,775.94,110.7,443.32000000000005,1.0,21.5,3.320749063670412,1,0.0,0.0,0.0,0.7494479744040377,0
13213,37,4,963.88,478,240.97,119.5,44,3,71,109,150.5820837063073,412.35,94.80000000000001,228.365,1.3333333333333333,11.0,13.387222222222222,1,2.0,2.15,0.3333333333333333,-0.14424591659066408,0
13216,177,1,333.74,297,333.74,297.0,5,1,0,177,0.0,333.74,333.74,333.74,1.0,5.0,333.74,1,0.0,0.0,0.0,-0.9970126067993069,1
13217,31,3,533.98,262,177.99333333333334,87.33333333333333,3,3,34,66,190.34631841286907,396.96000000000004,52.02,85.0,1.0,1.0,15.256571428571428,1,3.0,400.36,0.5,0.6803618826872033,1
13218,36,1,62.63999999999999,88,62.63999999999999,88.0,5,1,0,36,0.0,62.63999999999999,62.63999999999999,62.63999999999999,1.0,5.0,62.63999999999999,1,0.0,0.0,0.0,-0.9842866121935889,1
13220,95,3,726.49,132,242.16333333333333,44.0,15,3,51,146,207.00328990944405,476.29,83.4,166.8,1.0,5.0,13.97096153846154,1,0.0,0.0,0.0,-0.5400624063561011,0
13221,149,2,847.41,244,423.705,122.0,62,2,119,268,105.29527078648883,498.16,349.25,423.70500000000004,1.0,31.0,7.06175,1,0.0,0.0,0.0,-0.17551655449605735,1
13223,109,2,163.20000000000002,88,81.60000000000001,44.0,5,2,31,141,27.152900397563435,100.80000000000001,62.4,81.60000000000001,1.0,2.5,5.1000000000000005,1,0.0,0.0,0.0,-0.23386114494518884,1
13224,60,1,1212.26,665,1212.26,665.0,42,1,0,60,0.0,1212.26,1212.26,1212.26,1.0,42.0,1212.26,1,1.0,5.1,0.5,-0.9991757743599888,0
13225,52,5,4299.56,2164,859.912,432.8,15,5,218,271,351.6732340113475,1263.72,537.0,734.44,1.0,3.0,19.63269406392694,1,2.0,380.8,0.2857142857142857,-0.49068028349796294,0
13226,182,1,108.21000000000001,80,108.21000000000001,80.0,16,1,0,182,0.0,108.21000000000001,108.21000000000001,108.21000000000001,1.0,16.0,108.21000000000001,1,0.0,0.0,0.0,-0.9908433293654427,1
13227,111,1,257.7,99,257.7,99.0,9,1,0,111,0.0,257.7,257.7,257.7,1.0,9.0,257.7,1,0.0,0.0,0.0,-0.9961345187475841,1
13229,135,1,160.95,63,160.95,63.0,10,1,0,135,0.0,160.95,160.95,160.95,1.0,10.0,160.95,1,0.0,0.0,0.0,-0.9938252547082432,1
13230,47,12,2234.18,1353,186.18166666666664,112.75,302,11,226,274,95.88062254067752,366.96,5.04,170.095,1.0909090909090908,25.166666666666668,9.842202643171806,1,1.0,43.559999999999995,0.07692307692307693,0.2733023738580338,0
13232,7,5,1048.3,654,209.66,130.8,129,5,144,152,77.65588129691143,314.26,117.43,186.55,1.0,25.8,7.229655172413793,1,0.0,0.0,0.0,-0.6753073477556467,0
13233,245,1,304.24,404,304.24,404.0,17,1,0,245,0.0,304.24,304.24,304.24,1.0,17.0,304.24,1,0.0,0.0,0.0,-0.9967238893985061,0
13235,121,1,1031.07,441,1031.07,441.0,53,1,0,121,0.0,1031.07,1031.07,1031.07,1.0,53.0,1031.07,1,1.0,929.9,0.5,-0.9990310734736985,1
13236,16,1,439.23,168,439.23,168.0,21,1,0,16,0.0,439.23,439.23,439.23,1.0,21.0,439.23,1,3.0,17.58,0.75,-0.9977284601231174,0
13238,73,2,318.85,137,159.425,68.5,14,2,196,269,96.55543097102307,227.70000000000002,91.15,159.425,1.0,7.0,1.618527918781726,1,1.0,19.9,0.3333333333333333,0.4269188682194779,0
13239,171,1,329.56,327,329.56,327.0,21,1,0,171,0.0,329.56,329.56,329.56,1.0,21.0,329.56,1,0.0,0.0,0.0,-0.9969748305905131,1
13240,5,4,663.65,298,165.9125,74.5,59,4,269,275,63.89087434837622,224.07,110.04,164.77,1.0,14.75,2.457962962962963,1,0.0,0.0,0.0,-0.33276160385165127,1
13242,21,3,270.40000000000003,130,90.13333333333334,43.333333333333336,12,2,101,123,66.86264527621783,166.4,41.6,62.400000000000006,1.5,4.0,2.650980392156863,1,0.0,0.0,0.0,0.22991893883566691,1
13243,112,1,600.07,233,600.07,233.0,56,1,0,112,0.0,600.07,600.07,600.07,1.0,56.0,600.07,1,0.0,0.0,0.0,-0.9983363002645282,1
13244,2,1,121.74000000000001,38,121.74000000000001,38.0,27,1,0,2,0.0,121.74000000000001,121.74000000000001,121.74000000000001,1.0,27.0,121.74000000000001,1,0.0,0.0,0.0,-0.9918526967573733,1
13246,85,5,1860.99,1546,372.198,309.2,89,5,153,239,127.87352685368464,564.96,212.47,347.03999999999996,1.0,17.8,12.08435064935065,1,2.0,65.2,0.2857142857142857,-0.16441012035510394,0
13248,34,2,465.68,305,232.84,152.5,25,2,64,98,218.67984314975166,387.46999999999997,78.21000000000001,232.83999999999997,1.0,12.5,7.164307692307692,1,0.0,0.0,0.0,-0.6626810662552498,1
13249,1,3,711.41,546,237.13666666666666,182.0,21,3,168,170,94.74895267670951,291.84000000000003,127.73,291.84000000000003,1.0,7.0,4.209526627218935,1,0.0,0.0,0.0,0.1792928229530748,1
13253,66,2,1030.4,1572,515.2,786.0,35,2,182,248,54.758349135086156,553.92,476.48,515.2,1.0,17.5,5.630601092896176,1,0.0,0.0,0.0,0.07508241225518707,1
13255,283,1,225.7,110,225.7,110.0,6,1,0,283,0.0,225.7,225.7,225.7,1.0,6.0,225.7,1,1.0,8.850000000000001,0.5,-0.9955888839876489,0
13258,114,1,224.62,82,224.62,82.0,12,1,0,114,0.0,224.62,224.62,224.62,1.0,12.0,224.62,1,0.0,0.0,0.0,-0.9955677688148213,0
13261,178,2,944.1,210,472.05,105.0,8,2,17,195,527.5723694432832,845.1,99.0,472.05,1.0,4.0,52.45,1,0.0,0.0,0.0,-0.7894402708708074,1
13262,172,1,200.29,125,200.29,125.0,11,1,0,172,0.0,200.29,200.29,200.29,1.0,11.0,200.29,1,0.0,0.0,0.0,-0.9950320433205823,1
13263,17,23,4870.68,2806,211.76869565217393,122.0,358,21,217,234,103.85275101640732,427.03000000000003,7.800000000000001,185.85,1.0952380952380953,15.565217391304348,22.34256880733945,1,0.0,0.0,0.0,-0.06354686678928007,0
13265,93,3,1465.66,1138,488.55333333333334,379.3333333333333,44,3,89,183,285.311616541166,817.44,307.44,340.78000000000003,1.0,14.666666666666666,16.285111111111114,1,0.0,0.0,0.0,-0.5346160664366657,0
13266,22,8,2535.58,3060,316.9475,382.5,54,8,143,166,28.380230921239146,375.22,279.02,310.88,1.0,6.75,17.608194444444443,1,15.0,116.59,0.6521739130434783,-0.4404670856034504,0
13267,1,15,3119.34,1344,207.95600000000002,89.6,68,10,274,276,126.09202392357281,330.52,9.959999999999999,257.39,1.5,4.533333333333333,11.343054545454546,1,13.0,117.05000000000001,0.4642857142857143,-0.2057596287584045,0
13268,79,6,2150.25,2518,358.375,419.6666666666667,206,6,97,176,171.06080050672043,653.57,180.43,304.395,1.0,34.333333333333336,21.941326530612244,1,7.0,47.050000000000004,0.5384615384615384,-0.4335479372457874,0
13269,19,8,2981.45,2015,372.68125,251.875,133,8,260,279,136.14044034824587,704.6,305.1,314.06,1.0,16.625,11.423180076628352,1,4.0,30.31,0.3333333333333333,0.08312293584133854,0
13270,275,1,590.0,200,590.0,200.0,1,1,0,275,0.0,590.0,590.0,590.0,1.0,1.0,590.0,1,0.0,0.0,0.0,-0.9983079526226735,1
13273,22,1,138.98,153,138.98,153.0,16,1,0,22,0.0,138.98,138.98,138.98,1.0,16.0,138.98,1,0.0,0.0,0.0,-0.9928561223031862,1
13276,9,1,137.38,20,137.38,20.0,7,1,0,9,0.0,137.38,137.38,137.38,1.0,7.0,137.38,1,0.0,0.0,0.0,-0.9927735221852869,0
13277,25,2,125.9,86,62.95,43.0,4,2,17,43,18.314065632731584,75.9,50.0,62.95,1.0,2.0,6.9944444444444445,1,0.0,0.0,0.0,-0.20409771473601265,0
13280,31,3,814.86,522,271.62,174.0,67,3,214,246,141.67540259339304,392.01,115.5,307.35,1.0,22.333333333333332,3.790046511627907,1,0.0,0.0,0.0,-0.7156374868237197,1
13282,71,2,773.1,172,386.55,86.0,15,2,58,130,59.184837585314,428.40000000000003,344.70000000000005,386.55000000000007,1.0,7.5,13.103389830508474,1,3.0,84.3,0.6,0.10812556517245832,0
13283,95,1,25.5,30,25.5,30.0,2,1,0,95,0.0,25.5,25.5,25.5,1.0,2.0,25.5,1,0.0,0.0,0.0,-0.9622641509433962,0
13284,240,1,201.19,91,201.19,91.0,13,1,0,240,0.0,201.19,201.19,201.19,1.0,13.0,201.19,1,1.0,5.04,0.5,-0.9950541569810574,1
13285,70,3,1970.1,1454,656.6999999999999,484.6666666666667,122,3,128,199,145.49287851987808,796.83,506.38,666.89,1.0,40.666666666666664,15.272093023255813,1,0.0,0.0,0.0,-0.1909796560296281,0
13291,65,1,361.11,233,361.11,233.0,41,1,0,65,0.0,361.11,361.11,361.11,1.0,41.0,361.11,1,0.0,0.0,0.0,-0.9972384082184972,1
13292,193,1,249.57,133,249.57,133.0,14,1,0,193,0.0,249.57,249.57,249.57,1.0,14.0,249.57,1,0.0,0.0,0.0,-0.9960090992537015,0
13294,99,2,873.74,453,436.87,226.5,48,2,59,159,66.15691044781342,483.65,390.09,436.87,1.0,24.0,14.562333333333333,1,0.0,0.0,0.0,-0.10695749594165123,1
13295,269,1,201.20000000000002,82,201.20000000000002,82.0,10,1,0,269,0.0,201.20000000000002,201.20000000000002,201.20000000000002,1.0,10.0,201.20000000000002,1,1.0,3.25,0.5,-0.9950544015825915,1
13296,46,1,87.4,78,87.4,78.0,5,1,0,46,0.0,87.4,87.4,87.4,1.0,5.0,87.4,1,0.0,0.0,0.0,-0.9886877828054299,1
13299,177,1,142.5,30,142.5,30.0,5,1,0,177,0.0,142.5,142.5,142.5,1.0,5.0,142.5,1,0.0,0.0,0.0,-0.9930313588850174,1
13300,78,1,371.89,203,371.89,203.0,20,1,0,78,0.0,371.89,371.89,371.89,1.0,20.0,371.89,1,2.0,6.6,0.6666666666666666,-0.9973182439861621,1
13301,13,4,618.09,345,154.5225,86.25,75,4,188,201,15.04070781800731,173.91,137.19,153.495,1.0,18.75,3.2703174603174605,1,0.0,0.0,0.0,-0.0604920124699155,1
13302,64,1,63.75,5,63.75,5.0,1,1,0,64,0.0,63.75,63.75,63.75,1.0,1.0,63.75,1,0.0,0.0,0.0,-0.9845559845559846,1
13304,260,1,300.42,238,300.42,238.0,21,1,0,260,0.0,300.42,300.42,300.42,1.0,21.0,300.42,1,0.0,0.0,0.0,-0.99668237011479,1
13305,2,8,1471.25,935,183.90625,116.875,37,8,279,282,72.17688310918629,310.2,75.3,175.575,1.0,4.625,5.254464285714286,1,0.0,0.0,0.0,0.12956359313975208,0
13307,29,1,15.0,4,15.0,4.0,1,1,0,29,0.0,15.0,15.0,15.0,1.0,1.0,15.0,1,0.0,0.0,0.0,-0.9375,1
13308,112,1,814.95,519,814.95,519.0,26,1,0,112,0.0,814.95,814.95,814.95,1.0,26.0,814.95,1,3.0,17.9,0.75,-0.9987744347080091,0
13309,116,2,546.64,616,273.32,308.0,43,2,102,218,166.0145300869776,390.71,155.93,273.32,1.0,21.5,5.307184466019417,1,0.0,0.0,0.0,-0.4287122927470601,0
13310,115,2,817.65,395,408.825,197.5,50,2,117,233,1.9162593770155494,410.18,407.47,408.82500000000005,1.0,25.0,6.929237288135593,1,5.0,48.400000000000006,0.7142857142857143,-0.0033103279789897756,0
13311,59,1,490.11,271,490.11,271.0,24,1,0,59,0.0,490.11,490.11,490.11,1.0,24.0,490.11,1,0.0,0.0,0.0,-0.9979637962981817,0
13313,50,3,918.34,487,306.11333333333334,162.33333333333334,32,3,198,249,3.246926752073938,308.6,302.44,307.3,1.0,10.666666666666666,4.614773869346734,1,0.0,0.0,0.0,0.3303891922466116,0
13316,41,2,3779.98,5717,1889.99,2858.5,40,2,122,163,378.31627007042664,2157.5,1622.48,1889.99,1.0,20.0,30.731544715447153,1,1.0,162.24,0.3333333333333333,0.14150299657760687,0
13317,108,5,1313.98,500,262.796,100.0,56,3,160,268,172.1410332547124,444.63,32.25,207.3,1.6666666666666667,11.2,8.16136645962733,1,11.0,133.61,0.6875,0.6371807936242377,0
13319,1,19,7390.47,3197,388.9721052631579,168.26315789473685,163,13,274,275,236.2455231928321,776.95,14.850000000000001,373.84000000000003,1.4615384615384615,8.578947368421053,26.874436363636363,1,24.0,181.21,0.5581395348837209,-0.026972983723129482,0
13320,16,3,981.15,787,327.05,262.3333333333333,59,2,107,123,142.00848601404073,472.54,188.8,319.81,1.5,19.666666666666668,9.084722222222222,1,4.0,57.0,0.5714285714285714,-0.03672555108690118,0
13324,112,7,3798.99,2473,542.7128571428572,353.2857142857143,17,4,157,270,218.81902649710986,903.87,208.79999999999998,504.0,1.75,2.4285714285714284,24.044240506329114,1,2.0,49.14999999999999,0.2222222222222222,0.4152089873920721,0
13327,22,7,2738.75,1256,391.25,179.42857142857142,60,6,252,274,204.3473900820202,685.0,60.0,450.40000000000003,1.1666666666666667,8.571428571428571,10.825098814229248,1,1.0,10.2,0.125,-0.038379414180125956,0
13328,225,1,1308.48,680,1308.48,680.0,17,1,0,225,0.0,1308.48,1308.48,1308.48,1.0,17.0,1308.48,1,0.0,0.0,0.0,-0.9992363380884015,1
13329,276,1,304.2,175,304.2,175.0,7,1,0,276,0.0,304.2,304.2,304.2,1.0,7.0,304.2,1,2.0,48.60000000000001,0.6666666666666666,-0.9967234600262124,0
13330,2,3,1140.93,751,380.31,250.33333333333334,37,3,223,225,39.84525191286909,412.71,335.82,392.4,1.0,12.333333333333334,5.0934375,1,0.0,0.0,0.0,0.41096214303854,1
13334,100,2,2731.84,1350,1365.92,675.0,176,2,114,215,416.5141783901239,1660.44,1071.4,1365.92,1.0,88.0,23.75513043478261,1,0.0,0.0,0.0,-0.2155413416079975,0
13338,67,1,487.02,256,487.02,256.0,19,1,0,67,0.0,487.02,487.02,487.02,1.0,19.0,487.02,1,5.0,55.2,0.8333333333333334,-0.9979509036514896,1
13339,110,1,860.12,326,860.12,326.0,54,1,0,110,0.0,860.12,860.12,860.12,1.0,54.0,860.12,1,0.0,0.0,0.0,-0.9988387216648086,1
13340,15,5,9229.54,5148,1845.9080000000001,1029.6,111,4,170,186,1516.2274671598589,3678.03,482.8,957.24,1.25,22.2,53.97391812865498,1,0.0,0.0,0.0,0.20296537364011205,0
13341,170,1,775.85,301,775.85,301.0,42,1,0,170,0.0,775.85,775.85,775.85,1.0,42.0,775.85,1,0.0,0.0,0.0,-0.998712750209178,1
13343,87,1,353.43,135,353.43,135.0,19,1,0,87,0.0,353.43,353.43,353.43,1.0,19.0,353.43,1,3.0,49.5,0.75,-0.997178568405609,1
13344,187,1,1656.15,599,1656.15,599.0,68,1,0,187,0.0,1656.15,1656.15,1656.15,1.0,68.0,1656.15,1,0.0,0.0,0.0,-0.9993965543251969,0
13345,197,1,389.5,141,389.5,141.0,20,1,0,197,0.0,389.5,389.5,389.5,1.0,20.0,389.5,1,2.0,11.899999999999999,0.6666666666666666,-0.9974391805377721,1
13355,31,1,674.7,314,674.7,314.0,32,1,0,31,0.0,674.7,674.7,674.7,1.0,32.0,674.7,1,0.0,0.0,0.0,-0.998520053278082,1
13357,166,1,609.95,322,609.95,322.0,85,1,0,166,0.0,609.95,609.95,609.95,1.0,85.0,609.95,1,0.0,0.0,0.0,-0.9983632048449137,1
13358,178,1,439.03,285,439.03,285.0,29,1,0,178,0.0,439.03,439.03,439.03,1.0,29.0,439.03,1,0.0,0.0,0.0,-0.9977274276753858,1
13362,155,2,1581.53,727,790.765,363.5,92,2,41,197,31.020774490653885,812.7,768.83,790.7650000000001,1.0,46.0,37.65547619047619,1,3.0,5.25,0.6,-0.02772143340094659,0
13365,127,1,700.6,404,700.6,404.0,39,1,0,127,0.0,700.6,700.6,700.6,1.0,39.0,700.6,1,4.0,34.150000000000006,0.8,-0.9985746864310148,0
13368,166,2,623.4,327,311.7,163.5,29,2,80,247,390.7472072836861,588.0,35.400000000000006,311.7,1.0,14.5,7.696296296296296,1,0.0,0.0,0.0,0.8850096092248559,1
13369,275,1,308.28000000000003,149,308.28000000000003,149.0,14,1,0,275,0.0,308.28000000000003,308.28000000000003,308.28000000000003,1.0,14.0,308.28000000000003,1,5.0,44.53,0.8333333333333334,-0.9967666839110192,1
13370,281,1,754.87,343,754.87,343.0,39,1,0,281,0.0,754.87,754.87,754.87,1.0,39.0,754.87,1,5.0,33.55,0.8333333333333334,-0.9986770211808909,1
13373,68,2,2055.58,944,1027.79,472.0,95,2,117,185,56.695821715537264,1067.8799999999999,987.7,1027.79,1.0,47.5,17.420169491525424,1,0.0,0.0,0.0,0.03898705618064935,0
13376,8,3,1019.76,493,339.92,164.33333333333334,45,3,135,143,78.59783203116993,394.0,249.76,376.0,1.0,15.0,7.498235294117647,1,0.0,0.0,0.0,-0.5096594694149458,1
13379,46,1,136.29,166,136.29,166.0,13,1,0,46,0.0,136.29,136.29,136.29,1.0,13.0,136.29,1,0.0,0.0,0.0,-0.9927161482992206,0
13381,22,4,2461.33,1251,615.3325,312.75,63,4,185,208,134.66993313901466,709.74,416.11,667.74,1.0,15.75,13.232956989247311,1,1.0,12.5,0.2,0.12940182672509376,0
13382,190,1,222.99,131,222.99,131.0,15,1,0,190,0.0,222.99,222.99,222.99,1.0,15.0,222.99,1,0.0,0.0,0.0,-0.9955355149783472,1
13384,38,2,1755.84,1062,877.92,531.0,70,2,49,88,416.74045256010356,1172.6,583.24,877.92,1.0,35.0,35.1168,1,3.0,29.65,0.6,-0.33546595022881986,0
13385,239,1,534.57,281,534.57,281.0,35,1,0,239,0.0,534.57,534.57,534.57,1.0,35.0,534.57,1,0.0,0.0,0.0,-0.9981328304423325,1
13388,40,2,677.1,282,338.55,141.0,35,1,0,40,399.8688847609926,621.3,55.8,338.54999999999995,2.0,17.5,677.1,1,1.0,49.95,0.3333333333333333,-0.9985252912549771,1
13389,142,1,257.89,115,257.89,115.0,18,1,0,142,0.0,257.89,257.89,257.89,1.0,18.0,257.89,1,0.0,0.0,0.0,-0.9961373556336668,0
13391,113,1,59.8,4,59.8,4.0,1,1,0,113,0.0,59.8,59.8,59.8,1.0,1.0,59.8,1,0.0,0.0,0.0,-0.9835526315789473,1
13394,25,5,1543.45,1475,308.69,295.0,76,5,193,219,8.347203124400425,320.42,301.15000000000003,306.86,1.0,15.2,7.955927835051547,1,9.0,207.22,0.6428571428571429,-0.2118618278351517,0
13395,94,1,307.72,336,307.72,336.0,21,1,0,94,0.0,307.72,307.72,307.72,1.0,21.0,307.72,1,0.0,0.0,0.0,-0.9967608188649909,1
13396,228,1,387.27000000000004,139,387.27000000000004,139.0,15,1,0,228,0.0,387.27000000000004,387.27000000000004,387.27000000000004,1.0,15.0,387.27000000000004,1,4.0,35.7,0.8,-0.9974244726607773,0
13397,20,4,1228.19,358,307.0475,89.5,22,4,228,248,53.949508107118085,378.7,247.72,300.885,1.0,5.5,5.3632751091703055,1,1.0,4.95,0.2,0.02005385660475605,0
13398,101,1,457.34,281,457.34,281.0,26,1,0,101,0.0,457.34,457.34,457.34,1.0,26.0,457.34,1,0.0,0.0,0.0,-0.9978182135532574,1
13402,36,2,621.23,479,310.615,239.5,32,2,244,281,3.302188668141148,312.95,308.28000000000003,310.615,1.0,16.0,2.5356326530612248,1,0.0,0.0,0.0,0.007505263327065488,1
13404,122,1,217.81,99,217.81,99.0,9,1,0,122,0.0,217.81,217.81,217.81,1.0,9.0,217.81,1,0.0,0.0,0.0,-0.995429824962296,0
13405,113,2,557.45,163,278.725,81.5,24,2,113,227,167.83179451462706,397.40000000000003,160.05,278.725,1.0,12.0,4.889912280701755,1,0.0,0.0,0.0,0.42501566836780375,0
13408,9,41,17836.68,10506,435.0409756097561,256.2439024390244,178,27,273,283,266.83655691082583,1104.31,33.0,428.6,1.5185185185185186,4.341463414634147,65.09737226277372,1,23.0,629.63,0.359375,0.07943297558875377,0
13410,96,3,545.04,300,181.67999999999998,100.0,11,3,104,200,59.785911383870356,250.23999999999998,140.4,154.4,1.0,3.6666666666666665,5.190857142857142,1,2.0,14.15,0.4,-0.4839205918980295,0
13411,16,1,213.55,72,213.55,72.0,17,1,0,16,0.0,213.55,213.55,213.55,1.0,17.0,213.55,1,0.0,0.0,0.0,-0.9953390817991145,1
13414,43,3,1390.5,1574,463.5,524.6666666666666,23,3,162,206,71.4925870283066,532.8,390.0,467.7,1.0,7.666666666666667,8.530674846625766,1,0.0,0.0,0.0,0.43873517786561267,1
13417,114,1,236.0,72,236.0,72.0,10,1,0,114,0.0,236.0,236.0,236.0,1.0,10.0,236.0,1,0.0,0.0,0.0,-0.9957805907172996,0
13418,8,15,4744.13,3168,316.2753333333333,211.2,191,10,273,282,250.39829645890927,879.92,12.600000000000001,362.24,1.5,12.733333333333333,17.314343065693432,1,10.0,281.98999999999995,0.4,0.18132485305987403,0
13420,59,2,159.85,101,79.925,50.5,8,2,20,80,34.11790219225092,104.05,55.8,79.925,1.0,4.0,7.6119047619047615,1,2.0,19.5,0.5,0.29996891513832763,1
13421,199,1,825.04,495,825.04,495.0,64,1,0,199,0.0,825.04,825.04,825.04,1.0,64.0,825.04,1,1.0,2.1,0.5,-0.9987894048714347,0
13425,17,3,1624.21,1123,541.4033333333333,374.3333333333333,66,3,186,204,202.06760857033308,773.08,401.57,449.56,1.0,22.0,8.685614973262032,1,0.0,0.0,0.0,0.5052085576633174,1
13426,92,5,1558.68,1199,311.736,239.8,62,5,176,269,27.185115964439067,339.2,273.66,306.39,1.0,12.4,8.806101694915254,1,2.0,90.62,0.2857142857142857,0.17940859663520717,0
13427,29,2,464.86,431,232.43,215.5,19,2,94,124,25.356849173349605,250.36,214.5,232.43,1.0,9.5,4.893263157894737,1,0.0,0.0,0.0,0.07697591551109778,0
13434,6,1,72.84,60,72.84,60.0,5,1,0,6,0.0,72.84,72.84,72.84,1.0,5.0,72.84,1,0.0,0.0,0.0,-0.9864572047670639,0
13435,19,3,1088.1200000000001,894,362.7066666666667,298.0,31,3,78,98,99.77401331676168,443.72,251.26,393.14,1.0,10.333333333333334,13.773670886075951,1,2.0,15.4,0.4,0.18425885118260607,0
13437,8,4,2173.6,689,543.4,172.25,108,4,91,99,604.8555287008626,1440.9,149.35,291.675,1.0,27.0,23.62608695652174,1,0.0,0.0,0.0,-0.5287685091511083,0
13439,164,1,283.71,242,283.71,242.0,54,1,0,164,0.0,283.71,283.71,283.71,1.0,54.0,283.71,1,0.0,0.0,0.0,-0.9964876541041762,1
13441,1,1,296.64,204,296.64,204.0,13,1,0,1,0.0,296.64,296.64,296.64,1.0,13.0,296.64,1,0.0,0.0,0.0,-0.9966402365273485,1
13448,128,4,1423.26,720,355.815,180.0,65,3,155,283,242.90897575017686,593.72,17.4,406.07000000000005,1.3333333333333333,16.25,9.12346153846154,1,4.0,73.7,0.5,-0.16557370143091854,0
13450,34,4,1421.46,1270,355.365,317.5,21,4,93,127,100.13237688180583,440.64,240.6,370.11,1.0,5.25,15.121914893617022,1,0.0,0.0,0.0,0.04525962065717137,0
13451,35,4,2463.39,1764,615.8475,441.0,284,4,208,243,167.97424571939595,811.01,401.49,625.4449999999999,1.0,71.0,11.786555023923444,1,1.0,59.699999999999996,0.2,0.17799536599320726,0
13452,168,2,590.0,2,295.0,1.0,1,2,11,180,0.0,295.0,295.0,295.0,1.0,0.5,49.166666666666664,1,0.0,0.0,0.0,0.0,1
13453,75,2,356.97999999999996,134,178.48999999999998,67.0,16,2,123,199,9.206530291048866,185.0,171.98,178.49,1.0,8.0,2.878870967741935,1,0.0,0.0,0.0,-0.03637074696910445,1
13455,275,1,692.94,190,692.94,190.0,30,1,0,275,0.0,692.94,692.94,692.94,1.0,30.0,692.94,1,7.0,50.99,0.875,-0.9985589532236216,0
13456,64,3,855.0600000000001,261,285.02000000000004,87.0,18,3,51,116,125.65077476880118,430.00000000000006,207.66,217.4,1.0,6.0,16.44346153846154,1,2.0,28.9,0.4,0.5136789477373083,0
13458,9,10,7678.42,4521,767.842,452.1,201,10,260,269,381.2006354722463,1489.18,300.78000000000003,735.75,1.0,20.1,29.419233716475095,1,12.0,108.65,0.5454545454545454,-0.35074263420935436,0
13461,48,2,884.2,836,442.1,418.0,12,2,25,73,189.92888142670665,576.4,307.8,442.1,1.0,6.0,34.00769230769231,1,0.0,0.0,0.0,-0.3034342521464075,0
13462,162,1,151.5,62,151.5,62.0,9,1,0,162,0.0,151.5,151.5,151.5,1.0,9.0,151.5,1,1.0,8.25,0.5,-0.9934426229508196,1
13466,93,1,307.9,259,307.9,259.0,17,1,0,93,0.0,307.9,307.9,307.9,1.0,17.0,307.9,1,1.0,9.95,0.5,-0.9967627063774684,1
13468,2,29,4739.02,2064,163.4144827586207,71.17241379310344,161,28,280,282,79.08221737019765,356.75,51.4,126.74,1.0357142857142858,5.551724137931035,16.864839857651248,1,4.0,48.22,0.12121212121212122,-0.2497668786207653,0
13470,8,2,165.0,100,82.5,50.0,7,2,15,24,46.66904755831214,115.5,49.5,82.5,1.0,3.5,10.3125,1,0.0,0.0,0.0,-0.39759036144578314,1
13473,242,1,241.26,198,241.26,198.0,12,1,0,242,0.0,241.26,241.26,241.26,1.0,12.0,241.26,1,1.0,5.1,0.5,-0.9958722034178156,0
13474,145,1,229.59,132,229.59,132.0,59,1,0,145,0.0,229.59,229.59,229.59,1.0,59.0,229.59,1,0.0,0.0,0.0,-0.9956632984951646,1
13475,100,4,1431.78,1012,357.945,253.0,64,4,107,208,180.10561151724283,589.4,153.3,344.53999999999996,1.0,16.0,13.257222222222222,1,0.0,0.0,0.0,-0.2660980750708413,1
13476,88,2,1238.47,417,619.235,208.5,56,2,102,190,153.25125268656046,727.6,510.87,619.235,1.0,28.0,12.023980582524272,1,3.0,145.7,0.6,-0.17485699532864854,1
13477,47,4,899.55,626,224.8875,156.5,38,4,153,201,84.97764701182699,330.63,133.76,217.57999999999998,1.0,9.5,5.841233766233766,1,2.0,13.05,0.3333333333333333,0.587141191494087,0
13479,110,2,300.95,134,150.475,67.0,14,2,33,144,8.662058069535208,156.6,144.35,150.475,1.0,7.0,8.851470588235294,1,1.0,9.95,0.3333333333333333,0.04056963073356516,1
13481,17,4,1361.33,861,340.3325,215.25,74,3,148,166,266.3770985370176,665.28,15.0,340.525,1.3333333333333333,18.5,9.136442953020135,1,3.0,27.75,0.42857142857142855,-0.43796290179325137,0
13482,141,1,184.64,116,184.64,116.0,11,1,0,141,0.0,184.64,184.64,184.64,1.0,11.0,184.64,1,0.0,0.0,0.0,-0.9946132299073476,1
13484,150,1,313.8,44,313.8,44.0,8,1,0,150,0.0,313.8,313.8,313.8,1.0,8.0,313.8,1,0.0,0.0,0.0,-0.9968233799237611,1
13485,142,1,454.24,277,454.24,277.0,23,1,0,142,0.0,454.24,454.24,454.24,1.0,23.0,454.24,1,0.0,0.0,0.0,-0.9978033564713118,1
13486,37,2,819.61,529,409.805,264.5,52,2,26,64,293.6543751589613,617.4499999999999,202.16,409.80499999999995,1.0,26.0,30.355925925925927,1,0.0,0.0,0.0,0.506074749271883,0
13487,122,2,408.8,213,204.4,106.5,21,2,140,262,15.90990257669732,215.65,193.15,204.4,1.0,10.5,2.899290780141844,1,0.0,0.0,0.0,0.05490483162518302,0
13488,30,9,6596.38,3232,732.9311111111111,359.1111111111111,231,8,246,276,429.053895549395,1381.92,150.78,655.55,1.125,25.666666666666668,26.705991902834008,1,5.0,57.7,0.35714285714285715,-0.2460128111462429,0
13489,14,4,449.52,560,112.38,140.0,11,4,189,204,56.51932059039634,162.48,51.36,117.84,1.0,2.75,2.365894736842105,1,0.0,0.0,0.0,-0.04847731510254818,1
13491,57,9,1088.45,812,120.9388888888889,90.22222222222223,66,9,224,281,40.119855260345986,187.85,56.82,117.09,1.0,7.333333333333333,4.837555555555555,1,0.0,0.0,0.0,-0.6434164027720409,0
13492,45,3,1269.84,408,423.28,136.0,38,3,78,124,149.36539492131368,593.74,315.3,360.8,1.0,12.666666666666666,16.07392405063291,1,0.0,0.0,0.0,0.5030058858707627,1
13493,184,2,618.63,380,309.315,190.0,6,2,11,196,183.7982656338193,439.28,179.35,309.315,1.0,3.0,51.5525,1,0.0,0.0,0.0,0.419492277649565,1
13494,221,1,316.26000000000005,162,316.26000000000005,162.0,18,1,0,221,0.0,316.26000000000005,316.26000000000005,316.26000000000005,1.0,18.0,316.26000000000005,1,0.0,0.0,0.0,-0.996848011095001,1
13495,141,3,1072.43,485,357.4766666666667,161.66666666666666,20,3,136,277,151.99715666200254,510.95,207.0,354.48,1.0,6.666666666666667,7.8279562043795625,1,4.0,54.75,0.5714285714285714,-0.6133888562831298,0
13496,269,1,501.01,229,501.01,229.0,26,1,0,269,0.0,501.01,501.01,501.01,1.0,26.0,501.01,1,1.0,35.400000000000006,0.5,-0.9980080078086094,0
13497,192,2,348.05,163,174.025,81.5,19,2,85,278,29.026733367707784,194.55,153.5,174.025,1.0,9.5,4.047093023255814,1,1.0,27.0,0.3333333333333333,0.11760492766079361,1
13499,134,2,463.79,265,231.895,132.5,18,2,44,179,104.17804207221404,305.56,158.23000000000002,231.895,1.0,9.0,10.306444444444445,1,3.0,12.15,0.6,0.31698186277673784,0
13500,32,1,326.4,128,326.4,128.0,20,1,0,32,0.0,326.4,326.4,326.4,1.0,20.0,326.4,1,2.0,30.0,0.6666666666666666,-0.9969456322541234,0
13501,197,1,1340.32,560,1340.32,560.0,52,1,0,197,0.0,1340.32,1340.32,1340.32,1.0,52.0,1340.32,1,1.0,29.849999999999998,0.5,-0.9992544657501565,1
13502,184,2,189.16,110,94.58,55.0,9,2,48,233,28.312555518709356,114.6,74.56,94.58,1.0,4.5,3.8604081632653062,1,0.0,0.0,0.0,-0.21055952881783757,0
13505,76,3,2583.12,1261,861.04,420.3333333333333,110,3,66,142,175.77575515411684,1009.69,667.03,906.4,1.0,36.666666666666664,38.55402985074627,1,12.0,110.75,0.8,0.21815550361438324,0
13506,225,2,458.52,324,229.26,162.0,26,2,53,279,101.6253865921306,301.12,157.4,229.26,1.0,13.0,8.491111111111111,1,3.0,5.7,0.6,-0.31276114206128136,1
13507,7,3,2022.79,1212,674.2633333333333,404.0,123,3,47,55,492.0188039428303,1242.3799999999999,386.32,394.09,1.0,41.0,42.14145833333333,1,0.0,0.0,0.0,-0.2282697315432925,0
13508,153,1,110.97,24,110.97,24.0,12,1,0,153,0.0,110.97,110.97,110.97,1.0,12.0,110.97,1,0.0,0.0,0.0,-0.9910690363490221,1
13509,9,5,705.02,799,141.004,159.8,24,5,184,193,123.17803408075646,313.5,15.0,127.2,1.0,4.8,3.8109189189189188,1,0.0,0.0,0.0,-0.8427806577717345,0
13510,4,2,897.81,743,448.905,371.5,53,2,88,93,192.9199431111257,585.3199999999999,312.49,448.905,1.0,26.5,10.087752808988764,1,2.0,6.4,0.5,-0.303545799445934,0
13512,170,1,251.21,143,251.21,143.0,15,1,0,170,0.0,251.21,251.21,251.21,1.0,15.0,251.21,1,0.0,0.0,0.0,-0.9960350501566155,1
13513,36,1,205.1,109,205.1,109.0,10,1,0,36,0.0,205.1,205.1,205.1,1.0,10.0,205.1,1,0.0,0.0,0.0,-0.995147986414362,1
13515,26,3,523.96,473,174.65333333333334,157.66666666666666,30,3,130,157,37.55679077521578,203.4,132.16,188.39999999999998,1.0,10.0,3.99969465648855,1,0.0,0.0,0.0,0.22317890886924716,0
13516,148,1,146.0,56,146.0,56.0,7,1,0,148,0.0,146.0,146.0,146.0,1.0,7.0,146.0,1,0.0,0.0,0.0,-0.9931972789115646,0
13517,16,2,1612.18,981,806.09,490.5,99,2,73,89,418.2819453430903,1101.86,510.32,806.0899999999999,1.0,49.5,21.786216216216218,1,2.0,19.35,0.5,-0.3666918756741343,0
13520,47,5,2947.98,1312,589.596,262.4,40,5,234,281,207.54610880476656,856.0,303.4,612.68,1.0,8.0,12.544595744680851,1,2.0,136.6,0.2857142857142857,-0.0036012451762982857,0
13523,109,3,2369.24,828,789.7466666666666,276.0,92,2,166,275,817.491395693761,1695.54,106.75,566.95,1.5,30.666666666666668,14.187065868263472,1,5.0,209.5,0.625,0.5211877278250304,0
13524,11,3,408.86,187,136.28666666666666,62.333333333333336,14,3,118,129,41.396069056534024,161.16000000000003,88.50000000000001,159.20000000000002,1.0,4.666666666666667,3.435798319327731,1,0.0,0.0,0.0,-0.2111452691162836,0
13525,157,1,282.88,208,282.88,208.0,2,1,0,157,0.0,282.88,282.88,282.88,1.0,2.0,282.88,1,0.0,0.0,0.0,-0.9964773848104833,0
13527,14,4,1366.42,1290,341.605,322.5,110,4,221,236,165.20728767218475,475.19,110.45,390.39,1.0,27.5,6.155045045045045,1,1.0,23.75,0.2,0.8377235962615728,0
13529,114,1,181.1,30,181.1,30.0,7,1,0,114,0.0,181.1,181.1,181.1,1.0,7.0,181.1,1,0.0,0.0,0.0,-0.9945085118066996,0
13531,114,2,483.8,174,241.9,87.0,17,2,161,275,89.87327188881018,305.45,178.35,241.89999999999998,1.0,8.5,2.9864197530864196,1,0.0,0.0,0.0,-0.26216996699669964,1
13533,92,3,270.79,204,90.26333333333334,68.0,61,2,84,177,62.48966741256776,128.49,18.15,124.14999999999999,1.5,20.333333333333332,3.1857647058823533,1,0.0,0.0,0.0,-0.08274770962875747,1
13534,17,21,4371.53,2242,208.16809523809522,106.76190476190476,101,15,250,267,117.75274148057221,410.90000000000003,15.9,188.0,1.4,4.809523809523809,17.416454183266932,1,46.0,257.0,0.6865671641791045,0.2364374858491537,0
13538,3,6,990.75,137,165.125,22.833333333333332,8,6,221,225,91.19212548241212,337.5,95.4,141.0,1.0,1.3333333333333333,4.462837837837838,1,0.0,0.0,0.0,-0.017998487522056992,0
13539,149,2,315.65,231,157.825,115.5,21,2,68,218,8.874190103891149,164.1,151.55,157.825,1.0,10.5,4.57463768115942,1,1.0,25.5,0.3333333333333333,-0.039633664929733095,0
13544,150,1,122.91,75,122.91,75.0,42,1,0,150,0.0,122.91,122.91,122.91,1.0,42.0,122.91,1,0.0,0.0,0.0,-0.9919296263416996,0
13546,110,1,188.16,109,188.16,109.0,26,1,0,110,0.0,188.16,188.16,188.16,1.0,26.0,188.16,1,0.0,0.0,0.0,-0.9947134700782406,0
13548,5,2,682.41,441,341.205,220.5,114,2,147,153,85.12858538704845,401.4,281.01,341.205,1.0,57.0,4.610878378378378,1,0.0,0.0,0.0,0.17616072343102968,1
13549,51,5,762.05,411,152.41,82.2,34,5,99,151,49.81999347651502,223.7,105.35,132.95000000000002,1.0,6.8,7.6205,1,1.0,2.08,0.16666666666666666,-0.3447349452853679,0
13551,228,1,91.80000000000001,12,91.80000000000001,12.0,4,1,0,228,0.0,91.80000000000001,91.80000000000001,91.80000000000001,1.0,4.0,91.80000000000001,1,0.0,0.0,0.0,-0.9892241379310345,1
13552,33,9,2762.91,1024,306.99,113.77777777777777,61,6,192,225,179.00384423246336,540.36,19.919999999999998,277.8,1.5,6.777777777777778,14.315595854922279,1,12.0,200.54,0.5714285714285714,0.43323045974724217,0
13555,111,2,1590.05,868,795.025,434.0,55,1,0,111,256.1070050779557,976.12,613.93,795.025,2.0,27.5,1590.05,1,0.0,0.0,0.0,-0.22764212312623744,0
13557,190,1,240.68,224,240.68,224.0,16,1,0,190,0.0,240.68,240.68,240.68,1.0,16.0,240.68,1,0.0,0.0,0.0,-0.9958622972525654,0
13561,125,1,141.85999999999999,83,141.85999999999999,83.0,14,1,0,125,0.0,141.85999999999999,141.85999999999999,141.85999999999999,1.0,14.0,141.85999999999999,1,0.0,0.0,0.0,-0.9930001399972,1
13562,50,2,1209.73,527,604.865,263.5,44,2,104,155,2.255670631985125,606.46,603.27,604.865,1.0,22.0,11.521238095238095,1,0.0,0.0,0.0,0.0026347740619296245,0
13563,49,1,310.88,146,310.88,146.0,39,1,0,49,0.0,310.88,310.88,310.88,1.0,39.0,310.88,1,0.0,0.0,0.0,-0.9967936385789407,0
13564,53,3,1749.02,661,583.0066666666667,220.33333333333334,68,3,223,277,65.49165544810522,658.38,540.0,550.64,1.0,22.666666666666668,7.8081249999999995,1,2.0,1101.28,0.4,-0.3701329127667113,1
13565,243,1,110.17999999999999,78,110.17999999999999,78.0,13,1,0,243,0.0,110.17999999999999,110.17999999999999,110.17999999999999,1.0,13.0,110.17999999999999,1,0.0,0.0,0.0,-0.9910055765425436,0
13568,82,1,192.85,70,192.85,70.0,41,1,0,82,0.0,192.85,192.85,192.85,1.0,41.0,192.85,1,0.0,0.0,0.0,-0.9948413721949961,1
13569,277,1,118.32,44,118.32,44.0,23,1,0,277,0.0,118.32,118.32,118.32,1.0,23.0,118.32,1,0.0,0.0,0.0,-0.9916191753268522,0
13570,152,1,239.49,161,239.49,161.0,27,1,0,152,0.0,239.49,239.49,239.49,1.0,27.0,239.49,1,0.0,0.0,0.0,-0.995841822944821,1
13571,2,7,1083.83,851,154.83285714285714,121.57142857142857,110,7,160,163,59.10530650578556,282.68,114.71,126.74000000000001,1.0,15.714285714285714,6.731863354037267,1,0.0,0.0,0.0,0.06379801443544149,0
13572,115,1,1384.25,534,1384.25,534.0,32,1,0,115,0.0,1384.25,1384.25,1384.25,1.0,32.0,1384.25,1,0.0,0.0,0.0,-0.9992781086446489,1
13573,162,1,31.770000000000003,10,31.770000000000003,10.0,3,1,0,162,0.0,31.770000000000003,31.770000000000003,31.770000000000003,1.0,3.0,31.770000000000003,1,0.0,0.0,0.0,-0.9694842844064694,0
13575,43,2,218.75,113,109.375,56.5,13,2,42,85,29.450997436419694,130.2,88.55,109.375,1.0,6.5,5.087209302325581,1,0.0,0.0,0.0,0.18953356086461884,0
13576,6,13,4840.9400000000005,1811,372.38000000000005,139.30769230769232,41,13,276,282,81.47771679013434,623.6800000000001,302.88,349.89,1.0,3.1538461538461537,17.47631768953069,1,4.0,14.040000000000001,0.23529411764705882,0.16654068410595757,0
13577,2,3,1193.8,597,397.93333333333334,199.0,49,3,149,151,58.86111478160548,465.35,356.75,371.7,1.0,16.333333333333332,7.958666666666667,1,2.0,29.3,0.4,0.4019919651824574,0
13579,278,1,164.70000000000002,46,164.70000000000002,46.0,9,1,0,278,0.0,164.70000000000002,164.70000000000002,164.70000000000002,1.0,9.0,164.70000000000002,1,0.0,0.0,0.0,-0.9939649969824985,0
13581,218,1,118.0,30,118.0,30.0,10,1,0,218,0.0,118.0,118.0,118.0,1.0,10.0,118.0,1,0.0,0.0,0.0,-0.9915966386554622,1
13583,65,1,781.03,725,781.03,725.0,53,1,0,65,0.0,781.03,781.03,781.03,1.0,53.0,781.03,1,0.0,0.0,0.0,-0.9987212766773653,1
13584,216,1,142.4,37,142.4,37.0,24,1,0,216,0.0,142.4,142.4,142.4,1.0,24.0,142.4,1,0.0,0.0,0.0,-0.99302649930265,1
13588,9,4,1420.72,1648,355.18,412.0,101,4,155,164,173.72690522771654,491.0,113.30000000000001,408.21,1.0,25.25,9.107179487179488,1,6.0,33.830000000000005,0.6,0.8399122190023353,0
13589,89,1,147.0,28,147.0,28.0,9,1,0,89,0.0,147.0,147.0,147.0,1.0,9.0,147.0,1,0.0,0.0,0.0,-0.9932432432432432,0
13590,60,4,1116.38,900,279.095,225.0,46,4,152,212,49.95781186828208,309.06,204.35,301.485,1.0,11.5,7.296601307189543,1,2.0,5.800000000000001,0.3333333333333333,-0.09359394297374213,0
13591,113,2,776.23,263,388.115,131.5,36,2,62,176,104.77201176841078,462.2,314.03,388.115,1.0,18.0,12.321111111111112,1,0.0,0.0,0.0,-0.1906385497214467,0
13592,115,3,205.51,71,68.50333333333333,23.666666666666668,12,3,58,173,32.337628752481734,95.94,32.849999999999994,76.72,1.0,4.0,3.4832203389830507,1,0.0,0.0,0.0,0.25214275337756037,0
13593,17,5,2037.0800000000002,731,407.41600000000005,146.2,77,5,227,245,243.2765535969301,645.83,15.600000000000001,447.5,1.0,15.4,8.934561403508773,1,1.0,46.8,0.16666666666666666,-0.004327602449364132,1
13599,66,8,2313.84,1531,289.23,191.375,71,6,210,276,154.05614996765672,580.57,99.6,280.71000000000004,1.3333333333333333,8.875,10.966066350710902,1,17.0,123.07000000000001,0.68,-0.1258229510462926,0
13600,221,1,219.52,324,219.52,324.0,19,1,0,221,0.0,219.52,219.52,219.52,1.0,19.0,219.52,1,0.0,0.0,0.0,-0.9954652639216398,1
13601,120,1,373.2,275,373.2,275.0,41,1,0,120,0.0,373.2,373.2,373.2,1.0,41.0,373.2,1,0.0,0.0,0.0,-0.997327632282202,0
13606,152,2,250.42,243,125.21,121.5,37,2,68,221,78.05044650737112,180.4,70.02,125.21000000000001,1.0,18.5,3.6292753623188405,1,0.0,0.0,0.0,0.43902633044308337,0
13610,19,5,776.21,372,155.24200000000002,74.4,140,5,174,194,52.49837064138278,239.17000000000002,110.55,128.45,1.0,28.0,4.435485714285715,1,2.0,16.45,0.2857142857142857,0.09877639248079667,0
13611,80,2,636.72,420,318.36,210.0,31,2,189,269,21.510188283694745,333.57,303.15000000000003,318.36,1.0,15.5,3.351157894736842,1,2.0,13.6,0.5,0.04770118547324838,0
13614,73,2,794.98,247,397.49,123.5,82,2,166,240,271.1613084494173,589.23,205.75,397.49,1.0,41.0,4.760359281437126,1,0.0,0.0,0.0,0.4817708987663007,0
13615,228,1,417.69,189,417.69,189.0,23,1,0,228,0.0,417.69,417.69,417.69,1.0,23.0,417.69,1,1.0,17.700000000000003,0.5,-0.9976115980797249,1
13617,22,2,365.7,188,182.85,94.0,23,2,67,89,73.17140971718395,234.59,131.10999999999999,182.85,1.0,11.5,5.377941176470588,1,0.0,0.0,0.0,0.28219252795200445,0
13618,83,1,177.34,246,177.34,246.0,13,1,0,83,0.0,177.34,177.34,177.34,1.0,13.0,177.34,1,0.0,0.0,0.0,-0.9943927329819446,1
13621,26,1,213.85,343,213.85,343.0,19,1,0,26,0.0,213.85,213.85,213.85,1.0,19.0,213.85,1,0.0,0.0,0.0,-0.9953455899464743,1
13623,119,4,551.92,150,137.98,37.5,61,4,87,206,24.764338607494985,156.0,101.35000000000001,147.28500000000003,1.0,15.25,6.2718181818181815,1,5.0,75.33999999999999,0.5555555555555556,0.06731534399189762,0
13626,162,1,257.23,209,257.23,209.0,19,1,0,162,0.0,257.23,257.23,257.23,1.0,19.0,257.23,1,0.0,0.0,0.0,-0.996127483251365,1
13627,85,3,1027.0,775,342.3333333333333,258.3333333333333,62,3,181,267,68.69141892065797,421.08,294.73,311.19,1.0,20.666666666666668,5.642857142857143,1,2.0,14.45,0.4,0.3935992217898832,0
13629,8,8,5718.36,3222,714.795,402.75,27,8,239,248,174.46363247720956,895.0,336.36,771.5,1.0,3.375,23.8265,1,0.0,0.0,0.0,0.2770170088961003,0
13630,15,5,1361.46,973,272.29200000000003,194.6,49,5,179,195,157.64569807007103,431.78,7.7,301.92,1.0,9.8,7.563666666666667,1,9.0,36.1,0.6428571428571429,-0.07367555744755809,0
13631,9,11,3070.42,467,279.1290909090909,42.45454545454545,6,7,167,176,278.19120494561093,850.0,40.0,160.0,1.5714285714285714,0.5454545454545454,18.276309523809523,1,1.0,48.65,0.08333333333333333,0.1336254891874117,1
13632,83,3,814.6,316,271.53333333333336,105.33333333333333,70,3,69,152,75.43411186812857,351.45000000000005,201.57,261.58,1.0,23.333333333333332,11.637142857142857,1,1.0,4.25,0.25,-0.5044874938695438,0
13634,15,3,783.77,351,261.25666666666666,117.0,73,3,220,236,101.83707592686142,362.0,158.36,263.41,1.0,24.333333333333332,3.546470588235294,1,0.0,0.0,0.0,-0.5951425258355951,0
13636,31,4,646.55,339,161.6375,84.75,36,4,163,194,62.11472416692628,249.60000000000002,105.1,145.925,1.0,9.0,3.9423780487804874,1,1.0,7.5,0.2,-0.6738475793375029,0
13637,96,2,684.85,354,342.425,177.0,75,2,39,135,113.38457236326292,422.6,262.25,342.425,1.0,37.5,17.12125,1,0.0,0.0,0.0,-0.2337974775825618,0
13642,125,1,354.8,173,354.8,173.0,57,1,0,125,0.0,354.8,354.8,354.8,1.0,57.0,354.8,1,0.0,0.0,0.0,-0.9971894322653176,1
13643,8,2,259.40000000000003,126,129.70000000000002,63.0,13,2,86,95,59.114126907195384,171.5,87.9,129.7,1.0,6.5,2.9816091954022994,1,0.0,0.0,0.0,0.3210445468509984,0
13644,15,1,851.09,659,851.09,659.0,48,1,0,15,0.0,851.09,851.09,851.09,1.0,48.0,851.09,1,2.0,26.74,0.6666666666666666,-0.9988264150500534,0
13645,29,1,252.1,158,252.1,158.0,5,1,0,29,0.0,252.1,252.1,252.1,1.0,5.0,252.1,1,0.0,0.0,0.0,-0.9960489924930858,1
13647,84,2,803.86,441,401.93,220.5,33,2,59,144,32.11679000149296,424.64,379.22,401.93,1.0,16.5,13.397666666666668,1,1.0,7.9,0.3333333333333333,-0.05643217453967144,0
13649,166,2,346.6,139,173.3,69.5,23,2,109,275,34.64823227814083,197.8,148.8,173.3,1.0,11.5,3.1509090909090913,1,0.0,0.0,0.0,-0.14096662830840045,1
13650,116,2,745.52,284,372.76,142.0,33,2,60,177,0.9050966799187615,373.4,372.12,372.76,1.0,16.5,12.221639344262295,1,2.0,27.0,0.5,0.0017146225151368653,0
13652,166,2,638.24,290,319.12,145.0,33,2,112,278,14.594683963690331,329.44,308.8,319.12,1.0,16.5,5.6481415929203544,1,0.0,0.0,0.0,0.03228834240660783,0
13654,54,4,1714.27,1532,428.5675,383.0,100,4,128,182,103.66963180378977,541.4300000000001,312.93,429.955,1.0,25.0,13.28891472868217,1,0.0,0.0,0.0,0.06867140450191513,0
13655,23,2,932.97,605,466.485,302.5,52,2,127,151,117.14638043917537,549.32,383.65,466.485,1.0,26.0,7.288828125,1,0.0,0.0,0.0,0.17738257117466308,1
13656,74,2,379.65,490,189.825,245.0,49,2,172,246,38.36054287937019,216.95,162.70000000000002,189.825,1.0,24.5,2.1945086705202312,1,0.0,0.0,0.0,0.14251937475371068,1
13657,111,1,152.34,132,152.34,132.0,9,1,0,111,0.0,152.34,152.34,152.34,1.0,9.0,152.34,1,0.0,0.0,0.0,-0.9934785444111126,0
13658,113,1,933.3,300,933.3,300.0,32,1,0,113,0.0,933.3,933.3,933.3,1.0,32.0,933.3,1,4.0,217.7,0.8,-0.9989296799743124,0
13659,115,2,1573.2,894,786.6,447.0,92,2,115,230,365.9984699421571,1045.4,527.8,786.6,1.0,46.0,13.562068965517241,1,4.0,22.35,0.6666666666666666,-0.3288019311396266,1
13662,121,2,532.94,363,266.47,181.5,33,2,47,168,54.82905981320488,305.24,227.70000000000002,266.47,1.0,16.5,11.102916666666667,1,5.0,18.68,0.7142857142857143,0.14522230962280402,0
13663,88,1,189.47,91,189.47,91.0,13,1,0,88,0.0,189.47,189.47,189.47,1.0,13.0,189.47,1,0.0,0.0,0.0,-0.9947498293694546,1
13666,196,2,64.05,37,32.025,18.5,8,1,0,196,16.44023266258724,43.650000000000006,20.4,32.025000000000006,2.0,4.0,64.05,1,0.0,0.0,0.0,-0.35741737125288253,0
13667,58,1,305.02,154,305.02,154.0,82,1,0,58,0.0,305.02,305.02,305.02,1.0,82.0,305.02,1,0.0,0.0,0.0,-0.9967322397228939,1
13668,22,16,4934.87,2952,308.429375,184.5,218,16,249,272,243.9480325661936,1131.46,87.30000000000001,226.325,1.0,13.625,19.73948,1,31.0,147.52,0.6595744680851063,-0.054128248920656354,0
13669,59,1,48.150000000000006,13,48.150000000000006,13.0,3,1,0,59,0.0,48.150000000000006,48.150000000000006,48.150000000000006,1.0,3.0,48.150000000000006,1,0.0,0.0,0.0,-0.9796541200406917,0
13672,210,2,186.39000000000001,57,93.19500000000001,28.5,4,2,30,241,43.9325443151202,124.26,62.13,93.19500000000001,1.0,2.0,6.01258064516129,1,10.0,257.85,0.8333333333333334,0.3315545119803618,1
13675,60,2,486.82000000000005,330,243.41000000000003,165.0,25,2,133,194,91.96630796112237,308.44,178.38000000000002,243.41000000000003,1.0,12.5,3.632985074626866,1,0.0,0.0,0.0,-0.2666147349432167,1
13678,61,1,232.6,924,232.6,924.0,16,1,0,61,0.0,232.6,232.6,232.6,1.0,16.0,232.6,1,0.0,0.0,0.0,-0.9957191780821918,1
13680,247,2,2391.59,1195,1195.795,597.5,69,2,1,248,458.65067148103043,1520.1100000000001,871.48,1195.795,1.0,34.5,1195.795,1,21.0,1520.11,0.9130434782608695,0.2710995197672815,0
13681,64,1,203.46,96,203.46,96.0,13,1,0,64,0.0,203.46,203.46,203.46,1.0,13.0,203.46,1,0.0,0.0,0.0,-0.9951090677883204,0
13682,96,1,59.5,10,59.5,10.0,3,1,0,96,0.0,59.5,59.5,59.5,1.0,3.0,59.5,1,0.0,0.0,0.0,-0.9834710743801653,1
13684,195,1,67.23,39,67.23,39.0,29,1,0,195,0.0,67.23,67.23,67.23,1.0,29.0,67.23,1,1.0,3.0,0.5,-0.9853436904587425,1
13686,92,1,72.0,70,72.0,70.0,8,1,0,92,0.0,72.0,72.0,72.0,1.0,8.0,72.0,1,0.0,0.0,0.0,-0.9863013698630136,1
13692,123,2,871.58,735,435.79,367.5,32,2,22,145,595.1576355890933,856.63,14.95,435.79,1.0,16.0,37.89478260869566,1,2.0,21.45,0.5,-0.9645877741868939,0
13694,16,39,45911.64,48830,1177.2215384615386,1252.051282051282,309,28,266,283,910.1326430527598,3547.34,35.28,1084.24,1.3928571428571428,7.923076923076923,171.95370786516852,1,17.0,2386.52,0.30357142857142855,0.06515983398035922,0
13695,7,12,1767.07,1174,147.25583333333333,97.83333333333333,35,11,161,169,108.92380735327485,381.54,54.6,98.52000000000001,1.0909090909090908,2.9166666666666665,10.90783950617284,1,0.0,0.0,0.0,0.2914081456050949,0
13699,64,1,308.58000000000004,66,308.58000000000004,66.0,14,1,0,64,0.0,308.58000000000004,308.58000000000004,308.58000000000004,1.0,14.0,308.58000000000004,1,0.0,0.0,0.0,-0.9967698171716519,1
13700,2,8,1651.26,2018,206.4075,252.25,138,6,234,236,140.47416821506468,390.47,14.99,236.565,1.3333333333333333,17.25,7.02663829787234,1,0.0,0.0,0.0,-0.14287097672279178,0
13703,227,1,99.5,10,99.5,10.0,1,1,0,227,0.0,99.5,99.5,99.5,1.0,1.0,99.5,1,0.0,0.0,0.0,-0.9900497512437811,1
13705,54,2,522.68,237,261.34,118.5,20,2,228,283,80.32733034279178,318.14,204.54,261.34,1.0,10.0,2.2824454148471616,1,0.0,0.0,0.0,-0.21692636724717385,0
13706,212,1,330.79,189,330.79,189.0,20,1,0,212,0.0,330.79,330.79,330.79,1.0,20.0,330.79,1,0.0,0.0,0.0,-0.9969860453901565,1
13707,176,2,806.41,351,403.205,175.5,48,2,48,224,254.84835500744356,583.41,223.0,403.205,1.0,24.0,16.45734693877551,1,0.0,0.0,0.0,-0.44637792447455443,1
13708,180,1,296.88,306,296.88,306.0,49,1,0,180,0.0,296.88,296.88,296.88,1.0,49.0,296.88,1,0.0,0.0,0.0,-0.996642943467168,1
13709,11,5,2939.21,1898,587.842,379.6,125,4,213,224,189.32560793511266,788.04,327.6,612.09,1.25,25.0,13.734626168224299,1,10.0,78.94,0.6666666666666666,0.6767577826073649,0
13711,128,2,252.06,140,126.03,70.0,11,1,0,128,63.54061535742316,170.96,81.10000000000001,126.03,2.0,5.5,252.06,1,0.0,0.0,0.0,-0.3550936536789694,1
13712,156,1,228.84,352,228.84,352.0,10,1,0,156,0.0,228.84,228.84,228.84,1.0,10.0,228.84,1,0.0,0.0,0.0,-0.9956491472328577,1
13715,190,5,1079.34,563,215.868,112.6,89,4,91,282,160.92462543066551,445.22,11.9,212.08,1.25,17.8,11.73195652173913,1,3.0,25.4,0.375,-0.744543384490068,1
13716,178,1,138.28,138,138.28,138.0,21,1,0,178,0.0,138.28,138.28,138.28,1.0,21.0,138.28,1,0.0,0.0,0.0,-0.9928202182653647,1
13717,38,4,955.99,1567,238.9975,391.75,64,4,169,207,54.96587994686643,298.05,183.63,237.15500000000003,1.0,16.0,5.623470588235294,1,1.0,12.75,0.2,-0.19351299386618465,0
13718,155,2,306.55,173,153.275,86.5,9,2,49,205,55.472526984084645,192.5,114.05000000000001,153.275,1.0,4.5,6.131,1,0.0,0.0,0.0,0.25508047471955775,1
13719,114,2,338.74,186,169.37,93.0,19,2,28,143,51.57636861974677,205.84,132.9,169.37,1.0,9.5,11.680689655172413,1,0.0,0.0,0.0,0.21469358921528225,0
13720,26,4,799.9,501,199.975,125.25,42,4,138,164,68.59415062525376,266.2,120.45,206.625,1.0,10.5,5.754676258992806,1,0.0,0.0,0.0,-0.0802846797352978,1
13722,41,3,2375.41,1401,791.8033333333333,467.0,75,2,151,192,646.4726223385901,1463.47,173.88,738.0600000000001,1.5,25.0,15.627697368421051,1,1.0,6.25,0.25,-0.23208537247360514,1
13723,126,1,199.85000000000002,43,199.85000000000002,43.0,6,1,0,126,0.0,199.85000000000002,199.85000000000002,199.85000000000002,1.0,6.0,199.85000000000002,1,0.0,0.0,0.0,-0.9950211600697038,1
13725,78,7,1865.7,724,266.5285714285714,103.42857142857143,86,7,139,218,302.14264404022657,947.65,114.1,147.3,1.0,12.285714285714286,13.326428571428572,1,14.0,170.75,0.6666666666666666,-0.7135051159800718,0
13726,10,1,292.68,384,292.68,384.0,23,1,0,10,0.0,292.68,292.68,292.68,1.0,23.0,292.68,1,0.0,0.0,0.0,-0.9965949332606919,0
13728,16,5,797.02,354,159.404,70.8,29,5,203,220,15.385455144388802,183.0,141.15,158.57999999999998,1.0,5.8,3.9069607843137253,1,0.0,0.0,0.0,0.1426781283677101,0
13730,45,2,752.6,488,376.3,244.0,38,2,25,71,98.35855326304875,445.84999999999997,306.75,376.29999999999995,1.0,19.0,28.946153846153848,1,0.0,0.0,0.0,0.18458067940552011,1
13731,128,2,610.59,278,305.295,139.0,36,2,27,156,3.9951533137039776,308.12,302.47,305.295,1.0,18.0,21.806785714285716,1,0.0,0.0,0.0,-0.009238215144132469,1
13735,85,2,1409.69,719,704.845,359.5,88,2,58,143,325.70045448233566,935.15,474.54,704.845,1.0,44.0,23.893050847457626,1,12.0,119.06,0.8571428571428571,-0.32651397543046307,0
13736,169,1,357.53,228,357.53,228.0,73,1,0,169,0.0,357.53,357.53,357.53,1.0,73.0,357.53,1,3.0,7.9,0.75,-0.9972108331241458,0
13737,109,1,339.59999999999997,125,339.59999999999997,125.0,29,1,0,109,0.0,339.59999999999997,339.59999999999997,339.59999999999997,1.0,29.0,339.59999999999997,1,0.0,0.0,0.0,-0.9970640046975925,1
13740,150,1,350.75,425,350.75,425.0,23,1,0,150,0.0,350.75,350.75,350.75,1.0,23.0,350.75,1,0.0,0.0,0.0,-0.9971570717839374,1
13741,93,2,363.13,143,181.565,71.5,20,2,33,126,26.311443327951448,200.17000000000002,162.96,181.565,1.0,10.0,10.680294117647058,1,1.0,2.1,0.3333333333333333,0.10218877873287015,0
13742,71,10,2648.7200000000003,971,264.872,97.1,163,9,157,229,151.0483094024337,526.1,14.5,246.35,1.1111111111111112,16.3,16.764050632911395,1,2.0,28.599999999999998,0.16666666666666666,0.11550654408767724,0
13743,17,5,912.1199999999999,1212,182.42399999999998,242.4,8,5,151,168,62.78078432131922,275.76,116.88,166.32,1.0,1.6,6.00078947368421,1,1.0,1.45,0.16666666666666666,0.2253811109164184,0
13744,4,2,1156.36,1249,578.18,624.5,54,2,197,201,445.4489878762775,893.16,263.2,578.18,1.0,27.0,5.840202020202019,1,0.0,0.0,0.0,-0.5443077348448193,1
13745,71,1,300.04,496,300.04,496.0,25,1,0,71,0.0,300.04,300.04,300.04,1.0,25.0,300.04,1,1.0,8.5,0.5,-0.9966781823013553,1
13747,283,1,79.6,8,79.6,8.0,1,1,0,283,0.0,79.6,79.6,79.6,1.0,1.0,79.6,1,0.0,0.0,0.0,-0.9875930521091811,1
13748,5,5,948.25,439,189.65,87.8,24,4,278,283,111.69875782657567,335.8,31.6,204.0,1.25,4.8,3.3987455197132617,1,0.0,0.0,0.0,0.08580458256518309,1
13750,49,4,1316.63,431,329.1575,107.75,16,4,196,246,25.258329814142506,363.36,302.39,325.44,1.0,4.0,6.683401015228427,1,0.0,0.0,0.0,-0.04627247406328039,0
13751,197,1,296.25,152,296.25,152.0,9,1,0,197,0.0,296.25,296.25,296.25,1.0,9.0,296.25,1,0.0,0.0,0.0,-0.9966358284272497,1
13752,33,6,1186.28,876,197.71333333333334,146.0,64,6,122,156,79.45934247567537,298.99,90.6,185.505,1.0,10.666666666666666,9.644552845528455,1,0.0,0.0,0.0,-0.22156525840576777,1
13753,197,1,741.26,512,741.26,512.0,35,1,0,197,0.0,741.26,741.26,741.26,1.0,35.0,741.26,1,0.0,0.0,0.0,-0.9986527631827122,1
13754,61,2,282.59999999999997,214,141.29999999999998,107.0,11,2,165,226,20.78893936688451,156.0,126.6,141.3,1.0,5.5,1.7024096385542167,1,0.0,0.0,0.0,-0.10366713681241188,1
13756,2,8,2972.3300000000004,1843,371.54125000000005,230.375,55,8,274,277,122.9786575487796,532.8000000000001,163.8,360.355,1.0,6.875,10.80847272727273,1,1.0,44.400000000000006,0.1111111111111111,0.32405753818109656,0
13758,110,5,2351.52,1493,470.304,298.6,87,5,172,283,239.48853172960077,893.37,316.90000000000003,362.45,1.0,17.4,13.592601156069364,1,0.0,0.0,0.0,0.029338751636542933,0
13760,165,1,135.09,96,135.09,96.0,28,1,0,165,0.0,135.09,135.09,135.09,1.0,28.0,135.09,1,0.0,0.0,0.0,-0.9926519215225219,0
13761,89,1,491.71000000000004,224,491.71000000000004,224.0,32,1,0,89,0.0,491.71000000000004,491.71000000000004,491.71000000000004,1.0,32.0,491.71000000000004,1,0.0,0.0,0.0,-0.9979704085567576,0
13762,128,1,306.72,272,306.72,272.0,7,1,0,128,0.0,306.72,306.72,306.72,1.0,7.0,306.72,1,7.0,306.71999999999997,0.875,-0.9967502924736774,1
13764,53,2,945.63,590,472.815,295.0,123,2,193,246,38.289832201251535,499.89,445.74,472.815,1.0,61.5,4.874381443298969,1,0.0,0.0,0.0,-0.0572029198314019,0
13767,18,28,9676.37,3933,345.5846428571429,140.46428571428572,50,24,264,283,157.71161056585254,806.28,19.799999999999997,352.48,1.1666666666666667,1.7857142857142858,36.51460377358491,1,31.0,274.65000000000003,0.5254237288135594,-0.0823477866403785,0
13769,1,8,2176.62,856,272.0775,107.0,61,7,275,276,116.22057117518273,421.18,25.200000000000003,302.385,1.1428571428571428,7.625,7.886304347826086,1,8.0,24.64,0.5,-0.038243587035387244,0
13771,108,2,1464.8500000000001,825,732.4250000000001,412.5,65,2,47,156,196.82317254327546,871.6,593.25,732.425,1.0,32.5,30.517708333333335,1,1.0,2.75,0.3333333333333333,-0.1898898250162022,0
13772,6,2,686.22,309,343.11,154.5,96,2,142,149,162.1961534685703,457.8,228.42,343.11,1.0,48.0,4.798741258741259,1,0.0,0.0,0.0,0.3337795756817322,0
13777,38,24,12360.24,5959,515.01,248.29166666666666,35,17,243,282,560.0128313514439,2558.42,75.0,326.31,1.411764705882353,1.4583333333333333,50.65672131147541,1,22.0,228.81,0.4782608695652174,-0.5085946070135358,0
13778,12,1,178.7,70,178.7,70.0,9,1,0,12,0.0,178.7,178.7,178.7,1.0,9.0,178.7,1,0.0,0.0,0.0,-0.9944351697273233,1
13780,80,1,116.28000000000002,173,116.28000000000002,173.0,9,1,0,80,0.0,116.28000000000002,116.28000000000002,116.28000000000002,1.0,9.0,116.28000000000002,1,0.0,0.0,0.0,-0.9914733969986358,0
13781,160,1,127.84,30,127.84,30.0,17,1,0,160,0.0,127.84,127.84,127.84,1.0,17.0,127.84,1,0.0,0.0,0.0,-0.9922384352685502,1
13782,34,3,487.93,186,162.64333333333335,62.0,59,3,203,237,33.16902520927217,191.94,126.63,169.35999999999999,1.0,19.666666666666668,2.3918137254901963,1,0.0,0.0,0.0,-0.4799664573660852,0
13784,4,9,2124.15,2265,236.01666666666668,251.66666666666666,9,9,237,241,171.78565423224376,603.96,60.48,155.51999999999998,1.0,1.0,8.925,1,0.0,0.0,0.0,0.2725501729289697,0
13786,276,1,230.39999999999998,136,230.39999999999998,136.0,7,1,0,276,0.0,230.39999999999998,230.39999999999998,230.39999999999998,1.0,7.0,230.39999999999998,1,0.0,0.0,0.0,-0.9956784788245462,1
13787,273,1,106.4,56,106.4,56.0,7,1,0,273,0.0,106.4,106.4,106.4,1.0,7.0,106.4,1,0.0,0.0,0.0,-0.9906890130353817,0
13791,37,2,1516.0,1200,758.0,600.0,7,2,40,77,253.144227664784,937.0,579.0,758.0,1.0,3.5,36.97560975609756,1,6.0,468.32,0.75,-0.23599208965062624,1
13792,196,1,74.60000000000001,28,74.60000000000001,28.0,4,1,0,196,0.0,74.60000000000001,74.60000000000001,74.60000000000001,1.0,4.0,74.60000000000001,1,0.0,0.0,0.0,-0.9867724867724867,0
13798,2,42,29161.14,18304,694.3128571428572,435.8095238095238,95,38,278,281,621.3278146242802,3762.66,127.49999999999999,544.51,1.105263157894737,2.261904761904762,104.52021505376344,1,90.0,802.43,0.6818181818181818,-0.16659202651108596,0
13799,26,2,688.86,402,344.43,201.0,32,2,177,203,3.860803025278555,347.15999999999997,341.7,344.42999999999995,1.0,16.0,3.87,1,0.0,0.0,0.0,0.007914649349143274,1
13800,219,1,558.32,331,558.32,331.0,33,1,0,219,0.0,558.32,558.32,558.32,1.0,33.0,558.32,1,0.0,0.0,0.0,-0.9982121147107201,1
13802,48,3,4599.42,2572,1533.14,857.3333333333334,55,3,172,221,598.4254844172331,2161.32,969.74,1468.3600000000001,1.0,18.333333333333332,26.586242774566475,1,6.0,693.15,0.6666666666666666,-0.3614235222001469,1
13803,164,1,277.07,121,277.07,121.0,17,1,0,164,0.0,277.07,277.07,277.07,1.0,17.0,277.07,1,0.0,0.0,0.0,-0.9964037832200525,1
13804,6,4,1543.41,935,385.8525,233.75,81,4,193,199,233.10260621666157,723.63,188.29999999999998,315.74,1.0,20.25,7.955721649484537,1,0.0,0.0,0.0,0.06225678414410679,0
13805,38,1,500.24,728,500.24,728.0,6,1,0,38,0.0,500.24,500.24,500.24,1.0,6.0,500.24,1,0.0,0.0,0.0,-0.9980049477296306,0
13807,276,1,112.6,36,112.6,36.0,7,1,0,276,0.0,112.6,112.6,112.6,1.0,7.0,112.6,1,0.0,0.0,0.0,-0.9911971830985915,1
13808,3,2,723.1,324,361.55,162.0,33,2,3,6,299.68599600248257,573.46,149.64000000000001,361.55,1.0,16.5,180.775,1,0.0,0.0,0.0,-0.5853058969755559,0
13809,214,1,155.05,29,155.05,29.0,11,1,0,214,0.0,155.05,155.05,155.05,1.0,11.0,155.05,1,0.0,0.0,0.0,-0.9935917975008011,1
13811,93,3,814.5,68,271.5,22.666666666666668,7,3,55,148,56.21999199573049,333.0,222.75,258.75,1.0,2.3333333333333335,14.544642857142858,1,1.0,222.75,0.25,-0.18209687308399755,1
13812,14,1,278.74,191,278.74,191.0,20,1,0,14,0.0,278.74,278.74,278.74,1.0,20.0,278.74,1,0.0,0.0,0.0,-0.9964252520197326,0
13813,44,1,385.14,177,385.14,177.0,17,1,0,44,0.0,385.14,385.14,385.14,1.0,17.0,385.14,1,2.0,13.45,0.6666666666666666,-0.9974102657067385,0
13814,1,2,1579.12,864,789.56,432.0,37,2,44,46,243.2730169994199,961.58,617.54,789.56,1.0,18.5,35.09155555555555,1,1.0,17.0,0.3333333333333333,0.21773029896463567,1
13815,81,2,2977.75,1965,1488.875,982.5,110,2,146,228,674.3889504210459,1965.74,1012.01,1488.875,1.0,55.0,20.256802721088434,1,1.0,12.450000000000001,0.3333333333333333,0.3201779269827948,0
13817,261,1,128.7,63,128.7,63.0,9,1,0,261,0.0,128.7,128.7,128.7,1.0,9.0,128.7,1,0.0,0.0,0.0,-0.992289899768697,0
13819,211,3,1140.35,1109,380.1166666666666,369.6666666666667,26,3,18,229,63.8723401272674,425.05,307.0,408.3,1.0,8.666666666666666,60.018421052631574,1,0.0,0.0,0.0,0.2836553204538485,1
13821,54,2,385.64,153,192.82,76.5,51,2,116,171,109.36113477831142,270.15,115.49,192.82,1.0,25.5,3.296068376068376,1,0.0,0.0,0.0,-0.40001034554107173,1
13823,1,1,650.42,325,650.42,325.0,26,1,0,1,0.0,650.42,650.42,650.42,1.0,26.0,650.42,1,0.0,0.0,0.0,-0.9984648920819134,0
13824,45,4,1429.84,660,357.46,165.0,26,4,174,219,241.91670577563127,659.3000000000001,130.8,319.87,1.0,6.5,8.170514285714285,1,0.0,0.0,0.0,-0.5413044085991445,0
13826,85,1,189.5,82,189.5,82.0,10,1,0,85,0.0,189.5,189.5,189.5,1.0,10.0,189.5,1,2.0,14.85,0.6666666666666666,-0.994750656167979,1
13827,43,2,300.76,95,150.38,47.5,59,2,9,52,53.230998487723284,188.01999999999998,112.74,150.38,1.0,29.5,30.076,1,0.0,0.0,0.0,0.2494697773064687,0
13831,48,4,1455.3899999999999,517,363.84749999999997,129.25,57,4,231,279,40.712623247178115,408.0,311.29999999999995,368.04499999999996,1.0,14.25,6.273232758620689,1,0.0,0.0,0.0,0.43902388783224267,0
13833,68,1,384.8,118,384.8,118.0,28,1,0,68,0.0,384.8,384.8,384.8,1.0,28.0,384.8,1,0.0,0.0,0.0,-0.9974079834110938,1
13835,64,2,537.34,291,268.67,145.5,28,2,59,124,84.5416867586636,328.45,208.89,268.66999999999996,1.0,14.0,8.955666666666668,1,0.0,0.0,0.0,-0.2220901289148122,0
13837,121,2,271.24,183,135.62,91.5,17,2,105,227,30.99956128721826,157.54000000000002,113.7,135.62,1.0,8.5,2.558867924528302,1,0.0,0.0,0.0,0.16103438142815168,1
13838,27,3,479.59,169,159.86333333333332,56.333333333333336,106,2,252,279,73.16120579469242,238.11,93.16,148.32,1.5,35.333333333333336,1.8956126482213438,1,0.0,0.0,0.0,0.007012214153436351,0
13841,162,1,85.0,100,85.0,100.0,1,1,0,162,0.0,85.0,85.0,85.0,1.0,1.0,85.0,1,0.0,0.0,0.0,-0.9883720930232558,1
13842,65,7,2165.27,893,309.32428571428574,127.57142857142857,96,7,211,276,13.557948292598033,336.8,293.96,308.73,1.0,13.714285714285714,10.213537735849057,1,0.0,0.0,0.0,-0.12552913533400728,0
13846,151,2,663.9300000000001,345,331.96500000000003,172.5,43,2,117,269,112.33805432710678,411.4,252.53,331.965,1.0,21.5,5.626525423728814,1,3.0,17.45,0.6,-0.2389274058923495,0
13848,1,3,1255.0,3700,418.3333333333333,1233.3333333333333,3,3,273,275,170.31832941093958,615.0,320.0,320.0,1.0,1.0,4.58029197080292,1,0.0,0.0,0.0,-0.4896496815286624,1
13849,80,1,593.5799999999999,332,593.5799999999999,332.0,38,1,0,80,0.0,593.5799999999999,593.5799999999999,593.5799999999999,1.0,38.0,593.5799999999999,1,0.0,0.0,0.0,-0.9983181405361768,0
13850,38,1,1595.48,944,1595.48,944.0,93,1,0,38,0.0,1595.48,1595.48,1595.48,1.0,93.0,1595.48,1,1.0,8.67,0.5,-0.9993736219683304,1
13851,5,3,2651.46,1705,883.82,568.3333333333334,77,3,192,197,560.3088073553726,1298.18,246.32,1106.96,1.0,25.666666666666668,13.738134715025907,1,0.0,0.0,0.0,0.8138935177156299,1
13854,1,20,6469.16,1812,323.45799999999997,90.6,35,20,273,275,46.70825359274536,429.9,207.50000000000003,312.13,1.0,1.75,23.61007299270073,1,4.0,84.5,0.16666666666666666,-0.21648305451488067,0
13856,78,3,388.5,494,129.5,164.66666666666666,10,3,34,112,37.78901956918174,169.5,94.39999999999999,124.60000000000001,1.0,3.3333333333333335,11.1,1,3.0,25.1,0.5,0.5127086007702183,1
13859,235,1,201.16,129,201.16,129.0,27,1,0,235,0.0,201.16,201.16,201.16,1.0,27.0,201.16,1,0.0,0.0,0.0,-0.9950534230312623,1
13862,17,6,1781.3,1277,296.8833333333333,212.83333333333334,77,6,223,241,83.09515862351229,425.1,173.46,300.53,1.0,12.833333333333334,7.9522321428571425,1,3.0,22.05,0.3333333333333333,0.04302306009089376,0
13863,157,1,305.78,224,305.78,224.0,20,1,0,157,0.0,305.78,305.78,305.78,1.0,20.0,305.78,1,2.0,6.22,0.6666666666666666,-0.9967403350935524,1
13865,46,3,383.34000000000003,154,127.78000000000002,51.333333333333336,23,3,152,199,29.456625740230326,159.22,100.82,123.30000000000001,1.0,7.666666666666667,2.5054901960784317,1,0.0,0.0,0.0,0.3557787375761045,0
13867,127,1,138.85,31,138.85,31.0,8,1,0,127,0.0,138.85,138.85,138.85,1.0,8.0,138.85,1,0.0,0.0,0.0,-0.992849481587415,0
13869,32,4,3104.95,1721,776.2375,430.25,234,4,233,266,518.584662800267,1519.99,323.62,630.6700000000001,1.0,58.5,13.269017094017093,1,0.0,0.0,0.0,-0.020917915613580397,1
13870,11,5,2179.4700000000003,1058,435.89400000000006,211.6,82,4,186,197,272.38323063287135,812.16,112.5,469.31000000000006,1.25,16.4,11.654919786096258,1,3.0,19.69,0.375,0.5005388746462919,0
13871,1,9,4612.64,1950,512.5155555555556,216.66666666666666,120,9,216,218,97.09236196930107,633.07,397.55,509.34000000000003,1.0,13.333333333333334,21.25640552995392,1,2.0,13.450000000000001,0.18181818181818182,-0.038758984229372066,0
13873,29,3,389.6,140,129.86666666666667,46.666666666666664,21,3,190,219,26.160960099608992,159.20000000000002,108.95,121.45,1.0,7.0,2.0397905759162307,1,1.0,7.9,0.25,-0.18228366615463384,1
13874,267,1,540.45,180,540.45,180.0,18,1,0,267,0.0,540.45,540.45,540.45,1.0,18.0,540.45,1,0.0,0.0,0.0,-0.9981531073968049,1
13875,43,4,1424.8,1005,356.2,251.25,66,4,167,210,19.998081574657746,384.2,340.65,349.975,1.0,16.5,8.480952380952381,1,0.0,0.0,0.0,0.040286155140973445,0
13880,54,8,1680.76,852,210.095,106.5,69,7,222,276,72.42299792587592,312.94,97.8,210.945,1.1428571428571428,8.625,7.537040358744394,1,0.0,0.0,0.0,0.3951574540957093,0
13881,5,11,9398.68,5928,854.4254545454546,538.9090909090909,65,8,216,221,644.6606170282723,2251.94,177.60000000000002,673.9,1.375,5.909090909090909,43.31188940092166,1,2.0,170.0,0.15384615384615385,0.2404081841083952,0
13883,128,4,1742.78,904,435.695,226.0,94,2,34,162,380.02030669426074,980.41,112.63000000000001,324.87,2.0,23.5,49.79371428571429,1,13.0,135.73,0.7647058823529411,-0.12503870901145786,0
13884,186,3,196.25,65,65.41666666666667,21.666666666666668,10,2,5,192,63.968162654036995,138.15,17.9,40.2,1.5,3.3333333333333335,32.708333333333336,1,1.0,6.300000000000001,0.25,-0.405830164765526,0
13885,98,2,506.8,182,253.4,91.0,28,2,11,110,206.1216267158786,399.15,107.65,253.39999999999998,1.0,14.0,42.233333333333334,1,0.0,0.0,0.0,-0.5740448995667585,1
13887,113,1,349.55,147,349.55,147.0,19,1,0,113,0.0,349.55,349.55,349.55,1.0,19.0,349.55,1,0.0,0.0,0.0,-0.9971473398944516,1
13888,29,2,605.63,258,302.815,129.0,38,2,98,127,89.51264743040507,366.11,239.52,302.815,1.0,19.0,6.1174747474747475,1,0.0,0.0,0.0,0.20867744753803802,1
13889,2,1,416.90000000000003,146,416.90000000000003,146.0,15,1,0,2,0.0,416.90000000000003,416.90000000000003,416.90000000000003,1.0,15.0,416.90000000000003,1,0.0,0.0,0.0,-0.9976070830342187,1
13890,16,2,501.11,271,250.555,135.5,25,2,251,268,85.14272752267217,310.76,190.35,250.555,1.0,12.5,1.988531746031746,1,4.0,22.95,0.6666666666666666,0.2398080101969688,0
13892,156,1,54.519999999999996,140,54.519999999999996,140.0,3,1,0,156,0.0,54.519999999999996,54.519999999999996,54.519999999999996,1.0,3.0,54.519999999999996,1,0.0,0.0,0.0,-0.9819884726224783,0
13893,207,1,821.1,190,821.1,190.0,21,1,0,207,0.0,821.1,821.1,821.1,1.0,21.0,821.1,1,0.0,0.0,0.0,-0.9987836029680087,1
13894,219,1,160.85,105,160.85,105.0,10,1,0,219,0.0,160.85,160.85,160.85,1.0,10.0,160.85,1,3.0,28.65,0.75,-0.9938214396045721,0
13895,52,2,937.3000000000001,436,468.65000000000003,218.0,39,2,21,74,121.89106694093707,554.84,382.46000000000004,468.65000000000003,1.0,19.5,42.60454545454546,1,1.0,4.95,0.3333333333333333,0.183715229670681,0
13898,235,1,155.93,133,155.93,133.0,12,1,0,235,0.0,155.93,155.93,155.93,1.0,12.0,155.93,1,0.0,0.0,0.0,-0.9936277321098579,1
13899,184,1,298.5,122,298.5,122.0,15,1,0,184,0.0,298.5,298.5,298.5,1.0,15.0,298.5,1,0.0,0.0,0.0,-0.996661101836394,0
13900,92,3,740.95,430,246.98333333333335,143.33333333333334,42,3,79,172,206.71347617737294,374.87,8.5,357.58000000000004,1.0,14.0,9.261875,1,0.0,0.0,0.0,0.034759754700451465,1
13901,17,4,2652.28,1547,663.07,386.75,129,4,211,228,607.9316876645489,1561.0900000000001,214.4,438.395,1.0,32.25,12.510754716981133,1,0.0,0.0,0.0,0.5109449436169571,0
13904,204,1,201.12,223,201.12,223.0,17,1,0,204,0.0,201.12,201.12,201.12,1.0,17.0,201.12,1,0.0,0.0,0.0,-0.9950524440926183,0
13908,36,3,1461.61,919,487.2033333333333,306.3333333333333,65,3,149,186,147.8913419823261,630.5,335.11,496.0,1.0,21.666666666666668,9.744066666666667,1,4.0,22.5,0.5714285714285714,-0.1371589145431797,0
13911,53,8,2437.63,2189,304.70375,273.625,120,8,163,217,96.06804001591789,516.12,217.6,283.135,1.0,15.0,14.863597560975611,1,0.0,0.0,0.0,0.1060554491661301,0
13917,101,1,65.38,38,65.38,38.0,5,1,0,101,0.0,65.38,65.38,65.38,1.0,5.0,65.38,1,0.0,0.0,0.0,-0.9849352214522447,0
13918,162,1,198.2,100,198.2,100.0,8,1,0,162,0.0,198.2,198.2,198.2,1.0,8.0,198.2,1,0.0,0.0,0.0,-0.9949799196787149,0
13919,31,1,213.15,338,213.15,338.0,16,1,0,31,0.0,213.15,213.15,213.15,1.0,16.0,213.15,1,5.0,34.65,0.8333333333333334,-0.9953303759047397,0
13922,261,1,172.25,93,172.25,93.0,7,1,0,261,0.0,172.25,172.25,172.25,1.0,7.0,172.25,1,0.0,0.0,0.0,-0.9942279942279942,1
13925,2,4,678.25,331,169.5625,82.75,28,3,42,44,144.89623146123114,380.12,49.5,124.315,1.3333333333333333,7.0,15.773255813953488,1,4.0,61.599999999999994,0.5,-0.4620537357379463,1
13928,16,2,225.45000000000002,87,112.72500000000001,43.5,13,2,26,42,12.056170619230638,121.25,104.2,112.725,1.0,6.5,8.350000000000001,1,0.0,0.0,0.0,0.07529255906381098,0
13929,78,2,842.65,143,421.325,71.5,8,2,157,235,11.985459941111932,429.79999999999995,412.85,421.325,1.0,4.0,5.333227848101266,1,1.0,39.8,0.3333333333333333,0.020091270076453425,1
13930,46,1,210.0,210,210.0,210.0,10,1,0,46,0.0,210.0,210.0,210.0,1.0,10.0,210.0,1,0.0,0.0,0.0,-0.995260663507109,0
13931,5,2,1237.53,725,618.765,362.5,56,2,185,190,340.1961434966599,859.32,378.21000000000004,618.7650000000001,1.0,28.0,6.6533870967741935,1,1.0,6.6,0.3333333333333333,0.38845243958563785,1
13932,204,1,307.4,72,307.4,72.0,16,1,0,204,0.0,307.4,307.4,307.4,1.0,16.0,307.4,1,0.0,0.0,0.0,-0.996757457846952,1
13933,18,2,608.7900000000001,205,304.39500000000004,102.5,23,2,39,57,4.81539717988041,307.8,300.99,304.395,1.0,11.5,15.219750000000001,1,0.0,0.0,0.0,0.011167779071483627,1
13934,173,1,922.1,390,922.1,390.0,31,1,0,173,0.0,922.1,922.1,922.1,1.0,31.0,922.1,1,0.0,0.0,0.0,-0.9989166937493229,1
13936,89,1,376.58,330,376.58,330.0,26,1,0,89,0.0,376.58,376.58,376.58,1.0,26.0,376.58,1,1.0,15.299999999999999,0.5,-0.9973515546374279,1
13937,78,1,158.85,123,158.85,123.0,9,1,0,78,0.0,158.85,158.85,158.85,1.0,9.0,158.85,1,0.0,0.0,0.0,-0.9937441351266812,1
13939,18,2,390.21,657,195.105,328.5,32,2,203,221,14.997734828966669,205.71,184.5,195.10500000000002,1.0,16.0,1.9127941176470586,1,1.0,11.8,0.3333333333333333,0.05421640551110659,0
13940,26,2,391.06,240,195.53,120.0,25,2,27,53,32.654191155194766,218.62,172.44,195.53,1.0,12.5,13.96642857142857,1,0.0,0.0,0.0,-0.11778809365913383,0
13941,81,3,2831.26,1382,943.7533333333334,460.6666666666667,20,3,200,282,203.5882946864415,1095.12,712.3,1023.84,1.0,6.666666666666667,14.08587064676617,1,2.0,200.55,0.4,-0.4966563804170521,0
13946,111,2,485.96999999999997,263,242.98499999999999,131.5,9,2,66,177,46.859966389232504,276.12,209.85,242.985,1.0,4.5,7.253283582089551,1,0.0,0.0,0.0,0.13608641189395654,0
13948,270,1,102.0,40,102.0,40.0,3,1,0,270,0.0,102.0,102.0,102.0,1.0,3.0,102.0,1,0.0,0.0,0.0,-0.9902912621359223,1
13949,4,1,537.9,542,537.9,542.0,38,1,0,4,0.0,537.9,537.9,537.9,1.0,38.0,537.9,1,0.0,0.0,0.0,-0.9981443681573576,0
13950,156,1,179.30999999999997,81,179.30999999999997,81.0,7,1,0,156,0.0,179.30999999999997,179.30999999999997,179.30999999999997,1.0,7.0,179.30999999999997,1,1.0,16.5,0.5,-0.994453995895957,0
13951,85,3,674.45,459,224.8166666666667,153.0,38,3,118,203,73.31743607992122,303.49,158.4,212.56,1.0,12.666666666666666,5.66764705882353,1,0.0,0.0,0.0,-0.529498852616774,1
13952,127,2,3251.071,1431,1625.5355,715.5,120,2,20,148,590.0459606678958,2042.761,1208.31,1625.5355,1.0,60.0,154.81290476190475,1,1.0,4.9799999999999995,0.3333333333333333,-0.25659064639117657,1
13953,25,5,2604.36,2048,520.8720000000001,409.6,8,5,236,262,142.76975141814876,750.0,354.36,500.0,1.0,1.6,10.988860759493672,1,0.0,0.0,0.0,0.23196794300979523,0
13955,63,2,322.96,154,161.48,77.0,33,2,151,215,61.687995590714394,205.1,117.86,161.48,1.0,16.5,2.124736842105263,1,0.0,0.0,0.0,-0.26929250524756143,1
13956,47,3,680.27,385,226.75666666666666,128.33333333333334,95,3,133,180,141.0590005399632,386.6,119.72,173.95,1.0,31.666666666666668,5.076641791044776,1,0.0,0.0,0.0,0.1364070045650036,0
13959,190,2,337.44,198,168.72,99.0,31,2,81,271,65.08210814040983,214.74,122.7,168.72,1.0,15.5,4.115121951219512,1,0.0,0.0,0.0,-0.27195366977898594,0
13962,155,1,117.6,30,117.6,30.0,7,1,0,155,0.0,117.6,117.6,117.6,1.0,7.0,117.6,1,0.0,0.0,0.0,-0.9915682967959528,0
13963,217,4,664.54,460,166.135,115.0,35,4,59,277,42.623507207486654,215.41,115.67999999999999,166.72500000000002,1.0,8.75,11.075666666666667,1,0.0,0.0,0.0,-0.10349490639180214,1
13967,55,1,80.7,42,80.7,42.0,2,1,0,55,0.0,80.7,80.7,80.7,1.0,2.0,80.7,1,0.0,0.0,0.0,-0.9877600979192166,1
13969,16,11,3911.35,1983,355.5772727272727,180.27272727272728,221,10,257,274,179.97684884956226,706.22,64.06,345.24,1.1,20.09090909090909,15.160271317829457,1,7.0,67.25,0.3888888888888889,0.5864991629072042,0
13971,15,6,1985.9,1332,330.98333333333335,222.0,95,6,179,195,24.074671891152867,373.65999999999997,306.46000000000004,331.48,1.0,15.833333333333334,11.032777777777778,1,9.0,56.040000000000006,0.6,0.018551512406261017,0
13972,111,1,145.9,42,145.9,42.0,9,1,0,111,0.0,145.9,145.9,145.9,1.0,9.0,145.9,1,0.0,0.0,0.0,-0.9931926480599047,0
13973,196,1,264.7,109,264.7,109.0,11,1,0,196,0.0,264.7,264.7,264.7,1.0,11.0,264.7,1,0.0,0.0,0.0,-0.996236356793376,1
13975,37,4,1497.71,967,374.4275,241.75,166,4,148,186,224.11587945748067,678.76,151.76,333.595,1.0,41.5,10.051744966442953,1,2.0,23.05,0.3333333333333333,-0.28391750238538477,0
13976,116,1,357.98,154,357.98,154.0,10,1,0,116,0.0,357.98,357.98,357.98,1.0,10.0,357.98,1,0.0,0.0,0.0,-0.997214329489108,1
13982,72,3,1230.1399999999999,783,410.0466666666666,261.0,45,3,202,274,76.14456338658285,475.2,326.34,428.6,1.0,15.0,6.059802955665024,1,4.0,10.7,0.5714285714285714,-0.4690449502087497,0
13983,96,8,1681.06,793,210.1325,99.125,65,6,179,276,139.77058169422799,329.36,7.800000000000001,290.0,1.3333333333333333,8.125,9.339222222222222,1,5.0,12.969999999999999,0.38461538461538464,-0.13009048428712416,0
13984,35,4,819.33,647,204.8325,161.75,10,4,239,275,153.28403991174903,432.48,102.1,142.375,1.0,2.5,3.413875,1,1.0,432.48,0.2,-0.7498567649604427,0
13985,16,7,2773.04,1380,396.1485714285714,197.14285714285714,55,7,156,173,82.61849740999719,524.5,247.79999999999998,393.0,1.0,7.857142857142857,17.66267515923567,1,2.0,35.6,0.2222222222222222,0.5376418508745369,0
13988,72,3,1923.5,1290,641.1666666666666,430.0,99,3,92,164,79.28460464259966,725.02,567.42,631.06,1.0,33.0,20.682795698924732,1,5.0,49.160000000000004,0.625,0.3436632891660172,0
13989,148,1,896.6700000000001,869,896.6700000000001,869.0,23,1,0,148,0.0,896.6700000000001,896.6700000000001,896.6700000000001,1.0,23.0,896.6700000000001,1,0.0,0.0,0.0,-0.9988860048792987,0
13990,122,1,311.3,190,311.3,190.0,16,1,0,122,0.0,311.3,311.3,311.3,1.0,16.0,311.3,1,0.0,0.0,0.0,-0.9967979506884406,1
13991,52,1,126.35,83,126.35,83.0,7,1,0,52,0.0,126.35,126.35,126.35,1.0,7.0,126.35,1,2.0,5.34,0.6666666666666666,-0.9921476246564586,0
13993,10,6,2247.41,653,374.5683333333333,108.83333333333333,59,6,230,240,124.90754459465876,535.59,219.0,357.45000000000005,1.0,9.833333333333334,9.729047619047618,1,4.0,56.7,0.4,0.020134228187919455,0
13994,15,2,419.56,133,209.78,66.5,18,2,42,57,111.42588657937615,288.57,130.99,209.78,1.0,9.0,9.757209302325581,1,0.0,0.0,0.0,-0.374690888339357,0
13995,25,3,871.9,608,290.6333333333333,202.66666666666666,39,3,130,155,128.67459280422585,408.25,153.2,310.45,1.0,13.0,6.655725190839695,1,1.0,10.2,0.25,0.2875472562721962,0
13999,5,9,2868.9700000000003,1733,318.7744444444445,192.55555555555554,90,9,265,271,19.724737077532286,358.7,301.48,307.6,1.0,10.0,10.7856015037594,1,4.0,36.55,0.3076923076923077,0.36467628581483424,0
14000,120,1,635.66,710,635.66,710.0,15,1,0,120,0.0,635.66,635.66,635.66,1.0,15.0,635.66,1,1.0,1.9500000000000002,0.5,-0.9984293029246379,1
14001,142,2,1309.14,632,654.57,316.0,21,2,140,282,499.68407799328565,1007.9,301.24,654.5699999999999,1.0,10.5,9.28468085106383,1,1.0,12.75,0.3333333333333333,0.5393774711099576,0
14002,43,2,529.73,877,264.865,438.5,47,2,22,65,56.67460851210178,304.94,224.79,264.865,1.0,23.5,23.031739130434783,1,0.0,0.0,0.0,0.151018408607013,1
14004,7,5,3203.26,1676,640.652,335.2,69,5,190,198,250.99571733398164,900.02,241.0,716.0,1.0,13.8,16.77099476439791,1,0.0,0.0,0.0,0.4379232646539294,0
14005,43,3,696.56,864,232.18666666666664,288.0,29,3,81,125,117.08420274884796,365.1,144.3,187.16,1.0,9.666666666666666,8.494634146341463,1,0.0,0.0,0.0,0.04822524227306618,0
14006,25,3,962.19,641,320.73,213.66666666666666,22,3,196,221,32.04721048702989,357.65,300.1,304.44,1.0,7.333333333333333,4.884213197969544,1,0.0,0.0,0.0,-0.3758240845523728,1
14009,107,2,695.61,365,347.805,182.5,42,2,7,114,46.81753998236134,380.91,314.7,347.805,1.0,21.0,86.95125,1,2.0,9.680000000000001,0.5,-0.09504600852700942,1
14012,187,1,328.8,160,328.8,160.0,11,1,0,187,0.0,328.8,328.8,328.8,1.0,11.0,328.8,1,0.0,0.0,0.0,-0.9969678593086719,1
14013,19,3,473.02,462,157.67333333333332,154.0,30,3,165,185,40.412301757426945,199.22,118.5,155.3,1.0,10.0,2.8495180722891567,1,0.0,0.0,0.0,0.49791148052824774,1
14016,71,4,4341.21,2125,1085.3025,531.25,154,4,195,266,304.3719547280924,1477.56,753.74,1054.955,1.0,38.5,22.1490306122449,1,1.0,12.75,0.2,-0.027955810520449233,1
14019,7,2,800.53,553,400.265,276.5,28,2,39,47,22.592061658910207,416.24,384.29,400.265,1.0,14.0,20.01325,1,2.0,22.65,0.5,0.03986126533005625,0
14021,64,3,631.9,192,210.63333333333333,64.0,22,3,101,165,86.89616408871761,302.8,130.2,198.89999999999998,1.0,7.333333333333333,6.1950980392156865,1,0.0,0.0,0.0,-0.5869805656501818,1
14022,134,1,440.0,487,440.0,487.0,28,1,0,134,0.0,440.0,440.0,440.0,1.0,28.0,440.0,1,0.0,0.0,0.0,-0.9977324263038548,1
14023,159,1,273.14,162,273.14,162.0,16,1,0,159,0.0,273.14,273.14,273.14,1.0,16.0,273.14,1,0.0,0.0,0.0,-0.9963522287882104,0
14024,31,2,327.7,150,163.85,75.0,16,2,2,33,139.44145724998717,262.45,65.25,163.85,1.0,8.0,109.23333333333333,1,0.0,0.0,0.0,-0.5999391542439915,1
14029,53,1,165.20000000000002,24,165.20000000000002,24.0,6,1,0,53,0.0,165.20000000000002,165.20000000000002,165.20000000000002,1.0,6.0,165.20000000000002,1,0.0,0.0,0.0,-0.9939831528279182,0
14030,30,6,1657.5,860,276.25,143.33333333333334,147,5,245,275,229.1752545978732,670.55,5.95,264.855,1.2,24.5,6.737804878048781,1,0.0,0.0,0.0,-0.5940910461260175,0
14031,35,13,9627.03,3588,740.5407692307692,276.0,101,12,245,281,464.1748287994789,1714.25,99.63,809.11,1.0833333333333333,7.769230769230769,39.13426829268293,1,8.0,2652.22,0.38095238095238093,-0.18343835654853588,0
14032,78,6,1845.37,1325,307.56166666666667,220.83333333333334,43,6,198,276,4.9822581894826214,315.56,303.17,306.75,1.0,7.166666666666667,9.27321608040201,1,9.0,45.75,0.6,-0.00690544148789246,0
14034,66,2,473.90999999999997,307,236.95499999999998,153.5,23,1,0,66,308.6026125132449,455.16999999999996,18.740000000000002,236.95499999999998,2.0,11.5,473.90999999999997,1,3.0,139.8,0.6,-0.9189741214124781,0
14035,16,3,837.26,447,279.08666666666664,149.0,18,3,190,207,132.59132751931148,398.97999999999996,136.68,301.6,1.0,6.0,4.3835602094240835,1,0.0,0.0,0.0,-0.6727029799823445,0
14036,194,1,626.65,268,626.65,268.0,38,1,0,194,0.0,626.65,626.65,626.65,1.0,38.0,626.65,1,0.0,0.0,0.0,-0.9984067553572851,1
14037,85,2,147.20000000000002,46,73.60000000000001,23.0,27,2,188,274,54.02295808265222,111.8,35.400000000000006,73.6,1.0,13.5,0.7788359788359789,1,0.0,0.0,0.0,-0.515519568151147,1
14038,53,2,1086.42,701,543.21,350.5,49,2,63,116,244.8145097824065,716.32,370.1,543.21,1.0,24.5,16.9753125,1,1.0,5.9,0.3333333333333333,-0.318386639936731,0
14040,3,10,2748.31,1289,274.831,128.9,122,9,236,240,138.93193932841922,506.67999999999995,39.84,276.05,1.1111111111111112,12.2,11.596244725738396,1,6.0,72.72999999999999,0.375,-0.05472282136245096,0
14041,175,1,141.41,94,141.41,94.0,21,1,0,175,0.0,141.41,141.41,141.41,1.0,21.0,141.41,1,0.0,0.0,0.0,-0.9929780212063759,1
14044,12,3,542.11,251,180.70333333333335,83.66666666666667,144,3,206,219,14.099682029511634,196.93,171.44,173.74,1.0,48.0,2.618888888888889,1,0.0,0.0,0.0,0.35836202610889134,0
14045,18,4,1659.75,535,414.9375,133.75,4,3,264,283,190.92300967929452,682.8,242.54999999999998,367.2,1.3333333333333333,1.0,6.263207547169811,1,0.0,0.0,0.0,-0.5080535902453711,1
14046,193,1,154.99,460,154.99,460.0,14,1,0,193,0.0,154.99,154.99,154.99,1.0,14.0,154.99,1,0.0,0.0,0.0,-0.9935893326495289,1
14047,109,3,635.92,210,211.97333333333333,70.0,15,3,173,282,177.4930762968892,339.7,9.3,286.92,1.0,5.0,3.6547126436781605,1,2.0,18.6,0.4,0.06826603027067758,0
14048,214,1,409.93,288,409.93,288.0,83,1,0,214,0.0,409.93,409.93,409.93,1.0,83.0,409.93,1,3.0,34.8,0.75,-0.9975664955101842,1
14049,68,3,3285.39,2171,1095.1299999999999,723.6666666666666,211,3,159,227,901.5182693656296,2026.6299999999999,226.93,1031.83,1.0,70.33333333333333,20.5336875,1,17.0,42.57,0.85,0.37175441746110477,0
14050,15,1,485.98,447,485.98,447.0,37,1,0,15,0.0,485.98,485.98,485.98,1.0,37.0,485.98,1,0.0,0.0,0.0,-0.9979465275781346,0
14051,1,16,9271.84,2287,579.49,142.9375,43,15,274,276,184.88480492818584,905.1,300.1,560.13,1.0666666666666667,2.6875,33.71578181818182,1,5.0,133.05,0.23809523809523808,0.021602874631720132,0
14053,33,2,260.25,215,130.125,107.5,2,2,35,69,34.11790219225092,154.25,106.0,130.125,1.0,1.0,7.229166666666667,1,0.0,0.0,0.0,-0.184688995215311,1
14055,15,1,725.6400000000001,216,725.6400000000001,216.0,10,1,0,15,0.0,725.6400000000001,725.6400000000001,725.6400000000001,1.0,10.0,725.6400000000001,1,0.0,0.0,0.0,-0.9986238027083563,1
14056,16,17,5382.51,2877,316.61823529411765,169.23529411764707,274,17,177,193,164.10612314274317,659.08,6.300000000000001,305.63,1.0,16.11764705882353,30.238820224719102,1,22.0,90.25,0.5641025641025641,-0.22688729100531063,0
14057,10,13,4811.98,3948,370.15230769230766,303.6923076923077,155,11,259,270,176.13379238303693,632.52,41.6,349.44,1.1818181818181819,11.923076923076923,18.507615384615384,1,7.0,70.56,0.35,0.029885850346355002,0
14059,176,1,183.6,128,183.6,128.0,8,1,0,176,0.0,183.6,183.6,183.6,1.0,8.0,183.6,1,0.0,0.0,0.0,-0.9945828819068255,1
14060,17,14,4102.78,3770,293.05571428571426,269.2857142857143,67,14,264,282,101.80020649172691,446.7,140.0,283.05,1.0,4.785714285714286,15.482188679245281,1,1.0,5.04,0.06666666666666667,-0.2274829547392891,0
14062,1,10,8800.67,4143,880.067,414.3,57,9,272,273,578.0414058996505,1708.68,237.60000000000002,932.53,1.1111111111111112,5.7,32.236886446886444,1,0.0,0.0,0.0,-0.09868468142977414,0
14064,22,4,1097.6799999999998,1513,274.41999999999996,378.25,44,4,161,183,78.66728544954374,375.34999999999997,185.15,268.59,1.0,11.0,6.775802469135802,1,2.0,165.42,0.3333333333333333,-0.5339498307059382,0
14066,176,1,152.55,45,152.55,45.0,7,1,0,176,0.0,152.55,152.55,152.55,1.0,7.0,152.55,1,0.0,0.0,0.0,-0.9934874633669815,1
14067,6,1,224.67,216,224.67,216.0,25,1,0,6,0.0,224.67,224.67,224.67,1.0,25.0,224.67,1,0.0,0.0,0.0,-0.9955687508308593,0
14068,229,1,265.85,73,265.85,73.0,22,1,0,229,0.0,265.85,265.85,265.85,1.0,22.0,265.85,1,0.0,0.0,0.0,-0.9962525763537567,1
14071,169,2,356.81,295,178.405,147.5,22,2,4,174,66.46096636372361,225.4,131.41,178.405,1.0,11.0,71.362,1,9.0,131.41,0.8181818181818182,-0.26268131131047207,0
14075,170,1,307.92,270,307.92,270.0,18,1,0,170,0.0,307.92,307.92,307.92,1.0,18.0,307.92,1,0.0,0.0,0.0,-0.9967629159652984,0
14076,38,1,122.47,81,122.47,81.0,43,1,0,38,0.0,122.47,122.47,122.47,1.0,43.0,122.47,1,0.0,0.0,0.0,-0.9919008666072731,1
14077,91,3,310.4,148,103.46666666666665,49.333333333333336,30,3,91,183,18.430584183181317,117.11,82.5,110.78999999999999,1.0,10.0,3.3739130434782605,1,0.0,0.0,0.0,0.24463712267180474,0
14078,11,6,1049.37,310,174.89499999999998,51.666666666666664,46,6,271,282,50.13895601226655,243.92999999999998,111.28999999999999,168.225,1.0,7.666666666666667,3.85797794117647,1,0.0,0.0,0.0,0.4158439407066082,1
14079,34,1,375.1,301,375.1,301.0,12,1,0,34,0.0,375.1,375.1,375.1,1.0,12.0,375.1,1,0.0,0.0,0.0,-0.9973411326774794,1
14081,211,2,934.52,596,467.26,298.0,126,2,67,278,61.85770121819919,511.0,423.52,467.26,1.0,63.0,13.742941176470588,1,3.0,29.849999999999998,0.6,0.09350949204720371,1
14082,274,1,182.25,110,182.25,110.0,28,1,0,274,0.0,182.25,182.25,182.25,1.0,28.0,182.25,1,0.0,0.0,0.0,-0.9945429740791268,1
14083,35,7,548.92,401,78.41714285714285,57.285714285714285,92,6,245,281,107.5275621587764,309.54,14.399999999999999,37.67,1.1666666666666667,13.142857142857142,2.231382113821138,1,0.0,0.0,0.0,-0.7267602560372419,0
14085,50,12,3248.19,2197,270.6825,183.08333333333334,228,12,227,278,104.39073288067115,491.24,147.95,266.025,1.0,19.0,14.246447368421054,1,1.0,12.75,0.07692307692307693,-0.5397129746182895,0
14088,38,7,25507.89,7074,3643.9842857142858,1010.5714285714286,232,6,193,231,3676.959873939598,8801.51,33.16,1896.0300000000002,1.1666666666666667,33.142857142857146,131.48396907216494,1,1.0,76.32000000000001,0.125,0.4084093819840848,0
14090,234,1,76.32000000000001,72,76.32000000000001,72.0,1,1,0,234,0.0,76.32000000000001,76.32000000000001,76.32000000000001,1.0,1.0,76.32000000000001,1,0.0,0.0,0.0,-0.9870667356440765,1
14092,9,10,2745.42,1495,274.54200000000003,149.5,96,9,258,267,95.97211131944069,360.54,29.700000000000003,309.5,1.1111111111111112,9.6,10.600077220077221,1,3.0,13.81,0.23076923076923078,-0.07071023368603484,0
14096,0,3,244.68,97,81.56,32.333333333333336,56,3,10,11,52.36505323209363,119.62,21.84,103.22,1.0,18.666666666666668,22.243636363636366,1,17.0,8043.88,0.85,-0.022142624552263096,0
14099,29,8,2309.92,1726,288.74,215.75,143,8,234,264,77.71428660714285,403.81,200.59,251.365,1.0,17.875,9.829446808510639,1,2.0,11.2,0.2,0.07970851435791798,0
14100,47,1,194.9,64,194.9,64.0,24,1,0,47,0.0,194.9,194.9,194.9,1.0,24.0,194.9,1,0.0,0.0,0.0,-0.9948953547728433,1
14101,52,5,4944.389999999999,6406,988.8779999999999,1281.2,15,5,183,235,208.88687613155597,1224.6,751.5999999999999,1090.76,1.0,3.0,26.871684782608693,1,0.0,0.0,0.0,-0.2412084790077224,0
14104,64,2,216.20999999999998,72,108.10499999999999,36.0,21,2,11,75,4.4618437892871015,111.25999999999999,104.95,108.10499999999999,1.0,10.5,18.0175,1,0.0,0.0,0.0,-0.02905022789006026,1
14105,148,1,1266.23,800,1266.23,800.0,74,1,0,148,0.0,1266.23,1266.23,1266.23,1.0,74.0,1266.23,1,2.0,5.9,0.6666666666666666,-0.9992108772677415,1
14107,5,6,2461.94,1606,410.3233333333333,267.6666666666667,58,6,268,273,146.19186634921473,625.1,257.85,362.5,1.0,9.666666666666666,9.152193308550187,1,1.0,14.75,0.14285714285714285,0.045230496885835664,0
14108,11,1,291.33,209,291.33,209.0,16,1,0,11,0.0,291.33,291.33,291.33,1.0,16.0,291.33,1,1.0,3.75,0.5,-0.9965792084288304,0
14110,28,5,3259.62,1534,651.924,306.8,65,5,147,176,280.4022758110212,904.26,317.40000000000003,797.26,1.0,13.0,22.024459459459457,1,1.0,13.5,0.16666666666666666,-0.043985499690242985,0
14111,5,3,295.5,202,98.5,67.33333333333333,5,3,146,151,52.48228272474436,153.0,48.3,94.2,1.0,1.6666666666666667,2.010204081632653,1,1.0,4.25,0.25,0.3612141652613827,0
14112,40,4,1900.82,1148,475.205,287.0,89,3,145,185,275.1432743741583,748.32,115.6,518.45,1.3333333333333333,22.25,13.01931506849315,1,13.0,140.98000000000002,0.7647058823529411,-0.2125227413740522,0
14113,264,1,433.5,102,433.5,102.0,2,1,0,264,0.0,433.5,433.5,433.5,1.0,2.0,433.5,1,6.0,462.5,0.8571428571428571,-0.997698504027618,0
14114,183,2,386.53,101,193.265,50.5,15,2,56,240,2.637508293825835,195.13,191.39999999999998,193.265,1.0,7.5,6.781228070175438,1,0.0,0.0,0.0,-0.009625061285577939,1
14116,2,2,628.87,380,314.435,190.0,29,2,28,31,7.827672067735117,319.97,308.9,314.435,1.0,14.5,21.685172413793104,1,0.0,0.0,0.0,-0.017575055170114547,0
14117,53,1,90.0,72,90.0,72.0,3,1,0,53,0.0,90.0,90.0,90.0,1.0,3.0,90.0,1,0.0,0.0,0.0,-0.989010989010989,1
14127,32,3,709.71,321,236.57000000000002,107.0,39,3,187,220,90.34836080416734,314.63,137.6,257.48,1.0,13.0,3.775053191489362,1,0.0,0.0,0.0,-0.2740217528949923,1
14128,165,1,305.54,269,305.54,269.0,22,1,0,165,0.0,305.54,305.54,305.54,1.0,22.0,305.54,1,0.0,0.0,0.0,-0.996737782997325,0
14129,5,3,726.23,355,242.07666666666668,118.33333333333333,28,2,165,170,166.40355054304985,358.90000000000003,51.550000000000004,315.78,1.5,9.333333333333334,4.374879518072289,1,0.0,0.0,0.0,0.011591931025947706,0
14130,228,1,483.86,258,483.86,258.0,66,1,0,228,0.0,483.86,483.86,483.86,1.0,66.0,483.86,1,0.0,0.0,0.0,-0.9979375489832116,1
14132,23,5,1552.46,1420,310.492,284.0,48,5,69,93,15.611243384176666,338.12,301.06,304.5,1.0,9.6,22.178,1,1.0,5.9,0.16666666666666666,-0.1753376334118677,0
14133,39,3,605.64,348,201.88,116.0,25,2,186,225,159.5747498823044,318.0,19.919999999999998,267.71999999999997,1.5,8.333333333333334,3.238716577540107,1,2.0,15.3,0.4,-0.05004615587498354,1
14135,14,10,3190.32,3364,319.03200000000004,336.4,82,9,267,282,215.27915880962044,748.86,25.200000000000003,314.175,1.1111111111111112,8.2,11.904179104477613,1,0.0,0.0,0.0,-0.13583720842786057,0
14141,14,1,285.16,140,285.16,140.0,16,1,0,14,0.0,285.16,285.16,285.16,1.0,16.0,285.16,1,6.0,36.1,0.8571428571428571,-0.9965054514956667,0
14142,282,1,311.81,313,311.81,313.0,22,1,0,282,0.0,311.81,311.81,311.81,1.0,22.0,311.81,1,0.0,0.0,0.0,-0.9968031712541159,1
14143,43,1,115.8,30,115.8,30.0,7,1,0,43,0.0,115.8,115.8,115.8,1.0,7.0,115.8,1,0.0,0.0,0.0,-0.9914383561643836,1
14145,66,3,2851.2,576,950.4,192.0,6,3,60,126,308.6514539087739,1128.6,594.0,1128.6,1.0,2.0,46.74098360655737,1,1.0,594.0,0.25,0.20826029030222287,0
14146,164,2,1903.73,811,951.865,405.5,62,2,102,266,409.5067501885654,1241.43,662.3,951.865,1.0,31.0,18.48281553398058,1,35.0,1241.43,0.9459459459459459,-0.30404834280974213,0
14147,195,1,182.8,40,182.8,40.0,2,1,0,195,0.0,182.8,182.8,182.8,1.0,2.0,182.8,1,1.0,15.0,0.5,-0.9945593035908596,0
14148,143,1,157.2,16,157.2,16.0,3,1,0,143,0.0,157.2,157.2,157.2,1.0,3.0,157.2,1,0.0,0.0,0.0,-0.9936788874841972,1
14149,130,1,446.62,218,446.62,218.0,28,1,0,130,0.0,446.62,446.62,446.62,1.0,28.0,446.62,1,12.0,187.19,0.9230769230769231,-0.9977659622000804,1
14150,269,1,306.18,262,306.18,262.0,12,1,0,269,0.0,306.18,306.18,306.18,1.0,12.0,306.18,1,0.0,0.0,0.0,-0.9967445797252426,0
14152,143,1,314.51,369,314.51,369.0,29,1,0,143,0.0,314.51,314.51,314.51,1.0,29.0,314.51,1,1.0,10.2,0.5,-0.9968305283509239,0
14154,148,2,1345.62,465,672.81,232.5,52,1,0,148,357.8950262297592,925.88,419.74,672.81,2.0,26.0,1345.62,1,0.0,0.0,0.0,0.3758595594896853,1
14155,175,1,118.75,25,118.75,25.0,6,1,0,175,0.0,118.75,118.75,118.75,1.0,6.0,118.75,1,0.0,0.0,0.0,-0.9916492693110647,1
14156,2,42,98858.34,48833,2353.77,1162.6904761904761,642,31,278,281,3582.659986510908,16774.72,34.68,958.46,1.3548387096774193,15.285714285714286,354.33096774193547,1,20.0,3995.4900000000002,0.3225806451612903,0.22120560384077012,0
14157,194,1,277.17,199,277.17,199.0,36,1,0,194,0.0,277.17,277.17,277.17,1.0,36.0,277.17,1,1.0,32.45,0.5,-0.996405076032642,0
14159,5,7,2759.89,2528,394.27,361.14285714285717,399,7,267,272,124.28900192696054,575.68,193.22,419.48,1.0,57.0,10.298097014925373,1,8.0,14.71,0.5333333333333333,0.5272611368073339,0
14161,125,3,1110.52,455,370.17333333333335,151.66666666666666,87,3,153,278,168.44498043377052,564.33,263.04,283.15,1.0,29.0,7.211168831168831,1,0.0,0.0,0.0,0.48961782064200376,1
14162,83,2,289.36,142,144.68,71.0,25,2,118,202,46.66904755831214,177.68,111.68,144.68,1.0,12.5,2.431596638655462,1,0.0,0.0,0.0,-0.2273040363686458,1
14163,61,3,1659.39,589,553.13,196.33333333333334,31,3,86,148,310.91847211125946,909.6,337.92,411.87,1.0,10.333333333333334,19.07344827586207,1,0.0,0.0,0.0,0.09624847174459016,0
14165,185,1,122.53999999999999,54,122.53999999999999,54.0,23,1,0,185,0.0,122.53999999999999,122.53999999999999,122.53999999999999,1.0,23.0,122.53999999999999,1,0.0,0.0,0.0,-0.9919054557228428,1
14167,74,3,402.1,106,134.03333333333333,35.333333333333336,23,3,166,240,20.419986124709613,148.35,110.65,143.1,1.0,7.666666666666667,2.4077844311377246,1,0.0,0.0,0.0,-0.28752170677251304,0
14171,7,1,363.79,167,363.79,167.0,57,1,0,7,0.0,363.79,363.79,363.79,1.0,57.0,363.79,1,0.0,0.0,0.0,-0.9972586967844513,1
14173,128,1,114.04,40,114.04,40.0,11,1,0,128,0.0,114.04,114.04,114.04,1.0,11.0,114.04,1,0.0,0.0,0.0,-0.991307371349096,0
14175,80,2,1205.99,626,602.995,313.0,58,2,158,239,396.5666960928515,883.41,322.58,602.995,1.0,29.0,7.584842767295598,1,15.0,114.24,0.8823529411764706,0.46465173696550915,0
14176,206,4,576.9000000000001,209,144.22500000000002,52.25,28,3,70,277,68.96197623811739,230.15,66.0,140.375,1.3333333333333333,7.0,8.125352112676058,1,1.0,2.9,0.2,0.44609794082021104,1
14177,5,3,309.41,145,103.13666666666667,48.333333333333336,37,2,84,89,89.10973366211648,183.83,7.5,118.08,1.5,12.333333333333334,3.640117647058824,1,1.0,4.95,0.25,0.23597822235108407,0
14178,7,3,493.36,396,164.45333333333335,132.0,87,3,84,91,43.211755730742226,197.37,115.52,180.47000000000003,1.0,29.0,5.804235294117647,1,0.0,0.0,0.0,-0.2678614774658143,0
14180,0,22,4258.92,635,193.58727272727273,28.863636363636363,107,21,281,281,74.76022269208204,382.1,97.5,181.2,1.0476190476190477,4.863636363636363,15.102553191489362,1,8.0,107.75,0.26666666666666666,-0.35968281094480653,0
14185,240,1,197.65,6,197.65,6.0,3,1,0,240,0.0,197.65,197.65,197.65,1.0,3.0,197.65,1,0.0,0.0,0.0,-0.9949660206393154,1
14188,18,4,1383.46,783,345.865,195.75,25,4,200,219,44.95004152760408,398.0,293.1,346.18,1.0,6.25,6.882885572139304,1,6.0,35.45,0.6,-0.09992343585224558,0
14189,5,11,3267.92,2720,297.08363636363634,247.27272727272728,125,10,272,278,97.71724210933579,429.43,51.36,314.1,1.1,11.363636363636363,11.97040293040293,1,12.0,49.769999999999996,0.5217391304347826,0.09444709567685963,0
14191,17,7,2258.26,1388,322.60857142857145,198.28571428571428,71,7,112,130,87.76826237856359,417.94,150.32,355.45,1.0,10.142857142857142,19.984601769911507,1,4.0,24.75,0.36363636363636365,0.3031346547099492,0
14193,179,1,422.53999999999996,250,422.53999999999996,250.0,23,1,0,179,0.0,422.53999999999996,422.53999999999996,422.53999999999996,1.0,23.0,422.53999999999996,1,0.0,0.0,0.0,-0.997638947915191,0
14194,15,12,5666.45,3243,472.20416666666665,270.25,203,8,201,217,226.33787814031615,780.35,81.84,512.5350000000001,1.5,16.916666666666668,28.051732673267328,1,25.0,132.77,0.6756756756756757,0.033865318617720463,0
14195,111,2,1012.0,760,506.0,380.0,7,2,50,161,455.9424525090858,828.4,183.60000000000002,506.0,1.0,3.5,19.84313725490196,1,1.0,49.3,0.3333333333333333,-0.6365251727541954,1
14196,16,1,335.52,142,335.52,142.0,6,1,0,16,0.0,335.52,335.52,335.52,1.0,6.0,335.52,1,0.0,0.0,0.0,-0.9970284084155474,1
14198,54,2,356.95,167,178.475,83.5,21,2,94,148,6.823580438450198,183.3,173.65,178.47500000000002,1.0,10.5,3.7573684210526315,1,5.0,37.9,0.7142857142857143,-0.026959072496158698,0
14199,127,1,185.39999999999998,28,185.39999999999998,28.0,2,1,0,127,0.0,185.39999999999998,185.39999999999998,185.39999999999998,1.0,2.0,185.39999999999998,1,0.0,0.0,0.0,-0.9946351931330472,1
14201,58,5,521.24,360,104.248,72.0,19,5,210,268,54.161788375200466,187.98000000000002,46.839999999999996,109.04,1.0,3.8,2.4703317535545026,1,2.0,59.400000000000006,0.2857142857142857,0.7405790441176471,0
14205,173,1,222.9,126,222.9,126.0,14,1,0,173,0.0,222.9,222.9,222.9,1.0,14.0,222.9,1,15.0,247.92000000000002,0.9375,-0.9955337204108977,0
14206,148,1,328.15999999999997,276,328.15999999999997,276.0,20,1,0,148,0.0,328.15999999999997,328.15999999999997,328.15999999999997,1.0,20.0,328.15999999999997,1,1.0,19.9,0.5,-0.9969619637866083,1
14208,4,1,151.74,114,151.74,114.0,10,1,0,4,0.0,151.74,151.74,151.74,1.0,10.0,151.74,1,0.0,0.0,0.0,-0.9934529265418358,1
14209,30,5,1876.33,657,375.26599999999996,131.4,54,5,211,241,52.21116049275289,438.5,314.6,354.68,1.0,10.8,8.85061320754717,1,1.0,6.300000000000001,0.16666666666666666,0.18069811913728537,0
14210,15,6,1905.8400000000001,760,317.64000000000004,126.66666666666667,66,6,265,281,22.96752751168485,363.66,304.95000000000005,307.485,1.0,11.0,7.164812030075188,1,1.0,4.95,0.14285714285714285,-0.02566549894065577,1
14211,6,6,1129.93,593,188.3216666666667,98.83333333333333,53,6,198,204,70.90914593101984,319.9,138.79,153.0,1.0,8.833333333333334,5.678040201005025,1,6.0,32.8,0.5,-0.6099847028551721,0
14214,65,3,899.16,671,299.71999999999997,223.66666666666666,56,3,121,187,298.32294866469795,638.65,76.95,183.56,1.0,18.666666666666668,7.3701639344262295,1,3.0,4.15,0.5,-0.420080874511198,0
14215,96,4,1098.27,589,274.5675,147.25,58,4,181,277,214.43151468864522,596.0600000000001,160.05,171.07999999999998,1.0,14.5,6.03445054945055,1,1.0,11.8,0.2,-0.6785866984453319,0
14217,9,10,1211.5,380,121.15,38.0,54,10,266,275,38.63647844546222,202.24,69.7,115.55,1.0,5.4,4.537453183520599,1,7.0,79.62,0.4117647058823529,-0.0262268041237113,0
14220,156,2,632.4,272,316.2,136.0,21,2,110,267,4.553767670841345,319.42,312.98,316.20000000000005,1.0,10.5,5.697297297297297,1,0.0,0.0,0.0,0.010167350805178398,1
14221,22,7,2617.0099999999998,1546,373.8585714285714,220.85714285714286,91,5,226,248,281.51537977101543,759.85,17.4,357.78,1.4,13.0,11.528678414096916,1,1.0,4.95,0.125,0.7605433134327219,0
14222,86,1,683.17,607,683.17,607.0,41,1,0,86,0.0,683.17,683.17,683.17,1.0,41.0,683.17,1,0.0,0.0,0.0,-0.9985383749652864,1
14223,1,3,991.13,585,330.37666666666667,195.0,50,3,171,173,23.671206841505455,351.69,304.9,334.54,1.0,16.666666666666668,5.762383720930233,1,1.0,15.9,0.25,0.38435487284932424,1
14224,19,4,1050.12,514,262.53,128.5,105,4,209,229,76.13379363550285,368.18,186.62,247.66,1.0,26.25,5.000571428571428,1,0.0,0.0,0.0,0.5342111271786285,1
14226,119,2,1709.4,1087,854.7,543.5,40,2,58,178,181.86786412118002,983.3,726.1,854.7,1.0,20.0,28.972881355932206,1,6.0,30.55,0.75,-0.1503741814780168,0
14227,105,7,2399.52,1279,342.7885714285714,182.71428571428572,104,4,88,194,307.6767971117621,797.48,17.4,282.94,1.75,14.857142857142858,26.960898876404496,1,8.0,35.25,0.5333333333333333,0.13224634662489795,0
14229,201,2,762.13,303,381.065,151.5,23,2,41,243,107.34588045192982,456.97,305.15999999999997,381.065,1.0,11.5,18.14595238095238,1,3.0,96.6,0.6,-0.1989307195366452,0
14231,93,3,925.71,409,308.57,136.33333333333334,47,3,104,198,0.7019259220174262,309.0,307.76,308.95,1.0,15.666666666666666,8.816285714285714,1,4.0,103.65,0.5714285714285714,0.33215353238877315,1
14232,24,4,1573.33,1503,393.3325,375.75,71,4,149,174,201.49373180903999,693.1800000000001,257.59999999999997,311.275,1.0,17.75,10.488866666666667,1,3.0,4.14,0.42857142857142855,0.11876163193231401,0
14233,121,3,959.1,410,319.7,136.66666666666666,15,3,105,227,214.7497206051733,530.1,100.85000000000001,328.15000000000003,1.0,5.0,9.04811320754717,1,1.0,15.209999999999999,0.25,-0.3153838141860223,0
14235,67,4,2802.86,1841,700.715,460.25,62,3,102,169,325.46229423186134,1088.5,414.24,650.0600000000001,1.3333333333333333,15.5,27.21223300970874,1,1.0,51.0,0.2,0.09763682922827815,0
14236,281,1,189.3,38,189.3,38.0,3,1,0,281,0.0,189.3,189.3,189.3,1.0,3.0,189.3,1,0.0,0.0,0.0,-0.9947451392538098,0
14237,282,1,161.0,38,161.0,38.0,9,1,0,282,0.0,161.0,161.0,161.0,1.0,9.0,161.0,1,0.0,0.0,0.0,-0.9938271604938271,1
14238,235,1,146.85,111,146.85,111.0,8,1,0,235,0.0,146.85,146.85,146.85,1.0,8.0,146.85,1,0.0,0.0,0.0,-0.9932363882313155,1
14239,4,9,1880.89,803,208.98777777777778,89.22222222222223,71,9,221,225,122.79265152868247,430.5,35.400000000000006,159.60000000000002,1.0,7.888888888888889,8.472477477477478,1,4.0,57.35,0.3076923076923077,-0.3392281164148808,0
14240,135,1,226.85,79,226.85,79.0,10,1,0,135,0.0,226.85,226.85,226.85,1.0,10.0,226.85,1,0.0,0.0,0.0,-0.9956111476848803,0
14241,93,1,213.70000000000002,146,213.70000000000002,146.0,10,1,0,93,0.0,213.70000000000002,213.70000000000002,213.70000000000002,1.0,10.0,213.70000000000002,1,0.0,0.0,0.0,-0.9953423381462506,1
14242,144,2,280.55,123,140.275,61.5,13,2,91,235,2.722361107568214,142.2,138.35,140.27499999999998,1.0,6.5,3.0494565217391307,1,0.0,0.0,0.0,0.013674302965725428,1
14243,4,8,2305.95,1031,288.24375,128.875,93,8,270,275,59.433683315944656,373.27,213.3,289.13,1.0,11.625,8.509040590405903,1,7.0,52.89,0.4666666666666667,-0.31218275211859814,0
14245,129,2,1693.45,976,846.725,488.0,107,2,43,173,223.97607294083892,1005.1,688.35,846.725,1.0,53.5,38.487500000000004,1,4.0,15.97,0.6666666666666666,-0.18693381333175957,1
14246,20,3,1474.06,804,491.3533333333333,268.0,57,3,135,155,37.00435154591057,520.23,449.64,504.19,1.0,19.0,10.838676470588235,1,0.0,0.0,0.0,0.3896655051319947,1
14247,187,1,136.76999999999998,47,136.76999999999998,47.0,19,1,0,187,0.0,136.76999999999998,136.76999999999998,136.76999999999998,1.0,19.0,136.76999999999998,1,0.0,0.0,0.0,-0.9927415257312913,1
14248,227,1,302.58,102,302.58,102.0,8,1,0,227,0.0,302.58,302.58,302.58,1.0,8.0,302.58,1,0.0,0.0,0.0,-0.9967059753606957,1
14256,169,2,969.0600000000001,414,484.53000000000003,207.0,51,2,104,274,55.621019408133826,523.86,445.2,484.53,1.0,25.5,9.229142857142858,1,1.0,34.0,0.3333333333333333,-0.08108776776694228,1
14257,32,4,2725.84,1338,681.46,334.5,84,4,195,228,489.36310002560134,1388.92,306.33000000000004,515.295,1.0,21.0,13.907346938775511,1,1.0,12.450000000000001,0.2,0.5447917736280824,0
14258,61,7,9386.32,5420,1340.902857142857,774.2857142857143,52,6,185,247,960.4307875412694,3120.2200000000003,79.80000000000001,1165.96,1.1666666666666667,7.428571428571429,50.46408602150537,1,1.0,19.9,0.125,-0.29262878009911236,0
14259,51,1,120.0,68,120.0,68.0,5,1,0,51,0.0,120.0,120.0,120.0,1.0,5.0,120.0,1,0.0,0.0,0.0,-0.9917355371900827,1
14262,16,3,855.0,593,285.0,197.66666666666666,42,3,133,150,39.02242944769072,309.5,240.0,305.5,1.0,14.0,6.380597014925373,1,0.0,0.0,0.0,0.4380841121495327,0
14264,64,2,333.97,70,166.985,35.0,15,2,90,155,72.52794254630417,218.27,115.7,166.985,1.0,7.5,3.6700000000000004,1,2.0,14.5,0.5,0.30620652595754844,1
14265,18,2,530.18,330,265.09,165.0,31,2,39,58,18.44134485334513,278.13,252.05,265.09000000000003,1.0,15.5,13.254499999999998,1,0.0,0.0,0.0,0.04909823412026053,1
14267,72,3,1516.24,530,505.41333333333336,176.66666666666666,25,2,97,170,151.09256544692505,679.88,418.18,418.18,1.5,8.333333333333334,15.471836734693877,1,11.0,237.15,0.7857142857142857,-0.10313463921330839,1
14270,241,1,492.65000000000003,197,492.65000000000003,197.0,29,1,0,241,0.0,492.65000000000003,492.65000000000003,492.65000000000003,1.0,29.0,492.65000000000003,1,0.0,0.0,0.0,-0.9979742732705358,1
14271,135,1,112.32,88,112.32,88.0,10,1,0,135,0.0,112.32,112.32,112.32,1.0,10.0,112.32,1,0.0,0.0,0.0,-0.9911754324038122,1
14272,163,1,132.09,87,132.09,87.0,8,1,0,163,0.0,132.09,132.09,132.09,1.0,8.0,132.09,1,0.0,0.0,0.0,-0.9924862874746412,0
14273,45,3,450.05,196,150.01666666666668,65.33333333333333,18,3,106,151,70.52117294354466,231.35,105.9,112.8,1.0,6.0,4.20607476635514,1,0.0,0.0,0.0,0.02804567121161735,0
14276,8,3,1119.74,744,373.24666666666667,248.0,52,3,191,199,29.523660567980603,399.34,341.2,379.2,1.0,17.333333333333332,5.831979166666667,1,11.0,100.35,0.7857142857142857,0.39022431607687774,1
14277,121,1,1637.43,859,1637.43,859.0,71,1,0,121,0.0,1637.43,1637.43,1637.43,1.0,71.0,1637.43,1,3.0,259.2,0.75,-0.9993896596131663,0
14280,106,1,134.04,52,134.04,52.0,8,1,0,106,0.0,134.04,134.04,134.04,1.0,8.0,134.04,1,0.0,0.0,0.0,-0.9925947867298578,1
14282,19,9,2495.44,1800,277.2711111111111,200.0,58,9,257,277,206.19325064393138,664.0,102.24,214.2,1.0,6.444444444444445,9.672248062015504,1,0.0,0.0,0.0,0.28313919020685463,0
14285,86,1,5.9,2,5.9,2.0,1,1,0,86,0.0,5.9,5.9,5.9,1.0,1.0,5.9,1,0.0,0.0,0.0,-0.855072463768116,0
14286,152,1,2050.08,1998,2050.08,1998.0,141,1,0,152,0.0,2050.08,2050.08,2050.08,1.0,141.0,2050.08,1,5.0,32.94,0.8333333333333334,-0.9995124519765197,0
14287,108,2,83.28,216,41.64,108.0,4,1,0,108,34.45024237940859,66.0,17.28,41.64,2.0,2.0,83.28,1,2.0,25.4,0.5,-0.5780730897009967,0
14288,122,1,426.6,188,426.6,188.0,16,1,0,122,0.0,426.6,426.6,426.6,1.0,16.0,426.6,1,1.0,12.75,0.5,-0.9976613657623947,1
14289,44,5,832.78,278,166.55599999999998,55.6,33,5,154,199,88.08056244143768,322.24,109.26,129.3,1.0,6.6,5.372774193548387,1,0.0,0.0,0.0,-0.12749166446784524,0
14290,271,1,777.5600000000001,220,777.5600000000001,220.0,23,1,0,271,0.0,777.5600000000001,777.5600000000001,777.5600000000001,1.0,23.0,777.5600000000001,1,2.0,7.2,0.6666666666666666,-0.9987155774763666,0
14291,30,7,2355.54,1478,336.5057142857143,211.14285714285714,96,4,154,184,363.0107876660207,984.88,16.5,325.32,1.75,13.714285714285714,15.197032258064516,1,1.0,9.95,0.125,-0.3697709353543755,0
14292,55,4,2590.21,825,647.5525,206.25,50,3,137,192,522.4925336228899,1353.1000000000001,111.9,562.605,1.3333333333333333,12.5,18.76963768115942,1,8.0,52.6,0.6666666666666666,0.6422520752852914,0
14293,56,3,739.41,427,246.47,142.33333333333334,40,3,221,278,111.67624143030604,364.92,143.1,231.39,1.0,13.333333333333334,3.3306756756756757,1,0.0,0.0,0.0,-0.3736173201334397,0
14297,184,1,232.6,78,232.6,78.0,11,1,0,184,0.0,232.6,232.6,232.6,1.0,11.0,232.6,1,2.0,21.270000000000003,0.6666666666666666,-0.9957191780821918,0
14298,8,37,41182.51,47694,1113.0408108108109,1289.027027027027,720,19,261,269,1267.8843975505426,5590.67,25.200000000000003,723.6,1.9473684210526316,19.45945945945946,157.18515267175573,1,3.0,664.86,0.075,0.16227975711637982,0
14299,17,5,2437.14,922,487.428,184.4,70,5,258,275,268.3695920181719,871.2,175.2,429.24,1.0,14.0,9.40980694980695,1,19.0,1110.27,0.7916666666666666,-0.28494672168128166,0
14301,26,1,640.14,606,640.14,606.0,13,1,0,26,0.0,640.14,640.14,640.14,1.0,13.0,640.14,1,3.0,8.1,0.75,-0.9984402782543594,1
14304,132,1,383.45,139,383.45,139.0,17,1,0,132,0.0,383.45,383.45,383.45,1.0,17.0,383.45,1,10.0,186.35000000000002,0.9090909090909091,-0.9973988815190532,1
14305,23,2,1048.45,582,524.225,291.0,62,2,21,44,735.3556970949502,1044.2,4.25,524.225,1.0,31.0,47.65681818181818,1,5.0,55.2,0.7142857142857143,-0.9909476392396017,0
14307,44,4,2307.89,1711,576.9725,427.75,119,4,238,283,158.18840673386904,783.11,424.42,550.1800000000001,1.0,29.75,9.656443514644351,1,0.0,0.0,0.0,-0.10101390711554038,0
14309,3,7,1633.7,1200,233.3857142857143,171.42857142857142,62,7,264,267,74.90656665854753,347.49,147.75,207.22,1.0,8.857142857142858,6.164905660377359,1,6.0,32.85,0.46153846153846156,-0.14562916743133292,0
14311,152,1,310.26,146,310.26,146.0,20,1,0,152,0.0,310.26,310.26,310.26,1.0,20.0,310.26,1,7.0,80.55,0.875,-0.9967872518152028,1
14312,0,5,1047.19,480,209.43800000000002,96.0,51,5,245,246,74.88014269484268,309.55,126.82,192.6,1.0,10.2,4.256869918699187,1,0.0,0.0,0.0,-0.13437449317394742,0
14314,16,1,120.0,296,120.0,296.0,8,1,0,16,0.0,120.0,120.0,120.0,1.0,8.0,120.0,1,0.0,0.0,0.0,-0.9917355371900827,1
14315,38,5,1550.15,689,310.03000000000003,137.8,49,5,137,175,184.2384718238837,530.4,20.8,325.8,1.0,9.8,11.232971014492755,1,3.0,24.15,0.375,0.3154756148663895,0
14320,116,2,477.79,325,238.895,162.5,29,2,126,242,160.6758738890192,352.51,125.28,238.89499999999998,1.0,14.5,3.7621259842519685,1,11.0,134.68,0.8461538461538461,-0.47459220117379225,1
14321,26,3,900.65,1516,300.21666666666664,505.3333333333333,75,3,216,243,26.550160702589608,326.82,273.72,300.11,1.0,25.0,4.150460829493087,1,0.0,0.0,0.0,0.27395330782454397,0
14323,24,2,605.0600000000001,350,302.53000000000003,175.0,32,2,123,148,3.8325187540311187,305.24,299.82,302.53,1.0,16.0,4.879516129032258,1,5.0,30.800000000000004,0.7142857142857143,0.008943008943008968,1
14326,151,1,183.85,103,183.85,103.0,8,1,0,151,0.0,183.85,183.85,183.85,1.0,8.0,183.85,1,1.0,17.0,0.5,-0.9945902082769813,1
14327,72,1,311.65,139,311.65,139.0,12,1,0,72,0.0,311.65,311.65,311.65,1.0,12.0,311.65,1,0.0,0.0,0.0,-0.9968015352630737,1
14329,18,4,3485.03,2184,871.2575,546.0,169,4,220,238,507.93256785883165,1547.58,399.35,769.05,1.0,42.25,15.769366515837104,1,10.0,86.1,0.7142857142857143,-0.21978296228087532,0
14331,33,2,462.65999999999997,252,231.32999999999998,126.0,27,2,10,44,215.42715195629359,383.66,79.0,231.33,1.0,13.5,42.059999999999995,1,0.0,0.0,0.0,-0.6570763059138163,1
14332,57,1,119.04,48,119.04,48.0,2,1,0,57,0.0,119.04,119.04,119.04,1.0,2.0,119.04,1,0.0,0.0,0.0,-0.991669443518827,0
14334,3,7,2328.71,1597,332.67285714285714,228.14285714285714,96,7,264,267,35.41980129545511,370.45,268.68,335.28,1.0,13.714285714285714,8.787584905660378,1,1.0,12.75,0.125,-0.12312691279172086,0
14335,5,1,359.25,340,359.25,340.0,40,1,0,5,0.0,359.25,359.25,359.25,1.0,40.0,359.25,1,0.0,0.0,0.0,-0.9972241498959056,0
14336,107,3,1114.39,989,371.46333333333337,329.6666666666667,53,3,77,185,153.3321832927887,534.4200000000001,230.03,349.94,1.0,17.666666666666668,14.287051282051284,1,0.0,0.0,0.0,0.04083773388680188,0
14338,70,2,588.22,335,294.11,167.5,30,2,35,105,404.267088939973,579.97,8.25,294.11,1.0,15.0,16.339444444444446,1,3.0,34.0,0.6,-0.9702997182716133,1
14339,152,1,309.52,168,309.52,168.0,14,1,0,152,0.0,309.52,309.52,309.52,1.0,14.0,309.52,1,4.0,19.61,0.8,-0.996779595517197,1
14340,128,1,134.7,58,134.7,58.0,6,1,0,128,0.0,134.7,134.7,134.7,1.0,6.0,134.7,1,0.0,0.0,0.0,-0.9926308032424466,1
14341,39,6,1139.52,709,189.92,118.16666666666667,54,4,188,227,87.78229935471046,321.29,111.15,172.115,1.5,9.0,6.0292063492063495,1,1.0,15.9,0.14285714285714285,0.4105671097394171,0
14342,46,2,419.74,176,209.87,88.0,11,2,73,119,141.03951857546878,309.6,110.14,209.87,1.0,5.5,5.672162162162162,1,3.0,60.85000000000001,0.6,-0.4740694966012265,0
14344,36,8,889.9300000000001,477,111.24125000000001,59.625,56,8,241,278,98.22476723420772,322.8,15.0,99.92500000000001,1.0,7.0,3.677396694214876,1,0.0,0.0,0.0,-0.31296510388021503,1
14346,30,2,1021.58,605,510.79,302.5,55,2,176,206,351.2199382153582,759.14,262.44,510.78999999999996,1.0,27.5,5.771638418079096,1,0.0,0.0,0.0,0.48573216765436444,1
14348,169,1,409.57,183,409.57,183.0,18,1,0,169,0.0,409.57,409.57,409.57,1.0,18.0,409.57,1,0.0,0.0,0.0,-0.9975643617409943,1
14350,183,1,282.93,183,282.93,183.0,18,1,0,183,0.0,282.93,282.93,282.93,1.0,18.0,282.93,1,3.0,24.229999999999997,0.75,-0.9964780051421125,1
14351,74,1,51.0,12,51.0,12.0,1,1,0,74,0.0,51.0,51.0,51.0,1.0,1.0,51.0,1,0.0,0.0,0.0,-0.9807692307692307,1
14352,66,4,1078.96,538,269.74,134.5,44,3,116,182,241.13867213700914,614.02,54.9,205.02,1.3333333333333333,11.0,9.221880341880341,1,0.0,0.0,0.0,-0.5663913478276974,1
14353,124,1,90.6,64,90.6,64.0,6,1,0,124,0.0,90.6,90.6,90.6,1.0,6.0,90.6,1,0.0,0.0,0.0,-0.9890829694323144,1
14355,275,1,174.4,92,174.4,92.0,11,1,0,275,0.0,174.4,174.4,174.4,1.0,11.0,174.4,1,0.0,0.0,0.0,-0.9942987457240593,1
14360,4,1,1134.69,745,1134.69,745.0,71,1,0,4,0.0,1134.69,1134.69,1134.69,1.0,71.0,1134.69,1,0.0,0.0,0.0,-0.9991194780265742,0
14364,18,8,3717.35,1967,464.66875,245.875,61,7,102,120,154.8997808204204,719.15,315.6,398.70000000000005,1.1428571428571428,7.625,36.09077669902913,1,0.0,0.0,0.0,-0.5106162679683193,1
14367,47,10,5448.45,2573,544.845,257.3,209,7,138,185,368.41865805840445,1037.3700000000001,61.95000000000001,468.13,1.4285714285714286,20.9,39.19748201438849,1,9.0,93.7,0.47368421052631576,-0.03849379295158227,0
14368,229,1,155.0,36,155.0,36.0,8,1,0,229,0.0,155.0,155.0,155.0,1.0,8.0,155.0,1,0.0,0.0,0.0,-0.9935897435897436,1
14371,204,1,100.5,34,100.5,34.0,4,1,0,204,0.0,100.5,100.5,100.5,1.0,4.0,100.5,1,0.0,0.0,0.0,-0.9901477832512315,1
14373,267,1,76.55,17,76.55,17.0,4,1,0,267,0.0,76.55,76.55,76.55,1.0,4.0,76.55,1,0.0,0.0,0.0,-0.9871050934880722,1
14375,94,1,257.68,194,257.68,194.0,57,1,0,94,0.0,257.68,257.68,257.68,1.0,57.0,257.68,1,0.0,0.0,0.0,-0.9961342198855729,1
14377,100,2,617.05,219,308.525,109.5,11,2,70,171,8.591347391416557,314.6,302.45,308.525,1.0,5.5,8.690845070422535,1,0.0,0.0,0.0,-0.01965860367284206,1
14379,204,1,110.98,128,110.98,128.0,17,1,0,204,0.0,110.98,110.98,110.98,1.0,17.0,110.98,1,0.0,0.0,0.0,-0.9910698338989106,0
14383,73,1,242.09,201,242.09,201.0,15,1,0,73,0.0,242.09,242.09,242.09,1.0,15.0,242.09,1,0.0,0.0,0.0,-0.9958862972561603,0
14386,206,1,142.4,54,142.4,54.0,7,1,0,206,0.0,142.4,142.4,142.4,1.0,7.0,142.4,1,0.0,0.0,0.0,-0.99302649930265,1
14387,18,1,440.76,209,440.76,209.0,40,1,0,18,0.0,440.76,440.76,440.76,1.0,40.0,440.76,1,0.0,0.0,0.0,-0.9977363274176023,0
14388,0,6,2277.77,1389,379.62833333333333,231.5,93,6,281,282,63.2105502006324,458.94,312.8,368.29999999999995,1.0,15.5,8.077198581560284,1,5.0,40.8,0.45454545454545453,0.3726878974183441,0
14389,100,1,311.14,189,311.14,189.0,19,1,0,100,0.0,311.14,311.14,311.14,1.0,19.0,311.14,1,17.0,43.74,0.9444444444444444,-0.9967963093483693,0
14390,53,4,1592.66,740,398.165,185.0,95,4,228,282,157.62244859156328,556.58,223.7,406.19,1.0,23.75,6.954847161572053,1,5.0,60.35,0.5555555555555556,0.718635091550268,0
14393,127,1,67.95,13,67.95,13.0,5,1,0,127,0.0,67.95,67.95,67.95,1.0,5.0,67.95,1,0.0,0.0,0.0,-0.9854967367657723,1
14395,87,6,1966.22,972,327.7033333333333,162.0,114,6,194,281,74.19837428587414,388.21000000000004,188.13,350.26,1.0,19.0,10.083179487179487,1,3.0,35.8,0.3333333333333333,0.29864478807657513,0
14396,280,1,110.35000000000001,39,110.35000000000001,39.0,34,1,0,280,0.0,110.35000000000001,110.35000000000001,110.35000000000001,1.0,34.0,110.35000000000001,1,0.0,0.0,0.0,-0.9910193084867535,0
14397,3,10,1036.12,764,103.612,76.4,16,10,119,123,52.153079977227726,180.12,45.0,94.97999999999999,1.0,1.6,8.634333333333332,1,8.0,56.28,0.4444444444444444,0.2680885529157668,0
14400,58,1,574.7,454,574.7,454.0,25,1,0,58,0.0,574.7,574.7,574.7,1.0,25.0,574.7,1,1.0,15.0,0.5,-0.9982629841931562,1
14401,5,10,3079.38,3549,307.938,354.9,78,10,264,269,52.82459397751097,428.44,227.92000000000002,307.38,1.0,7.8,11.620301886792454,1,1.0,11.5,0.09090909090909091,0.6412001116745336,0
14403,39,4,1475.81,519,368.9525,129.75,17,4,116,156,285.2812279576068,790.7,185.31,249.89999999999998,1.0,4.25,12.613760683760683,1,6.0,49.5,0.6,-0.3224585423988191,1
14404,18,5,1347.52,781,269.504,156.2,64,5,260,278,77.0379093693488,314.7,133.48,307.5,1.0,12.8,5.162911877394636,1,1.0,39.6,0.16666666666666666,-0.0738884109987246,0
14406,28,1,156.75,77,156.75,77.0,8,1,0,28,0.0,156.75,156.75,156.75,1.0,8.0,156.75,1,0.0,0.0,0.0,-0.993660855784469,1
14407,16,6,2157.73,1415,359.62166666666667,235.83333333333334,67,6,169,186,208.02510544803644,645.5,15.0,355.9,1.0,11.166666666666666,12.692529411764706,1,3.0,46.65,0.3333333333333333,0.07058316695464457,1
14408,4,6,2298.31,1454,383.0516666666667,242.33333333333334,59,6,169,173,214.13114163210048,781.19,133.53,352.82000000000005,1.0,9.833333333333334,13.519470588235293,1,0.0,0.0,0.0,0.058595839621451665,0
14409,32,5,1943.73,1160,388.746,232.0,36,4,245,277,396.9135032724385,1086.8300000000002,151.20000000000002,190.8,1.25,7.2,7.901341463414634,1,1.0,151.20000000000002,0.16666666666666666,0.3144549628997342,0
14410,1,9,1105.07,571,122.78555555555555,63.44444444444444,153,7,213,215,63.58957149389968,215.07,4.11,122.2,1.2857142857142858,17.0,5.163878504672897,1,93.0,528.77,0.9117647058823529,-0.4091332374985308,1
14411,220,1,1063.0,196,1063.0,196.0,14,1,0,220,0.0,1063.0,1063.0,1063.0,1.0,14.0,1063.0,1,0.0,0.0,0.0,-0.9990601503759399,1
14413,271,1,122.7,68,122.7,68.0,22,1,0,271,0.0,122.7,122.7,122.7,1.0,22.0,122.7,1,0.0,0.0,0.0,-0.9919159256265158,1
14414,1,7,1496.98,2512,213.8542857142857,358.85714285714283,79,7,267,268,66.58577797526607,309.14,125.03999999999999,190.06,1.0,11.285714285714286,5.585746268656717,1,1.0,11.850000000000001,0.125,0.7093419137772199,1
14415,7,9,3801.68,1809,422.4088888888889,201.0,196,9,262,269,193.66523555122407,875.18,215.75,387.1,1.0,21.77777777777778,14.455057034220532,1,22.0,88.72,0.7096774193548387,-0.05854292236001981,0
14418,17,1,150.44,148,150.44,148.0,17,1,0,17,0.0,150.44,150.44,150.44,1.0,17.0,150.44,1,0.0,0.0,0.0,-0.9933967247754887,0
14419,162,2,307.56,162,153.78,81.0,45,2,112,274,41.97385853123347,183.46,124.1,153.78,1.0,22.5,2.721769911504425,1,0.0,0.0,0.0,0.19237749546279495,0
14420,8,1,387.52,334,387.52,334.0,29,1,0,8,0.0,387.52,387.52,387.52,1.0,29.0,387.52,1,1.0,1.65,0.5,-0.9974261299289612,1
14421,121,1,455.18,194,455.18,194.0,15,1,0,121,0.0,455.18,455.18,455.18,1.0,15.0,455.18,1,0.0,0.0,0.0,-0.9978078828532597,0
14422,79,2,1032.15,541,516.075,270.5,57,2,96,176,162.30221948574825,630.84,401.31,516.075,1.0,28.5,10.640721649484536,1,0.0,0.0,0.0,0.2221652228621207,0
14423,127,1,265.2,120,265.2,120.0,3,1,0,127,0.0,265.2,265.2,265.2,1.0,3.0,265.2,1,0.0,0.0,0.0,-0.9962434259954921,1
14426,50,6,2885.58,1603,480.93,267.1666666666667,151,4,172,222,276.05605177209935,794.41,132.35,538.5350000000001,1.5,25.166666666666668,16.67965317919075,1,40.0,562.77,0.8695652173913043,-0.03657615586611143,0
14428,149,2,330.62,145,165.31,72.5,25,2,85,234,54.07952662514715,203.55,127.07000000000001,165.31,1.0,12.5,3.844418604651163,1,4.0,14.690000000000001,0.6666666666666666,-0.2306254146312044,0
14431,212,1,470.36,130,470.36,130.0,17,1,0,212,0.0,470.36,470.36,470.36,1.0,17.0,470.36,1,5.0,72.6,0.8333333333333334,-0.9978784792939579,1
14436,8,1,89.06,129,89.06,129.0,9,1,0,8,0.0,89.06,89.06,89.06,1.0,9.0,89.06,1,0.0,0.0,0.0,-0.9888962913613146,1
14437,275,1,63.0,60,63.0,60.0,5,1,0,275,0.0,63.0,63.0,63.0,1.0,5.0,63.0,1,1.0,106.4,0.5,-0.984375,1
14438,215,1,131.9,82,131.9,82.0,9,1,0,215,0.0,131.9,131.9,131.9,1.0,9.0,131.9,1,0.0,0.0,0.0,-0.9924755455229496,1
14439,229,1,2661.24,526,2661.24,526.0,32,1,0,229,0.0,2661.24,2661.24,2661.24,1.0,32.0,2661.24,1,0.0,0.0,0.0,-0.9996243764649317,1
14440,226,2,1185.71,341,592.855,170.5,25,2,48,275,90.2904648897103,656.7,529.01,592.855,1.0,12.5,24.198163265306125,1,0.0,0.0,0.0,-0.10760000337066347,0
14441,4,2,697.4000000000001,212,348.70000000000005,106.0,22,2,160,165,11.511698397717035,356.84000000000003,340.56,348.70000000000005,1.0,11.0,4.331677018633541,1,8.0,167.75,0.8,-0.023310423825887782,0
14442,114,2,1589.82,482,794.91,241.0,58,2,112,226,168.75810439798136,914.24,675.58,794.9100000000001,1.0,29.0,14.069203539823008,1,5.0,45.2,0.7142857142857143,0.15002325844533007,1
14443,48,3,991.52,666,330.50666666666666,222.0,58,3,230,278,45.56985992224833,383.12,303.5,304.9,1.0,19.333333333333332,4.292294372294372,1,5.0,19.32,0.625,-0.2269777938983597,0
14446,156,1,303.04,318,303.04,318.0,83,1,0,156,0.0,303.04,303.04,303.04,1.0,83.0,303.04,1,0.0,0.0,0.0,-0.996710959084331,0
14447,105,2,601.03,313,300.515,156.5,34,2,84,190,50.22579466768051,336.03000000000003,265.0,300.515,1.0,17.0,7.070941176470588,1,0.0,0.0,0.0,0.11798415361360735,0
14448,273,1,102.35000000000001,44,102.35000000000001,44.0,18,1,0,273,0.0,102.35000000000001,102.35000000000001,102.35000000000001,1.0,18.0,102.35000000000001,1,0.0,0.0,0.0,-0.9903241412675375,0
14449,156,2,401.3,336,200.65,168.0,98,2,125,281,13.562308063157987,210.24,191.06,200.65,1.0,49.0,3.184920634920635,1,0.0,0.0,0.0,-0.04767586378324635,0
14450,90,3,483.25,241,161.08333333333334,80.33333333333333,32,3,139,230,52.69002024419172,213.8,108.42,161.03,1.0,10.666666666666666,3.4517857142857142,1,0.0,0.0,0.0,0.3328652555498194,1
14451,104,1,360.0,204,360.0,204.0,52,1,0,104,0.0,360.0,360.0,360.0,1.0,52.0,360.0,1,0.0,0.0,0.0,-0.997229916897507,0
14452,3,1,127.37,46,127.37,46.0,29,1,0,3,0.0,127.37,127.37,127.37,1.0,29.0,127.37,1,0.0,0.0,0.0,-0.9922100179169588,0
14453,99,1,119.93,49,119.93,49.0,22,1,0,99,0.0,119.93,119.93,119.93,1.0,22.0,119.93,1,0.0,0.0,0.0,-0.9917307533283718,1
14456,40,3,636.65,576,212.21666666666667,192.0,220,2,11,51,248.3649849180301,494.27,26.25,116.13,1.5,73.33333333333333,53.05416666666667,1,7.0,14.77,0.7,0.5518544656159335,0
14457,220,1,113.64,88,113.64,88.0,4,1,0,220,0.0,113.64,113.64,113.64,1.0,4.0,113.64,1,0.0,0.0,0.0,-0.9912770411723657,1
14459,64,1,1837.92,760,1837.92,760.0,37,1,0,64,0.0,1837.92,1837.92,1837.92,1.0,37.0,1837.92,1,0.0,0.0,0.0,-0.9994562025536728,1
14460,19,3,434.34,881,144.78,293.6666666666667,14,3,200,220,108.85556118086022,246.54,30.0,157.79999999999998,1.0,4.666666666666667,2.1608955223880595,1,1.0,51.0,0.25,0.8598796343088161,1
14461,57,3,2103.06,766,701.02,255.33333333333334,173,3,113,171,313.41767451756766,969.99,356.84,776.23,1.0,57.666666666666664,18.447894736842105,1,0.0,0.0,0.0,0.2616845527218805,1
14462,30,9,1534.1,686,170.45555555555555,76.22222222222223,126,7,218,249,109.3304207564289,331.42,15.8,184.52,1.2857142857142858,14.0,7.005022831050228,1,6.0,38.120000000000005,0.4,0.08095889518598143,0
14463,7,3,529.62,179,176.54,59.666666666666664,6,3,107,114,54.16927911648815,220.2,115.92,193.5,1.0,2.0,4.903888888888889,1,0.0,0.0,0.0,-0.16814292714183413,1
14465,156,3,1058.6200000000001,405,352.8733333333334,135.0,107,2,56,212,215.27328081611364,597.3,191.49,269.83,1.5,35.666666666666664,18.572280701754387,1,0.0,0.0,0.0,-0.1283290236122383,1
14466,25,5,1580.45,597,316.09000000000003,119.4,28,5,256,281,52.50284992264704,379.75,234.75,323.5,1.0,5.6,6.149610894941635,1,0.0,0.0,0.0,-0.31037971481867915,0
14467,222,1,131.7,37,131.7,37.0,15,1,0,222,0.0,131.7,131.7,131.7,1.0,15.0,131.7,1,0.0,0.0,0.0,-0.9924642049736248,0
14470,197,1,297.64,138,297.64,138.0,35,1,0,197,0.0,297.64,297.64,297.64,1.0,35.0,297.64,1,0.0,0.0,0.0,-0.9966514867398875,0
14472,13,8,1936.84,1160,242.105,145.0,153,8,251,264,104.67251829259811,402.46999999999997,115.44999999999999,240.665,1.0,19.125,7.685873015873016,1,0.0,0.0,0.0,-0.3713000041283079,1
14473,191,1,85.0,10,85.0,10.0,1,1,0,191,0.0,85.0,85.0,85.0,1.0,1.0,85.0,1,0.0,0.0,0.0,-0.9883720930232558,0
14475,95,2,622.17,243,311.085,121.5,23,2,118,214,6.413458505361961,315.62,306.55,311.08500000000004,1.0,11.5,5.228319327731092,1,5.0,126.03,0.7142857142857143,0.014554615915400282,0
14476,166,1,215.7,132,215.7,132.0,17,1,0,166,0.0,215.7,215.7,215.7,1.0,17.0,215.7,1,0.0,0.0,0.0,-0.9953853253345639,1
14477,93,2,523.0,300,261.5,150.0,3,2,112,206,136.47160876900367,358.0,165.0,261.5,1.0,1.5,4.628318584070796,1,1.0,1.79,0.3333333333333333,0.3683206106870229,0
14479,163,2,316.25,117,158.125,58.5,18,2,111,274,23.01632572762213,174.4,141.85,158.125,1.0,9.0,2.8236607142857144,1,0.0,0.0,0.0,-0.10260047281323881,1
14481,74,2,636.51,489,318.255,244.5,25,2,122,196,21.771817792733774,333.65,302.86,318.255,1.0,12.5,5.174878048780488,1,0.0,0.0,0.0,0.04829728161126878,1
14482,8,2,465.95000000000005,234,232.97500000000002,117.0,20,2,140,148,7.247844507162102,238.1,227.85000000000002,232.97500000000002,1.0,10.0,3.3046099290780147,1,0.0,0.0,0.0,-0.021950958346718,0
14483,191,1,137.1,97,137.1,97.0,9,1,0,191,0.0,137.1,137.1,137.1,1.0,9.0,137.1,1,1.0,7.9,0.5,-0.9927588703837799,1
14487,277,1,125.10000000000001,37,125.10000000000001,37.0,13,1,0,277,0.0,125.10000000000001,125.10000000000001,125.10000000000001,1.0,13.0,125.10000000000001,1,1.0,12.75,0.5,-0.9920697858842189,0
14489,116,1,463.38,299,463.38,299.0,30,1,0,116,0.0,463.38,463.38,463.38,1.0,30.0,463.38,1,0.0,0.0,0.0,-0.9978465911537965,1
14491,84,2,340.93,139,170.465,69.5,17,2,197,282,61.18594977607194,213.73,127.2,170.465,1.0,8.5,1.721868686868687,1,0.0,0.0,0.0,0.2530634925277103,1
14493,64,1,611.22,327,611.22,327.0,29,1,0,64,0.0,611.22,611.22,611.22,1.0,29.0,611.22,1,3.0,20.4,0.75,-0.9983666002417432,0
14495,30,1,40.599999999999994,22,40.599999999999994,22.0,2,1,0,30,0.0,40.599999999999994,40.599999999999994,40.599999999999994,1.0,2.0,40.599999999999994,1,0.0,0.0,0.0,-0.9759615384615384,0
14496,221,2,538.8100000000001,159,269.40500000000003,79.5,16,2,61,282,49.405550801504106,304.34000000000003,234.47,269.40500000000003,1.0,8.0,8.690483870967743,1,0.0,0.0,0.0,-0.12943443063300056,1
14497,218,1,475.37,235,475.37,235.0,29,1,0,218,0.0,475.37,475.37,475.37,1.0,29.0,475.37,1,2.0,17.9,0.6666666666666666,-0.9979007914016416,1
14498,25,4,1281.79,689,320.4475,172.25,104,4,245,271,214.77581139023394,608.46,147.02,263.155,1.0,26.0,5.210528455284552,1,0.0,0.0,0.0,0.7400665736402684,0
14499,43,2,370.96000000000004,191,185.48000000000002,95.5,71,2,144,188,84.08913841870421,244.94,126.02000000000001,185.48000000000002,1.0,35.5,2.558344827586207,1,0.0,0.0,0.0,0.3197117969674158,0
14500,21,2,335.85,107,167.925,53.5,5,2,77,99,165.35692078047416,284.85,51.0,167.925,1.0,2.5,4.305769230769231,1,0.0,0.0,0.0,-0.6942259165800801,0
14501,93,2,251.21,161,125.605,80.5,9,2,136,229,82.97898077224134,184.28,66.93,125.605,1.0,4.5,1.8336496350364964,1,2.0,60.89999999999999,0.5,0.4652868641211688,1
14502,58,7,1176.01,540,168.00142857142856,77.14285714285714,201,6,163,222,80.10787277760146,298.38,89.55,155.21,1.1666666666666667,28.714285714285715,7.170792682926829,1,7.0,119.65,0.5,-0.8194068019812917,0
14503,88,1,597.07,381,597.07,381.0,40,1,0,88,0.0,597.07,597.07,597.07,1.0,40.0,597.07,1,0.0,0.0,0.0,-0.9983279549216647,0
14504,152,3,542.71,263,180.90333333333334,87.66666666666667,81,3,35,187,69.58543262302344,260.92,134.56,147.23,1.0,27.0,15.075277777777778,1,0.0,0.0,0.0,0.45658531202295344,0
14505,18,6,4255.64,1933,709.2733333333334,322.1666666666667,388,6,252,271,292.61290878337314,1062.88,317.06,621.73,1.0,64.66666666666667,16.820711462450593,1,4.0,86.94,0.4,0.08387836415576609,0
14506,71,3,831.66,257,277.21999999999997,85.66666666666667,82,3,207,278,17.441479295059825,297.16,264.8,269.7,1.0,27.333333333333332,3.9983653846153846,1,0.0,0.0,0.0,-0.3627651142122835,0
14507,10,4,924.6899999999999,478,231.17249999999999,119.5,71,3,174,185,134.8963635227676,339.36,39.49,272.92,1.3333333333333333,17.75,5.283942857142857,1,2.0,15.0,0.3333333333333333,-0.3304886084974451,0
14511,1,2,329.89,145,164.945,72.5,16,2,41,43,37.87971026816338,191.73000000000002,138.16,164.945,1.0,8.0,7.854523809523809,1,3.0,47.400000000000006,0.6,0.16189670283175686,0
14512,97,2,275.28,122,137.64,61.0,19,2,44,141,16.008897526063425,148.95999999999998,126.32,137.64,1.0,9.5,6.117333333333333,1,0.0,0.0,0.0,0.0819458520341682,1
14513,10,3,455.59000000000003,361,151.86333333333334,120.33333333333333,11,3,188,198,140.42151556415183,298.6,18.75,138.24,1.0,3.6666666666666665,2.4105291005291005,1,6.0,17.1,0.6666666666666666,-0.39227753564467027,1
14514,110,2,403.11,173,201.555,86.5,36,2,129,240,75.93619723162332,255.25,147.86,201.555,1.0,18.0,3.100846153846154,1,0.0,0.0,0.0,-0.26574447551409264,0
14515,100,2,765.65,371,382.825,185.5,25,2,27,128,60.21014241803451,425.4,340.25,382.825,1.0,12.5,27.344642857142855,1,0.0,0.0,0.0,-0.11106763190504139,0
14517,51,1,252.45,73,252.45,73.0,14,1,0,51,0.0,252.45,252.45,252.45,1.0,14.0,252.45,1,0.0,0.0,0.0,-0.9960544486091931,0
14520,200,1,165.0,100,165.0,100.0,1,1,0,200,0.0,165.0,165.0,165.0,1.0,1.0,165.0,1,0.0,0.0,0.0,-0.9939759036144579,0
14522,1,2,760.6999999999999,419,380.34999999999997,209.5,15,2,105,107,143.8538035645912,482.07,278.63,380.35,1.0,7.5,7.176415094339622,1,0.0,0.0,0.0,0.26708677957201,0
14523,17,1,241.09,251,241.09,251.0,12,1,0,17,0.0,241.09,241.09,241.09,1.0,12.0,241.09,1,0.0,0.0,0.0,-0.9958693048039985,1
14524,88,5,1052.72,423,210.544,84.6,113,4,182,270,65.22311308117698,275.45,133.61,210.05,1.25,22.6,5.752568306010929,1,0.0,0.0,0.0,0.07755380936112062,0
14525,9,7,2926.14,1777,418.02,253.85714285714286,163,7,260,270,232.6861552964995,783.07,169.47,353.45,1.0,23.285714285714285,11.211264367816092,1,7.0,110.83,0.5,0.14567120124080163,0
14527,8,40,5281.42,1343,132.0355,33.575,263,39,270,278,62.35165936352148,292.95,12.75,123.975,1.0256410256410255,6.575,19.488634686346863,1,39.0,797.44,0.4936708860759494,0.00616762771608466,0
14529,19,1,135.24,84,135.24,84.0,49,1,0,19,0.0,135.24,135.24,135.24,1.0,49.0,135.24,1,0.0,0.0,0.0,-0.9926600117439812,0
14530,2,5,2546.12,1066,509.224,213.2,121,5,203,206,113.03737381945847,698.26,413.93,460.43,1.0,24.2,12.480980392156862,1,0.0,0.0,0.0,0.09905304814849711,0
14532,145,4,932.85,284,233.2125,71.0,45,4,115,261,107.79646233372722,386.90000000000003,140.55,202.7,1.0,11.25,8.041810344827587,1,0.0,0.0,0.0,0.13069550784387216,1
14533,22,2,734.98,912,367.49,456.0,23,2,240,262,93.35223725224799,433.5,301.48,367.49,1.0,11.5,3.049709543568465,1,3.0,137.10000000000002,0.6,-0.1793798744531101,0
14534,5,14,3035.69,1485,216.835,106.07142857142857,264,14,222,228,88.38927969717035,421.39,120.16,199.875,1.0,18.857142857142858,13.612959641255605,1,39.0,371.7,0.7358490566037735,0.007979082487840385,0
14535,36,2,1653.91,968,826.955,484.0,166,2,121,158,38.20497938750914,853.97,799.94,826.955,1.0,83.0,13.556639344262296,1,3.0,23.1,0.6,-0.03264830111607276,0
14536,169,1,171.8,40,171.8,40.0,18,1,0,169,0.0,171.8,171.8,171.8,1.0,18.0,171.8,1,0.0,0.0,0.0,-0.9942129629629629,1
14538,165,1,106.5,30,106.5,30.0,3,1,0,165,0.0,106.5,106.5,106.5,1.0,3.0,106.5,1,0.0,0.0,0.0,-0.9906976744186047,0
14540,218,1,195.9,122,195.9,122.0,11,1,0,218,0.0,195.9,195.9,195.9,1.0,11.0,195.9,1,0.0,0.0,0.0,-0.9949212798374809,0
14541,78,7,1315.65,603,187.95000000000002,86.14285714285714,70,6,150,228,115.71134214069077,316.21000000000004,38.3,163.04,1.1666666666666667,10.0,8.712913907284769,1,0.0,0.0,0.0,-0.2777123761060266,0
14542,95,1,103.25,19,103.25,19.0,5,1,0,95,0.0,103.25,103.25,103.25,1.0,5.0,103.25,1,0.0,0.0,0.0,-0.9904076738609112,1
14543,18,13,3265.1,599,251.16153846153844,46.07692307692308,37,12,256,274,117.89974341547949,388.05,15.0,296.2,1.0833333333333333,2.8461538461538463,12.704669260700388,1,35.0,714.16,0.7291666666666666,-0.14494963412020448,0
14544,271,1,1121.92,843,1121.92,843.0,53,1,0,271,0.0,1121.92,1121.92,1121.92,1.0,53.0,1121.92,1,0.0,0.0,0.0,-0.9991094646101236,0
14546,111,2,874.88,501,437.44,250.5,126,2,46,158,175.15034969990776,561.29,313.59000000000003,437.44,1.0,63.0,18.614468085106385,1,18.0,91.07,0.9,-0.28280129698132156,0
14548,60,2,652.8,256,326.4,128.0,2,2,167,227,0.0,326.4,326.4,326.4,1.0,1.0,3.8857142857142852,1,0.0,0.0,0.0,0.0,1
14549,220,1,289.24,136,289.24,136.0,56,1,0,220,0.0,289.24,289.24,289.24,1.0,56.0,289.24,1,0.0,0.0,0.0,-0.9965545755237045,1
14551,113,1,125.43,66,125.43,66.0,7,1,0,113,0.0,125.43,125.43,125.43,1.0,7.0,125.43,1,0.0,0.0,0.0,-0.9920904848532784,0
14552,61,1,165.07,91,165.07,91.0,57,1,0,61,0.0,165.07,165.07,165.07,1.0,57.0,165.07,1,0.0,0.0,0.0,-0.9939784428253147,1
14553,128,2,312.32,182,156.16,91.0,35,2,120,248,64.7426968854403,201.94,110.38,156.16,1.0,17.5,2.5811570247933884,1,0.0,0.0,0.0,-0.2922252010723861,0
14555,211,1,197.94,98,197.94,98.0,14,1,0,211,0.0,197.94,197.94,197.94,1.0,14.0,197.94,1,0.0,0.0,0.0,-0.9949733588016487,0
14560,4,15,1565.2,625,104.34666666666666,41.666666666666664,25,14,263,267,108.62931994807364,408.16999999999996,17.0,62.6,1.0714285714285714,1.6666666666666667,5.928787878787879,1,2.0,63.59,0.11764705882352941,-0.48812412207891703,0
14561,71,2,566.99,375,283.495,187.5,35,2,22,93,86.86806806876737,344.92,222.07,283.495,1.0,17.5,24.651739130434784,1,0.0,0.0,0.0,0.2162890191728728,0
14562,1,7,2339.88,999,334.2685714285714,142.71428571428572,121,7,212,213,156.64459086613573,603.5400000000001,171.85,262.85,1.0,17.285714285714285,10.985352112676058,1,23.0,365.55,0.7666666666666667,0.21687570486312838,0
14565,5,4,3099.12,1540,774.78,385.0,111,4,265,270,272.3288740964988,1167.41,538.8000000000001,696.4549999999999,1.0,27.75,11.650827067669173,1,2.0,25.35,0.3333333333333333,0.24653884365766485,1
14566,20,1,1432.0,800,1432.0,800.0,4,1,0,20,0.0,1432.0,1432.0,1432.0,1.0,4.0,1432.0,1,0.0,0.0,0.0,-0.9993021632937893,1
14567,39,1,800.76,172,800.76,172.0,13,1,0,39,0.0,800.76,800.76,800.76,1.0,13.0,800.76,1,1.0,5.9,0.5,-0.9987527439632807,0
14570,190,2,218.06,95,109.03,47.5,29,1,0,190,83.26889455252784,167.91,50.15,109.03,2.0,14.5,218.06,1,0.0,0.0,0.0,-0.5375696156304208,1
14572,19,5,2089.44,1190,417.88800000000003,238.0,153,5,213,233,211.1685104839261,625.85,116.45,400.76,1.0,30.6,9.76373831775701,1,3.0,29.15,0.375,-0.031773215208281545,0
14573,89,9,1653.42,544,183.71333333333334,60.44444444444444,127,8,192,281,117.25850139755326,413.1,1.95,165.82999999999998,1.125,14.11111111111111,8.566943005181347,1,6.0,49.699999999999996,0.4,0.132928760532392,1
14576,281,1,35.400000000000006,12,35.400000000000006,12.0,1,1,0,281,0.0,35.400000000000006,35.400000000000006,35.400000000000006,1.0,1.0,35.400000000000006,1,0.0,0.0,0.0,-0.9725274725274725,1
14577,73,3,646.64,280,215.54666666666665,93.33333333333333,70,3,199,272,117.33461225628753,346.90000000000003,121.11,178.63,1.0,23.333333333333332,3.2332,1,0.0,0.0,0.0,-0.07281823235130633,0
14583,53,4,787.64,572,196.91,143.0,172,4,61,115,77.0791208218326,310.49,139.82,168.665,1.0,43.0,12.703870967741935,1,0.0,0.0,0.0,0.20158754311219318,0
14584,78,4,1042.26,383,260.565,95.75,68,4,29,107,64.81868686317756,354.01,213.45,237.4,1.0,17.0,34.742,1,1.0,13.0,0.2,0.08881774437819913,1
14586,186,1,237.36,444,237.36,444.0,19,1,0,186,0.0,237.36,237.36,237.36,1.0,19.0,237.36,1,8.0,103.2,0.8888888888888888,-0.995804665212284,1
14587,93,8,1473.53,728,184.19125,91.0,166,8,147,240,24.138705396401967,220.85,150.2,186.63,1.0,20.75,9.956283783783784,1,1.0,2.9,0.1111111111111111,-0.230629420900219,0
14589,281,1,39.75,5,39.75,5.0,3,1,0,281,0.0,39.75,39.75,39.75,1.0,3.0,39.75,1,0.0,0.0,0.0,-0.9754601226993865,1
14591,122,1,250.22,105,250.22,105.0,33,1,0,122,0.0,250.22,250.22,250.22,1.0,33.0,250.22,1,0.0,0.0,0.0,-0.9960194252049996,0
14593,108,2,339.59,118,169.795,59.0,54,1,0,108,70.67532277959542,219.76999999999998,119.82,169.795,2.0,27.0,339.59,1,0.0,0.0,0.0,-0.29346134648697847,0
14594,282,1,255.0,146,255.0,146.0,31,1,0,282,0.0,255.0,255.0,255.0,1.0,31.0,255.0,1,0.0,0.0,0.0,-0.99609375,0
14595,222,1,163.8,76,163.8,76.0,5,1,0,222,0.0,163.8,163.8,163.8,1.0,5.0,163.8,1,0.0,0.0,0.0,-0.9939320388349514,0
14597,101,1,165.1,118,165.1,118.0,3,1,0,101,0.0,165.1,165.1,165.1,1.0,3.0,165.1,1,0.0,0.0,0.0,-0.9939795304033715,0
14600,215,1,393.33000000000004,125,393.33000000000004,125.0,25,1,0,215,0.0,393.33000000000004,393.33000000000004,393.33000000000004,1.0,25.0,393.33000000000004,1,0.0,0.0,0.0,-0.9974640529505744,1
14603,184,1,660.0,400,660.0,400.0,2,1,0,184,0.0,660.0,660.0,660.0,1.0,2.0,660.0,1,0.0,0.0,0.0,-0.9984871406959153,1
14606,3,71,9564.19,4880,134.7069014084507,68.73239436619718,718,67,279,282,61.52967740603018,339.68,3.67,117.14,1.0597014925373134,10.112676056338028,34.15782142857143,1,82.0,442.8,0.5359477124183006,-0.2297737943522293,0
14607,170,1,495.0,300,495.0,300.0,3,1,0,170,0.0,495.0,495.0,495.0,1.0,3.0,495.0,1,28.0,5228.4,0.9655172413793104,-0.9979838709677419,0
14608,271,1,204.0,48,204.0,48.0,1,1,0,271,0.0,204.0,204.0,204.0,1.0,1.0,204.0,1,0.0,0.0,0.0,-0.9951219512195122,0
14609,52,3,486.36,6306,162.12,2102.0,2,3,153,206,25.405731636778338,191.16,144.0,151.2,1.0,0.6666666666666666,3.158181818181818,1,0.0,0.0,0.0,0.40700919238345373,0
14616,152,3,406.08000000000004,104,135.36,34.666666666666664,2,3,74,227,115.49661813230725,237.60000000000002,10.08,158.4,1.0,0.6666666666666666,5.4144000000000005,1,0.0,0.0,0.0,-0.2193180701581999,1
14618,247,1,211.8,92,211.8,92.0,5,1,0,247,0.0,211.8,211.8,211.8,1.0,5.0,211.8,1,1.0,14.850000000000001,0.5,-0.9953007518796992,0
14619,155,1,394.44,152,394.44,152.0,20,1,0,155,0.0,394.44,394.44,394.44,1.0,20.0,394.44,1,2.0,14.93,0.6666666666666666,-0.9974711713534291,1
14620,115,2,412.78000000000003,214,206.39000000000001,107.0,26,2,78,193,40.95562476632481,235.35,177.43,206.39,1.0,13.0,5.225063291139241,1,4.0,19.5,0.6666666666666666,-0.13997776596258876,1
14621,66,3,1002.91,410,334.30333333333334,136.66666666666666,45,3,201,267,30.617528204173098,366.6,305.7,330.61,1.0,15.0,4.96490099009901,1,4.0,22.6,0.5714285714285714,0.38998515803209455,0
14622,94,1,320.58000000000004,146,320.58000000000004,146.0,21,1,0,94,0.0,320.58000000000004,320.58000000000004,320.58000000000004,1.0,21.0,320.58000000000004,1,0.0,0.0,0.0,-0.9968903538777287,1
14623,25,3,608.71,266,202.90333333333334,88.66666666666667,88,3,118,144,9.296484998822578,210.85,192.68,205.18,1.0,29.333333333333332,5.115210084033614,1,1.0,19.9,0.25,-0.30671958800085286,0
14625,105,2,899.63,335,449.815,167.5,51,2,164,270,191.92999361746456,585.53,314.1,449.815,1.0,25.5,5.45230303030303,1,4.0,51.15,0.6666666666666666,-0.3013779243418495,1
14626,32,2,1571.29,879,785.645,439.5,64,2,110,142,281.0678744538408,984.39,586.9,785.645,1.0,32.0,14.155765765765766,1,4.0,34.2,0.6666666666666666,0.25280959619408633,0
14628,0,2,671.96,272,335.98,136.0,22,2,151,151,6.222539674441586,340.38,331.58000000000004,335.98,1.0,11.0,4.420789473684211,1,0.0,0.0,0.0,0.01307655729909646,1
14631,144,2,630.08,352,315.04,176.0,24,2,63,208,7.8347431355469555,320.58,309.5,315.03999999999996,1.0,12.0,9.845,1,0.0,0.0,0.0,0.01755720352411736,0
14632,172,1,114.56,96,114.56,96.0,8,1,0,172,0.0,114.56,114.56,114.56,1.0,8.0,114.56,1,0.0,0.0,0.0,-0.9913464866735895,1
14633,175,1,344.90000000000003,96,344.90000000000003,96.0,20,1,0,175,0.0,344.90000000000003,344.90000000000003,344.90000000000003,1.0,20.0,344.90000000000003,1,0.0,0.0,0.0,-0.9971089910378722,1
14636,178,1,300.19,117,300.19,117.0,16,1,0,178,0.0,300.19,300.19,300.19,1.0,16.0,300.19,1,0.0,0.0,0.0,-0.9966798366479631,0
14639,29,4,1989.23,789,497.3075,197.25,93,3,240,270,195.17842663829424,676.54,219.76,546.465,1.3333333333333333,23.25,8.254066390041494,1,3.0,32.15,0.42857142857142855,-0.24169568341347486,0
14640,37,4,1501.06,578,375.265,144.5,63,4,99,137,133.20454709455933,496.24,185.07,409.875,1.0,15.75,15.0106,1,7.0,82.92999999999999,0.6363636363636364,0.4488236155679534,0
14643,79,2,693.8100000000001,815,346.90500000000003,407.5,30,2,187,267,15.60584666078708,357.94,335.87,346.905,1.0,15.0,3.6904787234042558,1,3.0,25.200000000000003,0.6,-0.031764079388609825,1
14644,207,1,187.50000000000003,66,187.50000000000003,66.0,8,1,0,207,0.0,187.50000000000003,187.50000000000003,187.50000000000003,1.0,8.0,187.50000000000003,1,3.0,50.3,0.75,-0.9946949602122016,0
14645,66,2,597.09,381,298.545,190.5,28,2,118,185,82.65371165289552,356.99,240.10000000000002,298.545,1.0,14.0,5.017563025210085,1,0.0,0.0,0.0,0.19543881355648812,1
14646,2,42,178302.62,127744,4245.300476190476,3041.5238095238096,495,30,262,264,5004.138171186582,19150.66,2.08,1796.1599999999999,1.4,11.785714285714286,677.9567300380228,1,5.0,717.0,0.10638297872340426,0.076794066211331,0
14647,110,1,243.22,95,243.22,95.0,24,1,0,110,0.0,243.22,243.22,243.22,1.0,24.0,243.22,1,0.0,0.0,0.0,-0.9959053312587012,1
14649,121,2,584.22,350,292.11,175.0,48,1,0,121,155.08265924983363,401.77,182.45,292.11,2.0,24.0,584.22,1,0.0,0.0,0.0,-0.3747650456238679,0
14651,120,1,416.32,186,416.32,186.0,59,1,0,120,0.0,416.32,416.32,416.32,1.0,59.0,416.32,1,0.0,0.0,0.0,-0.9976037573085402,0
14653,247,1,344.81,305,344.81,305.0,29,1,0,247,0.0,344.81,344.81,344.81,1.0,29.0,344.81,1,0.0,0.0,0.0,-0.2298661114484833,0
14655,131,1,810.56,522,810.56,522.0,14,1,0,131,0.0,810.56,810.56,810.56,1.0,14.0,810.56,1,1.0,2.08,0.5,-0.9987678052146484,0
14656,78,2,291.05,120,145.525,60.0,73,2,114,192,17.557461376861966,157.94,133.11,145.525,1.0,36.5,2.5308695652173916,1,0.0,0.0,0.0,0.08501968840951886,1
14657,64,3,638.94,339,212.98000000000002,113.0,83,3,171,235,175.917252138612,416.08,108.32000000000001,114.54,1.0,27.666666666666668,3.7147674418604653,1,1.0,9.95,0.25,-0.6404662937150357,0
14658,26,1,123.14,23,123.14,23.0,14,1,0,26,0.0,123.14,123.14,123.14,1.0,14.0,123.14,1,0.0,0.0,0.0,-0.9919445787014661,0
14659,55,6,1641.55,767,273.59166666666664,127.83333333333333,107,6,169,225,160.2973695874847,593.17,162.24,222.275,1.0,17.833333333333332,9.656176470588235,1,6.0,73.4,0.5,-0.22174667437825335,0
14660,10,1,128.95,104,128.95,104.0,14,1,0,10,0.0,128.95,128.95,128.95,1.0,14.0,128.95,1,0.0,0.0,0.0,-0.9923047325894575,0
14662,144,3,524.86,340,174.95333333333335,113.33333333333333,82,3,81,225,85.44239599480655,268.51,101.05,155.3,1.0,27.333333333333332,6.400731707317074,1,0.0,0.0,0.0,-0.40744684897120903,0
14665,206,3,731.66,268,243.88666666666666,89.33333333333333,41,2,14,220,156.7319958825681,394.40000000000003,81.6,255.66,1.5,13.666666666666666,48.77733333333333,1,27.0,577.32,0.9,-0.07798979062593843,0
14667,4,18,6071.02,3444,337.2788888888889,191.33333333333334,268,17,273,277,151.39327733496697,686.15,144.9,309.105,1.0588235294117647,14.88888888888889,22.157007299270074,1,3.0,10.0,0.14285714285714285,-0.04468694108385672,0
14669,151,3,1269.99,775,423.33,258.3333333333333,158,2,90,242,6.745272418516534,427.54,415.55,426.9,1.5,52.666666666666664,13.955934065934066,1,0.0,0.0,0.0,-0.3264463135036468,1
14670,189,2,411.53,337,205.765,168.5,107,1,0,189,150.15412498496337,311.94,99.59,205.765,2.0,53.5,411.53,1,0.0,0.0,0.0,0.5147504423920685,1
14672,144,2,765.55,454,382.775,227.0,58,2,101,245,137.8787512635649,480.27,285.28000000000003,382.775,1.0,29.0,7.505392156862745,1,0.0,0.0,0.0,0.2543734916182897,1
14673,277,1,373.49,213,373.49,213.0,15,1,0,277,0.0,373.49,373.49,373.49,1.0,15.0,373.49,1,0.0,0.0,0.0,-0.997329701727683,0
14676,57,4,1690.92,1824,422.73,456.0,19,4,135,192,157.8991893582738,556.32,223.44,455.58,1.0,4.75,12.433235294117647,1,2.0,5.0,0.3333333333333333,0.3417892098917207,0
14680,4,14,25422.56,12116,1815.8971428571429,865.4285714285714,70,14,276,281,970.6754879379187,3609.8,72.0,1600.495,1.0,5.0,91.77819494584838,1,62.0,1821.77,0.8157894736842105,0.17689890794208205,0
14681,121,1,393.95,48,393.95,48.0,5,1,0,121,0.0,393.95,393.95,393.95,1.0,5.0,393.95,1,0.0,0.0,0.0,-0.9974680339283454,0
14682,97,2,52.0,80,26.0,40.0,1,2,13,110,7.353910524340097,31.200000000000003,20.8,26.0,1.0,0.5,3.7142857142857144,1,0.0,0.0,0.0,0.19622641509433966,1
14684,124,2,519.26,295,259.63,147.5,140,2,147,272,129.07527183779237,350.9,168.36,259.63,1.0,70.0,3.5085135135135133,1,0.0,0.0,0.0,0.35086303002344976,0
14687,16,1,628.38,470,628.38,470.0,15,1,0,16,0.0,628.38,628.38,628.38,1.0,15.0,628.38,1,0.0,0.0,0.0,-0.9984111347675491,1
14688,2,16,4207.62,2978,262.97625,186.125,112,16,281,283,103.0919641792382,444.98,116.81,211.72500000000002,1.0,7.0,14.92063829787234,1,32.0,523.49,0.6666666666666666,-0.06527555350685023,0
14689,118,1,112.8,76,112.8,76.0,13,1,0,118,0.0,112.8,112.8,112.8,1.0,13.0,112.8,1,0.0,0.0,0.0,-0.9912126537785588,1
14690,61,1,216.71,85,216.71,85.0,28,1,0,61,0.0,216.71,216.71,216.71,1.0,28.0,216.71,1,4.0,13.090000000000002,0.8,-0.9954067337283542,0
14691,6,2,1274.68,464,637.34,232.0,37,2,116,122,279.6465898236558,835.08,439.6,637.34,1.0,18.5,10.894700854700854,1,0.0,0.0,0.0,0.310015050796438,0
14692,46,4,591.55,265,147.8875,66.25,53,4,185,231,75.00608169786415,259.6,99.45,116.25,1.0,13.25,3.1803763440860213,1,1.0,9.5,0.2,-0.6228166399459962,1
14693,174,1,172.9,34,172.9,34.0,8,1,0,174,0.0,172.9,172.9,172.9,1.0,8.0,172.9,1,0.0,0.0,0.0,-0.9942495687176538,1
14696,29,5,1458.54,1086,291.70799999999997,217.2,83,5,253,282,5.857560925846176,298.79,284.35,293.63,1.0,16.6,5.742283464566929,1,3.0,7.98,0.375,0.19323896570152238,0
14697,127,2,188.60999999999999,181,94.30499999999999,90.5,22,1,0,127,6.936717523440033,99.21,89.39999999999999,94.30499999999999,2.0,11.0,188.60999999999999,1,0.0,0.0,0.0,0.05173777754337853,1
14699,123,1,109.13000000000001,77,109.13000000000001,77.0,8,1,0,123,0.0,109.13000000000001,109.13000000000001,109.13000000000001,1.0,8.0,109.13000000000001,1,0.0,0.0,0.0,-0.9909198220285118,1
14700,99,2,1557.6,858,778.8,429.0,56,2,48,147,80.96372644585969,836.05,721.55,778.8,1.0,28.0,31.787755102040816,1,0.0,0.0,0.0,0.07346336455793662,0
14701,82,7,1958.28,673,279.7542857142857,96.14285714285714,188,6,143,226,163.0763662477535,567.44,97.95,257.97,1.1666666666666667,26.857142857142858,13.599166666666667,1,15.0,63.15,0.6818181818181818,-0.787646482381283,0
14702,26,9,1687.7,649,187.52222222222224,72.11111111111111,106,9,248,274,66.67436309740384,318.7,101.25,181.35,1.0,11.777777777777779,6.777911646586346,1,1.0,41.5,0.1,-0.4480369515011548,0
14704,52,2,221.16,113,110.58,56.5,56,2,37,89,0.6505382386916199,111.04,110.12,110.58000000000001,1.0,28.0,5.82,1,0.0,0.0,0.0,0.004141159524666914,0
14705,108,1,179.0,100,179.0,100.0,1,1,0,108,0.0,179.0,179.0,179.0,1.0,1.0,179.0,1,0.0,0.0,0.0,-0.9944444444444445,1
14708,63,2,701.1800000000001,410,350.59000000000003,205.0,12,2,214,278,96.83120261568584,419.06,282.12,350.59000000000003,1.0,6.0,3.2613023255813958,1,1.0,29.700000000000003,0.3333333333333333,-0.1950212196302942,0
14709,3,9,3952.7400000000002,2004,439.1933333333334,222.66666666666666,65,9,264,267,88.90386957270198,588.3000000000001,314.1,426.84,1.0,7.222222222222222,14.916,1,1.0,9.9,0.1,0.40117458406470835,0
14711,0,9,2365.42,801,262.82444444444445,89.0,177,9,171,171,115.27113484206606,526.5,148.57,215.01,1.0,19.666666666666668,13.752441860465117,1,2.0,30.599999999999998,0.18181818181818182,-0.3560483768730825,0
14712,21,1,115.72,102,115.72,102.0,7,1,0,21,0.0,115.72,115.72,115.72,1.0,7.0,115.72,1,0.0,0.0,0.0,-0.9914324880054832,0
14713,8,9,2029.61,1236,225.51222222222222,137.33333333333334,130,9,266,274,86.57502176981791,372.24,124.94999999999999,222.24,1.0,14.444444444444445,7.601535580524344,1,2.0,2.1,0.18181818181818182,0.10360926027154402,0
14715,4,3,594.75,297,198.25,99.0,44,3,236,240,129.8625330878772,347.3,109.5,137.95,1.0,14.666666666666666,2.509493670886076,1,0.0,0.0,0.0,0.1676038606798154,0
14716,58,1,188.56,355,188.56,355.0,19,1,0,58,0.0,188.56,188.56,188.56,1.0,19.0,188.56,1,0.0,0.0,0.0,-0.9947246254484068,0
14719,88,2,488.12,398,244.06,199.0,70,2,69,158,29.13279938488578,264.66,223.46,244.06,1.0,35.0,6.973142857142857,1,1.0,9.95,0.3333333333333333,0.08423290807981684,0
14720,36,1,155.8,40,155.8,40.0,9,1,0,36,0.0,155.8,155.8,155.8,1.0,9.0,155.8,1,0.0,0.0,0.0,-0.9936224489795918,0
14722,56,1,187.92000000000002,120,187.92000000000002,120.0,28,1,0,56,0.0,187.92000000000002,187.92000000000002,187.92000000000002,1.0,28.0,187.92000000000002,1,0.0,0.0,0.0,-0.9947067541816642,1
14723,267,3,471.0,206,157.0,68.66666666666667,68,2,13,280,59.786048539772224,220.06,101.14,149.8,1.5,22.666666666666668,33.642857142857146,1,0.0,0.0,0.0,-0.06542372881355932,0
14727,183,1,268.58,62,268.58,62.0,10,1,0,183,0.0,268.58,268.58,268.58,1.0,10.0,268.58,1,0.0,0.0,0.0,-0.9962905260034127,1
14729,283,1,313.49,197,313.49,197.0,69,1,0,283,0.0,313.49,313.49,313.49,1.0,69.0,313.49,1,0.0,0.0,0.0,-0.996820248656555,1
14730,16,5,904.21,527,180.842,105.4,142,5,169,186,64.48405438556111,277.17,116.41,162.02,1.0,28.4,5.318882352941177,1,0.0,0.0,0.0,-0.2286651716176357,0
14731,115,2,251.01999999999998,182,125.50999999999999,91.0,23,2,6,121,3.040559159102147,127.66,123.36,125.50999999999999,1.0,11.5,35.86,1,0.0,0.0,0.0,-0.017062137925561452,0
14732,53,5,1618.3,960,323.65999999999997,192.0,72,5,195,248,96.27079619490013,470.88,203.1,306.5,1.0,14.4,8.256632653061224,1,2.0,16.15,0.2857142857142857,0.1669486815290558,0
14733,20,11,9044.2,3645,822.2,331.3636363636364,98,11,257,277,584.6308089213227,1830.02,316.98,511.69,1.0,8.909090909090908,35.05503875968993,1,14.0,134.37,0.56,-0.6717861407155176,0
14735,8,23,3595.71,1365,156.33521739130435,59.34782608695652,66,13,259,267,105.04674474076963,398.6,15.0,122.28,1.7692307692307692,2.869565217391304,13.829653846153846,1,11.0,258.0,0.3235294117647059,0.0702892365522936,0
14737,38,2,1081.75,303,540.875,151.5,13,2,224,262,151.14407447862453,647.75,434.0,540.875,1.0,6.5,4.807777777777778,1,0.0,0.0,0.0,0.19741399214961902,0
14738,43,5,757.6500000000001,351,151.53000000000003,70.2,28,5,182,225,82.96657821074702,231.96,17.4,162.70000000000002,1.0,5.6,4.14016393442623,1,2.0,24.509999999999998,0.2857142857142857,0.029934752520925298,0
14739,3,4,2247.58,2678,561.895,669.5,32,4,272,276,324.3302626952965,939.96,229.56,539.03,1.0,8.0,8.232893772893773,1,1.0,3.18,0.2,0.16041234912700453,0
14740,106,3,1448.21,735,482.7366666666667,245.0,85,3,86,193,97.96097709462344,555.71,371.4,521.1,1.0,28.333333333333332,16.64609195402299,1,4.0,25.0,0.5714285714285714,0.2801595351950373,1
14741,22,4,864.96,558,216.24,139.5,25,4,259,282,63.70824959663126,310.8,173.56,190.3,1.0,6.25,3.326769230769231,1,0.0,0.0,0.0,-0.14508753291145085,0
14744,207,5,928.03,519,185.606,103.8,14,4,69,276,119.58417194595613,327.98,0.55,211.0,1.25,2.8,13.257571428571428,1,2.0,11.45,0.2857142857142857,0.514547431191673,0
14745,22,5,1220.26,1038,244.052,207.6,46,4,172,194,131.69357414088205,341.07,20.8,279.76,1.25,9.2,7.0535260115606935,1,1.0,53.1,0.16666666666666666,0.6051618819907308,1
14747,158,1,328.2,84,328.2,84.0,18,1,0,158,0.0,328.2,328.2,328.2,1.0,18.0,328.2,1,1.0,33.9,0.5,-0.996962332928311,1
14748,33,4,1118.77,1061,279.6925,265.25,75,3,245,278,154.57583238764502,412.22,58.2,324.17499999999995,1.3333333333333333,18.75,4.547845528455285,1,3.0,103.96000000000001,0.42857142857142855,0.1588987024121025,0
14754,205,1,228.26999999999998,173,228.26999999999998,173.0,15,1,0,205,0.0,228.26999999999998,228.26999999999998,228.26999999999998,1.0,15.0,228.26999999999998,1,0.0,0.0,0.0,-0.9956383303528591,0
14755,22,7,2867.6800000000003,1241,409.66857142857145,177.28571428571428,103,7,221,243,106.35790715450223,560.27,307.76,376.77,1.0,14.714285714285714,12.91747747747748,1,2.0,44.900000000000006,0.2222222222222222,0.09174951545658631,0
14758,54,4,1484.06,419,371.015,104.75,54,4,114,169,193.79689995800587,654.75,224.47,302.41999999999996,1.0,13.5,12.90486956521739,1,0.0,0.0,0.0,-0.6261161165205447,1
14759,22,2,870.85,247,435.425,123.5,47,2,119,142,193.4997706716987,572.25,298.6,435.425,1.0,23.5,7.257083333333333,1,0.0,0.0,0.0,-0.3138727992200493,0
14760,206,1,89.2,40,89.2,40.0,5,1,0,206,0.0,89.2,89.2,89.2,1.0,5.0,89.2,1,2.0,35.400000000000006,0.6666666666666666,-0.9889135254988913,1
14761,244,1,97.5,58,97.5,58.0,7,1,0,244,0.0,97.5,97.5,97.5,1.0,7.0,97.5,1,0.0,0.0,0.0,-0.9898477157360406,0
14762,173,1,300.52,341,300.52,341.0,21,1,0,173,0.0,300.52,300.52,300.52,1.0,21.0,300.52,1,0.0,0.0,0.0,-0.9966834704165561,1
14765,21,2,95.5,22,47.75,11.0,8,2,63,85,46.31549416771886,80.5,15.0,47.75,1.0,4.0,1.4921875,1,0.0,0.0,0.0,-0.6787564766839378,0
14766,77,4,1531.32,984,382.83,246.0,85,4,197,275,184.73743042491415,628.66,180.4,361.13,1.0,21.25,7.7339393939393934,1,2.0,50.3,0.3333333333333333,0.7638874386551112,0
14768,36,1,133.20000000000002,40,133.20000000000002,40.0,4,1,0,36,0.0,133.20000000000002,133.20000000000002,133.20000000000002,1.0,4.0,133.20000000000002,1,1.0,53.1,0.5,-0.992548435171386,0
14769,17,6,6487.94,4487,1081.3233333333333,747.8333333333334,478,6,249,267,1088.6651131301428,2516.57,312.66,435.495,1.0,79.66666666666667,25.95176,1,4.0,33.15,0.4,-0.023674128594192635,0
14770,141,2,876.42,490,438.21,245.0,49,2,90,232,225.72262669036962,597.8199999999999,278.6,438.21,1.0,24.5,9.63098901098901,1,0.0,0.0,0.0,0.3638166442524674,1
14772,21,1,139.26,82,139.26,82.0,9,1,0,21,0.0,139.26,139.26,139.26,1.0,9.0,139.26,1,0.0,0.0,0.0,-0.9928703835733638,1
14775,47,2,701.46,802,350.73,401.0,39,2,234,281,78.95554318728993,406.56,294.9,350.73,1.0,19.5,2.984936170212766,1,0.0,0.0,0.0,-0.15895567007374087,0
14776,14,8,1862.22,2230,232.7775,278.75,44,7,207,221,169.32400300269637,558.36,13.200000000000001,208.26,1.1428571428571428,5.5,8.95298076923077,1,17.0,342.72,0.68,-0.15402367943667408,0
14778,36,2,730.86,306,365.43,153.0,34,2,181,218,44.37802158726772,396.81,334.05,365.43,1.0,17.0,4.015714285714286,1,0.0,0.0,0.0,0.08575410597655288,1
14779,190,3,386.15,84,128.71666666666667,28.0,40,3,43,233,118.32143015250168,262.55,38.0,85.6,1.0,13.333333333333334,8.776136363636363,1,0.0,0.0,0.0,-0.8011106806147488,1
14782,229,1,200.10000000000002,114,200.10000000000002,114.0,6,1,0,229,0.0,200.10000000000002,200.10000000000002,200.10000000000002,1.0,6.0,200.10000000000002,1,0.0,0.0,0.0,-0.9950273495773247,1
14784,233,1,114.68,56,114.68,56.0,4,1,0,233,0.0,114.68,114.68,114.68,1.0,4.0,114.68,1,0.0,0.0,0.0,-0.9913554633471646,0
14790,29,2,364.04,384,182.02,192.0,22,2,134,163,42.22841697246063,211.88,152.16,182.01999999999998,1.0,11.0,2.6965925925925927,1,0.0,0.0,0.0,0.1635985097523559,0
14794,113,4,679.54,311,169.885,77.75,37,4,130,243,111.37122922909668,283.03,16.95,189.77999999999997,1.0,9.25,5.187328244274809,1,2.0,47.8,0.3333333333333333,0.47218385399829554,0
14795,75,1,131.45000000000002,17,131.45000000000002,17.0,6,1,0,75,0.0,131.45000000000002,131.45000000000002,131.45000000000002,1.0,6.0,131.45000000000002,1,0.0,0.0,0.0,-0.9924499811249529,1
14796,4,14,6593.37,4855,470.955,346.7857142857143,338,14,272,276,164.08569978239092,835.95,282.74,420.475,1.0,24.142857142857142,24.15153846153846,1,24.0,182.98,0.631578947368421,0.07065269313065538,0
14798,53,2,97.4,104,48.7,52.0,7,2,165,219,38.15548191282611,75.68,21.72,48.7,1.0,3.5,0.5867469879518072,1,0.0,0.0,0.0,-0.5483739837398375,0
14800,19,9,3840.44,3165,426.71555555555557,351.6666666666667,209,9,260,279,269.87409930887725,800.01,8.5,537.99,1.0,23.22222222222222,14.714329501915708,1,7.0,103.4,0.4375,-0.2430703069682203,0
14803,71,3,845.55,370,281.84999999999997,123.33333333333333,35,3,130,201,228.4329903932442,542.15,114.76,188.64,1.0,11.666666666666666,6.454580152671755,1,0.0,0.0,0.0,-0.7276947610891265,1
14805,223,1,109.25,29,109.25,29.0,19,1,0,223,0.0,109.25,109.25,109.25,1.0,19.0,109.25,1,0.0,0.0,0.0,-0.9909297052154195,0
14808,53,6,1846.31,1244,307.7183333333333,207.33333333333334,146,4,28,81,259.54477019710237,679.62,13.01,301.47,1.5,24.333333333333332,63.66586206896552,1,21.0,565.8,0.7777777777777778,-0.010019974990662093,0
14810,13,10,1869.33,913,186.933,91.3,97,10,265,279,66.9672344508865,352.23,129.46,175.75,1.0,9.7,7.027556390977443,1,0.0,0.0,0.0,-0.15733587120989342,0
14813,279,2,155.43,67,77.715,33.5,25,1,0,279,71.08544471268362,127.98,27.45,77.715,2.0,12.5,155.43,1,0.0,0.0,0.0,-0.6426516652815956,1
14816,106,1,271.85,5,271.85,5.0,4,1,0,106,0.0,271.85,271.85,271.85,1.0,4.0,271.85,1,0.0,0.0,0.0,-0.9963349825911673,1
14817,109,2,1110.34,655,555.17,327.5,52,2,76,186,36.23215146799866,580.79,529.5500000000001,555.1700000000001,1.0,26.0,14.419999999999998,1,0.0,0.0,0.0,-0.046106502060575434,1
14818,78,2,409.63,202,204.815,101.0,23,2,84,163,122.42139702682697,291.38,118.25,204.815,1.0,11.5,4.819176470588236,1,0.0,0.0,0.0,0.42162043688965734,0
14819,101,1,84.72,48,84.72,48.0,3,1,0,101,0.0,84.72,84.72,84.72,1.0,3.0,84.72,1,0.0,0.0,0.0,-0.9883341110592627,0
14820,82,1,139.77,87,139.77,87.0,8,1,0,82,0.0,139.77,139.77,139.77,1.0,8.0,139.77,1,0.0,0.0,0.0,-0.9928962136818924,0
14821,276,1,48.800000000000004,20,48.800000000000004,20.0,2,1,0,276,0.0,48.800000000000004,48.800000000000004,48.800000000000004,1.0,2.0,48.800000000000004,1,0.0,0.0,0.0,-0.9799196787148594,1
14823,89,3,321.43,88,107.14333333333333,29.333333333333332,56,2,14,104,36.80998007787199,142.0,68.65,110.78,1.5,18.666666666666668,21.42866666666667,1,0.0,0.0,0.0,-0.30974164935024656,1
14824,0,1,441.91,217,441.91,217.0,15,1,0,0,0.0,441.91,441.91,441.91,1.0,15.0,441.91,1,0.0,0.0,0.0,-0.9977422049626334,0
14825,37,7,1339.3700000000001,542,191.33857142857144,77.42857142857143,68,7,240,278,45.30130072767278,247.4,132.05,184.10000000000002,1.0,9.714285714285714,5.557551867219917,1,0.0,0.0,0.0,-0.32153062214164746,0
14828,106,3,2139.76,2172,713.2533333333334,724.0,17,3,140,246,306.7943606609049,1063.8400000000001,493.92,582.0,1.0,5.666666666666667,15.175602836879435,1,0.0,0.0,0.0,0.45580074366112977,1
14829,93,3,531.63,364,177.21,121.33333333333333,33,3,187,281,51.76392662849294,236.97,146.3,148.36,1.0,11.0,2.8278191489361704,1,3.0,52.9,0.5,-0.4487730694853838,0
14834,29,2,429.3,180,214.65,90.0,18,2,119,149,41.06876185131467,243.69,185.61,214.65,1.0,9.0,3.5775,1,3.0,21.95,0.6,-0.13497559841970713,0
14837,14,3,1345.56,1226,448.52,408.6666666666667,82,3,96,111,54.03194980749817,492.26,388.12,465.18,1.0,27.333333333333332,13.871752577319587,1,2.0,8.3,0.4,-0.42279586501901145,0
14840,177,1,62.85,31,62.85,31.0,4,1,0,177,0.0,62.85,62.85,62.85,1.0,4.0,62.85,1,0.0,0.0,0.0,-0.9843382928739233,1
14841,88,4,2375.57,1235,593.8925,308.75,88,4,179,268,161.1644831375697,789.9,395.16,595.255,1.0,22.0,13.197611111111112,1,0.0,0.0,0.0,-0.499934779955987,0
14842,4,3,1901.52,711,633.84,237.0,86,3,212,217,646.6968823181383,1378.48,213.04000000000002,310.0,1.0,28.666666666666668,8.927323943661971,1,13.0,367.89,0.8125,0.673590816390892,0
14844,32,3,2257.6800000000003,1301,752.5600000000001,433.6666666666667,64,3,118,150,108.07134356525786,874.5500000000001,668.8,714.33,1.0,21.333333333333332,18.972100840336136,1,0.0,0.0,0.0,0.22516691164751093,0
14847,58,1,309.4,120,309.4,120.0,13,1,0,58,0.0,309.4,309.4,309.4,1.0,13.0,309.4,1,0.0,0.0,0.0,-0.9967783505154639,1
14849,4,17,5784.53,4088,340.2664705882353,240.47058823529412,145,10,278,283,227.1497463662786,813.89,17.4,364.16,1.7,8.529411764705882,20.733082437275986,1,4.0,26.259999999999998,0.19047619047619047,0.36017270673559726,0
14850,221,1,325.75,293,325.75,293.0,21,1,0,221,0.0,325.75,325.75,325.75,1.0,21.0,325.75,1,1.0,47.6,0.5,-0.9969395562356542,1
14851,165,1,206.13,139,206.13,139.0,14,1,0,165,0.0,206.13,206.13,206.13,1.0,14.0,206.13,1,0.0,0.0,0.0,-0.995172114131222,0
14852,5,5,2188.42,1390,437.684,278.0,67,4,156,161,168.4587012593888,564.61,153.24,490.4,1.25,13.4,13.938980891719746,1,0.0,0.0,0.0,-0.10417370810534293,0
14853,120,1,214.5,34,214.5,34.0,3,1,0,120,0.0,214.5,214.5,214.5,1.0,3.0,214.5,1,1.0,12.75,0.5,-0.9953596287703016,0
14854,42,6,2301.63,1441,383.605,240.16666666666666,95,6,141,184,252.83238501030678,726.85,15.0,415.365,1.0,15.833333333333334,16.20866197183099,1,4.0,9.94,0.4,-0.03519019555899123,0
14855,28,2,645.65,267,322.825,133.5,13,2,15,44,23.29916844009671,339.3,306.35,322.82500000000005,1.0,6.5,40.353125,1,0.0,0.0,0.0,0.050954921518595826,1
14857,57,1,522.52,188,522.52,188.0,29,1,0,57,0.0,522.52,522.52,522.52,1.0,29.0,522.52,1,1.0,7.47,0.5,-0.9980898533007335,0
14859,113,1,296.86,209,296.86,209.0,11,1,0,113,0.0,296.86,296.86,296.86,1.0,11.0,296.86,1,1.0,1.7,0.5,-0.9966427180554623,0
14862,58,1,304.09999999999997,430,304.09999999999997,430.0,21,1,0,58,0.0,304.09999999999997,304.09999999999997,304.09999999999997,1.0,21.0,304.09999999999997,1,0.0,0.0,0.0,-0.9967223861029171,0
14865,281,1,37.2,96,37.2,96.0,3,1,0,281,0.0,37.2,37.2,37.2,1.0,3.0,37.2,1,0.0,0.0,0.0,-0.9738219895287958,0
14866,15,4,1163.9,552,290.975,138.0,25,4,260,275,434.1260785762588,940.8,36.5,93.3,1.0,6.25,4.459386973180077,1,4.0,192.45000000000002,0.5,0.8211348613614903,0
14867,95,3,710.28,328,236.76,109.33333333333333,31,3,150,245,121.94489411205375,313.4,96.14,300.74,1.0,10.333333333333334,4.703841059602649,1,1.0,8.95,0.25,0.1529636711281071,1
14868,29,4,1297.07,689,324.2675,172.25,59,3,113,142,205.40008947985717,439.74,17.4,419.96500000000003,1.3333333333333333,14.75,11.377807017543859,1,3.0,13.95,0.42857142857142855,0.32233238577272416,0
14869,12,1,391.31,355,391.31,355.0,48,1,0,12,0.0,391.31,391.31,391.31,1.0,48.0,391.31,1,1.0,3.75,0.5,-0.9974509953863017,0
14870,171,1,327.25,119,327.25,119.0,13,1,0,171,0.0,327.25,327.25,327.25,1.0,13.0,327.25,1,0.0,0.0,0.0,-0.996953541507997,1
14871,87,3,354.75,114,118.25,38.0,44,3,182,270,19.20982821370353,140.4,106.15,108.2,1.0,14.666666666666666,1.9385245901639345,1,0.0,0.0,0.0,0.20787069571328176,0
14873,119,1,519.68,168,519.68,168.0,28,1,0,119,0.0,519.68,519.68,519.68,1.0,28.0,519.68,1,0.0,0.0,0.0,-0.9980794345855419,1
14875,17,2,1465.3200000000002,558,732.6600000000001,279.0,46,2,155,172,524.1923990292113,1103.32,362.0,732.66,1.0,23.0,9.393076923076924,1,3.0,16.6,0.6,0.50556495171586,1
14878,83,6,1083.02,627,180.50333333333333,104.5,51,6,184,268,83.72506379016183,322.01,111.03,159.07,1.0,8.5,5.8541621621621625,1,0.0,0.0,0.0,0.19855722219147245,0
14880,94,2,363.27,245,181.635,122.5,25,2,103,198,74.15428814303324,234.07,129.2,181.635,1.0,12.5,3.492980769230769,1,0.0,0.0,0.0,0.2878908501935378,0
14883,73,2,358.48,322,179.24,161.0,25,2,47,121,185.71452501083485,310.56,47.92,179.24,1.0,12.5,7.468333333333334,1,1.0,4.95,0.3333333333333333,-0.7306108823856681,0
14885,41,1,765.3199999999999,724,765.3199999999999,724.0,15,1,0,41,0.0,765.3199999999999,765.3199999999999,765.3199999999999,1.0,15.0,765.3199999999999,1,0.0,0.0,0.0,-0.9986950621150433,1
14886,162,1,364.8,160,364.8,160.0,18,1,0,162,0.0,364.8,364.8,364.8,1.0,18.0,364.8,1,0.0,0.0,0.0,-0.9972662657189721,1
14888,116,1,369.2,184,369.2,184.0,20,1,0,116,0.0,369.2,369.2,369.2,1.0,20.0,369.2,1,0.0,0.0,0.0,-0.9972987574284171,1
14889,245,1,135.9,90,135.9,90.0,10,1,0,245,0.0,135.9,135.9,135.9,1.0,10.0,135.9,1,0.0,0.0,0.0,-0.9926953981008035,1
14890,163,1,125.65,51,125.65,51.0,7,1,0,163,0.0,125.65,125.65,125.65,1.0,7.0,125.65,1,0.0,0.0,0.0,-0.9921042242400315,1
14891,57,2,554.38,505,277.19,252.5,30,2,39,97,243.51343330502323,449.38,105.0,277.19,1.0,15.0,13.8595,1,0.0,0.0,0.0,-0.620079945262703,1
14895,0,13,7974.79,3418,613.4453846153846,262.9230769230769,242,7,199,199,726.4489112871299,2346.34,15.0,372.3,1.8571428571428572,18.615384615384617,39.87395,1,8.0,118.44999999999999,0.38095238095238093,0.01695506025108485,0
14896,114,2,468.77000000000004,279,234.38500000000002,139.5,43,2,160,275,32.29356669678964,257.22,211.55,234.38500000000002,1.0,21.5,2.9116149068322983,1,0.0,0.0,0.0,-0.09721778742789026,1
14897,206,1,175.5,122,175.5,122.0,10,1,0,206,0.0,175.5,175.5,175.5,1.0,10.0,175.5,1,0.0,0.0,0.0,-0.9943342776203966,0
14898,43,5,1011.3,864,202.26,172.8,60,5,236,280,115.57524150958977,400.37,98.5,168.35,1.0,12.0,4.267088607594936,1,3.0,75.2,0.375,0.16121703052454806,0
14901,11,5,822.12,409,164.424,81.8,50,5,271,282,25.132962022014038,204.15,134.64999999999998,159.64,1.0,10.0,3.0225,1,2.0,6.3,0.2857142857142857,-0.20893672854504805,0
14903,34,4,2411.82,1334,602.955,333.5,195,4,154,188,64.33897134189615,686.47,533.18,596.085,1.0,48.75,15.560129032258066,1,9.0,66.15,0.6923076923076923,0.07638365066602562,0
14905,67,2,616.15,287,308.075,143.5,14,2,76,143,0.6717514421272323,308.55,307.6,308.07500000000005,1.0,7.0,8.001948051948052,1,1.0,16.25,0.3333333333333333,-0.001539334035485682,1
14907,8,5,2608.18,1307,521.636,261.4,110,4,268,277,363.3583208487181,971.13,17.4,618.07,1.25,22.0,9.695836431226764,1,3.0,22.25,0.375,0.263224461325014,0
14911,2,112,81977.68000000001,43478,731.9435714285715,388.19642857142856,1230,83,280,282,700.1344501714365,4345.1,1.45,617.6850000000001,1.3493975903614457,10.982142857142858,291.7355160142349,1,226.0,11252.44,0.6686390532544378,0.2924818989522642,0
14912,156,1,482.78999999999996,445,482.78999999999996,445.0,14,1,0,156,0.0,482.78999999999996,482.78999999999996,482.78999999999996,1.0,14.0,482.78999999999996,1,1.0,26.33,0.5,-0.9979329874532339,0
14913,92,3,917.15,1362,305.71666666666664,454.0,57,3,175,268,8.00812295942896,314.96,300.87,301.32,1.0,19.0,5.211079545454545,1,0.0,0.0,0.0,-0.3425475140227631,0
14915,0,2,307.48,112,153.74,56.0,12,2,186,187,16.20688742479568,165.20000000000002,142.28,153.74,1.0,6.0,1.6442780748663102,1,1.0,48.65,0.3333333333333333,0.07429979253112037,1
14916,3,3,967.76,830,322.58666666666664,276.6666666666667,54,3,230,233,73.83235492203488,406.22999999999996,266.48,295.05,1.0,18.0,4.189437229437229,1,2.0,4.14,0.4,0.3898385565052232,0
14918,25,2,1610.15,675,805.075,337.5,39,2,38,64,56.08063881590505,844.73,765.4200000000001,805.075,1.0,19.5,41.28589743589744,1,0.0,0.0,0.0,0.04922570834497095,1
14920,122,2,977.77,509,488.885,254.5,57,1,0,122,117.88177149160934,572.24,405.53000000000003,488.885,2.0,28.5,977.77,1,0.0,0.0,0.0,0.17032602143506645,1
14921,110,1,903.01,631,903.01,631.0,53,1,0,110,0.0,903.01,903.01,903.01,1.0,53.0,903.01,1,0.0,0.0,0.0,-0.998893817546266,0
14924,155,1,310.05,64,310.05,64.0,10,1,0,155,0.0,310.05,310.05,310.05,1.0,10.0,310.05,1,0.0,0.0,0.0,-0.9967850827841183,1
14930,18,3,2372.86,1166,790.9533333333334,388.6666666666667,116,2,165,183,541.589415178448,1104.13,165.58,1103.15,1.5,38.666666666666664,14.29433734939759,1,0.0,0.0,0.0,0.0693385456598114,1
14931,115,2,586.0,98,293.0,49.0,10,2,34,150,0.0,293.0,293.0,293.0,1.0,5.0,16.742857142857144,1,1.0,293.0,0.3333333333333333,0.0,0
14932,275,1,363.53,80,363.53,80.0,17,1,0,275,0.0,363.53,363.53,363.53,1.0,17.0,363.53,1,0.0,0.0,0.0,-0.9972567415576221,1
14934,192,1,828.84,459,828.84,459.0,39,1,0,192,0.0,828.84,828.84,828.84,1.0,39.0,828.84,1,1.0,2.1,0.5,-0.9987949484237926,0
14935,206,1,1784.71,935,1784.71,935.0,10,1,0,206,0.0,1784.71,1784.71,1784.71,1.0,10.0,1784.71,1,0.0,0.0,0.0,-0.9994399986559968,1
14936,18,3,5072.88,2352,1690.96,784.0,124,3,167,185,327.18557868585816,2060.0299999999997,1436.49,1576.3600000000001,1.0,41.333333333333336,30.195714285714285,1,2.0,19.599999999999998,0.4,0.37844016807650155,0
14937,39,1,759.56,172,759.56,172.0,13,1,0,39,0.0,759.56,759.56,759.56,1.0,13.0,759.56,1,1.0,4.25,0.5,-0.9986851793415378,0
14944,4,7,3164.19,1699,452.02714285714285,242.71428571428572,71,5,201,206,265.22939233264265,675.7,19.919999999999998,550.12,1.4,10.142857142857142,15.66430693069307,1,2.0,57.300000000000004,0.2222222222222222,0.16287489850530307,0
14947,40,1,178.5,118,178.5,118.0,10,1,0,40,0.0,178.5,178.5,178.5,1.0,10.0,178.5,1,0.0,0.0,0.0,-0.9944289693593314,0
14948,7,4,639.23,453,159.8075,113.25,39,4,120,128,132.51213060823275,278.4,13.2,173.815,1.0,9.75,5.282892561983471,1,1.0,35.400000000000006,0.2,0.12875060525123785,0
14952,116,7,3534.61,1787,504.94428571428574,255.28571428571428,82,5,157,274,287.4288518258123,972.72,77.5,524.95,1.4,11.714285714285714,22.37094936708861,1,11.0,186.7,0.6111111111111112,-0.23561705052310633,0
14957,162,1,58.49,34,58.49,34.0,12,1,0,162,0.0,58.49,58.49,58.49,1.0,12.0,58.49,1,0.0,0.0,0.0,-0.9831904521768364,1
14958,56,3,499.68,129,166.56,43.0,33,3,98,155,53.2491248754381,210.64999999999998,107.39999999999999,181.63,1.0,11.0,5.047272727272727,1,0.0,0.0,0.0,0.15654709594950866,1
14959,19,3,537.32,400,179.10666666666668,133.33333333333334,33,3,186,205,64.39116191942286,243.72,114.94,178.66,1.0,11.0,2.8733689839572194,1,2.0,10.45,0.4,-0.5711101203744984,0
14960,80,1,88.3,20,88.3,20.0,2,1,0,80,0.0,88.3,88.3,88.3,1.0,2.0,88.3,1,0.0,0.0,0.0,-0.9888017917133258,0
14961,0,7,4917.93,2669,702.5614285714286,381.2857142857143,158,6,269,270,313.7442186149184,1010.95,206.0,727.78,1.1666666666666667,22.571428571428573,18.214555555555556,1,5.0,38.1,0.4166666666666667,-0.2930291750441661,0
14962,180,1,126.7,44,126.7,44.0,5,1,0,180,0.0,126.7,126.7,126.7,1.0,5.0,126.7,1,0.0,0.0,0.0,-0.9921691464369616,1
14963,93,1,294.2,167,294.2,167.0,37,1,0,93,0.0,294.2,294.2,294.2,1.0,37.0,294.2,1,0.0,0.0,0.0,-0.9966124661246613,0
14964,156,1,206.21,143,206.21,143.0,13,1,0,156,0.0,206.21,206.21,206.21,1.0,13.0,206.21,1,0.0,0.0,0.0,-0.9951739780898605,1
14965,5,2,599.0,365,299.5,182.5,80,1,0,5,247.48737341529164,474.5,124.5,299.5,2.0,40.0,599.0,1,0.0,0.0,0.0,-0.5833333333333334,1
14970,46,3,1119.75,165,373.25,55.0,10,3,179,226,61.92081637058736,444.75,337.5,337.5,1.0,3.3333333333333335,6.220833333333333,1,0.0,0.0,0.0,-0.3968324782511711,0
14972,37,1,114.77,28,114.77,28.0,18,1,0,37,0.0,114.77,114.77,114.77,1.0,18.0,114.77,1,0.0,0.0,0.0,-0.9913621836399759,1
14973,16,3,1314.45,369,438.15000000000003,123.0,29,3,118,135,189.38073582072704,654.6,302.96000000000004,356.89,1.0,9.666666666666666,11.045798319327732,1,0.0,0.0,0.0,0.0039910296856588996,1
14976,10,4,559.96,162,139.99,40.5,38,4,225,236,33.01567607465682,178.74,109.7,135.76,1.0,9.5,2.477699115044248,1,1.0,25.0,0.2,0.03016257843696523,0
14978,145,4,1537.28,417,384.32,104.25,120,4,94,240,58.66666685606064,452.91,310.26,387.05500000000006,1.0,30.0,16.181894736842104,1,0.0,0.0,0.0,-0.4860103492212081,0
14981,155,1,102.12,97,102.12,97.0,8,1,0,155,0.0,102.12,102.12,102.12,1.0,8.0,102.12,1,0.0,0.0,0.0,-0.9903025601241272,1
14984,90,1,110.17999999999999,21,110.17999999999999,21.0,16,1,0,90,0.0,110.17999999999999,110.17999999999999,110.17999999999999,1.0,16.0,110.17999999999999,1,0.0,0.0,0.0,-0.9910055765425436,0
14985,107,2,296.75,260,148.375,130.0,78,2,159,267,33.75020666603392,172.24,124.51,148.375,1.0,39.0,1.8546875,1,0.0,0.0,0.0,0.1603022670025189,1
14987,275,1,163.2,64,163.2,64.0,2,1,0,275,0.0,163.2,163.2,163.2,1.0,2.0,163.2,1,0.0,0.0,0.0,-0.9939098660170523,0
14988,121,1,334.54,141,334.54,141.0,40,1,0,121,0.0,334.54,334.54,334.54,1.0,40.0,334.54,1,0.0,0.0,0.0,-0.9970197293914287,1
14995,189,1,119.31,51,119.31,51.0,37,1,0,189,0.0,119.31,119.31,119.31,1.0,37.0,119.31,1,0.0,0.0,0.0,-0.9916881389743164,0
14997,87,1,155.28,312,155.28,312.0,9,1,0,87,0.0,155.28,155.28,155.28,1.0,9.0,155.28,1,1.0,5.22,0.5,-0.9936012285641157,0
14998,79,2,429.87,270,214.935,135.0,70,2,71,150,44.257813434466,246.23,183.64,214.935,1.0,35.0,5.970416666666667,1,0.0,0.0,0.0,0.14526423283124842,1
15002,25,4,1641.76,862,410.44,215.5,93,4,251,276,184.8095421418133,631.65,254.44,377.83500000000004,1.0,23.25,6.514920634920635,1,0.0,0.0,0.0,-0.39775743261340674,1
15004,56,1,1246.32,630,1246.32,630.0,154,1,0,56,0.0,1246.32,1246.32,1246.32,1.0,154.0,1246.32,1,0.0,0.0,0.0,-0.99919828111471,1
15005,5,20,4522.5,3034,226.125,151.7,281,20,270,275,46.935159248522965,296.32,141.05,241.04000000000002,1.0,14.05,16.68819188191882,1,41.0,136.08,0.6721311475409836,0.2818525478059025,0
15007,68,1,156.91,69,156.91,69.0,12,1,0,68,0.0,156.91,156.91,156.91,1.0,12.0,156.91,1,0.0,0.0,0.0,-0.9936672788297132,1
15012,283,1,191.06,86,191.06,86.0,46,1,0,283,0.0,191.06,191.06,191.06,1.0,46.0,191.06,1,0.0,0.0,0.0,-0.9947932937623659,0
15014,85,1,117.72999999999999,68,117.72999999999999,68.0,2,1,0,85,0.0,117.72999999999999,117.72999999999999,117.72999999999999,1.0,2.0,117.72999999999999,1,0.0,0.0,0.0,-0.9915775288469637,0
15016,82,1,170.04,76,170.04,76.0,20,1,0,82,0.0,170.04,170.04,170.04,1.0,20.0,170.04,1,0.0,0.0,0.0,-0.9941534144059869,1
15018,162,2,291.34000000000003,94,145.67000000000002,47.0,17,2,114,277,48.677230816881924,180.09,111.25,145.67000000000002,1.0,8.5,2.5333913043478264,1,1.0,39.95,0.3333333333333333,0.23547923650543887,0
15019,176,1,266.0,159,266.0,159.0,64,1,0,176,0.0,266.0,266.0,266.0,1.0,64.0,266.0,1,0.0,0.0,0.0,-0.9962546816479401,1
15021,66,5,1119.08,531,223.81599999999997,106.2,204,5,209,276,31.054765012796356,277.97,201.48,215.85,1.0,40.8,5.328952380952381,1,7.0,42.54,0.5833333333333334,0.6319191486322406,0
15023,25,8,5110.32,2237,638.79,279.625,271,8,253,278,235.7737803791713,1051.99,357.7,624.0899999999999,1.0,33.875,20.119370078740157,1,1.0,39.6,0.1111111111111111,0.2932393197843219,0
15024,22,5,845.62,416,169.124,83.2,62,4,254,276,164.33074980051666,444.42,46.8,87.93,1.25,12.4,3.316156862745098,1,0.0,0.0,0.0,-0.626680210720276,0
15026,149,2,230.78,81,115.39,40.5,24,2,37,186,9.065108934811555,121.80000000000001,108.97999999999999,115.39,1.0,12.0,6.073157894736842,1,0.0,0.0,0.0,0.055311070843040905,0
15027,77,3,966.9699999999999,523,322.3233333333333,174.33333333333334,27,3,70,147,16.521005820873388,341.4,312.71999999999997,312.85,1.0,9.0,13.619295774647886,1,2.0,14.2,0.4,-0.35256257941878366,0
15028,278,1,185.97,119,185.97,119.0,14,1,0,278,0.0,185.97,185.97,185.97,1.0,14.0,185.97,1,0.0,0.0,0.0,-0.994651548376745,0
15030,177,1,152.76,156,152.76,156.0,3,1,0,177,0.0,152.76,152.76,152.76,1.0,3.0,152.76,1,0.0,0.0,0.0,-0.9934963579604579,0
15031,19,2,261.79,115,130.895,57.5,42,2,172,191,28.192347365907654,150.83,110.96000000000001,130.895,1.0,21.0,1.5132369942196533,1,0.0,0.0,0.0,-0.15171810190646523,0
15032,165,3,4959.1,2968,1653.0333333333335,989.3333333333334,29,2,110,275,1438.2591963319176,2746.75,23.85,2188.5,1.5,9.666666666666666,44.67657657657658,1,3.0,495.0,0.5,-0.1173565049091752,1
15033,18,6,1629.1,916,271.51666666666665,152.66666666666666,203,6,220,238,191.95382920553234,570.07,36.89,213.575,1.0,33.833333333333336,7.371493212669683,1,3.0,15.65,0.3333333333333333,0.07944297895834612,0
15034,142,5,2664.83,1333,532.966,266.6,158,4,121,263,299.4317817633926,842.9,199.75,583.45,1.25,31.6,21.842868852459016,1,6.0,30.95,0.5454545454545454,-0.07047336101701905,0
15036,86,2,245.69,151,122.845,75.5,49,2,2,89,98.56361422959286,192.54,53.150000000000006,122.845,1.0,24.5,81.89666666666666,1,0.0,0.0,0.0,0.5650411447565771,0
15038,97,4,517.45,128,129.3625,32.0,90,4,182,279,19.381230396098868,157.6,116.09,121.88,1.0,22.5,2.8275956284153008,1,3.0,39.9,0.42857142857142855,0.5103481531488089,0
15039,1,38,18513.8,8531,487.2052631578947,224.5,377,34,276,278,239.2715645988979,928.08,8.5,488.95000000000005,1.1176470588235294,9.921052631578947,66.83682310469314,1,6.0,128.0,0.13636363636363635,-0.09834618791453327,0
15041,79,1,180.35,104,180.35,104.0,66,1,0,79,0.0,180.35,180.35,180.35,1.0,66.0,180.35,1,0.0,0.0,0.0,-0.9944858009374138,1
15042,108,1,135.93,30,135.93,30.0,5,1,0,108,0.0,135.93,135.93,135.93,1.0,5.0,135.93,1,0.0,0.0,0.0,-0.9926969984663697,1
15044,45,13,5202.28,1547,400.1753846153846,119.0,147,11,225,271,254.95406379108718,835.95,23.8,440.5,1.1818181818181819,11.307692307692308,23.018938053097344,1,8.0,70.85,0.38095238095238093,-0.3704432588674836,0
15045,61,2,735.66,114,367.83,57.0,11,2,105,167,29.797479759201103,388.9,346.76,367.83,1.0,5.5,6.940188679245283,1,1.0,102.0,0.3333333333333333,-0.05720413759400536,1
15046,6,11,3984.5299999999997,2561,362.22999999999996,232.8181818181818,124,11,241,247,252.0481359581935,943.07,109.85,320.35,1.0,11.272727272727273,16.465,1,1.0,149.76,0.08333333333333333,0.218126572877384,0
15047,179,1,343.62,222,343.62,222.0,22,1,0,179,0.0,343.62,343.62,343.62,1.0,22.0,343.62,1,0.0,0.0,0.0,-0.9970982531483953,1
15048,26,3,324.53,173,108.17666666666666,57.666666666666664,74,3,251,278,45.57995868068918,157.75,68.08,98.7,1.0,24.666666666666668,1.2878174603174601,1,1.0,3.4799999999999995,0.25,0.3905323626086689,0
15049,183,1,121.17000000000002,63,121.17000000000002,63.0,3,1,0,183,0.0,121.17000000000002,121.17000000000002,121.17000000000002,1.0,3.0,121.17000000000002,1,0.0,0.0,0.0,-0.9918146844560858,1
15051,59,1,377.74,351,377.74,351.0,34,1,0,59,0.0,377.74,377.74,377.74,1.0,34.0,377.74,1,0.0,0.0,0.0,-0.9973596662618155,0
15052,228,1,215.78,82,215.78,82.0,27,1,0,228,0.0,215.78,215.78,215.78,1.0,27.0,215.78,1,0.0,0.0,0.0,-0.9953870283236461,1
15053,65,2,478.6,514,239.3,257.0,28,2,125,191,23.54665581351201,255.95,222.65,239.3,1.0,14.0,3.7984126984126987,1,0.0,0.0,0.0,0.06943286071726434,0
15057,184,2,1489.5,668,744.75,334.0,25,2,40,225,546.239988466608,1131.0,358.5,744.75,1.0,12.5,36.329268292682926,1,0.0,0.0,0.0,-0.5182824555518283,1
15058,34,7,1245.66,617,177.95142857142858,88.14285714285714,131,5,187,221,61.28682768441396,270.55,91.74,178.75,1.4,18.714285714285715,6.625851063829788,1,0.0,0.0,0.0,-0.1891935250990647,0
15059,16,7,1008.6,405,144.0857142857143,57.857142857142854,127,6,227,244,69.38397145766518,199.11,2.95,172.2,1.1666666666666667,18.142857142857142,4.423684210526316,1,2.0,11.9,0.2222222222222222,0.2662242472266244,0
15061,37,37,36575.0,19193,988.5135135135135,518.7297297297297,59,22,244,281,1204.7184607414306,5375.28,2.42,561.3,1.6818181818181819,1.5945945945945945,149.28571428571428,1,7.0,305.4,0.1590909090909091,-0.47602034120734904,0
15062,127,3,814.04,541,271.34666666666664,180.33333333333334,38,3,141,268,73.93368470009683,353.06,209.08,251.9,1.0,12.666666666666666,5.732676056338028,1,0.0,0.0,0.0,0.48571849234393405,0
15063,122,1,370.79999999999995,56,370.79999999999995,56.0,5,1,0,122,0.0,370.79999999999995,370.79999999999995,370.79999999999995,1.0,5.0,370.79999999999995,1,0.0,0.0,0.0,-0.9973103819257665,1
15065,74,3,2858.75,1181,952.9166666666666,393.6666666666667,132,3,126,200,438.2235188044262,1452.35,632.74,773.66,1.0,44.0,22.50984251968504,1,3.0,22.15,0.5,0.4585820438849551,0
15067,192,1,848.05,335,848.05,335.0,35,1,0,192,0.0,848.05,848.05,848.05,1.0,35.0,848.05,1,0.0,0.0,0.0,-0.9988222130616572,0
15068,165,1,239.95999999999998,130,239.95999999999998,130.0,39,1,0,165,0.0,239.95999999999998,239.95999999999998,239.95999999999998,1.0,39.0,239.95999999999998,1,0.0,0.0,0.0,-0.9958499335989376,0
15069,88,1,1109.53,520,1109.53,520.0,70,1,0,88,0.0,1109.53,1109.53,1109.53,1.0,70.0,1109.53,1,0.0,0.0,0.0,-0.999099529053695,1
15070,282,1,106.2,36,106.2,36.0,1,1,0,282,0.0,106.2,106.2,106.2,1.0,1.0,106.2,1,0.0,0.0,0.0,-0.9906716417910447,1
15071,3,2,982.07,269,491.035,134.5,25,2,182,185,138.07674116229717,588.6700000000001,393.40000000000003,491.0350000000001,1.0,12.5,5.366502732240438,1,0.0,0.0,0.0,-0.19863285422197813,1
15073,95,2,861.96,428,430.98,214.0,22,2,1,96,0.0,430.98,430.98,430.98,1.0,11.0,430.98,1,22.0,430.98,0.9166666666666666,0.0,0
15074,14,1,748.87,455,748.87,455.0,41,1,0,14,0.0,748.87,748.87,748.87,1.0,41.0,748.87,1,0.0,0.0,0.0,-0.9986664355154894,1
15076,82,1,880.85,571,880.85,571.0,49,1,0,82,0.0,880.85,880.85,880.85,1.0,49.0,880.85,1,0.0,0.0,0.0,-0.9988660202982367,1
15078,15,22,6702.59,3387,304.66318181818184,153.95454545454547,83,14,262,278,219.6483477523706,590.03,15.0,351.0,1.5714285714285714,3.772727272727273,25.48513307984791,1,11.0,119.76,0.3333333333333333,0.23162365240117616,0
15079,122,4,895.61,389,223.9025,97.25,46,3,153,275,139.74192818072416,367.29,71.9,228.21,1.3333333333333333,11.5,5.815649350649351,1,1.0,1.95,0.2,-0.13703840019629493,1
15081,117,2,248.05,113,124.025,56.5,16,2,158,276,18.2079996155536,136.9,111.15,124.025,1.0,8.0,1.560062893081761,1,2.0,17.45,0.5,0.10339289299337481,0
15083,166,1,88.2,38,88.2,38.0,5,1,0,166,0.0,88.2,88.2,88.2,1.0,5.0,88.2,1,0.0,0.0,0.0,-0.9887892376681614,1
15087,191,1,306.94,470,306.94,470.0,15,1,0,191,0.0,306.94,306.94,306.94,1.0,15.0,306.94,1,0.0,0.0,0.0,-0.9967526141456128,1
15089,3,3,2036.28,1189,678.76,396.3333333333333,117,3,34,37,472.5544795047445,1221.56,359.05,455.67,1.0,39.0,58.17942857142857,1,0.0,0.0,0.0,-0.19969763606377128,0
15090,217,1,381.32,208,381.32,208.0,23,1,0,217,0.0,381.32,381.32,381.32,1.0,23.0,381.32,1,0.0,0.0,0.0,-0.9973843900397573,1
15092,124,2,457.81,135,228.905,67.5,23,2,68,193,133.2966993214761,323.16,134.65,228.90500000000003,1.0,11.5,6.634927536231884,1,0.0,0.0,0.0,-0.41086724352128334,1
15093,26,5,4027.1,3279,805.42,655.8,51,5,255,281,243.99531481157587,1220.4,623.73,759.08,1.0,10.2,15.730859375,1,4.0,186.87999999999997,0.4444444444444444,-0.29277326779374896,0
15095,13,4,1370.6,1079,342.65,269.75,30,3,99,112,312.96573976502066,770.5,19.8,290.15,1.3333333333333333,7.5,13.706,1,2.0,5.9,0.3333333333333333,-0.1242344706911636,1
15098,91,3,39916.5,121,13305.5,40.333333333333336,1,1,0,91,22226.80778362021,38970.0,297.0,649.5,3.0,0.3333333333333333,39916.5,1,2.0,39267.0,0.4,0.9850942569048663,1
15100,243,3,876.0,80,292.0,26.666666666666668,1,3,40,283,101.15176716202244,350.4,175.2,350.4,1.0,0.3333333333333333,21.365853658536587,1,3.0,240.89999999999998,0.5,-0.599315849486887,1
15101,268,1,102.28,34,102.28,34.0,4,1,0,268,0.0,102.28,102.28,102.28,1.0,4.0,102.28,1,1.0,7.5,0.5,-0.9903175832687839,0
15104,106,2,1027.44,637,513.72,318.5,66,2,85,191,196.68882225485,652.8,374.64,513.72,1.0,33.0,11.946976744186047,1,2.0,24.9,0.5,0.27046789311967634,1
15105,44,1,532.98,274,532.98,274.0,19,1,0,44,0.0,532.98,532.98,532.98,1.0,19.0,532.98,1,0.0,0.0,0.0,-0.9981272706842953,0
15106,50,3,1032.83,822,344.27666666666664,274.0,67,3,128,178,80.76034691191796,410.7,254.38,367.75,1.0,22.333333333333332,8.006434108527131,1,2.0,14.79,0.4,-0.5069208670671195,0
15107,220,6,319.5,169,53.25,28.166666666666668,12,6,61,281,40.608767526237486,116.0,8.5,50.925,1.0,2.0,5.153225806451613,1,3.0,71.84,0.3333333333333333,-0.10795631825273018,1
15108,51,4,1300.25,499,325.0625,124.75,50,4,85,137,273.1680721186134,676.8,45.0,289.225,1.0,12.5,15.119186046511627,1,1.0,8.5,0.2,0.040999039385206465,1
15109,155,1,484.95,131,484.95,131.0,28,1,0,155,0.0,484.95,484.95,484.95,1.0,28.0,484.95,1,3.0,21.2,0.75,-0.9979421751208972,1
15110,36,2,376.55,121,188.275,60.5,13,2,191,228,26.339727599198895,206.9,169.65,188.275,1.0,6.5,1.9611979166666667,1,5.0,25.85,0.7142857142857143,0.09866242881737518,0
15111,282,1,288.5,106,288.5,106.0,16,1,0,282,0.0,288.5,288.5,288.5,1.0,16.0,288.5,1,0.0,0.0,0.0,-0.9965457685664939,0
15114,2,7,1678.97,1817,239.85285714285715,259.57142857142856,78,7,208,211,66.19664913832766,324.96,135.62,243.51999999999998,1.0,11.142857142857142,8.033349282296651,1,0.0,0.0,0.0,0.14473472740584659,0
15116,44,2,790.97,255,395.485,127.5,20,2,70,114,119.02728447713156,479.65,311.32,395.485,1.0,10.0,11.140422535211268,1,0.0,0.0,0.0,-0.21254592977006703,0
15117,30,2,675.73,1085,337.865,542.5,31,2,94,125,36.01294836583085,363.33,312.4,337.865,1.0,15.5,7.112947368421053,1,1.0,1.65,0.3333333333333333,0.07525896590959467,0
15118,43,1,244.8,1440,244.8,1440.0,1,1,0,43,0.0,244.8,244.8,244.8,1.0,1.0,244.8,1,0.0,0.0,0.0,-0.9959316517493898,1
15119,155,1,266.4,88,266.4,88.0,14,1,0,155,0.0,266.4,266.4,266.4,1.0,14.0,266.4,1,0.0,0.0,0.0,-0.9962602842183994,1
15120,43,1,358.82,296,358.82,296.0,21,1,0,43,0.0,358.82,358.82,358.82,1.0,21.0,358.82,1,1.0,15.0,0.5,-0.9972208326385414,1
15121,198,1,295.15,125,295.15,125.0,18,1,0,198,0.0,295.15,295.15,295.15,1.0,18.0,295.15,1,0.0,0.0,0.0,-0.9966233327705555,0
15122,23,3,1633.78,800,544.5933333333334,266.6666666666667,65,3,183,207,153.36241271358938,703.17,397.04,533.57,1.0,21.666666666666668,8.879239130434783,1,5.0,21.650000000000002,0.625,0.5136470962453664,1
15123,115,1,1069.47,509,1069.47,509.0,53,1,0,115,0.0,1069.47,1069.47,1069.47,1.0,53.0,1069.47,1,0.0,0.0,0.0,-0.999065830896709,0
15124,101,1,90.75,89,90.75,89.0,9,1,0,101,0.0,90.75,90.75,90.75,1.0,9.0,90.75,1,0.0,0.0,0.0,-0.989100817438692,0
15125,22,12,10795.48,5909,899.6233333333333,492.4166666666667,97,8,157,180,1065.8878350961984,3840.88,49.92,540.81,1.5,8.083333333333334,68.32582278481013,1,13.0,411.43,0.52,-0.35437105426953974,0
15128,36,3,1170.24,1007,390.08,335.6666666666667,66,3,92,129,86.8481732680659,483.7,312.14,374.4,1.0,22.0,12.583225806451614,1,9.0,51.46,0.75,0.17318397595710527,0
15129,16,10,2796.73,1621,279.673,162.1,48,9,185,201,123.78548093375088,414.1,14.850000000000001,305.2,1.1111111111111112,4.8,15.036182795698926,1,0.0,0.0,0.0,0.1987218209048049,0
15130,79,1,330.11,197,330.11,197.0,22,1,0,79,0.0,330.11,330.11,330.11,1.0,22.0,330.11,1,0.0,0.0,0.0,-0.9969798556370995,1
15132,15,3,842.23,633,280.74333333333334,211.0,47,3,156,172,92.65509933799291,352.36,176.1,313.77,1.0,15.666666666666666,5.36452229299363,1,0.0,0.0,0.0,-0.1630753175290253,0
15133,37,3,982.42,680,327.4733333333333,226.66666666666666,27,3,174,211,4.960255369770129,333.2,324.52,324.70000000000005,1.0,9.0,5.613828571428571,1,0.0,0.0,0.0,-0.33900063045290924,1
15134,36,4,614.86,390,153.715,97.5,27,4,113,150,42.12431166598848,203.78,110.1,150.49,1.0,6.75,5.393508771929825,1,0.0,0.0,0.0,0.22076445945507098,0
15135,148,1,139.05,43,139.05,43.0,9,1,0,148,0.0,139.05,139.05,139.05,1.0,9.0,139.05,1,1.0,11.9,0.5,-0.9928596929667975,1
15136,5,1,582.9,374,582.9,374.0,29,1,0,5,0.0,582.9,582.9,582.9,1.0,29.0,582.9,1,1.0,4.25,0.5,-0.9982873779756808,0
15139,149,2,178.96,208,89.48,104.0,13,2,96,246,46.131646404610365,122.10000000000001,56.86,89.48,1.0,6.5,1.8449484536082474,1,0.0,0.0,0.0,-0.36252500555679046,1
15140,25,5,1728.11,1266,345.62199999999996,253.2,53,4,148,173,197.88080659831567,566.76,33.9,354.78000000000003,1.25,10.6,11.598053691275167,1,1.0,4.25,0.16666666666666666,-0.3046596225804027,0
15143,135,1,259.45,150,259.45,150.0,14,1,0,135,0.0,259.45,259.45,259.45,1.0,14.0,259.45,1,0.0,0.0,0.0,-0.9961604914570935,1
15144,2,10,3560.84,1920,356.084,192.0,99,8,219,221,310.797543648237,1030.7,15.600000000000001,319.87,1.25,9.9,16.185636363636366,1,1.0,50.400000000000006,0.09090909090909091,0.0479527435258181,0
15145,136,2,724.03,438,362.015,219.0,35,2,21,157,85.1568696582959,422.23,301.8,362.015,1.0,17.5,32.91045454545454,1,0.0,0.0,0.0,-0.16610347158048633,0
15146,74,2,1327.16,1473,663.58,736.5,90,2,126,200,241.32140228334498,834.22,492.94,663.58,1.0,45.0,10.450078740157482,1,4.0,13.5,0.6666666666666666,-0.25695699313335746,1
15147,149,1,623.5,366,623.5,366.0,28,1,0,149,0.0,623.5,623.5,623.5,1.0,28.0,623.5,1,1.0,14.850000000000001,0.5,-0.9983987189751802,1
15149,43,1,520.8000000000001,128,520.8000000000001,128.0,23,1,0,43,0.0,520.8000000000001,520.8000000000001,520.8000000000001,1.0,23.0,520.8000000000001,1,0.0,0.0,0.0,-0.9980835569183595,1
15150,18,5,3569.62,2474,713.924,494.8,225,5,160,178,566.8257560573619,1654.31,292.82,501.25,1.0,45.0,22.171552795031054,1,1.0,10.5,0.16666666666666666,0.718956371722558,0
15152,22,6,2383.21,1173,397.20166666666665,195.5,110,6,73,96,179.71428573340143,756.1,303.21,309.89,1.0,18.333333333333332,32.20554054054054,1,7.0,61.45,0.5384615384615384,0.3653243632062612,0
15157,63,2,1505.37,1910,752.685,955.0,89,2,203,267,470.6149182187067,1085.46,419.91,752.6850000000001,1.0,44.5,7.379264705882353,1,8.0,66.57,0.8,-0.4418237219275477,0
15159,22,18,8969.97,5666,498.33166666666665,314.77777777777777,205,12,248,270,487.56246159428883,1822.88,12.5,422.975,1.5,11.38888888888889,36.023975903614456,1,10.0,67.33,0.35714285714285715,0.2525401378000372,0
15160,266,1,158.16,84,158.16,84.0,4,1,0,266,0.0,158.16,158.16,158.16,1.0,4.0,158.16,1,0.0,0.0,0.0,-0.9937170143252073,1
15163,101,1,155.0,48,155.0,48.0,10,1,0,101,0.0,155.0,155.0,155.0,1.0,10.0,155.0,1,0.0,0.0,0.0,-0.9935897435897436,0
15164,117,2,368.18,143,184.09,71.5,52,2,130,248,15.132085117392101,194.79,173.39000000000001,184.09,1.0,26.0,2.810534351145038,1,0.0,0.0,0.0,0.05796630370009204,0
15165,282,1,487.75,160,487.75,160.0,27,1,0,282,0.0,487.75,487.75,487.75,1.0,27.0,487.75,1,0.0,0.0,0.0,-0.9979539641943734,1
15167,230,1,163.0,67,163.0,67.0,39,1,0,230,0.0,163.0,163.0,163.0,1.0,39.0,163.0,1,0.0,0.0,0.0,-0.9939024390243902,1
15171,240,1,1289.5,290,1289.5,290.0,5,1,0,240,0.0,1289.5,1289.5,1289.5,1.0,5.0,1289.5,1,2.0,254.99999999999997,0.6666666666666666,-0.9992251065478497,1
15172,45,3,886.74,838,295.58,279.3333333333333,60,3,100,146,100.51736765355527,360.54,179.8,346.4,1.0,20.0,8.77960396039604,1,0.0,0.0,0.0,-0.1866086917340663,0
15174,232,1,135.75,145,135.75,145.0,11,1,0,232,0.0,135.75,135.75,135.75,1.0,11.0,135.75,1,0.0,0.0,0.0,-0.9926873857404022,1
15178,169,1,40.5,30,40.5,30.0,3,1,0,169,0.0,40.5,40.5,40.5,1.0,3.0,40.5,1,0.0,0.0,0.0,-0.9759036144578314,1
15179,143,3,1455.12,1294,485.03999999999996,431.3333333333333,45,3,85,228,693.5371762205685,1285.62,67.5,102.0,1.0,15.0,16.919999999999998,1,2.0,20.75,0.4,-0.7665027607614757,0
15180,276,1,87.5,36,87.5,36.0,6,1,0,276,0.0,87.5,87.5,87.5,1.0,6.0,87.5,1,0.0,0.0,0.0,-0.9887005649717514,1
15181,84,2,434.99999999999994,252,217.49999999999997,126.0,10,2,94,179,116.67261889578035,300.0,135.0,217.5,1.0,5.0,4.578947368421052,1,2.0,9.2,0.5,-0.3784403669724771,0
15182,63,2,622.85,253,311.425,126.5,24,2,114,178,83.51638192594314,370.48,252.37,311.425,1.0,12.0,5.416086956521739,1,0.0,0.0,0.0,-0.18932435681654244,1
15184,100,1,235.23000000000002,73,235.23000000000002,73.0,20,1,0,100,0.0,235.23000000000002,235.23000000000002,235.23000000000002,1.0,20.0,235.23000000000002,1,0.0,0.0,0.0,-0.9957668374042247,0
15186,77,1,229.26,162,229.26,162.0,10,1,0,77,0.0,229.26,229.26,229.26,1.0,10.0,229.26,1,0.0,0.0,0.0,-0.9956570832971423,0
15187,1,6,1883.88,801,313.98,133.5,37,6,120,121,221.40485667663214,607.2,15.0,365.24,1.0,6.166666666666667,15.569256198347109,1,2.0,107.1,0.25,-0.10277577352404392,0
15189,0,33,12635.77,4627,382.90212121212124,140.21212121212122,72,30,241,242,225.94785757389877,1284.1200000000001,3.3,356.64,1.1,2.1818181818181817,52.21392561983471,1,20.0,423.25,0.37735849056603776,0.42782055857628176,0
15192,29,3,1044.32,918,348.1066666666666,306.0,36,3,245,274,64.99559549179725,422.99,306.33,315.0,1.0,12.0,4.24520325203252,1,0.0,0.0,0.0,0.39635709639153566,1
15194,36,11,4469.53,3283,406.3209090909091,298.45454545454544,152,11,241,277,157.0836484459503,843.78,307.62,335.07,1.0,13.818181818181818,18.46913223140496,1,16.0,95.36,0.5925925925925926,-0.2747034467948991,0
15197,162,2,773.25,202,386.625,101.0,15,2,105,267,240.23952890812953,556.5,216.75,386.625,1.0,7.5,7.294811320754717,1,4.0,423.17,0.6666666666666666,-0.4388117533096545,0
15198,1,2,193.64,120,96.82,60.0,10,2,31,33,15.301790744876884,107.64,86.0,96.82,1.0,5.0,6.05125,1,0.0,0.0,0.0,-0.1111796136457049,1
15199,4,3,967.75,305,322.5833333333333,101.66666666666667,4,3,213,217,26.63035548642436,353.09999999999997,304.04999999999995,310.6,1.0,1.3333333333333333,4.522196261682243,1,0.0,0.0,0.0,-0.35772903225806446,0
15201,35,4,933.26,914,233.315,228.5,29,3,121,156,135.8236873057617,301.48,29.58,301.1,1.3333333333333333,7.25,7.649672131147541,1,28.0,308.7,0.875,-0.2903688480722711,0
15203,15,4,1328.32,1339,332.08,334.75,73,4,205,221,111.81343628264597,480.96,211.94,317.71000000000004,1.0,18.25,6.448155339805825,1,0.0,0.0,0.0,0.6803779375921525,0
15204,266,1,316.58,258,316.58,258.0,9,1,0,266,0.0,316.58,316.58,316.58,1.0,9.0,316.58,1,0.0,0.0,0.0,-0.9968511871024623,1
15205,36,1,476.29999999999995,196,476.29999999999995,196.0,24,1,0,36,0.0,476.29999999999995,476.29999999999995,476.29999999999995,1.0,24.0,476.29999999999995,1,1.0,4.41,0.5,-0.9979048816258118,0
15206,9,3,236.7,90,78.89999999999999,30.0,3,3,176,185,91.1037320860128,183.6,17.700000000000003,35.400000000000006,1.0,1.0,1.3372881355932202,1,0.0,0.0,0.0,0.846865797223391,0
15208,72,2,323.52,154,161.76,77.0,16,2,190,262,136.27361887027143,258.12,65.4,161.76,1.0,8.0,1.6938219895287958,1,1.0,2.5,0.3333333333333333,0.5938617034389252,0
15210,134,1,331.18,228,331.18,228.0,20,1,0,134,0.0,331.18,331.18,331.18,1.0,20.0,331.18,1,0.0,0.0,0.0,-0.9969895839605033,1
15211,274,1,383.07,117,383.07,117.0,23,1,0,274,0.0,383.07,383.07,383.07,1.0,23.0,383.07,1,0.0,0.0,0.0,-0.9973963079646939,0
15212,150,1,101.8,36,101.8,36.0,5,1,0,150,0.0,101.8,101.8,101.8,1.0,5.0,101.8,1,2.0,12.85,0.6666666666666666,-0.9902723735408561,1
15213,228,2,328.35,272,164.175,136.0,22,2,11,239,210.75317613265048,313.2,15.149999999999999,164.17499999999998,1.0,11.0,27.3625,1,1.0,3.3,0.3333333333333333,-0.9049643236678305,1
15214,93,2,651.63,556,325.815,278.0,46,2,58,152,267.44899784818796,514.9300000000001,136.7,325.81500000000005,1.0,23.0,11.044576271186441,1,0.0,0.0,0.0,-0.5795473698726692,0
15215,6,1,300.04,92,300.04,92.0,16,1,0,6,0.0,300.04,300.04,300.04,1.0,16.0,300.04,1,8.0,118.95,0.8888888888888888,-0.9966781823013553,0
15218,26,8,3865.35,2258,483.16875,282.25,68,6,202,228,207.59630497933102,690.3399999999999,81.6,554.755,1.3333333333333333,8.5,19.04113300492611,1,0.0,0.0,0.0,0.09073932778977593,0
15219,85,1,305.75,45,305.75,45.0,9,1,0,85,0.0,305.75,305.75,305.75,1.0,9.0,305.75,1,0.0,0.0,0.0,-0.9967400162999185,1
15220,24,5,1284.05,1137,256.81,227.4,84,5,165,190,111.84430696284902,346.4,88.62,316.11,1.0,16.8,7.735240963855421,1,2.0,20.04,0.2857142857142857,-0.33643048908602774,0
15221,275,1,403.25,43,403.25,43.0,5,1,0,275,0.0,403.25,403.25,403.25,1.0,5.0,403.25,1,6.0,289.15,0.8571428571428571,-0.9975262832405689,1
15222,228,1,585.0,440,585.0,440.0,5,1,0,228,0.0,585.0,585.0,585.0,1.0,5.0,585.0,1,0.0,0.0,0.0,-0.9982935153583617,1
15223,135,2,755.75,213,377.875,106.5,14,2,23,159,108.92979964178767,454.90000000000003,300.85,377.875,1.0,7.0,31.489583333333332,1,12.0,300.85,0.8571428571428571,0.20356788899900893,1
15224,267,2,322.08,152,161.04,76.0,13,2,4,272,211.34007476103534,310.48,11.6,161.04000000000002,1.0,6.5,64.416,1,2.0,11.6,0.5,0.9250959514671289,1
15225,143,1,409.40000000000003,226,409.40000000000003,226.0,23,1,0,143,0.0,409.40000000000003,409.40000000000003,409.40000000000003,1.0,23.0,409.40000000000003,1,0.0,0.0,0.0,-0.9975633528265108,1
15226,220,1,154.41,71,154.41,71.0,8,1,0,220,0.0,154.41,154.41,154.41,1.0,8.0,154.41,1,0.0,0.0,0.0,-0.9935654076314265,1
15227,125,3,876.8199999999999,589,292.2733333333333,196.33333333333334,36,3,101,226,35.55331817613276,318.23,251.75,306.84,1.0,12.0,8.596274509803921,1,0.0,0.0,0.0,-0.42528080927752854,0
15228,39,3,2224.03,1505,741.3433333333334,501.6666666666667,83,3,165,204,341.7098222663981,970.58,348.59999999999997,904.85,1.0,27.666666666666668,13.39777108433735,1,1.0,9.75,0.25,0.18621321959703915,0
15230,148,2,429.6,351,214.8,175.5,23,2,1,150,219.768787592779,370.20000000000005,59.400000000000006,214.8,1.0,11.5,214.8,1,0.0,0.0,0.0,-0.721783557826289,1
15232,22,2,612.06,686,306.03,343.0,26,2,27,50,6.123544725075499,310.36,301.7,306.03,1.0,13.0,21.85928571428571,1,0.0,0.0,0.0,-0.014125860437803846,1
15234,186,1,197.0,196,197.0,196.0,14,1,0,186,0.0,197.0,197.0,197.0,1.0,14.0,197.0,1,0.0,0.0,0.0,-0.9949494949494949,1
15235,127,12,2247.51,1324,187.29250000000002,110.33333333333333,132,10,155,282,136.40102033242738,529.59,71.9,158.825,1.2,11.0,14.407115384615386,1,0.0,0.0,0.0,-0.16836482826405036,1
15236,208,1,321.05,269,321.05,269.0,15,1,0,208,0.0,321.05,321.05,321.05,1.0,15.0,321.05,1,0.0,0.0,0.0,-0.9968948920975004,1
15237,112,2,1093.65,798,546.825,399.0,74,2,23,136,554.5060667386788,938.9200000000001,154.73,546.825,1.0,37.0,45.56875,1,0.0,0.0,0.0,-0.7163842324030512,0
15238,4,2,772.78,577,386.39,288.5,37,2,88,93,121.97591975467945,472.64,300.14,386.39,1.0,18.5,8.682921348314606,1,2.0,15.45,0.5,0.22293158262038307,0
15240,101,3,1045.38,755,348.46000000000004,251.66666666666666,30,3,120,221,58.75701490035045,416.28000000000003,312.9,316.2,1.0,10.0,8.639504132231405,1,5.0,21.0,0.625,0.4009824346795619,0
15241,36,6,1344.86,1558,224.14333333333332,259.6666666666667,73,6,156,193,133.21206261696676,395.33,74.4,203.535,1.0,12.166666666666666,8.565987261146496,1,1.0,17.85,0.14285714285714285,0.41178131454980466,0
15244,157,1,297.94,240,297.94,240.0,15,1,0,157,0.0,297.94,297.94,297.94,1.0,15.0,297.94,1,0.0,0.0,0.0,-0.9966548471265136,0
15245,43,3,2515.84,1784,838.6133333333333,594.6666666666666,55,3,127,170,386.18991044994084,1251.48,486.24,778.12,1.0,18.333333333333332,19.655,1,0.0,0.0,0.0,0.005117528329174632,1
15246,147,2,514.15,247,257.075,123.5,32,2,120,268,100.51522894566773,328.15000000000003,186.0,257.07500000000005,1.0,16.0,4.249173553719008,1,0.0,0.0,0.0,0.27593904687954973,1
15247,31,1,356.0,160,356.0,160.0,6,1,0,31,0.0,356.0,356.0,356.0,1.0,6.0,356.0,1,0.0,0.0,0.0,-0.9971988795518207,1
15249,1,11,5639.34,3071,512.6672727272727,279.1818181818182,188,10,164,166,224.81064708286883,1001.82,282.31,478.2,1.1,17.09090909090909,34.17781818181818,1,8.0,31.1,0.42105263157894735,-0.007694571603839501,0
15251,0,8,9695.82,5704,1211.9775,713.0,92,8,150,151,924.2934633816253,2846.02,248.6,1003.6500000000001,1.0,11.5,64.21072847682119,1,10.0,157.88,0.5555555555555556,-0.1322681043888615,0
15252,92,1,300.55,99,300.55,99.0,14,1,0,92,0.0,300.55,300.55,300.55,1.0,14.0,300.55,1,0.0,0.0,0.0,-0.996683800364782,0
15253,79,1,173.85,211,173.85,211.0,12,1,0,79,0.0,173.85,173.85,173.85,1.0,12.0,173.85,1,2.0,2.9,0.6666666666666666,-0.9942808121246783,0
15254,36,1,300.36,275,300.36,275.0,18,1,0,36,0.0,300.36,300.36,300.36,1.0,18.0,300.36,1,0.0,0.0,0.0,-0.9966817095832228,1
15256,58,1,98.45,55,98.45,55.0,6,1,0,58,0.0,98.45,98.45,98.45,1.0,6.0,98.45,1,0.0,0.0,0.0,-0.9899446958270488,1
15257,192,1,317.15,46,317.15,46.0,7,1,0,192,0.0,317.15,317.15,317.15,1.0,7.0,317.15,1,1.0,85.0,0.5,-0.9968568285399969,1
15258,78,2,623.16,142,311.58,71.0,32,2,48,126,5.769991334482265,315.66,307.5,311.58000000000004,1.0,16.0,12.717551020408163,1,0.0,0.0,0.0,-0.013073570879261769,1
15260,9,7,1810.77,885,258.68142857142857,126.42857142857143,62,6,272,282,117.94657412413065,387.88,58.0,267.7,1.1666666666666667,8.857142857142858,6.632857142857143,1,1.0,30.0,0.125,0.5352610982630246,1
15261,44,1,254.82,270,254.82,270.0,19,1,0,44,0.0,254.82,254.82,254.82,1.0,19.0,254.82,1,0.0,0.0,0.0,-0.9960910014854194,1
15262,233,1,178.95000000000002,73,178.95000000000002,73.0,10,1,0,233,0.0,178.95000000000002,178.95000000000002,178.95000000000002,1.0,10.0,178.95000000000002,1,0.0,0.0,0.0,-0.9944429008057794,1
15263,16,1,156.51,89,156.51,89.0,12,1,0,16,0.0,156.51,156.51,156.51,1.0,12.0,156.51,1,0.0,0.0,0.0,-0.9936511967494127,1
15265,60,2,1506.1200000000001,612,753.0600000000001,306.0,76,2,84,145,57.72819761606977,793.88,712.24,753.06,1.0,38.0,17.719058823529412,1,0.0,0.0,0.0,0.05416954190774456,1
15266,247,1,119.3,18,119.3,18.0,6,1,0,247,0.0,119.3,119.3,119.3,1.0,6.0,119.3,1,0.0,0.0,0.0,-0.9916874480465503,1
15267,65,2,1407.76,704,703.88,352.0,7,2,27,92,469.3491970803828,1035.76,372.0,703.88,1.0,3.5,50.277142857142856,1,0.0,0.0,0.0,-0.47116613191743095,0
15270,27,5,1850.29,1017,370.058,203.4,21,4,192,219,97.59316994544238,536.54,300.25,330.8,1.25,4.2,9.58699481865285,1,7.0,81.28999999999999,0.5833333333333334,-0.41982077362271714,0
15271,4,10,1596.62,790,159.66199999999998,79.0,116,10,270,274,48.28094305440006,253.1,106.66,146.675,1.0,11.6,5.891586715867159,1,1.0,21.25,0.09090909090909091,0.3578573127527197,0
15279,264,1,290.51,189,290.51,189.0,19,1,0,264,0.0,290.51,290.51,290.51,1.0,19.0,290.51,1,2.0,13.100000000000001,0.6666666666666666,-0.996569585949024,1
15280,81,1,113.12,154,113.12,154.0,16,1,0,81,0.0,113.12,113.12,113.12,1.0,16.0,113.12,1,0.0,0.0,0.0,-0.9912372940764108,1
15281,46,8,2191.78,1128,273.9725,141.0,113,8,196,242,252.70132080326428,780.42,48.1,224.485,1.0,14.125,11.125786802030458,1,11.0,92.2,0.5789473684210527,-0.021050903419403716,0
15288,65,4,2006.3600000000001,721,501.59000000000003,180.25,74,4,209,274,348.018726603421,986.75,165.65,426.98,1.0,18.5,9.554095238095238,1,0.0,0.0,0.0,-0.14867288378766141,0
15289,47,2,697.98,768,348.99,384.0,41,2,111,159,37.420090860392065,375.45,322.53000000000003,348.99,1.0,20.5,6.231964285714286,1,1.0,4.68,0.3333333333333333,-0.0757103207530973,0
15290,13,12,3392.5899999999997,1723,282.7158333333333,143.58333333333334,51,12,255,268,142.33361287407794,526.22,35.400000000000006,289.95,1.0,4.25,13.252304687499999,1,8.0,139.45,0.4,0.015272911577415114,0
15291,4,12,3685.02,1457,307.085,121.41666666666667,57,12,278,283,94.95603475484661,408.29,45.0,322.68,1.0,4.75,13.207956989247311,1,6.0,71.79,0.3333333333333333,-0.45419178409232724,0
15292,110,1,180.94,56,180.94,56.0,24,1,0,110,0.0,180.94,180.94,180.94,1.0,24.0,180.94,1,0.0,0.0,0.0,-0.994503682532703,1
15296,18,5,2599.49,1275,519.8979999999999,255.0,118,5,217,236,438.65908336657066,1199.33,13.899999999999999,508.0,1.0,23.6,11.924266055045871,1,6.0,62.55,0.5454545454545454,0.0772277532311219,0
15298,2,7,3358.2200000000003,2120,479.7457142857143,302.85714285714283,87,7,273,275,265.3418016356226,990.0,169.74,397.6,1.0,12.428571428571429,12.256277372262774,1,2.0,1025.8,0.2222222222222222,0.26236447746798364,0
15299,73,5,3035.01,2578,607.0020000000001,515.6,5,3,208,281,252.57197196046914,1003.2,303.96,600.0,1.6666666666666667,1.0,14.521578947368422,1,5.0,719.92,0.5,-0.20915939012058588,0
15301,23,9,3747.8,2022,416.4222222222222,224.66666666666666,130,8,254,278,222.05789029990456,673.37,37.2,501.22,1.125,14.444444444444445,14.697254901960784,1,4.0,42.23,0.3076923076923077,0.30838134869825007,0
15303,199,1,574.02,248,574.02,248.0,31,1,0,199,0.0,574.02,574.02,574.02,1.0,31.0,574.02,1,0.0,0.0,0.0,-0.9982609300546068,1
15304,74,6,491.90000000000003,74,81.98333333333333,12.333333333333334,8,6,203,278,34.42996756702897,123.15,51.0,78.225,1.0,1.3333333333333333,2.411274509803922,1,3.0,14.100000000000001,0.3333333333333333,0.07039967539054572,0
15306,2,2,657.07,512,328.535,256.0,30,2,55,57,22.747625150771224,344.62,312.45,328.53499999999997,1.0,15.0,11.733392857142858,1,0.0,0.0,0.0,-0.04888537693558438,0
15307,5,1,205.3,37,205.3,37.0,12,1,0,5,0.0,205.3,205.3,205.3,1.0,12.0,205.3,1,0.0,0.0,0.0,-0.9951526902569074,1
15308,183,1,310.47,175,310.47,175.0,19,1,0,183,0.0,310.47,310.47,310.47,1.0,19.0,310.47,1,2.0,8.2,0.6666666666666666,-0.9967894179214691,1
15311,3,65,46155.48,29510,710.0843076923078,454.0,470,64,279,283,612.9259143443878,2764.29,25.09,518.2,1.015625,7.230769230769231,164.841,1,112.0,1348.56,0.632768361581921,-0.02605224661845963,0
15312,12,3,794.8,410,264.93333333333334,136.66666666666666,33,3,251,263,69.05667913629594,318.15999999999997,186.9,289.74,1.0,11.0,3.153968253968254,1,1.0,3.75,0.25,0.27057049509927117,0
15313,19,1,52.0,25,52.0,25.0,1,1,0,19,0.0,52.0,52.0,52.0,1.0,1.0,52.0,1,0.0,0.0,0.0,-0.9811320754716981,1
15314,108,1,327.97,313,327.97,313.0,24,1,0,108,0.0,327.97,327.97,327.97,1.0,24.0,327.97,1,0.0,0.0,0.0,-0.9969602091376113,1
15315,25,1,233.54,262,233.54,262.0,16,1,0,25,0.0,233.54,233.54,233.54,1.0,16.0,233.54,1,1.0,18.96,0.5,-0.9957363349535261,0
15316,236,1,165.0,100,165.0,100.0,1,1,0,236,0.0,165.0,165.0,165.0,1.0,1.0,165.0,1,0.0,0.0,0.0,-0.9939759036144579,1
15319,193,1,204.5,175,204.5,175.0,16,1,0,193,0.0,204.5,204.5,204.5,1.0,16.0,204.5,1,0.0,0.0,0.0,-0.9951338199513382,1
15321,201,1,1159.47,545,1159.47,545.0,38,1,0,201,0.0,1159.47,1159.47,1159.47,1.0,38.0,1159.47,1,11.0,97.58,0.9166666666666666,-0.9991382801795824,0
15325,13,1,162.29,232,162.29,232.0,47,1,0,13,0.0,162.29,162.29,162.29,1.0,47.0,162.29,1,0.0,0.0,0.0,-0.9938759262661523,1
15326,243,1,311.71,386,311.71,386.0,29,1,0,243,0.0,311.71,311.71,311.71,1.0,29.0,311.71,1,0.0,0.0,0.0,-0.9968021489559016,1
15329,43,2,754.0,386,377.0,193.0,42,2,37,81,96.02510088513318,444.90000000000003,309.1,377.0,1.0,21.0,19.842105263157894,1,5.0,44.2,0.7142857142857143,0.1798675496688742,0
15332,275,4,1661.06,652,415.265,163.0,29,2,3,279,521.9898858215549,1145.06,15.0,250.5,2.0,7.25,415.265,1,0.0,0.0,0.0,-0.9235887994416567,1
15333,117,1,1028.56,344,1028.56,344.0,16,1,0,117,0.0,1028.56,1028.56,1028.56,1.0,16.0,1028.56,1,0.0,0.0,0.0,-0.999028711294145,1
15334,66,3,351.67,274,117.22333333333334,91.33333333333333,67,3,16,82,9.250699072682744,127.53,109.64,114.5,1.0,22.333333333333332,20.686470588235295,1,0.0,0.0,0.0,0.3478322511129385,1
15339,227,1,257.9,159,257.9,159.0,40,1,0,227,0.0,257.9,257.9,257.9,1.0,40.0,257.9,1,2.0,16.5,0.6666666666666666,-0.9961375048281189,0
15342,39,1,406.09,283,406.09,283.0,24,1,0,39,0.0,406.09,406.09,406.09,1.0,24.0,406.09,1,2.0,14.33,0.6666666666666666,-0.9975435407403768,1
15346,242,1,252.42000000000002,144,252.42000000000002,144.0,17,1,0,242,0.0,252.42000000000002,252.42000000000002,252.42000000000002,1.0,17.0,252.42000000000002,1,0.0,0.0,0.0,-0.9960539815326336,1
15347,275,1,201.60000000000002,130,201.60000000000002,130.0,5,1,0,275,0.0,201.60000000000002,201.60000000000002,201.60000000000002,1.0,5.0,201.60000000000002,1,0.0,0.0,0.0,-0.9950641658440277,1
15349,67,2,473.81,327,236.905,163.5,65,2,29,96,182.72346332641573,366.11,107.7,236.905,1.0,32.5,15.793666666666667,1,0.0,0.0,0.0,-0.5442387481308313,1
15350,282,1,115.65,51,115.65,51.0,5,1,0,282,0.0,115.65,115.65,115.65,1.0,5.0,115.65,1,0.0,0.0,0.0,-0.9914273467638234,1
15351,279,1,274.67,129,274.67,129.0,49,1,0,279,0.0,274.67,274.67,274.67,1.0,49.0,274.67,1,8.0,97.97,0.8888888888888888,-0.9963724743352559,0
15353,164,2,777.02,343,388.51,171.5,59,2,113,277,108.6964544039961,465.37,311.65,388.51,1.0,29.5,6.815964912280702,1,0.0,0.0,0.0,0.197578468419835,1
15356,14,8,2279.64,1385,284.955,173.125,201,8,262,277,91.50840445398603,405.76,150.22,278.055,1.0,25.125,8.66783269961977,1,0.0,0.0,0.0,0.27006454328609514,0
15358,30,15,5639.81,4933,375.98733333333337,328.8666666666667,240,10,245,275,228.1118104121832,829.85,100.19999999999999,362.26,1.5,16.0,22.92605691056911,1,10.0,112.4,0.4,-0.22585231553624394,0
15361,271,1,418.92,336,418.92,336.0,7,1,0,271,0.0,418.92,418.92,418.92,1.0,7.0,418.92,1,0.0,0.0,0.0,-0.9976185940179082,1
15363,282,1,326.0,144,326.0,144.0,16,1,0,282,0.0,326.0,326.0,326.0,1.0,16.0,326.0,1,1.0,7.95,0.5,-0.9969418960244648,1
15364,5,2,913.19,493,456.595,246.5,29,2,158,163,176.48678151635033,581.39,331.80000000000007,456.595,1.0,14.5,5.743333333333334,1,0.0,0.0,0.0,0.27301764403460976,1
15365,5,2,961.28,404,480.64,202.0,44,2,219,224,384.7085153723531,752.6700000000001,208.61,480.64000000000004,1.0,22.0,4.369454545454546,1,37.0,983.87,0.9487179487179487,0.5653863740283495,0
15366,267,1,105.54,61,105.54,61.0,8,1,0,267,0.0,105.54,105.54,105.54,1.0,8.0,105.54,1,0.0,0.0,0.0,-0.9906138539515675,0
15367,155,2,1416.18,750,708.09,375.0,65,2,29,184,79.88892413845615,764.58,651.6,708.09,1.0,32.5,47.206,1,1.0,9.9,0.3333333333333333,-0.07972170084251826,0
15370,50,4,1513.46,611,378.365,152.75,54,4,191,242,157.5906683997078,570.02,184.2,379.62,1.0,13.5,7.882604166666667,1,1.0,25.5,0.2,0.0033147128349378537,0
15372,46,1,2007.3999999999999,2924,2007.3999999999999,2924.0,27,1,0,46,0.0,2007.3999999999999,2007.3999999999999,2007.3999999999999,1.0,27.0,2007.3999999999999,1,0.0,0.0,0.0,-0.999502091216889,1
15373,25,9,1686.9,354,187.43333333333334,39.333333333333336,65,8,255,280,99.59479353861828,334.3,17.0,176.21,1.125,7.222222222222222,6.589453125,1,5.0,202.79999999999998,0.35714285714285715,-0.2757983292849102,0
15374,38,1,168.0,126,168.0,126.0,3,1,0,38,0.0,168.0,168.0,168.0,1.0,3.0,168.0,1,0.0,0.0,0.0,-0.9940828402366864,1
15376,26,2,989.02,537,494.51,268.5,94,2,105,131,225.79333736848832,654.17,334.85,494.51,1.0,47.0,9.330377358490566,1,0.0,0.0,0.0,-0.3225389386073008,0
15379,78,7,3703.29,2305,529.0414285714286,329.2857142857143,145,7,189,267,461.39499254718737,1491.46,130.8,371.84000000000003,1.0,20.714285714285715,19.491,1,2.0,71.4,0.2222222222222222,-0.6491311425401359,1
15380,50,2,582.5600000000001,216,291.28000000000003,108.0,17,2,224,274,86.52158574598597,352.46000000000004,230.10000000000002,291.28000000000003,1.0,8.5,2.5891555555555557,1,1.0,7.9,0.3333333333333333,0.20967852491603262,0
15381,123,2,596.85,171,298.425,85.5,8,2,54,177,22.804193693266217,314.55,282.29999999999995,298.42499999999995,1.0,4.0,10.851818181818182,1,0.0,0.0,0.0,0.05394329681358209,1
15382,94,4,2127.12,1628,531.78,407.0,97,3,110,205,406.1696988534062,1019.42,26.400000000000002,540.6500000000001,1.3333333333333333,24.25,19.163243243243244,1,4.0,27.85,0.5,0.04148262316034814,0
15384,79,2,642.41,596,321.205,298.0,34,2,189,269,24.939656172449517,338.84,303.57,321.205,1.0,17.0,3.3811052631578944,1,2.0,6.65,0.5,0.05481730156509843,1
15386,95,1,394.14,446,394.14,446.0,31,1,0,95,0.0,394.14,394.14,394.14,1.0,31.0,394.14,1,0.0,0.0,0.0,-0.9974692514045654,1
15388,179,1,140.54,88,140.54,88.0,10,1,0,179,0.0,140.54,140.54,140.54,1.0,10.0,140.54,1,0.0,0.0,0.0,-0.9929348594037022,1
15389,81,1,500.0,400,500.0,400.0,1,1,0,81,0.0,500.0,500.0,500.0,1.0,1.0,500.0,1,0.0,0.0,0.0,-0.998003992015968,1
15392,269,1,338.98,402,338.98,402.0,19,1,0,269,0.0,338.98,338.98,338.98,1.0,19.0,338.98,1,1.0,19.799999999999997,0.5,-0.9970586505088535,0
15393,190,1,124.10000000000001,94,124.10000000000001,94.0,8,1,0,190,0.0,124.10000000000001,124.10000000000001,124.10000000000001,1.0,8.0,124.10000000000001,1,0.0,0.0,0.0,-0.9920063948840927,0
15394,113,2,1436.44,546,718.22,273.0,44,2,154,268,184.63972270343126,848.78,587.66,718.22,1.0,22.0,9.267354838709677,1,0.0,0.0,0.0,0.18165627782724844,0
15395,235,1,107.45,17,107.45,17.0,7,1,0,235,0.0,107.45,107.45,107.45,1.0,7.0,107.45,1,0.0,0.0,0.0,-0.9907791609036423,1
15396,22,1,288.18,122,288.18,122.0,14,1,0,22,0.0,288.18,288.18,288.18,1.0,14.0,288.18,1,0.0,0.0,0.0,-0.9965419461926828,1
15397,199,1,94.0,20,94.0,20.0,6,1,0,199,0.0,94.0,94.0,94.0,1.0,6.0,94.0,1,0.0,0.0,0.0,-0.9894736842105263,1
15400,1,5,716.2,390,143.24,78.0,10,5,186,188,114.78010716147638,346.1,67.2,105.0,1.0,2.0,3.8299465240641712,1,1.0,49.5,0.16666666666666666,0.03346346904629113,1
15402,58,2,626.77,694,313.385,347.0,35,2,47,105,180.46072162661878,440.99,185.78,313.385,1.0,17.5,13.057708333333332,1,0.0,0.0,0.0,-0.40653424024722434,1
15405,98,1,349.1,193,349.1,193.0,8,1,0,98,0.0,349.1,349.1,349.1,1.0,8.0,349.1,1,0.0,0.0,0.0,-0.9971436732362182,1
15406,210,1,252.29,130,252.29,130.0,42,1,0,210,0.0,252.29,252.29,252.29,1.0,42.0,252.29,1,5.0,84.1,0.8333333333333334,0.9230131469856686,0
15407,93,3,740.73,329,246.91,109.66666666666667,62,3,121,214,141.99354245880338,410.87,164.86,165.0,1.0,20.666666666666668,6.071557377049181,1,0.0,0.0,0.0,0.5537459722540548,0
15408,173,1,267.18,106,267.18,106.0,34,1,0,173,0.0,267.18,267.18,267.18,1.0,34.0,267.18,1,0.0,0.0,0.0,-0.9962711611604147,1
15410,8,7,3089.4100000000003,1049,441.3442857142858,149.85714285714286,43,7,162,171,204.35725350939902,809.9200000000001,152.17,386.74,1.0,6.142857142857143,18.953435582822088,1,0.0,0.0,0.0,-0.16579353548558284,0
15411,33,2,382.21,155,191.105,77.5,22,2,58,92,49.08028168215825,225.81,156.4,191.10500000000002,1.0,11.0,6.478135593220339,1,1.0,12.5,0.3333333333333333,0.1811278411314945,0
15412,80,1,190.53,108,190.53,108.0,10,1,0,80,0.0,190.53,190.53,190.53,1.0,10.0,190.53,1,0.0,0.0,0.0,-0.9947788858142328,1
15414,151,1,36.2,12,36.2,12.0,5,1,0,151,0.0,36.2,36.2,36.2,1.0,5.0,36.2,1,0.0,0.0,0.0,-0.9731182795698925,0
15415,222,1,572.8100000000001,575,572.8100000000001,575.0,46,1,0,222,0.0,572.8100000000001,572.8100000000001,572.8100000000001,1.0,46.0,572.8100000000001,1,0.0,0.0,0.0,-0.9982572628570433,1
15416,64,3,3144.33,1698,1048.11,566.0,135,3,127,192,283.68116557149165,1375.24,869.9,899.19,1.0,45.0,24.565078125,1,1.0,9.95,0.25,-0.44654455971233536,0
15421,124,3,739.36,379,246.45333333333335,126.33333333333333,35,2,94,219,188.704951003765,406.1,38.2,295.06,1.5,11.666666666666666,7.782736842105264,1,0.0,0.0,0.0,0.2015776108919985,0
15422,232,2,97.7,38,48.85,19.0,6,1,0,232,9.40452018978108,55.5,42.2,48.85,2.0,3.0,97.7,1,0.0,0.0,0.0,-0.13475177304964536,1
15424,163,2,383.34,554,191.67,277.0,17,1,0,163,2.5880108191427715,193.5,189.84,191.67000000000002,2.0,8.5,383.34,1,0.0,0.0,0.0,-0.00952281833792995,1
15426,166,2,662.98,265,331.49,132.5,101,2,112,278,113.03809004048149,411.42,251.56,331.49,1.0,50.5,5.867079646017699,1,8.0,17.49,0.8,-0.2407602638633694,0
15433,123,2,533.3,534,266.65,267.0,40,2,53,176,149.89249547592433,372.64,160.66,266.65,1.0,20.0,9.875925925925925,1,12.0,115.43,0.8571428571428571,-0.39674340258281865,1
15434,16,3,587.28,479,195.76,159.66666666666666,32,2,93,109,144.2080289026932,306.96,32.82,247.5,1.5,10.666666666666666,6.247659574468085,1,4.0,44.0,0.5714285714285714,-0.045284558373563585,0
15436,143,1,489.05,251,489.05,251.0,124,1,0,143,0.0,489.05,489.05,489.05,1.0,124.0,489.05,1,0.0,0.0,0.0,-0.9979593918987858,0
15437,171,1,200.16,79,200.16,79.0,44,1,0,171,0.0,200.16,200.16,200.16,1.0,44.0,200.16,1,0.0,0.0,0.0,-0.9950288327699344,1
15438,40,1,156.57999999999998,59,156.57999999999998,59.0,25,1,0,40,0.0,156.57999999999998,156.57999999999998,156.57999999999998,1.0,25.0,156.57999999999998,1,0.0,0.0,0.0,-0.9936540170072344,1
15440,45,2,237.66,125,118.83,62.5,25,2,72,118,9.857068529740472,125.8,111.86,118.83,1.0,12.5,3.2556164383561645,1,0.0,0.0,0.0,-0.05840945277801055,0
15442,158,1,594.0,120,594.0,120.0,2,1,0,158,0.0,594.0,594.0,594.0,1.0,2.0,594.0,1,0.0,0.0,0.0,-0.9983193277310924,1
15443,18,2,684.8,347,342.4,173.5,72,2,210,229,134.78869462977966,437.71,247.09,342.4,1.0,36.0,3.2454976303317533,1,3.0,24.75,0.6,-0.2779527559055118,0
15445,173,1,113.5,58,113.5,58.0,5,1,0,173,0.0,113.5,113.5,113.5,1.0,5.0,113.5,1,0.0,0.0,0.0,-0.9912663755458515,1
15447,240,1,155.17,85,155.17,85.0,9,1,0,240,0.0,155.17,155.17,155.17,1.0,9.0,155.17,1,0.0,0.0,0.0,-0.993596721521419,1
15448,222,1,494.64,232,494.64,232.0,28,1,0,222,0.0,494.64,494.64,494.64,1.0,28.0,494.64,1,0.0,0.0,0.0,-0.9979824065854249,1
15449,94,2,647.7,516,323.85,258.0,30,2,76,171,31.21169332157426,345.92,301.78,323.85,1.0,15.0,8.411688311688312,1,2.0,3.3,0.5,-0.06804377986742723,0
15452,173,1,247.25,137,247.25,137.0,36,1,0,173,0.0,247.25,247.25,247.25,1.0,36.0,247.25,1,0.0,0.0,0.0,-0.9959718026183283,0
15453,1,4,712.8,362,178.2,90.5,102,4,95,97,41.603029537122254,227.79,139.98,172.515,1.0,25.5,7.425,1,0.0,0.0,0.0,0.031857663210983406,0
15454,271,1,179.1,86,179.1,86.0,23,1,0,271,0.0,179.1,179.1,179.1,1.0,23.0,179.1,1,0.0,0.0,0.0,-0.994447529150472,1
15456,192,3,447.22,660,149.07333333333335,220.0,48,2,75,268,117.29980832607245,243.22,17.67,186.33,1.5,16.0,5.884473684210526,1,0.0,0.0,0.0,-0.08750167328544017,1
15457,171,1,237.07,132,237.07,132.0,56,1,0,171,0.0,237.07,237.07,237.07,1.0,56.0,237.07,1,0.0,0.0,0.0,-0.9957995547528038,1
15460,263,1,216.76,109,216.76,109.0,53,1,0,263,0.0,216.76,216.76,216.76,1.0,53.0,216.76,1,0.0,0.0,0.0,-0.9954077883908891,1
15462,3,3,234.6,172,78.2,57.333333333333336,9,3,92,96,23.20948082142296,105.0,64.8,64.8,1.0,3.0,2.52258064516129,1,0.0,0.0,0.0,-0.44567062818336173,1
15464,247,1,1048.85,350,1048.85,350.0,155,1,0,247,0.0,1048.85,1048.85,1048.85,1.0,155.0,1048.85,1,0.0,0.0,0.0,-0.9990474829737581,1
15465,48,15,5992.129999999999,906,399.47533333333325,60.4,38,15,230,279,130.29890750921604,645.56,189.05,390.29999999999995,1.0,2.533333333333333,25.939956709956707,1,7.0,409.59999999999997,0.3181818181818182,-0.2548067537330243,0
15467,54,2,402.56,235,201.28,117.5,36,2,7,61,123.23456982519151,288.42,114.14,201.28,1.0,18.0,50.32,1,1.0,13.0,0.3333333333333333,-0.43185647735157107,0
15469,29,1,304.3,128,304.3,128.0,16,1,0,29,0.0,304.3,304.3,304.3,1.0,16.0,304.3,1,3.0,34.05,0.75,-0.9967245332459875,0
15472,22,1,371.56,251,371.56,251.0,76,1,0,22,0.0,371.56,371.56,371.56,1.0,76.0,371.56,1,0.0,0.0,0.0,-0.9973158685849259,1
15480,25,1,905.5,303,905.5,303.0,45,1,0,25,0.0,905.5,905.5,905.5,1.0,45.0,905.5,1,0.0,0.0,0.0,-0.9988968560397132,1
15482,75,4,2103.5,691,525.875,172.75,17,3,193,268,233.37453638589903,713.8,196.60000000000002,596.55,1.3333333333333333,4.25,10.842783505154639,1,29.0,4486.24,0.8787878787878788,0.3118175338560228,0
15483,70,4,233.81,295,58.4525,73.75,74,2,105,176,43.243129993869154,114.85,18.830000000000002,50.065,2.0,18.5,2.205754716981132,1,0.0,0.0,0.0,0.017503513478983004,1
15485,245,2,1278.63,603,639.315,301.5,33,2,37,282,439.50221984649863,950.09,328.54,639.315,1.0,16.5,33.64815789473685,1,0.0,0.0,0.0,-0.48572634277095716,0
15488,2,1,91.32000000000001,73,91.32000000000001,73.0,2,1,0,2,0.0,91.32000000000001,91.32000000000001,91.32000000000001,1.0,2.0,91.32000000000001,1,0.0,0.0,0.0,-0.9891681109185442,1
15489,120,1,348.26,220,348.26,220.0,23,1,0,120,0.0,348.26,348.26,348.26,1.0,23.0,348.26,1,5.0,44.25000000000001,0.8333333333333334,-0.997136803527458,0
15491,4,6,3100.09,1646,516.6816666666667,274.3333333333333,108,5,140,145,264.41209922518044,837.97,184.48,506.725,1.2,18.0,21.986453900709222,1,1.0,9.24,0.14285714285714285,-0.5545824210197059,1
15493,59,3,1318.75,362,439.5833333333333,120.66666666666667,126,3,120,180,88.78644847798188,538.76,367.5,412.49,1.0,42.0,10.898760330578513,1,2.0,34.55,0.4,-0.44231862095093766,0
15494,30,1,1127.38,1077,1127.38,1077.0,87,1,0,30,0.0,1127.38,1127.38,1127.38,1.0,87.0,1127.38,1,0.0,0.0,0.0,-0.9991137737287085,0
15497,229,1,970.6,528,970.6,528.0,10,1,0,229,0.0,970.6,970.6,970.6,1.0,10.0,970.6,1,1.0,2.5,0.5,-0.9989707698641416,0
15498,30,19,9126.37,4525,480.33526315789476,238.1578947368421,288,12,245,276,433.43323684749146,1761.18,17.0,450.92,1.5833333333333333,15.157894736842104,37.09906504065041,1,11.0,919.94,0.36666666666666664,-0.020241318145314584,0
15502,33,5,5955.53,3761,1191.106,752.2,148,4,245,278,1342.8670161561047,3315.0699999999997,167.2,569.5,1.25,29.6,24.209471544715445,1,39.0,4843.47,0.8863636363636364,0.11325553636093492,0
15503,272,1,147.09,74,147.09,74.0,66,1,0,272,0.0,147.09,147.09,147.09,1.0,66.0,147.09,1,0.0,0.0,0.0,-0.993247349584712,1
15505,23,3,2091.14,964,697.0466666666666,321.3333333333333,36,3,41,64,225.6251549214612,944.1600000000001,502.02,644.96,1.0,12.0,49.789047619047615,1,2.0,113.82000000000001,0.4,0.09694379917213951,0
15506,48,1,209.35,146,209.35,146.0,45,1,0,48,0.0,209.35,209.35,209.35,1.0,45.0,209.35,1,0.0,0.0,0.0,-0.9952460185405277,0
15507,81,1,492.36,162,492.36,162.0,41,1,0,81,0.0,492.36,492.36,492.36,1.0,41.0,492.36,1,0.0,0.0,0.0,-0.9979730825360791,1
15508,98,6,1000.27,440,166.71166666666667,73.33333333333333,78,4,46,144,106.79488984341276,311.42,15.0,160.865,1.5,13.0,21.282340425531913,1,0.0,0.0,0.0,-0.2576228190198448,1
15510,240,1,250.0,2,250.0,2.0,1,1,0,240,0.0,250.0,250.0,250.0,1.0,1.0,250.0,1,0.0,0.0,0.0,-0.9960159362549801,1
15512,65,2,121.0,68,60.5,34.0,7,2,203,269,57.558491988584976,101.2,19.799999999999997,60.5,1.0,3.5,0.5931372549019608,1,0.0,0.0,0.0,-0.6672131147540984,1
15513,4,17,11352.14,4424,667.7729411764706,260.2352941176471,160,13,278,283,661.489177942133,2184.59,5.04,328.74,1.3076923076923077,9.411764705882353,40.68867383512545,1,6.0,238.14000000000001,0.2608695652173913,0.20387487514467365,0
15514,135,6,2561.94,1216,426.99,202.66666666666666,50,4,138,273,370.9585265228447,1136.3200000000002,39.949999999999996,345.86,1.5,8.333333333333334,18.431223021582735,1,40.0,1176.2700000000002,0.8695652173913043,-0.47113081070957574,0
15517,142,1,267.03,293,267.03,293.0,27,1,0,142,0.0,267.03,267.03,267.03,1.0,27.0,267.03,1,0.0,0.0,0.0,-0.996269074357348,1
15518,33,7,1624.76,1127,232.10857142857142,161.0,125,6,208,241,163.36821451642825,406.65999999999997,1.95,241.89,1.1666666666666667,17.857142857142858,7.773971291866029,1,6.0,30.56,0.46153846153846156,0.22356313354984747,0
15521,4,7,2326.7799999999997,1470,332.3971428571428,210.0,113,5,160,164,181.44686464768742,505.0,17.4,428.69,1.4,16.142857142857142,14.452049689440992,1,15.0,425.55,0.6818181818181818,-0.43336569607093456,0
15525,282,1,313.93,124,313.93,124.0,44,1,0,282,0.0,313.93,313.93,313.93,1.0,44.0,313.93,1,2.0,14.899999999999999,0.6666666666666666,-0.9968246912012193,0
15527,54,5,1330.79,509,266.158,101.8,68,5,209,263,71.87705697926147,358.9,183.5,247.25,1.0,13.6,6.337095238095238,1,3.0,80.96000000000001,0.375,0.12779041740814998,0
15528,163,1,229.33,123,229.33,123.0,26,1,0,163,0.0,229.33,229.33,229.33,1.0,26.0,229.33,1,0.0,0.0,0.0,-0.9956584031606825,1
15529,52,8,2399.08,2038,299.885,254.75,280,8,223,276,141.3833737446825,466.87,25.799999999999997,330.92,1.0,35.0,10.710178571428571,1,2.0,27.450000000000003,0.2,-0.10032165594480183,0
15530,59,3,1168.73,666,389.57666666666665,222.0,77,3,97,156,192.221934579104,553.13,177.85,437.75,1.0,25.666666666666668,11.925816326530612,1,0.0,0.0,0.0,0.0534054867362554,0
15532,40,3,1225.79,375,408.59666666666664,125.0,165,3,226,267,119.51598233430262,545.34,324.1,356.35,1.0,55.0,5.399955947136564,1,7.0,63.849999999999994,0.7,0.4182378402171521,0
15535,82,4,536.4,143,134.1,35.75,55,3,154,237,102.30369527376159,270.34000000000003,22.200000000000003,121.93,1.3333333333333333,13.75,3.4606451612903224,1,3.0,76.5,0.42857142857142855,-0.09058429475251216,1
15537,72,1,110.92,29,110.92,29.0,24,1,0,72,0.0,110.92,110.92,110.92,1.0,24.0,110.92,1,0.0,0.0,0.0,-0.9910650464617584,1
15541,23,1,85.13000000000001,49,85.13000000000001,49.0,29,1,0,23,0.0,85.13000000000001,85.13000000000001,85.13000000000001,1.0,29.0,85.13000000000001,1,0.0,0.0,0.0,-0.9883896435620574,1
15543,197,1,127.86,86,127.86,86.0,26,1,0,197,0.0,127.86,127.86,127.86,1.0,26.0,127.86,1,0.0,0.0,0.0,-0.9922396399192921,1
15544,29,7,2772.37,2212,396.05285714285714,316.0,95,7,252,282,89.89158223739783,560.35,318.02,365.1,1.0,13.571428571428571,10.95798418972332,1,2.0,4.199999999999999,0.2222222222222222,0.1349008606857361,0
15545,280,1,135.32999999999998,75,135.32999999999998,75.0,31,1,0,280,0.0,135.32999999999998,135.32999999999998,135.32999999999998,1.0,31.0,135.32999999999998,1,0.0,0.0,0.0,-0.9926648573314751,0
15547,19,8,2770.71,1846,346.33875,230.75,236,7,252,271,211.82448087559257,767.37,14.95,327.44500000000005,1.1428571428571428,29.5,10.951422924901186,1,0.0,0.0,0.0,-0.4414206392443653,0
15549,67,2,1631.68,660,815.84,330.0,94,2,158,225,178.55860438522697,942.1,689.58,815.84,1.0,47.0,10.262138364779874,1,1.0,37.5,0.3333333333333333,-0.1546659480118578,0
15550,15,3,433.28,252,144.42666666666665,84.0,36,3,195,211,8.651620272141727,154.24,137.89999999999998,141.14,1.0,12.0,2.210612244897959,1,0.0,0.0,0.0,0.3626231924104265,0
15552,126,1,90.12,60,90.12,60.0,17,1,0,126,0.0,90.12,90.12,90.12,1.0,17.0,90.12,1,0.0,0.0,0.0,-0.9890254609306409,1
15554,187,1,217.2,74,217.2,74.0,14,1,0,187,0.0,217.2,217.2,217.2,1.0,14.0,217.2,1,0.0,0.0,0.0,-0.995417048579285,1
15555,13,10,2819.94,2440,281.994,244.0,260,10,265,278,155.2863921347335,620.35,123.74999999999999,231.58,1.0,26.0,10.601278195488723,1,26.0,46.97,0.7222222222222222,0.29787943026083497,0
15561,59,3,449.66999999999996,95,149.89,31.666666666666668,16,2,65,125,132.71139476322296,265.75,5.1,178.82,1.5,5.333333333333333,6.813181818181818,1,4.0,77.85000000000001,0.5714285714285714,-0.18157410078327826,0
15562,261,1,134.55,39,134.55,39.0,1,1,0,261,0.0,134.55,134.55,134.55,1.0,1.0,134.55,1,0.0,0.0,0.0,-0.9926226484691996,1
15563,110,2,735.62,742,367.81,371.0,55,2,158,268,138.05552795886155,465.43,270.19,367.81,1.0,27.5,4.6265408805031445,1,4.0,80.75,0.6666666666666666,0.26504846460861775,0
15569,13,5,1375.71,666,275.142,133.2,27,4,228,241,47.36207681257233,352.81,244.79999999999998,244.79999999999998,1.25,5.4,6.007467248908297,1,0.0,0.0,0.0,0.5801584938004373,1
15570,51,9,2826.68,1139,314.0755555555555,126.55555555555556,184,9,227,278,127.76234139126358,517.65,116.85,301.26,1.0,20.444444444444443,12.397719298245613,1,7.0,55.55,0.4375,-0.4036878288915295,0
15572,19,4,1555.29,689,388.8225,172.25,109,3,168,187,216.86251087958934,679.25,220.77,327.635,1.3333333333333333,27.25,9.202899408284024,1,0.0,0.0,0.0,-0.12644815554941558,0
15574,87,4,702.25,349,175.5625,87.25,131,3,194,281,157.92423486701884,375.65,3.75,161.425,1.3333333333333333,32.75,3.6012820512820514,1,0.0,0.0,0.0,-0.6797724848915747,1
15577,60,3,258.88,89,86.29333333333334,29.666666666666668,39,2,154,214,64.73133424650949,156.85,29.65,72.38,1.5,13.0,1.6701935483870967,1,0.0,0.0,0.0,0.76796983223026,1
15578,71,1,127.1,52,127.1,52.0,13,1,0,71,0.0,127.1,127.1,127.1,1.0,13.0,127.1,1,0.0,0.0,0.0,-0.9921935987509758,1
15579,223,1,199.6,56,199.6,56.0,25,1,0,223,0.0,199.6,199.6,199.6,1.0,25.0,199.6,1,0.0,0.0,0.0,-0.9950149551345963,0
15581,30,13,3679.9700000000003,286,283.0746153846154,22.0,134,12,245,275,672.9527712454442,2500.0,5.11,67.79,1.0833333333333333,10.307692307692308,14.959227642276424,1,1.0,250.0,0.07142857142857142,0.7728859512574131,1
15582,9,2,541.51,407,270.755,203.5,33,2,120,129,46.463986591768034,303.61,237.9,270.755,1.0,16.5,4.475289256198347,1,0.0,0.0,0.0,-0.121122191296013,0
15584,71,1,154.65,49,154.65,49.0,35,1,0,71,0.0,154.65,154.65,154.65,1.0,35.0,154.65,1,2.0,2.5,0.6666666666666666,-0.9935753292643752,0
15585,86,1,455.3,320,455.3,320.0,31,1,0,86,0.0,455.3,455.3,455.3,1.0,31.0,455.3,1,0.0,0.0,0.0,-0.9978084593469209,1
15587,52,2,456.84,156,228.42,78.0,3,2,209,261,164.69931147397065,344.88,111.96,228.42,1.0,1.5,2.1754285714285713,1,0.0,0.0,0.0,-0.5087366765682335,0
15589,165,3,478.53000000000003,243,159.51000000000002,81.0,28,2,54,220,118.84990239794057,263.58,30.0,184.95,1.5,9.333333333333334,8.700545454545455,1,1.0,21.95,0.25,0.22653431484995723,1
15594,3,2,788.22,464,394.11,232.0,43,2,141,144,178.4737515714845,520.31,267.91,394.11,1.0,21.5,5.550845070422535,1,1.0,4.25,0.3333333333333333,0.3198094320975139,0
15596,10,5,1406.59,561,281.318,112.2,51,5,264,274,153.7945596241948,402.32,16.9,309.19,1.0,10.2,5.3078867924528295,1,7.0,63.25,0.5833333333333334,-0.5359586243153192,1
15599,113,1,448.83,361,448.83,361.0,29,1,0,113,0.0,448.83,448.83,448.83,1.0,29.0,448.83,1,0.0,0.0,0.0,-0.9977769379543383,0
15601,32,11,5585.46,4003,507.7690909090909,363.90909090909093,200,11,249,282,164.84054485802608,768.38,266.85,468.07,1.0,18.181818181818183,22.34184,1,4.0,31.2,0.26666666666666666,-0.45263726939779403,0
15602,110,5,542.95,345,108.59,69.0,12,5,167,277,56.67151400836225,192.2,60.0,92.55000000000001,1.0,2.4,3.2318452380952385,1,7.0,214.24,0.5833333333333334,-0.4900266568618439,0
15605,161,3,690.1800000000001,266,230.06000000000003,88.66666666666667,37,3,121,282,71.7200481037206,312.58,182.75,194.85000000000002,1.0,12.333333333333334,5.657213114754099,1,0.0,0.0,0.0,0.4347348013542058,0
15606,28,8,2439.38,762,304.9225,95.25,42,8,205,234,11.649682705673031,320.88,279.8,305.65,1.0,5.25,11.841650485436894,1,14.0,497.52,0.6363636363636364,-0.4971848646522262,0
15607,246,1,104.76,202,104.76,202.0,13,1,0,246,0.0,104.76,104.76,104.76,1.0,13.0,104.76,1,0.0,0.0,0.0,-0.9905446293494705,1
15608,30,1,285.68,230,285.68,230.0,18,1,0,30,0.0,285.68,285.68,285.68,1.0,18.0,285.68,1,0.0,0.0,0.0,-0.9965117901492954,0
15609,93,1,298.48,148,298.48,148.0,16,1,0,93,0.0,298.48,298.48,298.48,1.0,16.0,298.48,1,2.0,28.45,0.6666666666666666,-0.996660878856685,1
15611,13,8,947.1400000000001,257,118.39250000000001,32.125,17,8,230,244,113.67780732654649,385.47,15.0,100.175,1.0,2.125,4.100173160173161,1,2.0,23.060000000000002,0.2,0.2996814816377329,0
15615,15,19,7367.85,3837,387.7815789473684,201.94736842105263,153,13,253,268,310.38574606202445,1048.64,14.850000000000001,400.7,1.4615384615384615,8.052631578947368,29.00728346456693,1,6.0,39.7,0.24,-0.03714962307551382,0
15618,1,3,419.041,215,139.68033333333332,71.66666666666667,22,2,44,46,75.81195189634238,222.831,74.4,121.81,1.5,7.333333333333333,9.312022222222222,1,4.0,29.82,0.5714285714285714,-0.06337714651664952,0
15620,130,2,875.01,600,437.505,300.0,59,2,137,267,18.405989514285814,450.52,424.49,437.505,1.0,29.5,6.3406521739130435,1,4.0,28.78,0.6666666666666666,0.029714272668120194,0
15622,106,5,2602.0,1225,520.4,245.0,127,3,85,191,602.0962547633061,1537.2,78.6,302.8,1.6666666666666667,25.4,30.25581395348837,1,29.0,485.03,0.8529411764705882,0.5570495582020746,0
15623,50,1,301.03,125,301.03,125.0,19,1,0,50,0.0,301.03,301.03,301.03,1.0,19.0,301.03,1,0.0,0.0,0.0,-0.9966890706221236,1
15624,26,4,588.13,357,147.0325,89.25,26,4,139,165,62.62407065178692,208.63000000000002,68.10000000000001,155.7,1.0,6.5,4.200928571428571,1,0.0,0.0,0.0,-0.05884948992582276,1
15625,13,4,1534.26,1188,383.565,297.0,44,4,131,144,208.97232488218785,695.3299999999999,249.94,294.495,1.0,11.0,11.623181818181818,1,4.0,29.7,0.5,-0.2320649271133228,1
15626,239,1,281.88,312,281.88,312.0,20,1,0,239,0.0,281.88,281.88,281.88,1.0,20.0,281.88,1,0.0,0.0,0.0,-0.9964649321266968,0
15628,7,5,1625.4,1058,325.08000000000004,211.6,58,5,268,276,26.42427293228711,371.83000000000004,308.43,314.11,1.0,11.6,6.042379182156134,1,2.0,4.6,0.2857142857142857,0.1496433841613379,0
15630,114,1,396.86,280,396.86,280.0,21,1,0,114,0.0,396.86,396.86,396.86,1.0,21.0,396.86,1,1.0,5.95,0.5,-0.9974865530588649,0
15632,31,6,2351.84,1304,391.97333333333336,217.33333333333334,76,6,153,184,88.18182140706021,547.27,300.6,390.1,1.0,12.666666666666666,15.271688311688312,1,10.0,138.0,0.625,-0.05659543360364499,0
15636,191,1,306.7,82,306.7,82.0,8,1,0,191,0.0,306.7,306.7,306.7,1.0,8.0,306.7,1,0.0,0.0,0.0,-0.9967500812479688,0
15639,43,1,425.32,323,425.32,323.0,25,1,0,43,0.0,425.32,425.32,425.32,1.0,25.0,425.32,1,0.0,0.0,0.0,-0.9976543441546256,1
15640,31,11,8919.34,4895,810.8490909090909,445.0,193,11,250,281,464.50799247062577,1485.78,45.0,947.1899999999999,1.0,17.545454545454547,35.535219123505975,1,11.0,82.32,0.5,0.024357815957687785,0
15641,14,4,1887.2,1562,471.8,390.5,102,4,253,268,121.43440177039342,581.82,308.37,498.505,1.0,25.5,7.42992125984252,1,0.0,0.0,0.0,-0.38320093210464995,1
15643,101,3,664.0,246,221.33333333333334,82.0,31,2,90,191,159.45984081684432,337.1,39.45,287.45,1.5,10.333333333333334,7.2967032967032965,1,3.0,16.6,0.5,-0.015338345864661637,1
15644,75,4,813.0,557,203.25,139.25,166,3,94,170,144.90635987883118,389.81,36.4,193.39499999999998,1.3333333333333333,41.5,8.557894736842105,1,0.0,0.0,0.0,-0.041007371007371,1
15646,67,3,447.64000000000004,394,149.21333333333334,131.33333333333334,35,3,214,281,41.109616068911826,189.8,107.60000000000001,150.24,1.0,11.666666666666666,2.082046511627907,1,1.0,22.5,0.25,0.15165834522111274,1
15648,113,2,657.35,221,328.675,110.5,23,2,62,176,16.723075375061832,340.5,316.85,328.675,1.0,11.5,10.434126984126985,1,3.0,57.45,0.6,0.035923141186299044,1
15649,245,2,816.0,192,408.0,96.0,1,2,31,277,144.2497833620557,510.0,306.0,408.0,1.0,0.5,25.5,1,0.0,0.0,0.0,-0.24969400244798043,1
15651,170,1,227.32,238,227.32,238.0,16,1,0,170,0.0,227.32,227.32,227.32,1.0,16.0,227.32,1,0.0,0.0,0.0,-0.9956201822004205,0
15652,0,1,337.74,208,337.74,208.0,21,1,0,0,0.0,337.74,337.74,337.74,1.0,21.0,337.74,1,0.0,0.0,0.0,-0.9970478833323493,1
15653,2,2,877.4399999999999,1200,438.71999999999997,600.0,4,2,23,25,552.5615230904157,829.4399999999999,48.0,438.71999999999997,1.0,2.0,36.559999999999995,1,0.0,0.0,0.0,0.8895769773689722,1
15655,152,1,560.67,324,560.67,324.0,34,1,0,152,0.0,560.67,560.67,560.67,1.0,34.0,560.67,1,3.0,49.35,0.75,-0.998219595135934,1
15656,87,3,563.63,202,187.87666666666667,67.33333333333333,34,3,105,193,107.580430066687,256.77,63.910000000000004,242.95,1.0,11.333333333333334,5.317264150943396,1,0.0,0.0,0.0,0.13766537378460234,0
15658,99,5,1024.1000000000001,242,204.82000000000002,48.4,40,5,182,282,182.37134711900333,418.95,7.5,270.20000000000005,1.0,8.0,5.596174863387979,1,8.0,65.2,0.6153846153846154,-0.12554872695346803,1
15660,45,6,884.34,578,147.39000000000001,96.33333333333333,35,4,229,275,130.00305150264745,358.22,9.959999999999999,145.18,1.5,5.833333333333333,3.8449565217391304,1,4.0,48.85,0.4,0.17590981995617497,0
15661,226,2,309.8,236,154.9,118.0,4,2,21,248,55.012907576313395,193.79999999999998,116.0,154.89999999999998,1.0,2.0,14.081818181818182,1,0.0,0.0,0.0,0.25032175032175025,1
15663,15,1,138.14,106,138.14,106.0,9,1,0,15,0.0,138.14,138.14,138.14,1.0,9.0,138.14,1,0.0,0.0,0.0,-0.9928129941066551,1
15665,77,2,2242.01,1666,1121.005,833.0,92,2,74,152,502.3498705583591,1476.22,765.79,1121.005,1.0,46.0,29.89346666666667,1,0.0,0.0,0.0,-0.31673064319820243,1
15668,127,1,76.32000000000001,72,76.32000000000001,72.0,1,1,0,127,0.0,76.32000000000001,76.32000000000001,76.32000000000001,1.0,1.0,76.32000000000001,1,0.0,0.0,0.0,-0.9870667356440765,1
15669,13,3,565.54,262,188.51333333333332,87.33333333333333,29,3,160,173,53.3194761164561,235.94,130.8,198.8,1.0,9.666666666666666,3.512670807453416,1,2.0,6.65,0.4,0.29643096692201787,0
15670,206,1,173.05,91,173.05,91.0,12,1,0,206,0.0,173.05,173.05,173.05,1.0,12.0,173.05,1,0.0,0.0,0.0,-0.9942545245619075,1
15671,4,5,1972.89,1185,394.57800000000003,237.0,47,5,176,180,140.28508231454978,638.4000000000001,300.98,356.19,1.0,9.4,11.146271186440678,1,3.0,21.64,0.375,-0.04730253458906024,0
15673,66,3,2104.39,1064,701.4633333333333,354.6666666666667,82,3,170,236,340.36141266796585,969.95,318.66,815.78,1.0,27.333333333333332,12.306374269005847,1,0.0,0.0,0.0,0.0781280427854222,0
15674,123,4,1379.66,626,344.915,156.5,39,4,41,164,11.783718994160244,355.12,334.71,344.915,1.0,9.75,32.849047619047624,1,21.0,702.5799999999999,0.84,-0.029565570089667294,0
15675,64,2,225.39,485,112.695,242.5,16,2,125,189,95.73518710484666,180.39,45.0,112.695,1.0,8.0,1.7888095238095236,1,0.0,0.0,0.0,0.5980387826317417,0
15676,193,1,897.8,555,897.8,555.0,61,1,0,193,0.0,897.8,897.8,897.8,1.0,61.0,897.8,1,14.0,111.67,0.9333333333333333,-0.9988874054294615,0
15679,63,2,260.26,398,130.13,199.0,18,2,28,92,68.00953021452213,178.22,82.04,130.13,1.0,9.0,8.97448275862069,1,0.0,0.0,0.0,-0.36813901860215875,0
15680,275,1,478.89,331,478.89,331.0,30,1,0,275,0.0,478.89,478.89,478.89,1.0,30.0,478.89,1,0.0,0.0,0.0,-0.9979161891266749,0
15681,92,3,703.22,450,234.40666666666667,150.0,22,2,97,189,181.55520629641367,345.68,24.900000000000002,332.64,1.5,7.333333333333333,7.175714285714286,1,14.0,479.8,0.8235294117647058,0.016841327994092773,0
15683,26,1,193.75,131,193.75,131.0,10,1,0,26,0.0,193.75,193.75,193.75,1.0,10.0,193.75,1,0.0,0.0,0.0,-0.9948652118100129,1
15687,96,5,1679.45,657,335.89,131.4,69,5,143,239,44.982252055671914,379.1,277.0,353.5,1.0,13.8,11.662847222222222,1,2.0,11.6,0.2857142857142857,-0.6697313219673302,0
15689,29,2,254.1,84,127.05,42.0,8,2,241,271,33.30472939388638,150.6,103.5,127.05,1.0,4.0,1.05,1,0.0,0.0,0.0,0.18463347706781652,1
15690,10,1,111.0,204,111.0,204.0,8,1,0,10,0.0,111.0,111.0,111.0,1.0,8.0,111.0,1,0.0,0.0,0.0,-0.9910714285714286,0
15691,161,1,136.8,72,136.8,72.0,2,1,0,161,0.0,136.8,136.8,136.8,1.0,2.0,136.8,1,0.0,0.0,0.0,-0.9927431059506531,1
15694,85,9,3305.78,739,367.30888888888893,82.11111111111111,23,9,196,282,165.8715100193855,584.76,15.0,365.4,1.0,2.5555555555555554,16.780609137055837,1,1.0,55.800000000000004,0.1,0.2466266277163887,0
15695,176,2,409.98,212,204.99,106.0,22,1,0,176,218.83540664161274,359.73,50.25000000000001,204.99,2.0,11.0,409.98,1,0.0,0.0,0.0,-0.7530293444936493,1
15696,130,6,1637.9,718,272.98333333333335,119.66666666666667,89,6,106,236,153.75909633796195,493.45,19.8,288.375,1.0,14.833333333333334,15.30747663551402,1,6.0,92.0,0.5,-0.23010555860638232,0
15700,81,2,696.68,357,348.34,178.5,85,2,1,82,487.1117194237889,692.78,3.9,348.34,1.0,42.5,348.34,1,3.0,32.65,0.6,-0.9873867675725262,1
15701,20,1,857.0,479,857.0,479.0,119,1,0,20,0.0,857.0,857.0,857.0,1.0,119.0,857.0,1,0.0,0.0,0.0,-0.9988344988344988,0
15703,174,1,211.5,66,211.5,66.0,5,1,0,174,0.0,211.5,211.5,211.5,1.0,5.0,211.5,1,0.0,0.0,0.0,-0.9952941176470588,1
15704,49,4,2293.62,1028,573.405,257.0,79,3,75,125,387.5538381954177,938.85,38.16,658.3050000000001,1.3333333333333333,19.75,30.17921052631579,1,0.0,0.0,0.0,-0.31422196267791613,1
15705,110,1,143.1,62,143.1,62.0,6,1,0,110,0.0,143.1,143.1,143.1,1.0,6.0,143.1,1,0.0,0.0,0.0,-0.993060374739764,1
15706,25,1,450.05,160,450.05,160.0,29,1,0,25,0.0,450.05,450.05,450.05,1.0,29.0,450.05,1,4.0,58.75,0.8,-0.9977829508923622,0
15708,48,6,2700.43,1037,450.07166666666666,172.83333333333334,103,6,231,279,170.420684708948,644.75,197.25000000000003,437.81,1.0,17.166666666666668,11.63978448275862,1,9.0,34.519999999999996,0.6,-0.20302950659465543,0
15709,193,1,133.25,121,133.25,121.0,6,1,0,193,0.0,133.25,133.25,133.25,1.0,6.0,133.25,1,0.0,0.0,0.0,-0.9925512104283054,1
15712,19,3,766.3100000000001,371,255.4366666666667,123.66666666666667,32,3,178,197,83.73877855171602,307.66,158.85,299.8,1.0,10.666666666666666,4.281061452513967,1,0.0,0.0,0.0,0.21726551198342256,0
15713,52,2,356.7,150,178.35,75.0,18,2,222,275,10.182337649086278,185.55,171.15,178.35000000000002,1.0,9.0,1.5995515695067264,1,1.0,9.95,0.3333333333333333,0.04025719876991894,1
15716,55,4,1118.81,744,279.7025,186.0,101,4,223,279,186.30056975668828,547.1,115.26,228.22500000000002,1.0,25.25,4.9946874999999995,1,0.0,0.0,0.0,0.021976942517034154,1
15717,143,1,150.3,70,150.3,70.0,7,1,0,143,0.0,150.3,150.3,150.3,1.0,7.0,150.3,1,0.0,0.0,0.0,-0.9933906146728354,1
15719,9,11,4068.67,2178,369.8790909090909,198.0,260,11,238,247,102.71749699584248,515.17,183.65,347.13,1.0,23.636363636363637,17.023723849372384,1,1.0,1.65,0.08333333333333333,0.04672860453058849,0
15722,18,3,1424.8,593,474.93333333333334,197.66666666666666,32,3,181,200,166.86397404273134,654.15,324.05,446.6,1.0,10.666666666666666,7.828571428571428,1,3.0,41.35,0.5,0.5447468088090897,0
15723,274,1,203.1,87,203.1,87.0,37,1,0,274,0.0,203.1,203.1,203.1,1.0,37.0,203.1,1,0.0,0.0,0.0,-0.9951004409603136,1
15724,110,2,218.25,73,109.125,36.5,11,2,83,194,7.742819253992702,114.60000000000001,103.65,109.125,1.0,5.5,2.5982142857142856,1,1.0,5.95,0.3333333333333333,0.04994298745724061,1
15727,16,6,4609.29,2627,768.215,437.8333333333333,191,6,251,268,422.8424070383669,1536.85,374.82000000000005,669.6,1.0,31.833333333333332,18.29083333333333,1,0.0,0.0,0.0,-0.24788245424908198,0
15729,122,1,85.0,28,85.0,28.0,5,1,0,122,0.0,85.0,85.0,85.0,1.0,5.0,85.0,1,1.0,23.0,0.5,-0.9883720930232558,1
15730,1,2,777.22,489,388.61,244.5,46,2,114,116,111.46831298624734,467.43,309.79,388.61,1.0,23.0,6.7584347826086955,1,3.0,12.5,0.6,-0.20256482742669166,0
15732,121,2,294.12,215,147.06,107.5,13,2,159,281,12.671353518862942,156.02,138.1,147.06,1.0,6.5,1.83825,1,0.0,0.0,0.0,0.060721062618595875,1
15733,192,1,162.3,62,162.3,62.0,10,1,0,192,0.0,162.3,162.3,162.3,1.0,10.0,162.3,1,0.0,0.0,0.0,-0.9938763012859767,1
15734,24,2,1339.45,346,669.725,173.0,25,2,85,109,128.79950019312957,760.8000000000001,578.6500000000001,669.7250000000001,1.0,12.5,15.575000000000001,1,0.0,0.0,0.0,0.13588720205901,1
15737,57,5,897.9300000000001,445,179.586,89.0,43,4,95,152,184.9607255067951,475.88,15.0,168.20000000000002,1.25,8.6,9.3534375,1,9.0,83.91,0.6428571428571429,-0.05988230451759312,0
15738,6,13,3853.4500000000003,2357,296.4192307692308,181.30769230769232,45,12,275,282,87.93240703911333,391.8,16.6,316.02000000000004,1.0833333333333333,3.4615384615384617,13.961775362318841,1,3.0,23.65,0.1875,-0.04066209186784107,0
15743,23,2,434.05,119,217.025,59.5,31,2,71,94,149.23488616942086,322.55,111.5,217.025,1.0,15.5,6.028472222222223,1,0.0,0.0,0.0,-0.4851166532582462,0
15745,145,1,302.85,127,302.85,127.0,18,1,0,145,0.0,302.85,302.85,302.85,1.0,18.0,302.85,1,3.0,23.35,0.75,-0.9967089024189567,0
15746,43,1,196.88,178,196.88,178.0,28,1,0,43,0.0,196.88,196.88,196.88,1.0,28.0,196.88,1,1.0,13.919999999999998,0.5,-0.9949464321811199,1
15747,29,2,549.47,293,274.735,146.5,26,2,52,82,45.37504214874074,306.82,242.65,274.735,1.0,13.0,10.367358490566039,1,0.0,0.0,0.0,0.11657311025123981,0
15749,144,3,44534.3,18028,14844.766666666668,6009.333333333333,5,2,97,241,6854.669638526232,21535.9,7837.5,15160.900000000001,1.5,1.6666666666666667,454.43163265306123,1,5.0,22998.4,0.625,-0.032839118631737066,1
15750,80,4,1109.83,1054,277.4575,263.5,125,3,196,276,187.77944800128333,497.26,39.0,286.78499999999997,1.3333333333333333,31.25,5.633654822335025,1,2.0,14.25,0.3333333333333333,-0.10380526273147113,0
15752,2,6,2104.15,1675,350.69166666666666,279.1666666666667,207,6,279,282,90.2337806847672,480.52,243.25,358.475,1.0,34.5,7.5148214285714285,1,1.0,8.45,0.14285714285714285,0.006550602094862581,0
15753,214,1,79.2,144,79.2,144.0,1,1,0,214,0.0,79.2,79.2,79.2,1.0,1.0,79.2,1,0.0,0.0,0.0,-0.9875311720698254,1
15754,156,1,91.8,36,91.8,36.0,6,1,0,156,0.0,91.8,91.8,91.8,1.0,6.0,91.8,1,1.0,2.9,0.5,-0.9892241379310345,0
15755,17,3,1144.83,624,381.60999999999996,208.0,65,3,186,204,123.4753793272165,524.1,306.05,314.68,1.0,21.666666666666668,6.122085561497326,1,8.0,45.37,0.7272727272727273,-0.08433188169274675,0
15756,62,3,364.84,167,121.61333333333333,55.666666666666664,118,3,96,158,5.1951355452320325,125.53,115.72,123.59,1.0,39.333333333333336,3.7612371134020615,1,0.0,0.0,0.0,-0.3646402799037831,0
15757,127,1,261.36,167,261.36,167.0,16,1,0,127,0.0,261.36,261.36,261.36,1.0,16.0,261.36,1,0.0,0.0,0.0,-0.9961884433602683,0
15759,127,3,253.04,60,84.34666666666666,20.0,5,3,139,267,14.922752203710067,97.24000000000001,68.0,87.8,1.0,1.6666666666666667,1.8074285714285714,1,0.0,0.0,0.0,-0.46071484805542434,1
15764,16,5,3276.62,2048,655.324,409.6,150,3,169,186,661.764428274896,1564.7,17.4,408.04,1.6666666666666667,30.0,19.274235294117645,1,8.0,34.5,0.6153846153846154,0.31570468815787067,0
15768,25,3,621.8299999999999,244,207.27666666666664,81.33333333333333,23,3,110,135,127.6826050538339,354.34999999999997,124.8,142.68,1.0,7.666666666666667,5.602072072072072,1,1.0,40.0,0.25,-0.5402276704718784,1
15769,11,19,41863.72,22140,2203.3536842105264,1165.2631578947369,19,16,269,280,2216.0813670285734,10065.0,91.8,1742.8,1.1875,1.0,155.05081481481483,1,17.0,4429.0,0.4722222222222222,-0.1657729945405105,0
15775,154,1,104.9,68,104.9,68.0,7,1,0,154,0.0,104.9,104.9,104.9,1.0,7.0,104.9,1,0.0,0.0,0.0,-0.9905571293673276,1
15776,42,1,241.62,138,241.62,138.0,18,1,0,42,0.0,241.62,241.62,241.62,1.0,18.0,241.62,1,0.0,0.0,0.0,-0.9958783282499382,1
15777,150,4,1047.11,378,261.7775,94.5,18,3,120,270,112.39929726203808,365.55,102.0,289.78,1.3333333333333333,4.5,8.653801652892561,1,1.0,25.5,0.2,-0.43811241186516686,1
15780,93,3,475.28000000000003,220,158.42666666666668,73.33333333333333,26,3,174,267,78.24359036581421,225.61,72.52,177.15,1.0,8.666666666666666,2.7158857142857142,1,0.0,0.0,0.0,0.2540102460737381,1
15781,47,2,211.3,66,105.65,33.0,11,2,168,215,31.536962440920036,127.95000000000002,83.35,105.65,1.0,5.5,1.2502958579881658,1,1.0,11.9,0.3333333333333333,0.21008007536504955,0
15785,67,4,1665.83,1011,416.4575,252.75,41,3,137,204,379.21786722806195,928.58,17.4,359.92499999999995,1.3333333333333333,10.25,12.07123188405797,1,4.0,25.22,0.5,-0.11478675089841199,0
15786,23,1,3160.84,2310,3160.84,2310.0,165,1,0,23,0.0,3160.84,3160.84,3160.84,1.0,165.0,3160.84,1,13.0,98.0,0.9285714285714286,-0.9996837284619082,0
15789,267,1,351.3,438,351.3,438.0,25,1,0,267,0.0,351.3,351.3,351.3,1.0,25.0,351.3,1,0.0,0.0,0.0,-0.9971615100766392,1
15791,113,1,1223.24,558,1223.24,558.0,54,1,0,113,0.0,1223.24,1223.24,1223.24,1.0,54.0,1223.24,1,1.0,8.25,0.5,-0.99918316669934,0
15793,178,1,306.64,192,306.64,192.0,3,1,0,178,0.0,306.64,306.64,306.64,1.0,3.0,306.64,1,1.0,16.65,0.5,-0.996749447406059,0
15795,59,1,610.01,581,610.01,581.0,42,1,0,59,0.0,610.01,610.01,610.01,1.0,42.0,610.01,1,0.0,0.0,0.0,-0.9983633655750315,1
15796,18,5,1575.72,529,315.144,105.8,59,5,192,211,51.57349251311182,379.40000000000003,253.47,325.8,1.0,11.8,8.164352331606217,1,2.0,44.95,0.2857142857142857,0.24160282104622258,0
15797,22,4,2207.4,873,551.85,218.25,8,4,206,228,648.4417707088278,1495.2,15.0,348.6,1.0,2.0,10.663768115942029,1,0.0,0.0,0.0,-0.3681398297409889,1
15799,94,2,481.24,539,240.62,269.5,37,2,149,243,112.57139956489834,320.21999999999997,161.02,240.62,1.0,18.5,3.208266666666667,1,0.0,0.0,0.0,-0.3301260783012607,0
15800,16,2,699.08,335,349.54,167.5,116,2,139,156,148.5489925916699,454.58,244.5,349.53999999999996,1.0,58.0,4.993428571428572,1,0.0,0.0,0.0,0.3000799908581876,1
15801,19,1,137.22,70,137.22,70.0,9,1,0,19,0.0,137.22,137.22,137.22,1.0,9.0,137.22,1,5.0,21.759999999999998,0.8333333333333334,-0.9927651569960931,0
15802,52,1,451.42,1,451.42,1.0,1,1,0,52,0.0,451.42,451.42,451.42,1.0,1.0,451.42,1,2.0,902.84,0.6666666666666666,-0.9977896644710668,1
15804,3,5,2554.84,1492,510.968,298.4,130,5,104,108,62.161487836119214,600.03,432.48,519.04,1.0,26.0,24.331809523809525,1,11.0,357.84,0.6875,0.11896675848253409,0
15805,15,11,3568.0,2283,324.3636363636364,207.54545454545453,150,8,258,274,312.27805850788576,1052.56,17.700000000000003,252.63000000000002,1.375,13.636363636363637,13.776061776061775,1,6.0,76.31,0.35294117647058826,0.4816138974502662,0
15806,67,2,521.88,413,260.94,206.5,19,2,119,186,55.7482986287474,300.36,221.52,260.94,1.0,9.5,4.349,1,0.0,0.0,0.0,-0.15078029375764995,0
15808,215,4,3734.9700000000003,1343,933.7425000000001,335.75,142,4,63,278,236.47864151264636,1228.4,733.92,886.325,1.0,35.5,58.358906250000004,1,2.0,10.2,0.3333333333333333,-0.5975877750624334,1
15809,93,4,399.21,251,99.8025,62.75,24,4,118,212,78.77600835068166,198.8,15.9,92.255,1.0,6.0,3.354705882352941,1,8.0,116.56,0.6666666666666666,-0.31291072187101776,0
15810,79,3,1361.19,856,453.73,285.3333333333333,64,3,126,206,67.88176706598024,507.07,377.32,476.8,1.0,21.333333333333332,10.718031496062993,1,23.0,246.55,0.8846153846153846,0.4452756223434322,0
15811,15,5,1773.8,760,354.76,152.0,89,5,259,274,136.55811912881634,478.96000000000004,148.95,397.51,1.0,17.8,6.822307692307692,1,6.0,47.3,0.5454545454545454,-0.01175343700698671,0
15812,16,5,1801.14,922,360.228,184.4,36,5,210,227,154.20360216285485,533.0200000000001,213.9,289.46,1.0,7.2,8.536208530805688,1,0.0,0.0,0.0,0.1507208097040186,1
15813,117,2,1303.9099999999999,603,651.9549999999999,301.5,40,2,31,149,167.86007878587446,770.65,533.26,651.9549999999999,1.0,20.0,40.747187499999995,1,0.0,0.0,0.0,-0.18192059222475115,1
15815,50,4,1874.7,1514,468.675,378.5,24,4,119,169,37.357767153119156,514.08,427.0,466.81,1.0,6.0,15.6225,1,0.0,0.0,0.0,-0.4869968545076504,0
15819,40,3,1585.47,1139,528.49,379.6666666666667,83,3,145,186,115.91791966732322,639.64,408.33,537.5,1.0,27.666666666666668,10.859383561643837,1,0.0,0.0,0.0,0.19300081312599673,0
15820,229,1,206.98,128,206.98,128.0,17,1,0,229,0.0,206.98,206.98,206.98,1.0,17.0,206.98,1,0.0,0.0,0.0,-0.9951918453697471,1
15822,268,1,440.2,160,440.2,160.0,16,1,0,268,0.0,440.2,440.2,440.2,1.0,16.0,440.2,1,0.0,0.0,0.0,-0.9977334542157752,0
15823,281,1,15.0,1,15.0,1.0,1,1,0,281,0.0,15.0,15.0,15.0,1.0,1.0,15.0,1,16.0,855.76,0.9411764705882353,-0.9375,1
15825,81,1,532.94,220,532.94,220.0,20,1,0,81,0.0,532.94,532.94,532.94,1.0,20.0,532.94,1,0.0,0.0,0.0,-0.9981271303891823,1
15826,120,1,720.0,488,720.0,488.0,28,1,0,120,0.0,720.0,720.0,720.0,1.0,28.0,720.0,1,1.0,4.95,0.5,-0.9986130374479889,0
15827,23,13,1598.16,749,122.93538461538462,57.61538461538461,60,10,258,281,61.775221383035756,222.45,29.700000000000003,114.05,1.3,4.615384615384615,6.17050193050193,1,19.0,194.61,0.59375,0.08104254733735212,0
15829,8,2,636.14,996,318.07,498.0,44,2,41,50,10.422753954689718,325.44,310.7,318.07,1.0,22.0,15.146190476190476,1,0.0,0.0,0.0,-0.023134632890730467,1
15831,33,2,451.11,687,225.555,343.5,22,2,199,233,119.33841146085365,309.94,141.17,225.555,1.0,11.0,2.25555,1,1.0,54.0,0.3333333333333333,-0.3732941098405255,0
15832,163,1,836.79,465,836.79,465.0,54,1,0,163,0.0,836.79,836.79,836.79,1.0,54.0,836.79,1,0.0,0.0,0.0,-0.9988063834612493,1
15834,75,3,1791.82,681,597.2733333333333,227.0,176,2,111,186,397.8548574962147,1031.37,250.0,510.45,1.5,58.666666666666664,15.998392857142857,1,3.0,148.85,0.5,-0.4300041275755513,0
15835,47,3,675.51,333,225.17,111.0,32,3,193,240,65.76596916339028,301.11,187.2,187.20000000000002,1.0,10.666666666666666,3.4820103092783503,1,0.0,0.0,0.0,-0.4450931989179761,0
15838,18,12,14153.5,7998,1179.4583333333333,666.5,51,11,259,277,1291.5450337542054,4105.9400000000005,254.12,640.53,1.0909090909090908,4.25,54.43653846153846,1,2.0,292.32,0.14285714285714285,0.20750291426754738,0
15839,57,1,299.18,234,299.18,234.0,20,1,0,57,0.0,299.18,299.18,299.18,1.0,20.0,299.18,1,3.0,27.75,0.75,-0.9966686654673862,0
15840,82,1,241.74,256,241.74,256.0,17,1,0,82,0.0,241.74,241.74,241.74,1.0,17.0,241.74,1,1.0,9.9,0.5,-0.9958803658235149,0
15841,127,2,613.26,366,306.63,183.0,19,2,120,248,35.31291265245616,331.6,281.66,306.63,1.0,9.5,5.068264462809918,1,3.0,14.959999999999999,0.6,-0.08130107771953245,0
15843,213,1,118.95000000000002,27,118.95000000000002,27.0,8,1,0,213,0.0,118.95000000000002,118.95000000000002,118.95000000000002,1.0,8.0,118.95000000000002,1,0.0,0.0,0.0,-0.9916631929970822,1
15845,54,5,2526.76,1378,505.35200000000003,275.6,73,5,192,246,260.00689590855086,929.22,303.36,426.18,1.0,14.6,13.092020725388602,1,2.0,60.9,0.2857142857142857,0.024369402158432814,0
15847,197,1,180.68,348,180.68,348.0,9,1,0,197,0.0,180.68,180.68,180.68,1.0,9.0,180.68,1,0.0,0.0,0.0,-0.9944958168207838,0
15850,77,1,118.88,242,118.88,242.0,41,1,0,77,0.0,118.88,118.88,118.88,1.0,41.0,118.88,1,0.0,0.0,0.0,-0.9916583249916583,0
15852,96,2,160.71,48,80.355,24.0,22,2,10,106,32.32185096803709,103.21000000000001,57.5,80.355,1.0,11.0,14.610000000000001,1,0.0,0.0,0.0,-0.28266650176241426,1
15854,49,9,2393.69,744,265.96555555555557,82.66666666666667,70,8,221,271,71.32790076665496,356.0,132.0,303.0,1.125,7.777777777777778,10.782387387387388,1,0.0,0.0,0.0,0.11704646530448616,0
15855,46,5,712.24,470,142.448,94.0,59,5,126,173,56.19138608363385,237.55,95.8,132.18,1.0,11.8,5.608188976377953,1,0.0,0.0,0.0,0.03816387190847404,1
15856,4,17,11441.94,7556,673.0552941176471,444.47058823529414,254,16,270,274,341.27716683286997,1571.32,20.3,627.64,1.0625,14.941176470588236,42.22118081180812,1,8.0,213.9,0.32,-0.0779397602364427,0
15858,198,2,816.22,725,408.11,362.5,91,2,77,276,34.195683938181446,432.29,383.93,408.11,1.0,45.5,10.464358974358975,1,0.0,0.0,0.0,0.05917623161449795,0
15860,8,6,767.14,345,127.85666666666667,57.5,87,6,269,278,88.28317385927326,292.85,24.75,113.325,1.0,14.5,2.8412592592592594,1,0.0,0.0,0.0,-0.0310880829015544,0
15861,44,3,1130.0,876,376.6666666666667,292.0,174,2,132,176,116.06743140663248,474.19,248.29,407.52,1.5,58.0,8.496240601503759,1,1.0,165.0,0.25,-0.2784792219274978,0
15862,21,3,659.73,499,219.91,166.33333333333334,98,3,261,283,117.4156620728257,354.23,136.78,168.72,1.0,32.666666666666664,2.518053435114504,1,0.0,0.0,0.0,-0.07375175941761387,0
15863,102,1,9.2,2,9.2,2.0,2,1,0,102,0.0,9.2,9.2,9.2,1.0,2.0,9.2,1,0.0,0.0,0.0,-0.9019607843137255,0
15864,8,3,957.8600000000001,558,319.2866666666667,186.0,11,3,217,225,197.4404663014483,543.6,171.84,242.42000000000002,1.0,3.6666666666666665,4.393853211009175,1,4.0,166.54000000000002,0.5714285714285714,0.493314978203283,0
15865,123,1,313.93,178,313.93,178.0,16,1,0,123,0.0,313.93,313.93,313.93,1.0,16.0,313.93,1,0.0,0.0,0.0,-0.9968246912012193,0
15866,10,1,230.53,126,230.53,126.0,43,1,0,10,0.0,230.53,230.53,230.53,1.0,43.0,230.53,1,0.0,0.0,0.0,-0.9956809052822528,1
15867,22,12,2949.91,1487,245.82583333333332,123.91666666666667,253,12,256,278,119.51978067236274,566.13,112.9,227.165,1.0,21.083333333333332,11.478249027237354,1,2.0,14.85,0.14285714285714285,-0.01883825667336514,0
15869,186,2,149.64,175,74.82,87.5,13,1,0,186,18.71004543019605,88.05,61.589999999999996,74.82,2.0,6.5,149.64,1,0.0,0.0,0.0,0.17565055762081785,1
15874,87,6,2207.75,1065,367.9583333333333,177.5,79,5,106,193,438.2565668836768,1163.75,44.95,179.325,1.2,13.166666666666666,20.63317757009346,1,17.0,75.21,0.7391304347826086,-0.8517260894170912,0
15880,278,1,343.28000000000003,211,343.28000000000003,211.0,95,1,0,278,0.0,343.28000000000003,343.28000000000003,343.28000000000003,1.0,95.0,343.28000000000003,1,1.0,30.0,0.5,-0.9970953874753108,1
15881,221,5,501.39000000000004,260,100.278,52.0,26,3,52,273,141.09471347290088,339.29,1.9,40.8,1.6666666666666667,5.2,9.460188679245285,1,3.0,63.15,0.375,0.3799637731642747,1
15882,108,4,516.36,276,129.09,69.0,23,2,169,277,108.0827269579495,270.52,9.899999999999999,117.97000000000001,2.0,5.75,3.0374117647058823,1,1.0,21.0,0.2,-0.43737436214628117,1
15885,2,3,379.35,111,126.45,37.0,18,3,216,218,193.0370625035514,349.35,15.0,15.0,1.0,6.0,1.74815668202765,1,0.0,0.0,0.0,0.9184961219929013,1
15889,66,2,446.87,215,223.435,107.5,79,2,212,278,105.33769719336,297.92,148.95,223.435,1.0,39.5,2.097981220657277,1,0.0,0.0,0.0,-0.3326188402884766,1
15891,136,1,524.52,442,524.52,442.0,60,1,0,136,0.0,524.52,524.52,524.52,1.0,60.0,524.52,1,0.0,0.0,0.0,-0.9980971228497488,1
15894,162,2,263.55,168,131.775,84.0,35,2,115,278,35.30584158464433,156.74,106.81,131.775,1.0,17.5,2.2719827586206898,1,0.0,0.0,0.0,-0.18873558873558877,1
15895,59,1,179.17,94,179.17,94.0,11,1,0,59,0.0,179.17,179.17,179.17,1.0,11.0,179.17,1,0.0,0.0,0.0,-0.994449686407282,1
15897,103,2,222.05,261,111.025,130.5,17,1,0,103,12.282444789210334,119.71000000000001,102.34,111.025,2.0,8.5,222.05,1,0.0,0.0,0.0,-0.07787491593813048,1
15898,136,4,1002.99,424,250.7475,106.0,67,4,141,278,116.12328373328066,382.69,139.0,240.65,1.0,16.75,7.06330985915493,1,1.0,4.2,0.2,-0.04022948435741396,0
15899,278,1,56.25,39,56.25,39.0,4,1,0,278,0.0,56.25,56.25,56.25,1.0,4.0,56.25,1,0.0,0.0,0.0,-0.982532751091703,1
15901,64,1,110.49,209,110.49,209.0,24,1,0,64,0.0,110.49,110.49,110.49,1.0,24.0,110.49,1,0.0,0.0,0.0,-0.9910305857027536,0
15903,137,2,641.6400000000001,676,320.82000000000005,338.0,19,2,67,204,225.62363174100358,480.36,161.28,320.82,1.0,9.5,9.435882352941178,1,1.0,0.42,0.3333333333333333,0.49651437818996635,0
15906,54,4,797.71,242,199.4275,60.5,56,3,110,164,128.66030892107585,341.93,69.4,193.19,1.3333333333333333,14.0,7.186576576576577,1,1.0,45.900000000000006,0.2,-0.7119104556096706,0
15907,86,2,529.52,256,264.76,128.0,93,2,33,119,19.205020177026608,278.34,251.18,264.76,1.0,46.5,15.574117647058824,1,0.0,0.0,0.0,0.05119505390937188,0
15909,83,1,191.94,98,191.94,98.0,7,1,0,83,0.0,191.94,191.94,191.94,1.0,7.0,191.94,1,0.0,0.0,0.0,-0.9948170415673266,1
15910,8,5,663.36,510,132.672,102.0,143,5,217,226,21.42438610555737,161.41,112.75,120.82000000000001,1.0,28.6,3.042935779816514,1,0.0,0.0,0.0,-0.29535191763501717,0
15912,87,2,264.62,185,132.31,92.5,19,2,54,142,12.982480502585021,141.49,123.13,132.31,1.0,9.5,4.811272727272727,1,0.0,0.0,0.0,-0.06912130110684442,1
15916,101,5,848.53,395,169.706,79.0,64,4,174,275,100.3899513397631,342.61,89.5,142.95,1.25,12.8,4.848742857142857,1,5.0,36.85,0.5,-0.35500806328205015,0
15917,157,1,123.1,42,123.1,42.0,12,1,0,157,0.0,123.1,123.1,123.1,1.0,12.0,123.1,1,0.0,0.0,0.0,-0.991941982272361,1
15918,100,2,334.23,153,167.115,76.5,33,2,80,180,35.517973619000266,192.23,142.0,167.115,1.0,16.5,4.126296296296297,1,0.0,0.0,0.0,0.14983742505145717,1
15919,278,1,270.72,242,270.72,242.0,38,1,0,278,0.0,270.72,270.72,270.72,1.0,38.0,270.72,1,0.0,0.0,0.0,-0.99631974090976,0
15920,63,4,167.5,99,41.875,24.75,53,1,0,63,40.26145592664694,98.06,2.37,33.535,4.0,13.25,167.5,1,0.0,0.0,0.0,-0.5891988130563798,1
15921,82,1,336.03000000000003,166,336.03000000000003,166.0,24,1,0,82,0.0,336.03000000000003,336.03000000000003,336.03000000000003,1.0,24.0,336.03000000000003,1,0.0,0.0,0.0,-0.9970329050826336,1
15922,282,1,369.5,138,369.5,138.0,11,1,0,282,0.0,369.5,369.5,369.5,1.0,11.0,369.5,1,1.0,5.9,0.5,-0.9973009446693657,1
15923,282,1,127.08,122,127.08,122.0,21,1,0,282,0.0,127.08,127.08,127.08,1.0,21.0,127.08,1,0.0,0.0,0.0,-0.9921923797626484,1
15925,103,1,207.15,93,207.15,93.0,12,1,0,103,0.0,207.15,207.15,207.15,1.0,12.0,207.15,1,0.0,0.0,0.0,-0.9951957722796061,1
15932,17,6,1885.95,1509,314.325,251.5,65,6,181,198,13.338452309019956,339.34,302.58,310.64,1.0,10.833333333333334,10.362362637362638,1,4.0,34.019999999999996,0.4,-0.3500622698004716,0
15935,148,2,416.86,115,208.43,57.5,12,2,2,151,141.97289952663502,308.82,108.03999999999999,208.43,1.0,6.0,138.95333333333335,1,0.0,0.0,0.0,-0.4804958598573685,1
15938,21,5,404.58,240,80.916,48.0,13,5,211,233,17.480797464646738,105.0,62.7,74.9,1.0,2.6,1.9083962264150942,1,0.0,0.0,0.0,-0.19877706001282117,1
15939,16,14,5860.25,4572,418.5892857142857,326.57142857142856,28,13,224,241,381.15034535074085,1265.3999999999999,15.0,249.9,1.0769230769230769,2.0,26.045555555555556,1,1.0,12.75,0.06666666666666667,-0.49485178076348907,0
15940,220,1,35.8,4,35.8,4.0,1,1,0,220,0.0,35.8,35.8,35.8,1.0,1.0,35.8,1,1.0,4.0,0.5,-0.9728260869565217,1
15942,43,1,337.44,232,337.44,232.0,14,1,0,43,0.0,337.44,337.44,337.44,1.0,14.0,337.44,1,0.0,0.0,0.0,-0.9970452665169601,1
15944,186,1,325.1,50,325.1,50.0,6,1,0,186,0.0,325.1,325.1,325.1,1.0,6.0,325.1,1,0.0,0.0,0.0,-0.9969334559950935,1
15945,274,1,181.0,52,181.0,52.0,2,1,0,274,0.0,181.0,181.0,181.0,1.0,2.0,181.0,1,0.0,0.0,0.0,-0.9945054945054945,1
15950,15,2,1091.38,445,545.69,222.5,66,2,253,269,165.27913903454362,662.5600000000001,428.82000000000005,545.69,1.0,33.0,4.296771653543307,1,5.0,60.25,0.7142857142857143,0.2139731595232428,0
15951,195,1,375.16999999999996,174,375.16999999999996,174.0,22,1,0,195,0.0,375.16999999999996,375.16999999999996,375.16999999999996,1.0,22.0,375.16999999999996,1,2.0,38.650000000000006,0.6666666666666666,-0.9973416274556717,0
15952,68,2,327.8,144,163.9,72.0,25,2,66,134,97.22718241315029,232.65,95.15,163.9,1.0,12.5,4.892537313432836,1,0.0,0.0,0.0,-0.41818734793187345,0
15953,121,4,826.14,451,206.535,112.75,29,4,157,278,28.789642234664893,242.03,171.92,206.09499999999997,1.0,7.25,5.228734177215189,1,5.0,24.849999999999998,0.5555555555555556,0.0021278139130014155,0
15955,16,8,2463.65,1103,307.95625,137.875,68,5,266,282,241.15700735872116,572.38,15.8,424.095,1.6,8.5,9.227153558052434,1,2.0,26.45,0.2,0.13604771468565513,0
15965,276,1,156.19,74,156.19,74.0,16,1,0,276,0.0,156.19,156.19,156.19,1.0,16.0,156.19,1,0.0,0.0,0.0,-0.9936382721547172,0
15967,228,1,173.8,62,173.8,62.0,32,1,0,228,0.0,173.8,173.8,173.8,1.0,32.0,173.8,1,0.0,0.0,0.0,-0.994279176201373,0
15969,95,1,308.7,44,308.7,44.0,10,1,0,95,0.0,308.7,308.7,308.7,1.0,10.0,308.7,1,1.0,83.2,0.5,-0.9967710687762351,0
15970,213,1,314.1,116,314.1,116.0,11,1,0,213,0.0,314.1,314.1,314.1,1.0,11.0,314.1,1,0.0,0.0,0.0,-0.9968264043160902,1
15971,18,7,2109.45,912,301.34999999999997,130.28571428571428,9,7,202,220,242.95441444847222,762.0,22.650000000000002,291.4,1.0,1.2857142857142858,10.391379310344826,1,0.0,0.0,0.0,-0.029780378592243428,0
15973,276,1,307.82000000000005,106,307.82000000000005,106.0,4,1,0,276,0.0,307.82000000000005,307.82000000000005,307.82000000000005,1.0,4.0,307.82000000000005,1,2.0,208.04999999999998,0.6666666666666666,-0.9967618677546791,1
15974,4,6,2895.0099999999998,1864,482.5016666666666,310.6666666666667,119,6,193,198,220.25869448597632,769.24,147.95000000000002,486.82,1.0,19.833333333333332,14.922731958762885,1,1.0,12.600000000000001,0.14285714285714285,-0.08700591503482379,0
15976,74,2,430.94,277,215.47,138.5,83,2,54,129,7.749890321804546,220.95,209.99,215.47,1.0,41.5,7.835272727272727,1,0.0,0.0,0.0,0.025373894522387322,1
15980,163,1,760.18,592,760.18,592.0,20,1,0,163,0.0,760.18,760.18,760.18,1.0,20.0,760.18,1,0.0,0.0,0.0,-0.9986862502955937,0
15981,47,6,2458.2,1296,409.7,216.0,31,6,173,220,142.0333341156223,600.0,231.4,418.0,1.0,5.166666666666667,14.12758620689655,1,0.0,0.0,0.0,-0.1315061808718282,0
15983,270,3,1148.27,700,382.75666666666666,233.33333333333334,57,3,13,283,58.0850603282232,440.89,324.72,382.66,1.0,19.0,82.01928571428572,1,0.0,0.0,0.0,0.23187762666736278,0
15984,10,7,1848.76,958,264.10857142857145,136.85714285714286,176,7,267,277,209.46293191784326,683.28,104.95,212.19,1.0,25.142857142857142,6.898358208955224,1,5.0,20.7,0.4166666666666667,0.3832821555228786,0
15985,32,2,1142.42,1086,571.21,543.0,29,2,113,146,464.3853074764532,899.58,242.84,571.21,1.0,14.5,10.02122807017544,1,1.0,105.0,0.3333333333333333,-0.5743646254219796,1
15987,30,6,1206.42,1374,201.07000000000002,229.0,64,5,248,278,168.41405095775116,403.05,9.36,200.38500000000002,1.2,10.666666666666666,4.845060240963856,1,0.0,0.0,0.0,0.8112007420781501,0
15990,196,1,401.37,171,401.37,171.0,23,1,0,196,0.0,401.37,401.37,401.37,1.0,23.0,401.37,1,0.0,0.0,0.0,-0.9975147252528767,0
15996,25,5,907.86,340,181.572,68.0,91,5,249,275,61.26748338229667,263.25,111.56,169.73000000000002,1.0,18.2,3.63144,1,1.0,15.9,0.16666666666666666,-0.4430605373764936,0
15998,81,3,2112.06,1378,704.02,459.3333333333333,280,3,190,271,325.23284382116145,918.83,329.84,863.39,1.0,93.33333333333333,11.057905759162303,1,3.0,5.8,0.5,0.18233273073173506,0
16003,44,3,1793.9,595,597.9666666666667,198.33333333333334,56,3,224,269,571.2866735128111,1181.0,39.2,573.7,1.0,18.666666666666668,7.972888888888889,1,0.0,0.0,0.0,-0.3165078834475458,0
16005,92,2,298.08,127,149.04,63.5,77,2,88,180,40.375797205751866,177.59,120.49000000000001,149.04000000000002,1.0,38.5,3.3492134831460674,1,0.0,0.0,0.0,-0.19091881770763675,0
16006,120,1,101.4,84,101.4,84.0,8,1,0,120,0.0,101.4,101.4,101.4,1.0,8.0,101.4,1,0.0,0.0,0.0,-0.990234375,1
16007,90,2,733.45,583,366.725,291.5,128,2,34,124,4.2779960261786405,369.75,363.7,366.725,1.0,64.0,20.955714285714286,1,0.0,0.0,0.0,-0.008237456600177018,0
16008,114,1,139.15,75,139.15,75.0,6,1,0,114,0.0,139.15,139.15,139.15,1.0,6.0,139.15,1,0.0,0.0,0.0,-0.9928647877274349,0
16009,69,1,462.19,208,462.19,208.0,55,1,0,69,0.0,462.19,462.19,462.19,1.0,55.0,462.19,1,0.0,0.0,0.0,-0.9978410587447916,0
16010,155,3,407.5,210,135.83333333333334,70.0,62,3,116,272,37.33170011308531,178.65,110.1,118.75,1.0,20.666666666666668,3.482905982905983,1,0.0,0.0,0.0,0.4585067319461444,1
16011,1,12,2195.41,1426,182.95083333333332,118.83333333333333,85,12,273,275,59.20949930824727,299.25,116.09,169.515,1.0,7.083333333333333,8.012445255474452,1,0.0,0.0,0.0,0.09730879025318584,0
16012,38,2,1132.12,551,566.06,275.5,49,2,26,64,284.2710681726158,767.0699999999999,365.05,566.06,1.0,24.5,41.93037037037037,1,0.0,0.0,0.0,0.35479031347077095,0
16013,8,35,23409.34,8878,668.8382857142857,253.65714285714284,27,22,272,280,483.8883825446532,2145.0,40.8,505.79999999999995,1.5909090909090908,0.7714285714285715,85.74849816849817,1,12.0,3764.35,0.2553191489361702,0.18231687365497462,0
16014,61,2,529.9300000000001,229,264.96500000000003,114.5,115,2,138,200,2.8779245994292237,267.0,262.93,264.96500000000003,1.0,57.5,3.812446043165468,1,3.0,9.25,0.6,0.007665793984141022,0
16016,105,4,817.57,311,204.3925,77.75,99,3,170,276,130.5203213743617,382.27,89.1,173.1,1.3333333333333333,24.75,4.7811111111111115,1,2.0,25.45,0.3333333333333333,0.0647837081740108,0
16018,89,1,161.9,44,161.9,44.0,15,1,0,89,0.0,161.9,161.9,161.9,1.0,15.0,161.9,1,0.0,0.0,0.0,-0.9938612645794966,0
16019,45,7,2952.25,1193,421.75,170.42857142857142,85,7,228,274,342.3044611648136,1129.3500000000001,100.8,303.32,1.0,12.142857142857142,12.891921397379912,1,5.0,336.0,0.4166666666666667,-0.5287022771522899,0
16022,169,1,628.28,261,628.28,261.0,68,1,0,169,0.0,628.28,628.28,628.28,1.0,68.0,628.28,1,0.0,0.0,0.0,-0.9984108822781592,1
16023,101,2,500.69,227,250.345,113.5,59,2,74,175,102.53755433986126,322.85,177.84,250.34500000000003,1.0,29.5,6.675866666666667,1,0.0,0.0,0.0,0.28904303454324387,0
16027,1,6,934.62,1147,155.77,191.16666666666666,11,6,210,212,85.74290407957966,320.52,79.2,133.9,1.0,1.8333333333333333,4.429478672985782,1,1.0,82.5,0.14285714285714285,-0.10551292191274238,1
16029,3,52,54304.14,25526,1044.3103846153847,490.88461538461536,43,32,279,283,1632.4273836402872,8142.75,90.0,568.6199999999999,1.625,0.8269230769230769,193.94335714285714,1,32.0,30032.23,0.38095238095238093,0.1378256275556973,0
16030,219,1,331.24,283,331.24,283.0,28,1,0,219,0.0,331.24,331.24,331.24,1.0,28.0,331.24,1,0.0,0.0,0.0,-0.996990127618589,1
16031,1,2,548.94,423,274.47,211.5,91,2,154,156,44.066894603545656,305.63,243.31,274.47,1.0,45.5,3.5415483870967743,1,0.0,0.0,0.0,-0.11332145324944537,1
16033,17,16,5878.3,2155,367.39375,134.6875,367,14,261,279,232.1590060246066,687.08,19.8,328.145,1.1428571428571428,22.9375,22.436259541984732,1,15.0,88.79,0.4838709677419355,0.3542700661643392,0
16034,105,3,437.7,242,145.9,80.66666666666667,18,3,136,242,7.961783719745214,153.6,137.7,146.4,1.0,6.0,3.194890510948905,1,0.0,0.0,0.0,0.2974697971278779,1
16036,172,1,188.73,127,188.73,127.0,11,1,0,172,0.0,188.73,188.73,188.73,1.0,11.0,188.73,1,0.0,0.0,0.0,-0.99472935223739,0
16037,179,3,855.02,428,285.00666666666666,142.66666666666666,37,3,88,268,28.993491223606263,303.00000000000006,251.56,300.46,1.0,12.333333333333334,9.606966292134832,1,0.0,0.0,0.0,0.29683885890516587,1
16038,86,2,393.33,229,196.665,114.5,23,2,24,111,170.10867835004774,316.95,76.38,196.665,1.0,11.5,15.7332,1,2.0,17.45,0.5,-0.6100727816803185,0
16040,57,2,876.1800000000001,509,438.09000000000003,254.5,42,2,120,178,22.146584386762644,453.75,422.43,438.09000000000003,1.0,21.0,7.241157024793389,1,0.0,0.0,0.0,0.03570532843886089,0
16041,50,2,2739.8,1044,1369.9,522.0,5,1,0,50,982.7370044930639,2064.8,675.0,1369.9,2.0,2.5,2739.8,1,0.0,0.0,0.0,0.5070782253356685,0
16042,17,2,460.28,272,230.14,136.0,26,2,224,241,290.18248086333534,435.33,24.95,230.14,1.0,13.0,2.045688888888889,1,4.0,49.9,0.6666666666666666,0.8896548733957683,0
16043,120,3,676.49,342,225.49666666666667,114.0,22,3,106,227,81.87919169931597,307.85,144.10000000000002,224.54000000000002,1.0,7.333333333333333,6.322336448598131,1,0.0,0.0,0.0,0.08972826167175903,0
16045,29,4,1340.7,897,335.175,224.25,71,4,170,199,221.77487271254756,664.45,196.8,239.725,1.0,17.75,7.840350877192983,1,0.0,0.0,0.0,-0.28456435864947455,1
16048,282,2,256.44,144,128.22,72.0,8,1,0,282,174.20282661311788,251.40000000000003,5.04,128.22000000000003,2.0,4.0,256.44,1,1.0,12.75,0.3333333333333333,-0.9569608452454943,1
16050,83,1,137.9,278,137.9,278.0,10,1,0,83,0.0,137.9,137.9,137.9,1.0,10.0,137.9,1,0.0,0.0,0.0,-0.9928005759539237,1
16053,31,1,1124.19,1003,1124.19,1003.0,62,1,0,31,0.0,1124.19,1124.19,1124.19,1.0,62.0,1124.19,1,0.0,0.0,0.0,-0.999111261209218,0
16054,54,1,783.9,380,783.9,380.0,70,1,0,54,0.0,783.9,783.9,783.9,1.0,70.0,783.9,1,0.0,0.0,0.0,-0.9987259523506179,1
16055,130,1,134.8,22,134.8,22.0,8,1,0,130,0.0,134.8,134.8,134.8,1.0,8.0,134.8,1,0.0,0.0,0.0,-0.9926362297496318,1
16057,5,6,1544.23,620,257.37166666666667,103.33333333333333,79,3,188,194,257.82089840947083,683.98,34.8,187.77999999999997,2.0,13.166666666666666,8.1705291005291,1,13.0,122.89999999999999,0.6842105263157895,-0.37201581641567916,0
16059,73,4,951.3000000000001,392,237.82500000000002,98.0,99,4,204,277,127.4622852716311,384.45,118.25,224.3,1.0,24.75,4.640487804878049,1,0.0,0.0,0.0,0.44607791662291296,0
16062,43,3,778.14,650,259.38,216.66666666666666,37,3,231,274,66.12709883247562,330.62,199.96,247.56,1.0,12.333333333333334,3.354051724137931,1,0.0,0.0,0.0,0.36324665657006433,0
16063,169,1,335.32,262,335.32,262.0,23,1,0,169,0.0,335.32,335.32,335.32,1.0,23.0,335.32,1,0.0,0.0,0.0,0.10977640342530928,1
16065,274,1,372.09,231,372.09,231.0,71,1,0,274,0.0,372.09,372.09,372.09,1.0,71.0,372.09,1,0.0,0.0,0.0,-0.9973196815781715,1
16066,33,1,316.38,186,316.38,186.0,6,1,0,33,0.0,316.38,316.38,316.38,1.0,6.0,316.38,1,0.0,0.0,0.0,-0.9968492028483206,0
16072,197,1,584.3199999999999,140,584.3199999999999,140.0,23,1,0,197,0.0,584.3199999999999,584.3199999999999,584.3199999999999,1.0,23.0,584.3199999999999,1,0.0,0.0,0.0,-0.9982915328367389,1
16073,206,1,122.39999999999999,48,122.39999999999999,48.0,1,1,0,206,0.0,122.39999999999999,122.39999999999999,122.39999999999999,1.0,1.0,122.39999999999999,1,1.0,28.049999999999997,0.5,-0.9918962722852512,1
16076,2,5,1357.98,1012,271.596,202.4,69,4,115,118,136.0988270706254,418.34,51.839999999999996,305.45000000000005,1.25,13.8,11.706724137931035,1,2.0,61.199999999999996,0.2857142857142857,0.5497358312852285,0
16078,193,1,79.2,16,79.2,16.0,1,1,0,193,0.0,79.2,79.2,79.2,1.0,1.0,79.2,1,0.0,0.0,0.0,-0.9875311720698254,1
16080,183,1,130.26,66,130.26,66.0,5,1,0,183,0.0,130.26,130.26,130.26,1.0,5.0,130.26,1,1.0,40.56,0.5,-0.9923815328355935,0
16081,94,3,992.37,476,330.79,158.66666666666666,57,3,181,276,150.14350835117713,424.24,157.6,410.53,1.0,19.0,5.452582417582418,1,0.0,0.0,0.0,0.6816896020616688,0
16083,10,2,1317.62,908,658.81,454.0,31,2,259,270,453.7221372161601,979.64,337.98,658.81,1.0,15.5,5.067769230769231,1,0.0,0.0,0.0,0.4866147942545995,1
16084,208,1,436.18,216,436.18,216.0,38,1,0,208,0.0,436.18,436.18,436.18,1.0,38.0,436.18,1,0.0,0.0,0.0,-0.9977126126538268,1
16085,146,2,325.04,224,162.52,112.0,48,2,84,230,26.629641379485367,181.35,143.69,162.51999999999998,1.0,24.0,3.8240000000000003,1,0.0,0.0,0.0,-0.11550729971782601,0
16086,7,4,899.7,388,224.925,97.0,21,4,268,276,103.72946045683776,312.64,101.19,242.935,1.0,5.25,3.3446096654275093,1,1.0,2.08,0.2,0.3805928722105029,0
16091,64,2,315.06,154,157.53,77.0,16,2,43,108,0.3959797974644682,157.81,157.25,157.53,1.0,8.0,7.160454545454545,1,0.0,0.0,0.0,0.0017718154780737906,1
16092,24,3,817.86,628,272.62,209.33333333333334,37,3,139,163,44.26737060183268,310.87,224.13,282.86,1.0,12.333333333333334,5.841857142857143,1,2.0,38.5,0.4,-0.45135920670200036,1
16093,16,1,17.0,20,17.0,20.0,1,1,0,16,0.0,17.0,17.0,17.0,1.0,1.0,17.0,1,0.0,0.0,0.0,-0.9444444444444444,1
16094,128,1,252.1,164,252.1,164.0,16,1,0,128,0.0,252.1,252.1,252.1,1.0,16.0,252.1,1,4.0,36.4,0.8,-0.9960489924930858,0
16096,173,1,320.62,155,320.62,155.0,12,1,0,173,0.0,320.62,320.62,320.62,1.0,12.0,320.62,1,0.0,0.0,0.0,-0.996890740625583,1
16097,149,1,185.04999999999998,87,185.04999999999998,87.0,10,1,0,149,0.0,185.04999999999998,185.04999999999998,185.04999999999998,1.0,10.0,185.04999999999998,1,0.0,0.0,0.0,-0.9946251007793604,1
16098,37,6,1712.49,501,285.415,83.5,31,6,245,283,117.13485215767342,430.6,157.9,250.935,1.0,5.166666666666667,6.961341463414634,1,0.0,0.0,0.0,0.004487916474563642,0
16099,47,2,592.1,362,296.05,181.0,26,2,88,135,31.466251762801363,318.3,273.8,296.05,1.0,13.0,6.652808988764045,1,0.0,0.0,0.0,-0.07502950598549991,0
16102,8,2,1392.8400000000001,776,696.4200000000001,388.0,41,2,29,38,202.71337203055947,839.76,553.08,696.4200000000001,1.0,20.5,46.428000000000004,1,0.0,0.0,0.0,-0.2056764047523388,0
16103,67,4,1156.4,388,289.1,97.0,24,4,75,143,65.88017202972883,351.14,204.46,300.4,1.0,6.0,15.215789473684211,1,0.0,0.0,0.0,0.07558320373250389,0
16105,158,1,336.96,330,336.96,330.0,13,1,0,158,0.0,336.96,336.96,336.96,1.0,13.0,336.96,1,0.0,0.0,0.0,-0.9970410699491064,1
16107,12,3,1494.1200000000001,500,498.04,166.66666666666666,16,3,79,92,164.60221991212637,642.4200000000001,318.8,532.9,1.0,5.333333333333333,18.6765,1,0.0,0.0,0.0,0.2864786772968056,0
16109,128,2,611.88,612,305.94,306.0,18,2,89,218,12.812774875100184,314.99999999999994,296.88,305.93999999999994,1.0,9.0,6.798666666666667,1,0.0,0.0,0.0,-0.029565330896749686,1
16110,171,2,693.93,353,346.965,176.5,173,2,48,220,88.72068783547611,409.7,284.23,346.96500000000003,1.0,86.5,14.161836734693876,1,0.0,0.0,0.0,-0.18055055904911282,0
16112,52,4,195.73999999999998,574,48.934999999999995,143.5,15,4,195,248,22.999115200372376,72.0,23.04,50.35,1.0,3.75,0.998673469387755,1,0.0,0.0,0.0,-0.3890413744027651,1
16113,92,1,161.38,176,161.38,176.0,30,1,0,92,0.0,161.38,161.38,161.38,1.0,30.0,161.38,1,0.0,0.0,0.0,-0.9938416061091268,1
16114,80,1,135.75000000000003,43,135.75000000000003,43.0,8,1,0,80,0.0,135.75000000000003,135.75000000000003,135.75000000000003,1.0,8.0,135.75000000000003,1,0.0,0.0,0.0,-0.9926873857404022,1
16115,26,5,931.68,599,186.33599999999998,119.8,125,5,175,202,54.74591975663573,273.02,138.83,166.94,1.0,25.0,5.293636363636363,1,0.0,0.0,0.0,-0.0966247802032851,0
16116,121,1,612.78,248,612.78,248.0,34,1,0,121,0.0,612.78,612.78,612.78,1.0,34.0,612.78,1,1.0,19.9,0.5,-0.9983707517351494,1
16117,99,1,232.21,130,232.21,130.0,30,1,0,99,0.0,232.21,232.21,232.21,1.0,30.0,232.21,1,0.0,0.0,0.0,-0.995712019210154,1
16121,125,1,287.89,142,287.89,142.0,60,1,0,125,0.0,287.89,287.89,287.89,1.0,60.0,287.89,1,0.0,0.0,0.0,-0.9965384748520199,0
16122,22,3,550.26,912,183.42,304.0,24,3,253,276,103.12802722829521,300.42,105.72,144.12,1.0,8.0,2.1663779527559055,1,0.0,0.0,0.0,0.09175343757936366,0
16124,226,1,249.0,48,249.0,48.0,11,1,0,226,0.0,249.0,249.0,249.0,1.0,11.0,249.0,1,5.0,61.849999999999994,0.8333333333333334,-0.996,1
16125,276,1,289.35,124,289.35,124.0,13,1,0,276,0.0,289.35,289.35,289.35,1.0,13.0,289.35,1,0.0,0.0,0.0,-0.9965558808334768,1
16126,11,3,3706.7000000000003,1084,1235.5666666666668,361.3333333333333,41,3,194,206,543.9775600457554,1862.7,891.35,952.65,1.0,13.666666666666666,19.00871794871795,1,0.0,0.0,0.0,0.5189200852280389,0
16128,53,2,694.7,366,347.35,183.0,34,2,138,192,57.91204537917829,388.3,306.4,347.35,1.0,17.0,4.997841726618705,1,0.0,0.0,0.0,-0.1177231565329884,0
16131,25,4,2278.5,1244,569.625,311.0,46,3,124,149,426.0432658388895,1056.3600000000001,17.0,602.5699999999999,1.3333333333333333,11.5,18.228,1,0.0,0.0,0.0,-0.46086422461066023,0
16133,10,23,10619.27,6223,461.7073913043478,270.5652173913044,139,20,216,227,414.5122074769703,2210.05,79.19999999999999,310.5,1.15,6.043478260869565,48.93672811059908,1,26.0,283.38,0.5306122448979592,0.062315741501863836,0
16134,268,1,283.53000000000003,158,283.53000000000003,158.0,16,1,0,268,0.0,283.53000000000003,283.53000000000003,283.53000000000003,1.0,16.0,283.53000000000003,1,3.0,14.399999999999999,0.75,-0.9964854321161213,0
16135,172,1,517.55,209,517.55,209.0,21,1,0,172,0.0,517.55,517.55,517.55,1.0,21.0,517.55,1,0.0,0.0,0.0,-0.9980715456561566,1
16136,187,1,159.3,66,159.3,66.0,8,1,0,187,0.0,159.3,159.3,159.3,1.0,8.0,159.3,1,0.0,0.0,0.0,-0.9937616968184654,0
16139,21,2,306.37,155,153.185,77.5,13,2,94,116,18.929248532363875,166.57,139.79999999999998,153.185,1.0,6.5,3.2249473684210526,1,0.0,0.0,0.0,0.08709373068289036,0
16140,280,1,124.14,104,124.14,104.0,7,1,0,280,0.0,124.14,124.14,124.14,1.0,7.0,124.14,1,2.0,21.41,0.6666666666666666,-0.9920089499760268,0
16142,159,1,535.34,422,535.34,422.0,37,1,0,159,0.0,535.34,535.34,535.34,1.0,37.0,535.34,1,0.0,0.0,0.0,-0.9981355110564194,1
16143,17,5,1949.3600000000001,715,389.872,143.0,70,5,261,278,40.77520410739842,455.6,355.75,375.19,1.0,14.0,7.440305343511451,1,1.0,5.1,0.16666666666666666,-0.2442318341229312,0
16144,156,1,175.2,16,175.2,16.0,1,1,0,156,0.0,175.2,175.2,175.2,1.0,1.0,175.2,1,0.0,0.0,0.0,-0.9943246311010215,1
16145,9,8,2600.31,2248,325.03875,281.0,102,8,260,269,20.351815248978937,366.06,302.78,321.76,1.0,12.75,9.962873563218391,1,13.0,57.51,0.6190476190476191,0.24697940652978698,0
16146,66,3,734.13,427,244.71,142.33333333333334,26,3,74,141,157.32491442870705,385.69,75.0,273.44,1.0,8.666666666666666,9.7884,1,0.0,0.0,0.0,-0.7945941534150422,1
16147,43,1,375.0,246,375.0,246.0,22,1,0,43,0.0,375.0,375.0,375.0,1.0,22.0,375.0,1,0.0,0.0,0.0,-0.9973404255319149,1
16148,205,1,76.32000000000001,72,76.32000000000001,72.0,1,1,0,205,0.0,76.32000000000001,76.32000000000001,76.32000000000001,1.0,1.0,76.32000000000001,1,0.0,0.0,0.0,-0.9870667356440765,1
16149,51,1,163.68,168,163.68,168.0,11,1,0,51,0.0,163.68,163.68,163.68,1.0,11.0,163.68,1,0.0,0.0,0.0,-0.9939276171969881,0
16150,38,3,1408.7,774,469.56666666666666,258.0,66,3,243,281,91.49225395263429,571.06,393.42,444.21999999999997,1.0,22.0,5.773360655737705,1,19.0,146.95,0.8636363636363636,-0.36905724622260055,0
16152,178,1,1829.04,642,1829.04,642.0,29,1,0,178,0.0,1829.04,1829.04,1829.04,1.0,29.0,1829.04,1,0.0,0.0,0.0,-0.9994535638565277,1
16153,25,4,1023.54,530,255.885,132.5,50,4,239,264,65.27655755833534,323.44,186.9,256.6,1.0,12.5,4.26475,1,0.0,0.0,0.0,0.5793038827180979,0
16156,61,5,1445.17,689,289.034,137.8,62,5,158,220,153.45992401926964,447.71000000000004,34.68,309.02,1.0,12.4,9.089119496855346,1,9.0,97.42,0.6428571428571429,0.15174564539438656,0
16159,191,1,348.2,236,348.2,236.0,14,1,0,191,0.0,348.2,348.2,348.2,1.0,14.0,348.2,1,0.0,0.0,0.0,-0.9971363115693013,1
16161,49,12,3063.7,1488,255.3083333333333,124.0,172,12,228,278,109.46826014323915,469.90000000000003,85.86,214.555,1.0,14.333333333333334,13.378602620087335,1,28.0,222.59,0.7,0.1409012301367181,0
16162,161,1,37.4,4,37.4,4.0,2,1,0,161,0.0,37.4,37.4,37.4,1.0,2.0,37.4,1,0.0,0.0,0.0,-0.9739583333333334,1
16163,141,2,856.6,192,428.3,96.0,5,2,132,274,18.80904037956216,441.6,415.00000000000006,428.30000000000007,1.0,2.5,6.440601503759399,1,1.0,415.00000000000006,0.3333333333333333,-0.031016791044776077,1
16168,4,18,2632.12,1392,146.2288888888889,77.33333333333333,42,17,275,279,59.43170374856769,275.8,44.550000000000004,145.83,1.0588235294117647,2.3333333333333335,9.536666666666667,1,1.0,17.0,0.05263157894736842,0.4280929087926111,0
16170,22,5,1560.6599999999999,1483,312.13199999999995,296.6,91,5,135,157,5.60435277262236,319.29,305.0,310.78999999999996,1.0,18.2,11.475441176470587,1,2.0,4.63,0.2857142857142857,-0.21072448548339592,0
16172,4,5,1140.21,787,228.042,157.4,52,4,146,151,123.33962307385248,351.97,33.04,249.0,1.25,10.4,7.756530612244898,1,0.0,0.0,0.0,0.03286862190131526,1
16173,1,2,635.05,242,317.525,121.0,39,2,6,7,158.18685801924252,429.38,205.67000000000002,317.525,1.0,19.5,90.72142857142856,1,3.0,11.75,0.6,-0.3517176322616146,0
16174,35,3,1009.5500000000001,651,336.5166666666667,217.0,19,3,25,61,41.41317222012015,383.2,304.20000000000005,322.15,1.0,6.333333333333333,38.82884615384616,1,0.0,0.0,0.0,0.3614368413240314,1
16175,3,4,1037.59,533,259.3975,133.25,45,4,145,149,45.675668486259376,300.7,194.11999999999998,271.385,1.0,11.25,7.106780821917807,1,0.0,0.0,0.0,-0.41998286137937013,1
16178,47,1,197.9,94,197.9,94.0,8,1,0,47,0.0,197.9,197.9,197.9,1.0,8.0,197.9,1,0.0,0.0,0.0,-0.9949723479135244,1
16180,9,8,10254.18,5867,1281.7725,733.375,90,7,152,162,707.6632648926828,2317.0,413.88,1364.5,1.1428571428571428,11.25,67.02078431372549,1,14.0,36.7,0.6363636363636364,0.4644794143057459,1
16182,39,3,4844.0,2800,1614.6666666666667,933.3333333333334,8,3,164,204,753.9803268874681,2327.0,825.0,1692.0,1.0,2.6666666666666665,29.35757575757576,1,0.0,0.0,0.0,0.6592363261093911,0
16184,15,5,985.8000000000001,470,197.16000000000003,94.0,22,5,105,120,102.41085709044721,315.98,105.0,148.22,1.0,4.4,9.3,1,1.0,3.25,0.16666666666666666,0.09122415889744627,0
16185,142,1,335.0,153,335.0,153.0,19,1,0,142,0.0,335.0,335.0,335.0,1.0,19.0,335.0,1,0.0,0.0,0.0,-0.9970238095238095,0
16186,12,9,2696.53,2242,299.6144444444445,249.11111111111111,67,7,268,281,151.69791026173624,534.34,59.699999999999996,307.68,1.2857142857142858,7.444444444444445,10.024275092936804,1,1.0,15.0,0.1,0.48056926150960316,0
16187,8,12,5395.7,3925,449.64166666666665,327.0833333333333,140,8,185,193,240.89642820980643,910.98,63.9,446.81,1.5,11.666666666666666,29.009139784946235,1,2.0,70.2,0.14285714285714285,0.04936720588507793,0
16188,50,3,755.03,645,251.67666666666665,215.0,51,3,101,152,141.9313405606152,414.12,151.65,189.26,1.0,17.0,7.402254901960784,1,0.0,0.0,0.0,-0.498009338253773,0
16191,172,8,2615.68,1612,326.96,201.5,25,5,97,270,216.55733196678295,596.4,14.750000000000002,347.46,1.6,3.125,26.690612244897956,1,17.0,267.20000000000005,0.68,-0.15048076188146814,0
16193,146,1,314.45,219,314.45,219.0,19,1,0,146,0.0,314.45,314.45,314.45,1.0,19.0,314.45,1,0.0,0.0,0.0,-0.9968299255032493,1
16200,73,1,550.57,231,550.57,231.0,58,1,0,73,0.0,550.57,550.57,550.57,1.0,58.0,550.57,1,0.0,0.0,0.0,-0.9981869934913067,0
16201,19,1,303.8,208,303.8,208.0,19,1,0,19,0.0,303.8,303.8,303.8,1.0,19.0,303.8,1,4.0,41.95,0.8,-0.9967191601049868,0
16202,270,1,365.27,191,365.27,191.0,18,1,0,270,0.0,365.27,365.27,365.27,1.0,18.0,365.27,1,0.0,0.0,0.0,-0.9972697736642367,1
16203,57,3,378.3,158,126.10000000000001,52.666666666666664,19,3,224,281,58.397859549815685,170.7,60.0,147.6,1.0,6.333333333333333,1.6813333333333333,1,1.0,3.75,0.25,0.09728447139467442,0
16205,89,1,112.35,64,112.35,64.0,27,1,0,89,0.0,112.35,112.35,112.35,1.0,27.0,112.35,1,0.0,0.0,0.0,-0.9911777679752978,0
16206,34,3,409.86,203,136.62,67.66666666666667,48,3,202,237,21.607306634562303,161.3,121.11,127.45,1.0,16.0,2.0190147783251233,1,0.0,0.0,0.0,0.2123837803631407,0
16208,198,1,497.59,243,497.59,243.0,40,1,0,198,0.0,497.59,497.59,497.59,1.0,40.0,497.59,1,0.0,0.0,0.0,-0.9979943440502216,0
16209,28,4,2116.9,1103,529.225,275.75,35,4,127,156,539.3319514918433,1336.2,212.64,284.03000000000003,1.0,8.75,16.53828125,1,0.0,0.0,0.0,0.46309079748807785,0
16210,8,11,11248.960000000001,4381,1022.6327272727274,398.27272727272725,47,10,275,283,900.440349496744,2474.7400000000002,10.0,539.2,1.1,4.2727272727272725,40.75710144927537,1,0.0,0.0,0.0,-0.5782171669943715,0
16212,192,1,498.15000000000003,151,498.15000000000003,151.0,30,1,0,192,0.0,498.15000000000003,498.15000000000003,498.15000000000003,1.0,30.0,498.15000000000003,1,2.0,9.15,0.6666666666666666,-0.9979965942101573,0
16214,80,3,1062.75,420,354.25,140.0,36,3,98,178,171.87380515948325,542.97,206.7,313.08000000000004,1.0,12.0,10.734848484848484,1,0.0,0.0,0.0,-0.4104253819036427,1
16216,176,1,914.9300000000001,254,914.9300000000001,254.0,37,1,0,176,0.0,914.9300000000001,914.9300000000001,914.9300000000001,1.0,37.0,914.9300000000001,1,0.0,0.0,0.0,-0.998908213509766,1
16217,144,2,304.25,91,152.125,45.5,13,2,46,191,43.66384373826929,183.0,121.25000000000001,152.125,1.0,6.5,6.473404255319149,1,4.0,44.86,0.6666666666666666,-0.20229320229320225,1
16218,24,6,2635.48,1752,439.24666666666667,292.0,51,5,258,283,279.9052978896017,925.16,116.0,453.36,1.2,8.5,10.175598455598456,1,6.0,29.810000000000002,0.5,0.478016142735769,0
16221,185,2,315.37,267,157.685,133.5,29,2,91,276,12.805703807288385,166.74,148.63,157.685,1.0,14.5,3.4279347826086957,1,0.0,0.0,0.0,-0.05724310143186779,0
16222,227,1,846.72,365,846.72,365.0,120,1,0,227,0.0,846.72,846.72,846.72,1.0,120.0,846.72,1,0.0,0.0,0.0,-0.9988203652149295,1
16224,50,3,865.88,798,288.62666666666667,266.0,63,3,108,159,108.22804457871968,375.74,167.47,322.67,1.0,21.0,7.943853211009174,1,0.0,0.0,0.0,-0.254406607604282,0
16225,59,4,953.64,451,238.41,112.75,108,3,128,187,123.91127820608851,353.08,89.70000000000002,255.43,1.3333333333333333,27.0,7.392558139534883,1,0.0,0.0,0.0,0.12614179167015835,0
16226,112,3,255.12,192,85.04,64.0,6,3,32,144,61.599909090842004,130.8,15.0,109.32000000000001,1.0,2.0,7.730909090909091,1,0.0,0.0,0.0,-0.02530064032484774,1
16227,134,1,314.22,90,314.22,90.0,6,1,0,134,0.0,314.22,314.22,314.22,1.0,6.0,314.22,1,1.0,5.9,0.5,-0.9968276124611383,1
16229,122,1,358.2,92,358.2,92.0,12,1,0,122,0.0,358.2,358.2,358.2,1.0,12.0,358.2,1,0.0,0.0,0.0,-0.9972160356347439,0
16230,99,2,542.03,365,271.015,182.5,32,2,30,129,6.950859659063731,275.93,266.1,271.015,1.0,16.0,17.48483870967742,1,0.0,0.0,0.0,-0.018102130637349657,1
16232,52,3,725.04,438,241.67999999999998,146.0,23,2,71,124,101.73380608234412,358.57,173.12,193.35000000000002,1.5,7.666666666666667,10.07,1,1.0,7.6499999999999995,0.25,-0.010880943198721882,0
16233,239,2,326.5,90,163.25,45.0,9,2,36,275,22.415284963613587,179.10000000000002,147.39999999999998,163.25,1.0,4.5,8.824324324324325,1,3.0,114.54999999999998,0.6,0.09679389312977113,0
16235,96,3,665.29,251,221.76333333333332,83.66666666666667,34,3,145,241,106.77325008321762,320.83,108.67,235.79,1.0,11.333333333333334,4.556780821917808,1,2.0,8.9,0.4,-0.03546503774632667,0
16239,99,1,347.9,182,347.9,182.0,15,1,0,99,0.0,347.9,347.9,347.9,1.0,15.0,347.9,1,2.0,41.300000000000004,0.6666666666666666,-0.99713384924047,0
16241,5,10,1786.14,958,178.614,95.8,273,9,273,279,68.12189698539589,277.65000000000003,34.0,178.39499999999998,1.1111111111111112,27.3,6.518759124087592,1,0.0,0.0,0.0,0.25266067571650785,0
16242,74,3,846.59,375,282.19666666666666,125.0,60,3,111,186,149.26413043103602,453.69,181.54,211.36,1.0,20.0,7.558839285714286,1,1.0,4.95,0.25,0.5000884861784589,0
16244,121,2,1522.75,855,761.375,427.5,88,2,160,282,417.5536253584682,1056.63,466.12,761.375,1.0,44.0,9.45807453416149,1,0.0,0.0,0.0,-0.38753732567678434,1
16245,31,2,769.7,430,384.85,215.0,49,2,135,166,97.76458356685205,453.98,315.72,384.85,1.0,24.5,5.659558823529412,1,3.0,61.300000000000004,0.6,-0.17939535487219407,0
16247,79,1,114.56,182,114.56,182.0,16,1,0,79,0.0,114.56,114.56,114.56,1.0,16.0,114.56,1,0.0,0.0,0.0,-0.9913464866735895,1
16249,22,4,1440.77,762,360.1925,190.5,48,4,126,148,318.95117091021945,814.83,88.5,268.72,1.0,12.0,11.344645669291339,1,0.0,0.0,0.0,-0.41635628428944976,0
16250,170,2,389.44,208,194.72,104.0,22,2,112,283,44.434590129762626,226.14,163.3,194.72,1.0,11.0,3.446371681415929,1,0.0,0.0,0.0,-0.1609466243212785,1
16253,164,1,1700.4,1340,1700.4,1340.0,53,1,0,164,0.0,1700.4,1700.4,1700.4,1.0,53.0,1700.4,1,1.0,18.240000000000002,0.5,-0.9994122487363348,0
16255,5,7,2182.79,1461,311.82714285714286,208.71428571428572,132,7,269,274,95.59720719670383,438.76,168.46,299.6,1.0,18.857142857142858,8.084407407407408,1,4.0,10.61,0.36363636363636365,0.027223313597003293,0
16256,176,1,752.4300000000001,581,752.4300000000001,581.0,13,1,0,176,0.0,752.4300000000001,752.4300000000001,752.4300000000001,1.0,13.0,752.4300000000001,1,1.0,19.8,0.5,-0.9986727366842307,1
16257,86,1,46.95,2,46.95,2.0,2,1,0,86,0.0,46.95,46.95,46.95,1.0,2.0,46.95,1,0.0,0.0,0.0,-0.9791449426485923,1
16258,36,4,3741.06,2345,935.265,586.25,72,4,92,128,189.17632929800348,1152.8,754.8000000000001,916.73,1.0,18.0,40.226451612903226,1,0.0,0.0,0.0,0.44791906062436193,0
16261,22,2,418.38,197,209.19,98.5,66,2,132,155,64.72855474981657,254.96,163.42,209.19,1.0,33.0,3.1457142857142855,1,0.0,0.0,0.0,-0.21827459583194245,0
16265,20,7,4062.02,1871,580.2885714285715,267.2857142857143,132,6,254,274,233.63792275146395,802.65,188.98,651.83,1.1666666666666667,18.857142857142858,15.929490196078431,1,2.0,23.85,0.2222222222222222,-0.41551850593893214,0
16266,25,6,761.12,353,126.85333333333334,58.833333333333336,37,5,90,115,18.92665809557162,161.9,110.38,122.145,1.2,6.166666666666667,8.363956043956044,1,0.0,0.0,0.0,-0.28415472628982313,0
16270,262,1,1141.24,688,1141.24,688.0,54,1,0,262,0.0,1141.24,1141.24,1141.24,1.0,54.0,1141.24,1,0.0,0.0,0.0,-0.9991245272447121,1
16271,35,3,893.03,686,297.6766666666667,228.66666666666666,51,3,232,267,163.59196689731846,460.39,133.22,299.42,1.0,17.0,3.8327467811158797,1,1.0,5.95,0.25,0.7008601501068198,0
16272,26,1,411.7,224,411.7,224.0,25,1,0,26,0.0,411.7,411.7,411.7,1.0,25.0,411.7,1,0.0,0.0,0.0,-0.9888538890235038,1
16274,282,1,357.95,155,357.95,155.0,64,1,0,282,0.0,357.95,357.95,357.95,1.0,64.0,357.95,1,0.0,0.0,0.0,-0.9972140966708455,1
16275,106,1,559.87,336,559.87,336.0,33,1,0,106,0.0,559.87,559.87,559.87,1.0,33.0,559.87,1,0.0,0.0,0.0,-0.9982170556456933,1
16276,86,1,810.6000000000001,420,810.6000000000001,420.0,6,1,0,86,0.0,810.6000000000001,810.6000000000001,810.6000000000001,1.0,6.0,810.6000000000001,1,0.0,0.0,0.0,-0.9987678659438147,1
16278,9,1,566.38,114,566.38,114.0,23,1,0,9,0.0,566.38,566.38,566.38,1.0,23.0,566.38,1,2.0,28.55,0.6666666666666666,-0.9982375127780324,1
16279,86,1,359.08000000000004,156,359.08000000000004,156.0,16,1,0,86,0.0,359.08000000000004,359.08000000000004,359.08000000000004,1.0,16.0,359.08000000000004,1,2.0,12.9,0.6666666666666666,-0.9972228393690291,0
16282,249,1,168.3,114,168.3,114.0,11,1,0,249,0.0,168.3,168.3,168.3,1.0,11.0,168.3,1,0.0,0.0,0.0,-0.9940933254577673,1
16283,30,3,586.35,441,195.45000000000002,147.0,59,3,87,117,83.95821162935762,277.81,109.97999999999999,198.56,1.0,19.666666666666668,6.663068181818182,1,2.0,39.300000000000004,0.4,0.05231974121052187,0
16287,79,1,142.5,298,142.5,298.0,8,1,0,79,0.0,142.5,142.5,142.5,1.0,8.0,142.5,1,0.0,0.0,0.0,-0.9930313588850174,1
16292,31,1,302.25,191,302.25,191.0,17,1,0,31,0.0,302.25,302.25,302.25,1.0,17.0,302.25,1,2.0,21.349999999999998,0.6666666666666666,-0.9967023907666942,1
16293,1,6,1454.3300000000002,643,242.38833333333335,107.16666666666667,74,4,275,276,119.85947462202,378.75,70.6,280.935,1.5,12.333333333333334,5.269311594202899,1,2.0,12.25,0.25,0.042402754014553345,0
16297,178,1,301.9,206,301.9,206.0,20,1,0,178,0.0,301.9,301.9,301.9,1.0,20.0,301.9,1,3.0,26.499999999999996,0.75,-0.9966985803895675,1
16298,96,1,114.3,50,114.3,50.0,7,1,0,96,0.0,114.3,114.3,114.3,1.0,7.0,114.3,1,0.0,0.0,0.0,-0.9913269731136166,0
16302,36,1,233.22,158,233.22,158.0,11,1,0,36,0.0,233.22,233.22,233.22,1.0,11.0,233.22,1,1.0,20.4,0.5,-0.9957305097771326,1
16303,25,2,4036.33,2025,2018.165,1012.5,112,2,217,242,1684.3071395829206,3209.15,827.1800000000001,2018.165,1.0,56.0,18.515275229357798,1,5.0,54.8,0.7142857142857143,0.5899864514419184,0
16305,48,1,361.21999999999997,256,361.21999999999997,256.0,22,1,0,48,0.0,361.21999999999997,361.21999999999997,361.21999999999997,1.0,22.0,361.21999999999997,1,0.0,0.0,0.0,-0.9972392468665452,1
16306,123,6,632.27,487,105.37833333333333,81.16666666666667,36,6,153,276,128.59672319568128,335.3,5.1,52.949999999999996,1.0,6.0,4.10564935064935,1,3.0,29.999999999999996,0.3333333333333333,-0.8790405356325107,1
16308,17,3,1600.0,5000,533.3333333333334,1666.6666666666667,1,3,153,170,184.75208614068023,640.0,320.0,640.0,1.0,0.3333333333333333,10.38961038961039,1,0.0,0.0,0.0,-0.19987507807620236,0
16309,15,2,706.57,467,353.285,233.5,39,2,134,150,26.99026583789055,372.37,334.2,353.28499999999997,1.0,19.5,5.233851851851853,1,2.0,19.9,0.5,0.05394519270178218,1
16315,240,1,226.37,75,226.37,75.0,14,1,0,240,0.0,226.37,226.37,226.37,1.0,14.0,226.37,1,0.0,0.0,0.0,-0.9956018823943352,1
16316,66,7,2212.81,1185,316.11571428571426,169.28571428571428,103,6,201,267,326.8887582372706,806.05,17.0,308.21999999999997,1.1666666666666667,14.714285714285714,10.95450495049505,1,5.0,183.35000000000002,0.4166666666666667,-0.03845406787393684,0
16317,29,3,1341.65,890,447.2166666666667,296.6666666666667,64,3,177,206,131.89778100230998,570.76,308.31,462.58,1.0,21.333333333333332,7.537359550561798,1,0.0,0.0,0.0,0.14905597139984358,1
16319,127,1,404.40000000000003,72,404.40000000000003,72.0,3,1,0,127,0.0,404.40000000000003,404.40000000000003,404.40000000000003,1.0,3.0,404.40000000000003,1,0.0,0.0,0.0,-0.9975333004440059,1
16320,81,2,1038.46,732,519.23,366.0,56,2,40,122,471.56951237330856,852.68,185.78,519.23,1.0,28.0,25.32829268292683,1,0.0,0.0,0.0,-0.6415831297019606,1
16321,214,3,223.65,63,74.55,21.0,5,2,18,233,11.431535329954583,87.75,67.95,67.95,1.5,1.6666666666666667,11.771052631578948,1,4.0,142.95,0.5714285714285714,0.2143334075228133,0
16323,105,1,207.50000000000003,50,207.50000000000003,50.0,1,1,0,105,0.0,207.50000000000003,207.50000000000003,207.50000000000003,1.0,1.0,207.50000000000003,1,0.0,0.0,0.0,-0.9952038369304557,1
16324,37,3,428.68,282,142.89333333333335,94.0,100,2,48,86,128.7518366212045,258.17,3.95,166.56,1.5,33.333333333333336,8.748571428571429,1,0.0,0.0,0.0,0.22239806367529324,1
16325,64,2,416.02000000000004,120,208.01000000000002,60.0,11,2,90,155,24.3103311371935,225.20000000000002,190.82000000000002,208.01000000000002,1.0,5.5,4.571648351648352,1,2.0,83.7,0.5,0.08244208910843603,0
16326,6,8,1537.97,321,192.24625,40.125,92,7,238,244,73.79433329725065,313.05,109.05,157.385,1.1428571428571428,11.5,6.435020920502092,1,1.0,25.0,0.1111111111111111,0.44491445577236716,0
16327,108,4,2469.64,1618,617.41,404.5,119,4,170,279,82.49682700968967,729.07,535.6,602.485,1.0,29.75,14.442339181286549,1,0.0,0.0,0.0,0.06200822458958005,0
16330,21,2,48.96,23,24.48,11.5,17,1,0,21,4.072935059634513,27.36,21.6,24.48,2.0,8.5,48.96,1,2.0,9.7,0.5,0.11529223378702959,0
16332,39,3,659.27,271,219.75666666666666,90.33333333333333,43,3,174,214,93.17948611863739,307.97,122.3,229.0,1.0,14.333333333333334,3.767257142857143,1,1.0,10.0,0.25,0.628030957032729,0
16333,8,18,15619.6,24352,867.7555555555556,1352.888888888889,8,10,210,219,474.60320811763955,1920.48,177.60000000000002,879.9200000000001,1.8,0.4444444444444444,74.0265402843602,1,0.0,0.0,0.0,-0.5051022367898801,0
16338,66,1,214.79999999999998,94,214.79999999999998,94.0,11,1,0,66,0.0,214.79999999999998,214.79999999999998,214.79999999999998,1.0,11.0,214.79999999999998,1,0.0,0.0,0.0,-0.995366079703429,1
16339,193,1,109.95,23,109.95,23.0,17,1,0,193,0.0,109.95,109.95,109.95,1.0,17.0,109.95,1,0.0,0.0,0.0,-0.9909869310500226,1
16340,16,1,549.07,501,549.07,501.0,124,1,0,16,0.0,549.07,549.07,549.07,1.0,124.0,549.07,1,0.0,0.0,0.0,-0.998182049557329,1
16341,110,1,797.65,534,797.65,534.0,29,1,0,110,0.0,797.65,797.65,797.65,1.0,29.0,797.65,1,7.0,12.49,0.875,-0.9987478870594128,0
16342,17,3,283.71,145,94.57,48.333333333333336,10,3,71,89,39.99028256964433,136.95,57.5,89.26,1.0,3.3333333333333335,3.9404166666666662,1,0.0,0.0,0.0,-0.5925678760844368,0
16344,67,1,101.10000000000001,18,101.10000000000001,18.0,1,1,0,67,0.0,101.10000000000001,101.10000000000001,101.10000000000001,1.0,1.0,101.10000000000001,1,0.0,0.0,0.0,-0.990205680705191,1
16348,37,4,775.14,413,193.785,103.25,116,3,111,149,74.5205656178212,298.40999999999997,127.62,174.555,1.3333333333333333,29.0,6.920892857142857,1,0.0,0.0,0.0,-0.5044193057953461,0
16349,200,1,53.5,9,53.5,9.0,9,1,0,200,0.0,53.5,53.5,53.5,1.0,9.0,53.5,1,0.0,0.0,0.0,-0.981651376146789,1
16350,243,1,376.7,196,376.7,196.0,22,1,0,243,0.0,376.7,376.7,376.7,1.0,22.0,376.7,1,3.0,16.0,0.75,-0.9973523960815462,0
16351,242,1,153.9,90,153.9,90.0,8,1,0,242,0.0,153.9,153.9,153.9,1.0,8.0,153.9,1,0.0,0.0,0.0,-0.9935442220787605,1
16353,1,14,3467.81,1260,247.70071428571427,90.0,46,13,278,279,182.81214504614738,664.83,102.0,158.81,1.0769230769230769,3.2857142857142856,12.42942652329749,1,0.0,0.0,0.0,0.151628368230027,0
16356,107,3,211.77,93,70.59,31.0,20,3,79,187,59.38179266408181,107.67,2.1,102.0,1.0,6.666666666666667,2.647125,1,1.0,1.45,0.25,0.036518306152183155,1
16357,71,2,257.95,55,128.975,27.5,9,2,51,123,12.621856044179879,137.9,120.05000000000001,128.97500000000002,1.0,4.5,4.960576923076923,1,0.0,0.0,0.0,-0.06893222629851321,0
16358,93,1,462.15000000000003,221,462.15000000000003,221.0,22,1,0,93,0.0,462.15000000000003,462.15000000000003,462.15000000000003,1.0,22.0,462.15000000000003,1,1.0,2.55,0.5,-0.9978408722875958,0
16359,4,7,1411.23,876,201.6042857142857,125.14285714285714,38,7,237,241,108.1088089005922,423.4,92.4,164.4,1.0,5.428571428571429,5.929537815126051,1,4.0,290.55,0.36363636363636365,-0.43993542128406843,0
16362,0,3,380.05,153,126.68333333333334,51.0,34,1,0,0,183.28694261548839,337.75,7.65,34.650000000000006,3.0,11.333333333333334,380.05,1,9.0,82.7,0.75,-0.775357564624065,0
16364,46,1,347.55,115,347.55,115.0,28,1,0,46,0.0,347.55,347.55,347.55,1.0,28.0,347.55,1,0.0,0.0,0.0,-0.9971309711662603,0
16365,32,7,862.56,325,123.22285714285714,46.42857142857143,34,6,243,276,72.04541616561173,228.6,12.75,131.45,1.1666666666666667,4.857142857142857,3.5350819672131144,1,0.0,0.0,0.0,-0.13451294640789288,0
16367,272,1,170.91,91,170.91,91.0,33,1,0,272,0.0,170.91,170.91,170.91,1.0,33.0,170.91,1,0.0,0.0,0.0,-0.9941830027339887,0
16369,106,1,354.45,199,354.45,199.0,15,1,0,106,0.0,354.45,354.45,354.45,1.0,15.0,354.45,1,0.0,0.0,0.0,-0.9971866647911098,0
16370,26,3,953.11,524,317.7033333333333,174.66666666666666,133,3,107,134,76.95904776784424,406.53,271.04,275.54,1.0,44.333333333333336,8.825092592592593,1,0.0,0.0,0.0,-0.14678600999884717,0
16374,171,1,156.3,52,156.3,52.0,26,1,0,171,0.0,156.3,156.3,156.3,1.0,26.0,156.3,1,0.0,0.0,0.0,-0.9936427209154481,0
16377,176,1,676.2,1500,676.2,1500.0,5,1,0,176,0.0,676.2,676.2,676.2,1.0,5.0,676.2,1,0.0,0.0,0.0,-0.9985233313644418,1
16378,156,3,362.95,267,120.98333333333333,89.0,22,3,63,220,39.04914638418274,144.2,75.9,142.85,1.0,7.333333333333333,5.67109375,1,0.0,0.0,0.0,-0.5801621101799698,1
16383,177,1,309.46,298,309.46,298.0,48,1,0,177,0.0,309.46,309.46,309.46,1.0,48.0,309.46,1,0.0,0.0,0.0,-0.996778973136636,0
16384,173,1,409.1,200,409.1,200.0,24,1,0,173,0.0,409.1,409.1,409.1,1.0,24.0,409.1,1,0.0,0.0,0.0,-0.9975615703486954,0
16385,67,2,274.85,155,137.425,77.5,36,2,208,275,15.280577541441302,148.23000000000002,126.62,137.425,1.0,18.0,1.3150717703349284,1,0.0,0.0,0.0,-0.07833967736088458,0
16386,163,1,61.10000000000001,26,61.10000000000001,26.0,4,1,0,163,0.0,61.10000000000001,61.10000000000001,61.10000000000001,1.0,4.0,61.10000000000001,1,0.0,0.0,0.0,-0.9838969404186796,0
16387,232,1,94.36,44,94.36,44.0,4,1,0,232,0.0,94.36,94.36,94.36,1.0,4.0,94.36,1,0.0,0.0,0.0,-0.989513422818792,1
16389,114,2,670.17,307,335.085,153.5,16,2,77,192,304.6710988098477,550.52,119.65,335.085,1.0,8.0,8.591923076923077,1,1.0,19.799999999999997,0.3333333333333333,0.6419685027638303,0
16392,179,1,221.19,203,221.19,203.0,41,1,0,179,0.0,221.19,221.19,221.19,1.0,41.0,221.19,1,0.0,0.0,0.0,-0.9954993474053738,1
16393,3,9,1765.27,1015,196.14111111111112,112.77777777777777,96,9,274,278,84.22529110137353,380.45,106.75,184.8,1.0,10.666666666666666,6.419163636363637,1,28.0,105.16000000000001,0.7567567567567568,0.28170664734157297,0
16394,80,3,933.1,1404,311.03333333333336,468.0,49,3,118,199,3.6549190597513124,313.8,306.89,312.40999999999997,1.0,16.333333333333332,7.841176470588236,1,17.0,143.28,0.85,-0.3270527780751525,0
16395,77,3,967.25,897,322.4166666666667,299.0,87,3,162,240,184.5571337914992,516.69,149.42000000000002,301.14,1.0,29.0,5.934049079754601,1,0.0,0.0,0.0,0.06829847663310101,0
16398,63,2,1705.8,758,852.9,379.0,75,2,99,163,448.37640995038987,1169.95,535.85,852.9000000000001,1.0,37.5,17.058,1,4.0,74.65,0.6666666666666666,-0.3715139442231076,1
16399,144,1,178.41,159,178.41,159.0,31,1,0,144,0.0,178.41,178.41,178.41,1.0,31.0,178.41,1,0.0,0.0,0.0,-0.9944261746836854,0
16400,4,1,303.93,172,303.93,172.0,28,1,0,4,0.0,303.93,303.93,303.93,1.0,28.0,303.93,1,0.0,0.0,0.0,-0.9967205588167776,1
16401,41,7,2455.42,2320,350.7742857142857,331.42857142857144,52,7,196,237,132.32837839470196,487.9,177.9,309.9,1.0,7.428571428571429,12.464060913705584,1,12.0,37.08,0.631578947368421,0.20787161804577392,0
16402,174,2,299.6,149,149.8,74.5,55,2,104,278,87.6812408671319,211.8,87.8,149.8,1.0,27.5,2.8533333333333335,1,0.0,0.0,0.0,-0.4125083166999335,1
16403,221,1,177.5,114,177.5,114.0,10,1,0,221,0.0,177.5,177.5,177.5,1.0,10.0,177.5,1,5.0,16.45,0.8333333333333334,-0.9943977591036415,1
16405,211,2,167.25,187,83.625,93.5,3,2,7,219,108.57624625119438,160.4,6.85,83.625,1.0,1.5,20.90625,1,0.0,0.0,0.0,0.9126300148588411,1
16407,19,8,1529.62,777,191.2025,97.125,76,7,201,221,141.89394356852787,453.11,15.9,198.25,1.1428571428571428,9.5,7.572376237623762,1,0.0,0.0,0.0,0.21490637780768576,0
16409,59,3,1039.27,677,346.42333333333335,225.66666666666666,106,3,167,226,161.71063673529127,532.0,235.71,271.56,1.0,35.333333333333336,6.186130952380952,1,0.0,0.0,0.0,-0.5458678996798908,0
16411,278,1,131.5,70,131.5,70.0,19,1,0,278,0.0,131.5,131.5,131.5,1.0,19.0,131.5,1,0.0,0.0,0.0,-0.9924528301886792,0
16414,189,1,50.8,16,50.8,16.0,3,1,0,189,0.0,50.8,50.8,50.8,1.0,3.0,50.8,1,0.0,0.0,0.0,-0.9806949806949807,0
16418,2,2,368.36,174,184.18,87.0,44,2,133,135,54.12195303201836,222.45000000000002,145.91,184.18,1.0,22.0,2.748955223880597,1,0.0,0.0,0.0,0.2072233051765216,0
16419,22,6,972.23,436,162.03833333333333,72.66666666666667,36,5,199,221,82.1643144964203,264.27,63.25,141.3,1.2,6.0,4.86115,1,1.0,12.75,0.14285714285714285,-0.06332521603320906,1
16422,9,39,29117.7,27606,746.6076923076923,707.8461538461538,68,37,269,278,573.3617365772242,2353.0,17.4,600.63,1.054054054054054,1.7435897435897436,107.84333333333333,1,30.0,878.71,0.43478260869565216,0.09775779825335608,0
16424,100,1,133.56,88,133.56,88.0,5,1,0,100,0.0,133.56,133.56,133.56,1.0,5.0,133.56,1,1.0,51.0,0.5,-0.9925683709869203,1
16425,211,1,302.7,199,302.7,199.0,21,1,0,211,0.0,302.7,302.7,302.7,1.0,21.0,302.7,1,0.0,0.0,0.0,-0.9967072769180112,1
16426,2,4,689.83,414,172.4575,103.5,64,2,183,185,116.63745006786343,328.37,45.78,157.84,2.0,16.0,3.749076086956522,1,0.0,0.0,0.0,0.04789890421666687,0
16427,172,2,241.06,156,120.53,78.0,8,2,21,193,15.1745115242633,131.26,109.8,120.53,1.0,4.0,10.957272727272727,1,0.0,0.0,0.0,0.08865570519705855,1
16429,15,1,284.55,9,284.55,9.0,2,1,0,15,0.0,284.55,284.55,284.55,1.0,2.0,284.55,1,0.0,0.0,0.0,-0.9964979863421467,1
16431,122,3,642.81,453,214.26999999999998,151.0,51,2,84,206,122.06465377004106,298.88,74.34,269.59,1.5,17.0,7.562470588235294,1,0.0,0.0,0.0,-0.06997406067007349,1
16434,5,4,906.34,448,226.585,112.0,49,4,203,209,121.08820600427335,401.0,121.95,191.695,1.0,12.25,4.442843137254902,1,0.0,0.0,0.0,-0.15381224237882166,0
16440,124,1,272.46,115,272.46,115.0,35,1,0,124,0.0,272.46,272.46,272.46,1.0,35.0,272.46,1,0.0,0.0,0.0,-0.9963431580487091,0
16441,200,1,211.0,110,211.0,110.0,12,1,0,200,0.0,211.0,211.0,211.0,1.0,12.0,211.0,1,0.0,0.0,0.0,-0.9952830188679245,0
16442,137,2,437.03,354,218.515,177.0,99,2,133,270,94.54724771245328,285.37,151.66,218.515,1.0,49.5,3.261417910447761,1,0.0,0.0,0.0,0.30525306485857134,0
16444,4,3,541.4,337,180.46666666666667,112.33333333333333,58,3,169,174,104.66645944777788,301.32,119.08,121.0,1.0,19.333333333333332,3.184705882352941,1,2.0,15.899999999999999,0.4,0.11290560471976398,0
16446,115,1,2.9,2,2.9,2.0,2,1,0,115,0.0,2.9,2.9,2.9,1.0,2.0,2.9,1,1.0,168469.6,0.5,-0.7435897435897436,0
16447,45,1,259.01,223,259.01,223.0,34,1,0,45,0.0,259.01,259.01,259.01,1.0,34.0,259.01,1,0.0,0.0,0.0,-0.9961539940771509,1
16448,107,1,188.89000000000001,78,188.89000000000001,78.0,19,1,0,107,0.0,188.89000000000001,188.89000000000001,188.89000000000001,1.0,19.0,188.89000000000001,1,0.0,0.0,0.0,-0.9947337932487229,1
16449,107,2,707.69,367,353.845,183.5,40,2,82,190,88.87625132733717,416.69,291.0,353.845,1.0,20.0,8.526385542168676,1,3.0,33.0,0.6,-0.1773554022209993,1
16450,59,1,311.92,200,311.92,200.0,11,1,0,59,0.0,311.92,311.92,311.92,1.0,11.0,311.92,1,0.0,0.0,0.0,-0.996804295027483,1
16455,4,6,1323.3799999999999,756,220.5633333333333,126.0,48,5,276,280,102.15821879157185,413.7,135.0,188.85,1.2,8.0,4.7775451263537905,1,0.0,0.0,0.0,-0.42886482731542314,0
16456,8,5,2158.37,1148,431.674,229.6,80,5,273,282,240.05464873649083,787.4,124.16,449.28,1.0,16.0,7.877262773722627,1,0.0,0.0,0.0,-0.14587124948480346,1
16457,127,1,208.36,140,208.36,140.0,9,1,0,127,0.0,208.36,208.36,208.36,1.0,9.0,208.36,1,0.0,0.0,0.0,-0.9952235384027512,1
16458,15,11,2151.5,1360,195.5909090909091,123.63636363636364,43,11,254,270,27.708859758043264,254.8,157.7,193.9,1.0,3.909090909090909,8.437254901960785,1,0.0,0.0,0.0,0.1418350754936121,0
16461,87,1,151.42,49,151.42,49.0,31,1,0,87,0.0,151.42,151.42,151.42,1.0,31.0,151.42,1,0.0,0.0,0.0,-0.993439181209815,1
16462,95,2,68.0,8,34.0,4.0,1,2,98,193,0.0,34.0,34.0,34.0,1.0,0.5,0.6868686868686869,1,1.0,34.0,0.3333333333333333,0.0,0
16463,113,1,319.37,179,319.37,179.0,19,1,0,113,0.0,319.37,319.37,319.37,1.0,19.0,319.37,1,3.0,38.7,0.75,-0.9968786091082186,0
16464,51,1,385.0,316,385.0,316.0,88,1,0,51,0.0,385.0,385.0,385.0,1.0,88.0,385.0,1,0.0,0.0,0.0,-0.9974093264248705,0
16466,12,5,1002.1800000000001,532,200.436,106.4,68,5,189,202,52.85813352739577,245.67000000000002,111.67,212.4,1.0,13.6,5.274631578947369,1,0.0,0.0,0.0,0.3529177216451684,0
16469,155,2,276.88,114,138.44,57.0,52,1,0,155,57.6150605310799,179.18,97.7,138.44,2.0,26.0,276.88,1,0.0,0.0,0.0,0.29322009500503815,0
16470,25,3,539.13,358,179.71,119.33333333333333,83,3,242,268,45.11234088362075,216.34,129.32,193.47,1.0,27.666666666666668,2.218641975308642,1,1.0,4.95,0.25,0.1970821839186863,0
16471,184,1,223.95000000000002,141,223.95000000000002,141.0,13,1,0,184,0.0,223.95000000000002,223.95000000000002,223.95000000000002,1.0,13.0,223.95000000000002,1,0.0,0.0,0.0,-0.995554567681707,1
16473,74,3,316.11,196,105.37,65.33333333333333,18,3,171,246,40.965152263844935,149.41,68.4,98.3,1.0,6.0,1.8378488372093025,1,1.0,1.25,0.25,-0.3768723786698622,1
16474,54,1,355.57,204,355.57,204.0,82,1,0,54,0.0,355.57,355.57,355.57,1.0,82.0,355.57,1,8.0,60.03,0.8888888888888888,-0.9971955015845416,0
16475,53,3,459.3,318,153.1,106.0,22,3,130,183,136.90788874276018,310.0,57.900000000000006,91.4,1.0,7.333333333333333,3.506106870229008,1,0.0,0.0,0.0,-0.34912013903975664,0
16477,41,6,1999.26,1099,333.21,183.16666666666666,96,6,239,281,97.66391247538672,446.75,214.5,347.525,1.0,16.0,8.33025,1,0.0,0.0,0.0,-0.17655704758381416,0
16483,101,1,139.35,44,139.35,44.0,19,1,0,101,0.0,139.35,139.35,139.35,1.0,19.0,139.35,1,0.0,0.0,0.0,-0.9928749554684717,1
16484,83,2,404.3,200,202.15,100.0,25,2,17,100,118.15754313627208,285.7,118.60000000000001,202.15,1.0,12.5,22.461111111111112,1,1.0,24.900000000000002,0.3333333333333333,-0.41228719467061425,1
16488,24,2,354.57,619,177.285,309.5,22,2,33,58,59.078771568136055,219.06,135.51,177.285,1.0,11.0,10.428529411764705,1,2.0,6.6,0.5,-0.23497482914756593,0
16493,82,3,782.29,706,260.7633333333333,235.33333333333334,25,3,156,239,144.46842573148407,414.49,127.80000000000001,240.0,1.0,8.333333333333334,4.982738853503185,1,6.0,21.97,0.6666666666666666,0.05960755275823769,0
16494,206,1,826.53,675,826.53,675.0,47,1,0,206,0.0,826.53,826.53,826.53,1.0,47.0,826.53,1,0.0,0.0,0.0,-0.9987915845951204,1
16495,185,2,246.51,166,123.255,83.0,32,1,0,185,162.28807735012452,238.01,8.5,123.255,2.0,16.0,246.51,1,0.0,0.0,0.0,-0.9272756656296716,0
16496,117,2,1185.04,784,592.52,392.0,71,2,109,226,203.9013114229529,736.7,448.34,592.52,1.0,35.5,10.773090909090909,1,2.0,37.3,0.5,-0.24312839364608282,0
16497,112,5,1550.7,789,310.14,157.8,82,4,130,242,234.2113374710968,718.64,144.38,233.08,1.25,16.4,11.837404580152672,1,0.0,0.0,0.0,0.11299864664561443,0
16498,70,2,100.97,45,50.485,22.5,15,2,0,71,57.60798946326803,91.22,9.75,50.485,1.0,7.5,100.97,1,1.0,14.850000000000001,0.3333333333333333,-0.798960478572129,1
16499,269,2,365.45,127,182.725,63.5,18,2,4,274,50.02780476894827,218.10000000000002,147.35,182.72500000000002,1.0,9.0,73.09,1,3.0,46.35,0.6,-0.193068631464047,1
16500,240,1,165.0,1,165.0,1.0,1,1,0,240,0.0,165.0,165.0,165.0,1.0,1.0,165.0,1,0.0,0.0,0.0,-0.9939759036144579,0
16503,16,4,1431.93,569,357.9825,142.25,71,4,253,269,97.70968644407779,488.09,251.6,346.12,1.0,17.75,5.63751968503937,1,2.0,10.5,0.3333333333333333,-0.17561918586392913,1
16509,206,1,363.7,64,363.7,64.0,13,1,0,206,0.0,363.7,363.7,363.7,1.0,13.0,363.7,1,0.0,0.0,0.0,-0.9972580202906498,1
16510,281,1,248.1,92,248.1,92.0,13,1,0,281,0.0,248.1,248.1,248.1,1.0,13.0,248.1,1,0.0,0.0,0.0,-0.9959855479727018,1
16511,54,2,582.7,275,291.35,137.5,83,2,121,176,69.86214998123089,340.75,241.95000000000002,291.35,1.0,41.5,4.776229508196722,1,0.0,0.0,0.0,-0.16926503340757235,0
16515,1,4,1250.3500000000001,695,312.58750000000003,173.75,79,4,219,220,42.58316519862435,365.28,262.74,311.16499999999996,1.0,19.75,5.683409090909092,1,0.0,0.0,0.0,0.00454708914372473,0
16517,186,1,162.7,96,162.7,96.0,17,1,0,186,0.0,162.7,162.7,162.7,1.0,17.0,162.7,1,0.0,0.0,0.0,-0.9938912645082468,1
16518,193,1,190.7,124,190.7,124.0,11,1,0,193,0.0,190.7,190.7,190.7,1.0,11.0,190.7,1,2.0,3.4,0.6666666666666666,-0.9947835159102765,0
16519,274,1,103.7,24,103.7,24.0,5,1,0,274,0.0,103.7,103.7,103.7,1.0,5.0,103.7,1,0.0,0.0,0.0,-0.9904489016236867,0
16520,95,3,1046.57,558,348.8566666666666,186.0,129,3,179,274,66.33266188939905,423.65000000000003,297.16,325.76,1.0,43.0,5.814277777777777,1,1.0,9.95,0.25,0.3771108374619358,1
16523,5,13,5245.95,2325,403.5346153846154,178.84615384615384,88,11,219,225,230.8892802699808,743.9,59.8,392.0,1.1818181818181819,6.769230769230769,23.84522727272727,1,8.0,122.8,0.38095238095238093,0.19355053888449483,0
16525,8,21,10372.35,5825,493.9214285714286,277.3809523809524,67,21,267,276,189.89101185379243,974.62,303.58000000000004,435.0,1.0,3.1904761904761907,38.70279850746269,1,17.0,1131.88,0.4473684210526316,0.03379911021993856,0
16526,81,1,290.36,106,290.36,106.0,15,1,0,81,0.0,290.36,290.36,290.36,1.0,15.0,290.36,1,0.0,0.0,0.0,-0.9965678198791873,1
16529,99,1,455.25,198,455.25,198.0,30,1,0,99,0.0,455.25,455.25,455.25,1.0,30.0,455.25,1,0.0,0.0,0.0,-0.9978082191780822,1
16531,36,4,684.53,567,171.1325,141.75,41,4,233,269,66.25015792434009,245.91,92.82,172.89999999999998,1.0,10.25,2.9253418803418803,1,0.0,0.0,0.0,-0.4159263635435357,0
16532,45,2,4516.8,1536,2258.4,768.0,2,2,202,248,492.1463197058371,2606.4,1910.4,2258.4,1.0,1.0,22.25024630541872,1,0.0,0.0,0.0,0.15405728451901368,0
16536,19,1,548.97,251,548.97,251.0,49,1,0,19,0.0,548.97,548.97,548.97,1.0,49.0,548.97,1,1.0,9.95,0.5,-0.9981817190028547,1
16539,129,3,1053.61,421,351.2033333333333,140.33333333333334,34,3,153,282,78.93870427954423,442.34999999999997,304.9,306.36,1.0,11.333333333333334,6.841623376623376,1,0.0,0.0,0.0,-0.4180597566873062,0
16545,74,1,339.3,78,339.3,78.0,3,1,0,74,0.0,339.3,339.3,339.3,1.0,3.0,339.3,1,0.0,0.0,0.0,-0.9970614163972965,1
16546,200,2,787.15,549,393.575,274.5,25,2,81,282,133.18356223648618,487.75,299.40000000000003,393.57500000000005,1.0,12.5,9.59939024390244,1,6.0,883.08,0.75,0.2389773520268984,1
16549,33,2,781.52,517,390.76,258.5,131,2,210,243,383.63371306494946,662.03,119.49000000000001,390.76,1.0,65.5,3.7038862559241705,1,0.0,0.0,0.0,0.6933241322905485,0
16550,18,5,2298.97,1540,459.794,308.0,162,5,259,277,89.83599935437904,554.66,345.92,484.25,1.0,32.4,8.842192307692306,1,10.0,32.72,0.6666666666666666,0.5172458771201365,1
16551,5,3,922.12,970,307.37333333333333,323.3333333333333,26,3,240,246,3.252634829385772,311.07,304.95,306.1,1.0,8.666666666666666,3.8262240663900413,1,0.0,0.0,0.0,0.3249631683854753,1
16552,152,2,379.73,219,189.865,109.5,17,2,130,283,133.7492476614355,284.44000000000005,95.29,189.86500000000004,1.0,8.5,2.898702290076336,1,0.0,0.0,0.0,0.4968087621148846,1
16553,72,12,5719.82,4600,476.65166666666664,383.3333333333333,62,6,197,269,240.90257124682864,951.24,162.0,497.52000000000004,2.0,5.166666666666667,28.887979797979796,1,2.0,55.25,0.14285714285714285,0.023762327778185655,1
16554,131,2,314.11,129,157.055,64.5,21,2,109,241,220.90722951048932,313.26,0.85,157.055,1.0,10.5,2.855545454545455,1,22.0,195.54999999999998,0.9166666666666666,0.9914315635809716,0
16555,19,1,151.98,90,151.98,90.0,9,1,0,19,0.0,151.98,151.98,151.98,1.0,9.0,151.98,1,0.0,0.0,0.0,-0.9934631978036345,0
16556,15,6,2556.37,1342,426.06166666666667,223.66666666666666,111,6,254,269,123.638485176205,640.14,310.85,407.59000000000003,1.0,18.5,10.024980392156863,1,0.0,0.0,0.0,0.007136237619116514,0
16557,46,1,101.15,13,101.15,13.0,6,1,0,46,0.0,101.15,101.15,101.15,1.0,6.0,101.15,1,0.0,0.0,0.0,-0.9902104747919726,0
16558,1,14,4685.17,3252,334.65500000000003,232.28571428571428,171,14,274,276,124.34272115345614,613.54,174.31,309.15500000000003,1.0,12.214285714285714,17.03698181818182,1,14.0,81.45,0.5,-0.21102734215788158,0
16560,267,1,332.18,169,332.18,169.0,20,1,0,267,0.0,332.18,332.18,332.18,1.0,20.0,332.18,1,1.0,24.900000000000002,0.5,-0.9969986193649079,0
16565,273,1,173.7,46,173.7,46.0,3,1,0,273,0.0,173.7,173.7,173.7,1.0,3.0,173.7,1,0.0,0.0,0.0,-0.9942759015455066,1
16566,79,3,463.88,216,154.62666666666667,72.0,9,3,122,202,51.72996165988658,185.22000000000003,94.89999999999999,183.76,1.0,3.0,3.7713821138211383,1,1.0,0.65,0.25,0.5895715023231802,0
16567,103,2,865.6,996,432.8,498.0,34,2,142,246,176.4372840416674,557.5600000000001,308.03999999999996,432.8,1.0,17.0,6.0531468531468535,1,0.0,0.0,0.0,-0.2879298407569814,1
16570,36,6,2134.07,1427,355.67833333333334,237.83333333333334,52,6,184,221,192.16535696286846,569.0899999999999,13.200000000000001,399.09000000000003,1.0,8.666666666666666,11.535513513513514,1,7.0,115.44999999999999,0.5384615384615384,0.15258984482944354,0
16571,85,2,896.79,891,448.395,445.5,54,2,105,191,16.567511883200833,460.11,436.68,448.395,1.0,27.0,8.460283018867925,1,19.0,136.47,0.9047619047619048,0.026097416990610287,0
16572,36,3,1009.6,532,336.53333333333336,177.33333333333334,40,3,148,185,34.21312223889152,367.32,299.7,342.58,1.0,13.333333333333334,6.7758389261744965,1,1.0,9.9,0.25,0.3210370077181872,1
16573,199,1,292.63,111,292.63,111.0,16,1,0,199,0.0,292.63,292.63,292.63,1.0,16.0,292.63,1,4.0,15.2,0.8,-0.9965943534380002,0
16581,92,1,105.84,134,105.84,134.0,9,1,0,92,0.0,105.84,105.84,105.84,1.0,9.0,105.84,1,2.0,35.400000000000006,0.6666666666666666,-0.9906402096593037,1
16582,22,1,313.62,164,313.62,164.0,6,1,0,22,0.0,313.62,313.62,313.62,1.0,6.0,313.62,1,0.0,0.0,0.0,-0.9968215625198652,1
16583,283,1,233.45,111,233.45,111.0,14,1,0,283,0.0,233.45,233.45,233.45,1.0,14.0,233.45,1,0.0,0.0,0.0,-0.9957346982298998,1
16584,163,1,611.94,488,611.94,488.0,14,1,0,163,0.0,611.94,611.94,611.94,1.0,14.0,611.94,1,3.0,28.049999999999997,0.75,-0.9983685189414951,0
16586,158,1,463.95,95,463.95,95.0,8,1,0,158,0.0,463.95,463.95,463.95,1.0,8.0,463.95,1,0.0,0.0,0.0,-0.9978492311001183,1
16587,141,1,225.15,71,225.15,71.0,13,1,0,141,0.0,225.15,225.15,225.15,1.0,13.0,225.15,1,0.0,0.0,0.0,-0.99557815609109,1
16589,16,2,214.68,156,107.34,78.0,13,2,54,70,14.622968234937808,117.68,97.0,107.34,1.0,6.5,3.9032727272727272,1,0.0,0.0,0.0,-0.09588278931750745,0
16592,46,10,2214.33,1785,221.433,178.5,102,5,151,197,225.21596346864737,668.39,9.959999999999999,148.14,2.0,10.2,14.567960526315789,1,6.0,40.4,0.375,0.27482587244338313,0
16593,99,2,255.5,85,127.75,42.5,20,2,138,237,82.23651865199548,185.9,69.6,127.75,1.0,10.0,1.8381294964028776,1,0.0,0.0,0.0,0.45341130604288504,0
16596,275,1,120.65,47,120.65,47.0,6,1,0,275,0.0,120.65,120.65,120.65,1.0,6.0,120.65,1,0.0,0.0,0.0,-0.9917796958487464,0
16598,195,1,145.04999999999998,73,145.04999999999998,73.0,10,1,0,195,0.0,145.04999999999998,145.04999999999998,145.04999999999998,1.0,10.0,145.04999999999998,1,1.0,4.35,0.5,-0.9931530297843204,1
16600,162,2,237.46,368,118.73,184.0,18,2,85,248,10.083342699720166,125.86,111.6,118.72999999999999,1.0,9.0,2.7611627906976746,1,0.0,0.0,0.0,-0.059800385808940724,0
16603,0,1,296.62,363,296.62,363.0,23,1,0,0,0.0,296.62,296.62,296.62,1.0,23.0,296.62,1,0.0,0.0,0.0,-0.9966400107519656,0
16607,37,10,2267.58,2070,226.75799999999998,207.0,94,10,230,268,129.98011914648077,421.7,14.040000000000001,223.98,1.0,9.4,9.816363636363636,1,2.0,309.04,0.16666666666666666,-0.09732960706697585,0
16609,44,5,2710.04,1245,542.008,249.0,103,5,117,162,218.5020696011825,895.44,347.29,534.65,1.0,20.6,22.9664406779661,1,4.0,42.5,0.4444444444444444,-0.466684372049103,0
16610,128,1,75.66,66,75.66,66.0,6,1,0,128,0.0,75.66,75.66,75.66,1.0,6.0,75.66,1,0.0,0.0,0.0,-0.9869553874249934,1
16611,95,1,129.49,47,129.49,47.0,9,1,0,95,0.0,129.49,129.49,129.49,1.0,9.0,129.49,1,1.0,8.5,0.5,-0.9923365775155184,1
16612,28,3,870.3000000000001,394,290.1,131.33333333333334,42,3,192,221,134.0079381977053,428.85,161.4,280.05,1.0,14.0,4.5093264248704665,1,0.0,0.0,0.0,0.3560197406174681,0
16614,92,1,506.19,223,506.19,223.0,26,1,0,92,0.0,506.19,506.19,506.19,1.0,26.0,506.19,1,0.0,0.0,0.0,-0.9980283522940121,1
16616,66,1,210.10000000000002,110,210.10000000000002,110.0,11,1,0,66,0.0,210.10000000000002,210.10000000000002,210.10000000000002,1.0,11.0,210.10000000000002,1,0.0,0.0,0.0,-0.9952629085741355,0
16617,145,1,151.85,91,151.85,91.0,5,1,0,145,0.0,151.85,151.85,151.85,1.0,5.0,151.85,1,0.0,0.0,0.0,-0.9934576382073929,1
16618,120,4,1441.29,771,360.3225,192.75,44,3,111,232,290.74312721885616,728.16,16.95,348.09,1.3333333333333333,11.0,12.868660714285713,1,1.0,16.95,0.2,-0.01042092783004803,0
16619,173,1,226.21,133,226.21,133.0,14,1,0,173,0.0,226.21,226.21,226.21,1.0,14.0,226.21,1,2.0,21.8,0.6666666666666666,-0.9955987852647331,1
16620,170,1,95.75999999999999,48,95.75999999999999,48.0,5,1,0,170,0.0,95.75999999999999,95.75999999999999,95.75999999999999,1.0,5.0,95.75999999999999,1,0.0,0.0,0.0,-0.989665150888797,0
16621,57,3,609.41,187,203.13666666666666,62.333333333333336,17,3,130,187,110.23677486815974,327.85,118.71,162.85,1.0,5.666666666666667,4.6519847328244275,1,0.0,0.0,0.0,-0.609410068642388,0
16623,155,1,129.45,39,129.45,39.0,5,1,0,155,0.0,129.45,129.45,129.45,1.0,5.0,129.45,1,0.0,0.0,0.0,-0.9923342276734382,1
16624,106,1,426.43,196,426.43,196.0,21,1,0,106,0.0,426.43,426.43,426.43,1.0,21.0,426.43,1,0.0,0.0,0.0,-0.9976604356268862,0
16625,184,1,333.08,164,333.08,164.0,23,1,0,184,0.0,333.08,333.08,333.08,1.0,23.0,333.08,1,0.0,0.0,0.0,-0.9970067049808429,1
16626,22,7,2165.34,1108,309.3342857142857,158.28571428571428,74,7,153,176,272.1665537164785,795.75,119.85000000000001,195.16,1.0,10.571428571428571,14.060649350649351,1,5.0,33.449999999999996,0.4166666666666667,0.2648891679053149,0
16628,16,4,1619.8400000000001,844,404.96000000000004,211.0,64,4,128,144,66.120623610691,496.3,352.26,385.64,1.0,16.0,12.556899224806203,1,2.0,5.01,0.3333333333333333,0.11970336368796432,0
16629,5,1,236.78,216,236.78,216.0,46,1,0,5,0.0,236.78,236.78,236.78,1.0,46.0,236.78,1,0.0,0.0,0.0,-0.99579443182774,0
16633,23,3,1168.26,463,389.42,154.33333333333334,51,3,119,143,116.04564791494766,464.94,255.8,447.52,1.0,17.0,9.7355,1,1.0,4.95,0.25,-0.20387253476557826,0
16634,132,2,217.9,82,108.95,41.0,9,2,149,281,78.98382745853736,164.8,53.1,108.95,1.0,4.5,1.4526666666666668,1,0.0,0.0,0.0,-0.5102786660575606,1
16637,33,2,530.55,351,265.275,175.5,29,2,102,135,54.228019049196305,303.62,226.93,265.275,1.0,14.5,5.150970873786408,1,3.0,29.879999999999995,0.6,-0.14427617345499014,0
16638,8,9,1550.94,1199,172.32666666666668,133.22222222222223,85,9,269,278,152.8609081812613,528.27,20.4,142.82,1.0,9.444444444444445,5.744222222222223,1,1.0,4.25,0.1,-0.5618387308787711,0
16639,116,2,471.15000000000003,159,235.57500000000002,79.5,19,2,29,145,102.70725996734606,308.20000000000005,162.95000000000002,235.57500000000005,1.0,9.5,15.705000000000002,1,2.0,88.13000000000001,0.5,-0.30763528539659013,0
16641,15,1,231.10000000000002,256,231.10000000000002,256.0,12,1,0,15,0.0,231.10000000000002,231.10000000000002,231.10000000000002,1.0,12.0,231.10000000000002,1,0.0,0.0,0.0,-0.99569151227919,1
16642,117,1,307.73,131,307.73,131.0,15,1,0,117,0.0,307.73,307.73,307.73,1.0,15.0,307.73,1,1.0,8.5,0.5,-0.9967609237845366,0
16643,155,1,487.51,269,487.51,269.0,27,1,0,155,0.0,487.51,487.51,487.51,1.0,27.0,487.51,1,0.0,0.0,0.0,-0.9979529589977687,1
16644,87,2,833.78,826,416.89,413.0,62,2,34,121,432.07052757622796,722.41,111.37,416.89,1.0,31.0,23.822285714285712,1,0.0,0.0,0.0,-0.7319772874290232,1
16647,79,2,214.06,146,107.03,73.0,12,2,35,114,29.302505012370528,127.75,86.31,107.03,1.0,6.0,5.946111111111112,1,0.0,0.0,0.0,-0.19269041197805262,1
16652,19,5,4525.87,2077,905.174,415.4,53,4,163,182,780.504256734068,1588.16,25.5,1388.27,1.25,10.6,27.596768292682928,1,5.0,119.71000000000001,0.5,-0.3497714756553645,0
16654,50,4,601.27,282,150.3175,70.5,29,4,227,277,118.32706040885154,274.45,35.400000000000006,145.71,1.0,7.25,2.6371491228070174,1,2.0,6.3,0.3333333333333333,0.24319657296561342,1
16655,40,3,1868.89,1035,622.9633333333334,345.0,125,3,200,241,197.34107158251,812.25,418.45,638.19,1.0,41.666666666666664,9.297960199004976,1,0.0,0.0,0.0,0.13069752766205503,0
16656,5,11,7116.68,7142,646.9709090909091,649.2727272727273,13,11,268,274,317.6047914454235,1093.44,60.0,708.6,1.0,1.1818181818181819,26.456059479553904,1,7.0,57.56,0.3888888888888889,0.5065976554158096,0
16657,58,2,446.11,668,223.055,334.0,111,2,105,164,27.570093398463495,242.55,203.56,223.055,1.0,55.5,4.208584905660378,1,0.0,0.0,0.0,-0.08720449106483864,0
16658,277,1,123.24,40,123.24,40.0,8,1,0,277,0.0,123.24,123.24,123.24,1.0,8.0,123.24,1,0.0,0.0,0.0,-0.9919510624597553,1
16659,98,1,39.12,72,39.12,72.0,2,1,0,98,0.0,39.12,39.12,39.12,1.0,2.0,39.12,1,0.0,0.0,0.0,-0.9750747756729811,1
16660,120,2,384.36,228,192.18,114.0,5,2,108,229,127.87319030977523,282.59999999999997,101.76,192.17999999999998,1.0,2.5,3.5262385321100918,1,1.0,457.2,0.3333333333333333,-0.4692754826655594,0
16665,271,1,135.39999999999998,59,135.39999999999998,59.0,9,1,0,271,0.0,135.39999999999998,135.39999999999998,135.39999999999998,1.0,9.0,135.39999999999998,1,0.0,0.0,0.0,-0.9926686217008798,1
16667,193,1,203.35,78,203.35,78.0,20,1,0,193,0.0,203.35,203.35,203.35,1.0,20.0,203.35,1,0.0,0.0,0.0,-0.9951064350379252,0
16668,26,5,266.52,258,53.303999999999995,51.6,9,5,167,194,22.000806348859125,74.16,19.5,50.76,1.0,1.8,1.5864285714285713,1,0.0,0.0,0.0,0.07984449760765551,0
16670,15,8,3239.9700000000003,2152,404.99625000000003,269.0,150,7,252,268,266.1988652405512,691.21,5.9,478.995,1.1428571428571428,18.75,12.806205533596838,1,10.0,73.44,0.5555555555555556,-0.20255355649697465,0
16671,74,1,1382.88,656,1382.88,656.0,3,1,0,74,0.0,1382.88,1382.88,1382.88,1.0,3.0,1382.88,1,0.0,0.0,0.0,-0.9992773939936989,0
16672,8,17,6911.84,2474,406.57882352941175,145.52941176470588,22,15,167,176,259.55543699473805,1175.44,60.0,352.8,1.1333333333333333,1.2941176470588236,41.14190476190476,1,3.0,41.349999999999994,0.15,-0.2020645639129504,0
16674,7,1,122.2,63,122.2,63.0,33,1,0,7,0.0,122.2,122.2,122.2,1.0,33.0,122.2,1,0.0,0.0,0.0,-0.9918831168831169,0
16676,122,3,1098.5,412,366.1666666666667,137.33333333333334,58,3,124,246,86.3314550632232,464.82,304.44,329.24,1.0,19.333333333333332,8.788,1,3.0,33.4,0.5,0.1535788994997727,0
16678,8,8,2137.3,1638,267.1625,204.75,76,8,184,192,60.686018335598284,326.75,147.3,291.975,1.0,9.5,11.552972972972974,1,7.0,96.16,0.4666666666666667,-0.18519384557826316,0
16679,275,1,129.75,29,129.75,29.0,3,1,0,275,0.0,129.75,129.75,129.75,1.0,3.0,129.75,1,0.0,0.0,0.0,-0.9923518164435946,1
16681,54,4,1332.68,1050,333.17,262.5,15,4,108,162,85.78620479618698,456.84,259.32,308.26,1.0,3.75,12.226422018348625,1,0.0,0.0,0.0,-0.3141683162377782,0
16682,1,3,810.22,762,270.0733333333333,254.0,15,3,95,97,225.0762540414544,525.5,100.8,183.92000000000002,1.0,5.0,8.439791666666666,1,0.0,0.0,0.0,-0.5453267917457656,0
16684,42,18,33883.5,24485,1882.4166666666667,1360.2777777777778,88,10,224,267,2410.2648718419505,7138.12,149.46,434.43,1.8,4.888888888888889,150.59333333333333,1,4.0,761.48,0.18181818181818182,0.13638625330165707,0
16686,7,6,2479.71,1680,413.285,280.0,327,6,257,264,228.46339161887622,835.95,141.68,373.56,1.0,54.5,9.611279069767441,1,3.0,19.35,0.3333333333333333,0.31638119731850955,0
16690,111,1,86.5,46,86.5,46.0,5,1,0,111,0.0,86.5,86.5,86.5,1.0,5.0,86.5,1,1.0,16.95,0.5,-0.9885714285714285,0
16692,165,2,1276.0,152,638.0,76.0,2,2,32,198,890.2474375138634,1267.5,8.5,638.0,1.0,1.0,38.666666666666664,1,0.0,0.0,0.0,0.9859044635865309,1
16693,181,1,157.56,51,157.56,51.0,21,1,0,181,0.0,157.56,157.56,157.56,1.0,21.0,157.56,1,0.0,0.0,0.0,-0.9936932391523713,0
16696,44,4,657.9000000000001,146,164.47500000000002,36.5,7,4,112,157,164.05444980249698,404.70000000000005,35.400000000000006,108.9,1.0,1.75,5.82212389380531,1,0.0,0.0,0.0,-0.6979814842920019,1
16697,150,1,112.75,27,112.75,27.0,20,1,0,150,0.0,112.75,112.75,112.75,1.0,20.0,112.75,1,0.0,0.0,0.0,-0.9912087912087912,1
16698,136,2,1998.0,840,999.0,420.0,4,2,26,162,258.8010819142764,1182.0,816.0,999.0,1.0,2.0,74.0,1,0.0,0.0,0.0,-0.18309154577288644,1
16700,31,10,4095.95,3240,409.59499999999997,324.0,142,10,244,275,61.552949428385084,508.36,307.22,404.19500000000005,1.0,14.2,16.71816326530612,1,4.0,36.55,0.2857142857142857,0.13979911885671048,0
16701,39,10,4050.42,4958,405.04200000000003,495.8,80,9,232,271,265.1539056975527,1080.65,21.96,369.81,1.1111111111111112,8.0,17.383776824034335,1,10.0,248.03,0.5,0.22179384018442913,0
16705,8,10,9780.35,3926,978.0350000000001,392.6,88,6,259,268,806.2100006443042,2489.11,33.0,1061.92,1.6666666666666667,8.8,37.61673076923077,1,14.0,88.86,0.5833333333333334,-0.028330445183947058,0
16706,7,2,411.55,220,205.775,110.0,98,2,15,23,121.27588404130475,291.53,120.02,205.77499999999998,1.0,49.0,25.721875,1,0.0,0.0,0.0,-0.41573142649375827,0
16709,109,4,1984.5900000000001,521,496.14750000000004,130.25,42,3,82,191,464.8040065357297,1120.53,133.8,365.13,1.3333333333333333,10.5,23.910722891566266,1,0.0,0.0,0.0,-0.2801535060108079,0
16710,47,7,1843.89,1395,263.41285714285715,199.28571428571428,215,7,230,277,114.31816707684534,423.3,122.61,242.0,1.0,30.714285714285715,7.9822077922077925,1,0.0,0.0,0.0,0.03508610269446954,0
16711,49,3,909.87,253,303.29,84.33333333333333,9,3,217,267,85.46599499216047,384.6,214.20000000000002,311.07,1.0,3.0,4.1737155963302754,1,0.0,0.0,0.0,-0.31588481342013686,0
16712,4,8,2499.86,1162,312.4825,145.25,170,7,181,185,139.71965970164277,482.8,66.14,360.89,1.1428571428571428,21.25,13.735494505494506,1,0.0,0.0,0.0,0.03643546619962738,0
16713,25,11,3970.77,2144,360.9790909090909,194.9090909090909,237,11,250,275,112.48632703173709,529.67,152.2,369.33,1.0,21.545454545454547,15.819800796812748,1,8.0,82.9,0.42105263157894735,-0.23870717589387097,0
16714,128,3,1161.53,610,387.1766666666667,203.33333333333334,77,2,98,226,649.0072361948927,1136.58,9.95,15.0,1.5,25.666666666666668,11.732626262626262,1,1.0,250.0,0.25,-0.9733340214876175,1
16716,176,2,901.2,120,450.6,60.0,1,2,44,220,401.3538090014844,734.4000000000001,166.8,450.6,1.0,0.5,20.026666666666667,1,1.0,581.4,0.3333333333333333,-0.6291287962757705,1
16717,5,4,1559.66,756,389.915,189.0,78,4,270,275,109.6735126029374,530.47,298.44,365.375,1.0,19.5,5.755202952029521,1,37.0,580.02,0.9024390243902439,0.6056155728986454,0
16718,278,1,623.75,413,623.75,413.0,41,1,0,278,0.0,623.75,623.75,623.75,1.0,41.0,623.75,1,0.0,0.0,0.0,-0.9983993597438976,1
16719,58,5,1286.43,738,257.286,147.6,85,5,219,278,114.45338977068353,430.73,152.45,225.72,1.0,17.0,5.847409090909091,1,2.0,16.5,0.2857142857142857,-0.16978787196197076,0
16721,171,1,292.47,172,292.47,172.0,37,1,0,171,0.0,292.47,292.47,292.47,1.0,37.0,292.47,1,0.0,0.0,0.0,-0.9965924966776842,1
16722,9,10,3656.58,3724,365.658,372.4,89,10,268,277,69.37072930598643,480.68,290.2,346.55999999999995,1.0,8.9,13.593234200743494,1,3.0,19.6,0.23076923076923078,0.3906462743125235,0
16723,0,2,589.15,399,294.575,199.5,37,2,16,17,183.24672234449378,424.15,165.0,294.575,1.0,18.5,34.65588235294118,1,0.0,0.0,0.0,-0.4391256460221977,1
16725,211,7,781.02,294,111.57428571428571,42.0,110,6,69,280,59.140327994001645,203.6,1.45,116.4,1.1666666666666667,15.714285714285714,11.157428571428571,1,1.0,5.95,0.125,-0.12529091327587533,1
16726,105,4,795.19,541,198.7975,135.25,71,3,164,270,152.54762018792692,413.22,61.0,160.485,1.3333333333333333,17.75,4.819333333333334,1,0.0,0.0,0.0,-0.5179542571496752,0
16727,273,1,272.82,177,272.82,177.0,41,1,0,273,0.0,272.82,272.82,272.82,1.0,41.0,272.82,1,0.0,0.0,0.0,-0.9963479658169601,1
16728,76,3,550.0,321,183.33333333333334,107.0,113,3,97,173,70.05927942345207,224.49,102.44,223.07,1.0,37.666666666666664,5.612244897959184,1,0.0,0.0,0.0,-0.1884936479128857,0
16729,8,17,5363.43,4037,315.4958823529412,237.47058823529412,140,15,142,150,167.25626225416883,604.73,7.25,325.63,1.1333333333333333,8.235294117647058,37.5065034965035,1,8.0,163.64,0.32,-0.3017934803884103,0
16730,144,2,480.94,750,240.47,375.0,35,2,84,228,75.58971490884196,293.92,187.01999999999998,240.47,1.0,17.5,5.658117647058823,1,2.0,40.32,0.5,0.22181184379798322,0
16734,23,2,306.15999999999997,109,153.07999999999998,54.5,27,1,0,23,212.31588211907274,303.21,2.95,153.07999999999998,2.0,13.5,306.15999999999997,1,0.0,0.0,0.0,-0.977536137517906,0
16735,8,4,1994.3,1367,498.575,341.75,71,3,235,243,284.77870244571784,770.9300000000001,125.45,548.96,1.3333333333333333,17.75,8.45042372881356,1,3.0,31.349999999999998,0.42857142857142855,-0.10100736731318603,0
16738,207,1,3.75,3,3.75,3.0,1,1,0,207,0.0,3.75,3.75,3.75,1.0,1.0,3.75,1,0.0,0.0,0.0,-0.7894736842105263,1
16739,86,1,323.0,172,323.0,172.0,13,1,0,86,0.0,323.0,323.0,323.0,1.0,13.0,323.0,1,3.0,10.45,0.75,-0.9969135802469136,1
16743,22,6,1885.8600000000001,1678,314.31,279.6666666666667,82,5,245,268,151.5041044988551,430.28000000000003,28.880000000000003,363.76,1.2,13.666666666666666,7.666097560975611,1,2.0,46.25,0.25,0.16097643704355377,0
16744,6,3,403.51,244,134.50333333333333,81.33333333333333,74,3,76,82,26.040995244677823,161.82,109.96,131.73,1.0,24.666666666666668,5.24038961038961,1,0.0,0.0,0.0,-0.19744876517267806,0
16745,7,16,6372.7,5787,398.29375,361.6875,144,16,213,221,126.64700385322976,561.81,203.82,441.91999999999996,1.0,9.0,29.778971962616822,1,1.0,23.6,0.058823529411764705,-0.12604295777962568,0
16746,10,12,4421.08,2580,368.42333333333335,215.0,174,11,257,268,152.56489220437751,587.3,20.85,329.48,1.0909090909090908,14.5,17.135968992248063,1,3.0,3.3499999999999996,0.2,0.056516390476879674,0
16748,127,3,910.2,492,303.40000000000003,164.0,27,3,116,243,174.11938433155566,479.0,130.8,300.4,1.0,9.0,7.77948717948718,1,0.0,0.0,0.0,-0.33955223880597013,0
16750,30,3,416.12,138,138.70666666666668,46.0,44,3,110,141,53.228835543653716,199.04,98.38,118.7,1.0,14.666666666666666,3.7488288288288287,1,0.0,0.0,0.0,0.42846183352512474,0
16752,282,1,207.5,54,207.5,54.0,9,1,0,282,0.0,207.5,207.5,207.5,1.0,9.0,207.5,1,0.0,0.0,0.0,-0.9952038369304557,1
16754,281,1,2002.4,4280,2002.4,4280.0,2,1,0,281,0.0,2002.4,2002.4,2002.4,1.0,2.0,2002.4,1,0.0,0.0,0.0,-0.9995008485574524,1
16755,23,3,1496.83,1064,498.9433333333333,354.6666666666667,133,3,201,225,158.39455746121243,592.41,316.06,588.36,1.0,44.333333333333336,7.410049504950495,1,6.0,12.2,0.6666666666666666,-0.21371584225179094,1
16756,124,1,239.4,106,239.4,106.0,13,1,0,124,0.0,239.4,239.4,239.4,1.0,13.0,239.4,1,0.0,0.0,0.0,-0.9958402662229617,1
16757,228,1,106.83000000000001,81,106.83000000000001,81.0,7,1,0,228,0.0,106.83000000000001,106.83000000000001,106.83000000000001,1.0,7.0,106.83000000000001,1,0.0,0.0,0.0,-0.9907261430028749,1
16761,6,1,316.62,341,316.62,341.0,13,1,0,6,0.0,316.62,316.62,316.62,1.0,13.0,316.62,1,0.0,0.0,0.0,-0.9968515836534223,1
16762,53,1,314.15000000000003,143,314.15000000000003,143.0,13,1,0,53,0.0,314.15000000000003,314.15000000000003,314.15000000000003,1.0,13.0,314.15000000000003,1,0.0,0.0,0.0,-0.9968269078216723,0
16763,108,1,611.85,319,611.85,319.0,23,1,0,108,0.0,611.85,611.85,611.85,1.0,23.0,611.85,1,1.0,16.95,0.5,-0.9983682793505751,1
16764,8,4,782.5500000000001,363,195.63750000000002,90.75,110,4,43,52,43.27645578140613,260.49,172.42000000000002,174.82,1.0,27.5,17.785227272727273,1,12.0,41.0,0.75,-0.3338268138599962,0
16765,203,1,34.0,4,34.0,4.0,1,1,0,203,0.0,34.0,34.0,34.0,1.0,1.0,34.0,1,0.0,0.0,0.0,-0.9714285714285714,1
16766,182,2,1145.6,536,572.8,268.0,17,1,0,182,0.0,572.8,572.8,572.8,2.0,8.5,1145.6,1,0.0,0.0,0.0,0.0,1
16767,3,7,4825.5,3925,689.3571428571429,560.7142857142857,137,7,222,225,528.6875415502773,1866.02,364.84000000000003,567.62,1.0,19.571428571428573,21.6390134529148,1,0.0,0.0,0.0,-0.09792188956800993,0
16768,13,2,286.49,88,143.245,44.0,40,2,168,181,56.57561356273566,183.25,103.24000000000001,143.245,1.0,20.0,1.695207100591716,1,4.0,20.05,0.6666666666666666,-0.27830533235938637,0
16769,169,1,380.39,83,380.39,83.0,33,1,0,169,0.0,380.39,380.39,380.39,1.0,33.0,380.39,1,0.0,0.0,0.0,-0.997378012008705,1
16770,146,4,656.48,371,164.12,92.75,82,4,135,281,70.17975206567775,269.3,124.98,131.10000000000002,1.0,20.5,4.827058823529412,1,1.0,25.200000000000003,0.2,-0.6183001764312221,0
16771,184,3,1655.95,1052,551.9833333333333,350.6666666666667,154,3,62,247,222.49011805770908,704.33,296.66,654.96,1.0,51.333333333333336,26.284920634920635,1,0.0,0.0,0.0,-0.14924409306255468,0
16774,25,3,542.2,226,180.73333333333335,75.33333333333333,20,3,62,88,50.35169642954776,238.0,143.4,160.8,1.0,6.666666666666667,8.606349206349208,1,1.0,6.6,0.25,0.47017673048600883,0
16775,31,8,1174.55,283,146.81875,35.375,65,8,244,276,43.5483253532375,231.9,109.63,130.885,1.0,8.125,4.794081632653061,1,0.0,0.0,0.0,0.017311045893411616,0
16777,166,1,177.25,50,177.25,50.0,35,1,0,166,0.0,177.25,177.25,177.25,1.0,35.0,177.25,1,0.0,0.0,0.0,-0.9943899018232819,0
16778,183,1,93.18,66,93.18,66.0,5,1,0,183,0.0,93.18,93.18,93.18,1.0,5.0,93.18,1,0.0,0.0,0.0,-0.9893820344022085,0
16779,16,15,6394.7300000000005,3614,426.31533333333334,240.93333333333334,130,15,260,276,120.54275287019047,678.88,265.05,406.46,1.0,8.666666666666666,24.500881226053643,1,11.0,175.67000000000002,0.4230769230769231,-0.026050192863050835,0
16780,9,2,425.19,271,212.595,135.5,51,2,158,168,71.7076986801278,263.3,161.89,212.595,1.0,25.5,2.6741509433962265,1,0.0,0.0,0.0,0.23794551725756125,1
16781,281,1,311.25,113,311.25,113.0,17,1,0,281,0.0,311.25,311.25,311.25,1.0,17.0,311.25,1,2.0,16.599999999999998,0.6666666666666666,-0.9967974379503602,1
16782,47,9,1642.3500000000001,508,182.48333333333335,56.44444444444444,89,9,227,275,104.3281470888849,371.7,92.80000000000001,136.65,1.0,9.88888888888889,7.203289473684211,1,7.0,37.65,0.4375,-0.34589710043508687,0
16788,32,2,597.48,311,298.74,155.5,138,2,131,163,2.2203152929257497,300.31,297.17,298.74,1.0,69.0,4.526363636363636,1,0.0,0.0,0.0,0.005246624782783028,1
16791,31,5,800.27,339,160.054,67.8,111,4,209,241,93.20988027028035,255.38,13.52,155.35,1.25,22.2,3.8108095238095236,1,2.0,15.5,0.2857142857142857,-0.017834188226190876,0
16792,191,2,110.38000000000001,44,55.190000000000005,22.0,11,1,0,191,63.97902156175883,100.43,9.95,55.190000000000005,2.0,5.5,110.38000000000001,1,0.0,0.0,0.0,-0.8123541030705692,1
16794,17,4,628.5,626,157.125,156.5,100,4,71,89,119.08711167320614,274.74,3.3200000000000003,175.22,1.0,25.0,8.729166666666666,1,2.0,21.2,0.3333333333333333,-0.5907545671167593,0
16795,274,1,414.88,239,414.88,239.0,64,1,0,274,0.0,414.88,414.88,414.88,1.0,64.0,414.88,1,0.0,0.0,0.0,-0.9975954602289122,1
16801,72,4,1619.73,499,404.9325,124.75,72,4,110,182,282.14970120782806,751.9,140.85,363.49,1.0,18.0,14.592162162162163,1,45.0,751.9,0.9183673469387755,0.07152949596786637,1
16804,179,1,118.05,34,118.05,34.0,19,1,0,179,0.0,118.05,118.05,118.05,1.0,19.0,118.05,1,0.0,0.0,0.0,-0.9916001679966401,0
16805,83,2,460.59,539,230.295,269.5,94,2,186,269,21.955665555842277,245.82,214.77,230.29500000000002,1.0,47.0,2.463048128342246,1,0.0,0.0,0.0,0.06726748846378817,1
16806,12,4,801.49,378,200.3725,94.5,68,4,135,148,61.432609350951935,259.93,127.19,207.185,1.0,17.0,5.893308823529412,1,0.0,0.0,0.0,-0.03395680943064711,1
16807,52,3,1121.59,778,373.8633333333333,259.3333333333333,57,3,128,180,94.60749036589719,469.76,280.6,371.23,1.0,19.0,8.694496124031007,1,0.0,0.0,0.0,-0.1621874415414355,1
16808,8,2,288.42,196,144.21,98.0,21,2,175,183,31.522820305296293,166.5,121.92,144.21,1.0,10.5,1.6387500000000002,1,0.0,0.0,0.0,-0.1540322023357059,1
16809,45,3,470.69,371,156.89666666666668,123.66666666666667,61,3,125,171,49.69898624049925,214.28,127.61,128.8,1.0,20.333333333333332,3.7356349206349204,1,1.0,1.95,0.25,-0.4568042570332209,0
16810,101,1,309.54,114,309.54,114.0,15,1,0,101,0.0,309.54,309.54,309.54,1.0,15.0,309.54,1,1.0,33.9,0.5,-0.996779802923939,1
16812,270,1,479.35,81,479.35,81.0,15,1,0,270,0.0,479.35,479.35,479.35,1.0,15.0,479.35,1,0.0,0.0,0.0,-0.9979181846570209,1
16813,6,7,1187.64,1187,169.66285714285715,169.57142857142858,200,7,107,113,47.908145345819754,247.44,110.55,162.79,1.0,28.571428571428573,10.996666666666668,1,0.0,0.0,0.0,0.21942724458204332,0
16814,18,16,5206.69,2189,325.418125,136.8125,110,16,261,279,146.74160001938782,644.13,170.7,298.59,1.0,6.875,19.872862595419846,1,1.0,8.5,0.058823529411764705,-0.060619967778420006,0
16816,12,4,417.06,274,104.265,68.5,28,4,254,267,97.96814261108898,249.67000000000002,44.370000000000005,61.510000000000005,1.0,7.0,1.635529411764706,1,0.0,0.0,0.0,-0.5593455484858633,1
16817,95,7,1179.43,574,168.49,82.0,52,7,182,277,84.80557587800463,244.20000000000002,6.8,215.9,1.0,7.428571428571429,6.444972677595628,1,9.0,157.8,0.5625,0.37683725422091946,0
16818,2,9,2528.47,1582,280.94111111111107,175.77777777777777,132,9,112,115,181.09935625537466,554.42,45.2,272.56,1.0,14.666666666666666,22.3758407079646,1,2.0,31.599999999999998,0.18181818181818182,0.05618963656418139,0
16820,5,1,497.61,307,497.61,307.0,26,1,0,5,0.0,497.61,497.61,497.61,1.0,26.0,497.61,1,0.0,0.0,0.0,-0.9979944245001103,1
16823,136,1,358.38,136,358.38,136.0,34,1,0,136,0.0,358.38,358.38,358.38,1.0,34.0,358.38,1,0.0,0.0,0.0,-0.9972174300183649,1
16824,73,1,222.9,134,222.9,134.0,13,1,0,73,0.0,222.9,222.9,222.9,1.0,13.0,222.9,1,0.0,0.0,0.0,-0.9955337204108977,0
16825,95,1,318.7,358,318.7,358.0,11,1,0,95,0.0,318.7,318.7,318.7,1.0,11.0,318.7,1,0.0,0.0,0.0,-0.9968720675633407,0
16828,2,2,128.5,59,64.25,29.5,8,2,19,21,69.65001794687493,113.5,15.0,64.25,1.0,4.0,6.425,1,0.0,0.0,0.0,-0.7606177606177607,1
16829,66,1,197.22,99,197.22,99.0,11,1,0,66,0.0,197.22,197.22,197.22,1.0,11.0,197.22,1,0.0,0.0,0.0,-0.9949551003935022,1
16832,93,3,199.15,33,66.38333333333334,11.0,11,3,33,126,10.007039189157467,77.75,58.9,62.5,1.0,3.6666666666666665,5.857352941176471,1,0.0,0.0,0.0,-0.3704721458905821,1
16833,169,3,671.29,306,223.76333333333332,102.0,32,2,74,243,179.56724432182318,344.41,17.4,309.48,1.5,10.666666666666666,8.950533333333333,1,0.0,0.0,0.0,0.07783843281917027,0
16834,137,1,413.46,358,413.46,358.0,24,1,0,137,0.0,413.46,413.46,413.46,1.0,24.0,413.46,1,0.0,0.0,0.0,-0.9975872219273271,1
16835,37,2,180.85,61,90.425,30.5,10,2,244,282,12.268302653586595,99.1,81.75,90.425,1.0,5.0,0.7381632653061224,1,0.0,0.0,0.0,0.09540830354687926,1
16836,26,1,91.32000000000001,84,91.32000000000001,84.0,2,1,0,26,0.0,91.32000000000001,91.32000000000001,91.32000000000001,1.0,2.0,91.32000000000001,1,0.0,0.0,0.0,-0.9891681109185442,0
16837,67,9,1911.74,727,212.41555555555556,80.77777777777777,77,7,88,155,150.63453016416182,519.6,75.0,148.74,1.2857142857142858,8.555555555555555,21.480224719101123,1,1.0,3.25,0.1,-0.12732519840647452,0
16838,106,2,588.85,185,294.425,92.5,24,2,90,197,138.1615939760395,392.12,196.73000000000002,294.425,1.0,12.0,6.470879120879121,1,1.0,5.95,0.3333333333333333,-0.3312537085699754,1
16839,19,22,10869.28,5724,494.0581818181818,260.1818181818182,97,21,259,279,157.7530676069215,840.38,215.6,453.56,1.0476190476190477,4.409090909090909,41.80492307692308,1,32.0,1236.57,0.5925925925925926,0.09383750924539201,0
16841,46,5,1561.06,1878,312.212,375.6,89,5,150,197,8.428411475479818,319.12,300.06,317.38,1.0,17.8,10.338145695364238,1,1.0,95.2,0.16666666666666666,0.1844103299489136,0
16842,10,3,1264.19,693,421.3966666666667,231.0,45,3,201,211,89.57230282477573,520.5699999999999,346.38,397.24,1.0,15.0,6.258366336633664,1,1.0,3.75,0.25,0.17629763118582983,1
16843,3,13,8809.24,9034,677.6338461538461,694.9230769230769,188,10,233,236,588.9078560994419,1830.72,23.0,535.52,1.3,14.461538461538462,37.64632478632478,1,1.0,12.75,0.07142857142857142,0.4564234345488886,0
16849,96,1,124.57,33,124.57,33.0,8,1,0,96,0.0,124.57,124.57,124.57,1.0,8.0,124.57,1,0.0,0.0,0.0,-0.9920363144063072,1
16850,243,1,332.41,249,332.41,249.0,19,1,0,243,0.0,332.41,332.41,332.41,1.0,19.0,332.41,1,0.0,0.0,0.0,-0.9970006898413365,1
16852,85,1,113.06,51,113.06,51.0,7,1,0,85,0.0,113.06,113.06,113.06,1.0,7.0,113.06,1,0.0,0.0,0.0,-0.9912326845519902,0
16858,278,1,375.69000000000005,91,375.69000000000005,91.0,9,1,0,278,0.0,375.69000000000005,375.69000000000005,375.69000000000005,1.0,9.0,375.69000000000005,1,3.0,29.8,0.75,-0.9973452971939791,1
16859,54,2,747.81,827,373.905,413.5,50,2,116,170,161.3122699920871,487.96999999999997,259.84,373.905,1.0,25.0,6.391538461538461,1,20.0,274.67,0.9090909090909091,0.3046567219989049,1
16861,67,1,70.80000000000001,24,70.80000000000001,24.0,2,1,0,67,0.0,70.80000000000001,70.80000000000001,70.80000000000001,1.0,2.0,70.80000000000001,1,2.0,22.110000000000003,0.6666666666666666,-0.9860724233983287,0
16863,276,1,164.25,105,164.25,105.0,9,1,0,276,0.0,164.25,164.25,164.25,1.0,9.0,164.25,1,2.0,21.45,0.6666666666666666,-0.9939485627836612,0
16866,50,3,207.73999999999998,60,69.24666666666666,20.0,10,3,20,71,34.66384331451625,108.94999999999999,45.0,53.79,1.0,3.3333333333333335,9.892380952380952,1,0.0,0.0,0.0,-0.4798313691673853,1
16869,75,2,387.68,242,193.84,121.0,56,2,9,84,56.13013629058814,233.53,154.15,193.84,1.0,28.0,38.768,1,1.0,19.8,0.3333333333333333,-0.20422970052485334,0
16871,120,4,2037.82,861,509.455,215.25,104,3,60,180,450.9828660825154,1110.51,35.04,446.135,1.3333333333333333,26.0,33.40688524590164,1,2.0,50.849999999999994,0.3333333333333333,0.08985589703848301,0
16872,14,2,464.68000000000006,454,232.34000000000003,227.0,3,2,79,93,220.64560000145028,388.36,76.32000000000001,232.34,1.0,1.5,5.8085,1,0.0,0.0,0.0,-0.6700738704689916,0
16873,36,4,3871.4700000000003,2055,967.8675000000001,513.75,97,4,236,273,794.618268746069,2157.64,528.93,592.45,1.0,24.25,16.335316455696205,1,10.0,57.31,0.7142857142857143,-0.11460643981748081,0
16875,54,4,1138.2,488,284.55,122.0,53,3,195,249,166.87382079483487,398.79,37.5,350.95500000000004,1.3333333333333333,13.25,5.807142857142857,1,11.0,72.06,0.7333333333333333,-0.4143082865168539,0
16877,61,2,188.98,104,94.49,52.0,46,2,56,117,23.67393503412561,111.23,77.75,94.49000000000001,1.0,23.0,3.315438596491228,1,0.0,0.0,0.0,0.17622907674492055,0
16880,9,6,1109.02,607,184.83666666666667,101.16666666666667,92,5,89,98,102.52630056071793,269.88,6.95,209.235,1.2,15.333333333333334,12.322444444444445,1,0.0,0.0,0.0,-0.2451127006720599,0
16882,148,2,215.70000000000002,102,107.85000000000001,51.0,15,2,77,226,138.52221843444468,205.8,9.9,107.85000000000001,1.0,7.5,2.7653846153846158,1,0.0,0.0,0.0,0.9040147669589293,0
16883,96,2,276.73,104,138.365,52.0,33,2,184,281,14.615897167125919,148.7,128.03,138.365,1.0,16.5,1.4958378378378379,1,0.0,0.0,0.0,0.07442480106578327,1
16885,266,1,190.65,37,190.65,37.0,27,1,0,266,0.0,190.65,190.65,190.65,1.0,27.0,190.65,1,0.0,0.0,0.0,-0.9947821549699974,0
16889,104,3,1578.67,925,526.2233333333334,308.3333333333333,112,3,142,246,177.771243550056,705.56,350.06,523.05,1.0,37.333333333333336,11.03965034965035,1,0.0,0.0,0.0,0.33714003557705086,1
16891,5,3,560.14,190,186.71333333333334,63.333333333333336,111,3,275,281,57.41456725721558,232.26,122.22,205.66,1.0,37.0,2.029492753623188,1,0.0,0.0,0.0,0.17040310795879818,0
16892,93,1,102.97999999999999,77,102.97999999999999,77.0,20,1,0,93,0.0,102.97999999999999,102.97999999999999,102.97999999999999,1.0,20.0,102.97999999999999,1,2.0,28.7,0.6666666666666666,-0.9903827659165224,0
16893,276,1,145.93,62,145.93,62.0,44,1,0,276,0.0,145.93,145.93,145.93,1.0,44.0,145.93,1,0.0,0.0,0.0,-0.9931940379772681,1
16897,208,2,289.78,73,144.89,36.5,37,2,14,223,96.36451214010269,213.03,76.75,144.89,1.0,18.5,19.318666666666665,1,7.0,76.75,0.7777777777777778,-0.46867047252218175,1
16898,86,2,319.46999999999997,250,159.73499999999999,125.0,99,2,191,278,61.73749306539746,203.39,116.08,159.73499999999999,1.0,49.5,1.66390625,1,1.0,64.35,0.3333333333333333,0.27244359846475485,0
16899,59,3,510.18,225,170.06,75.0,58,3,210,269,7.197520406362183,177.0,162.63,170.55,1.0,19.333333333333332,2.417914691943128,1,0.0,0.0,0.0,0.3307641144019719,0
16902,25,1,1706.88,629,1706.88,629.0,43,1,0,25,0.0,1706.88,1706.88,1706.88,1.0,43.0,1706.88,1,0.0,0.0,0.0,-0.9994144787690001,1
16904,4,14,3049.07,1652,217.7907142857143,118.0,335,13,272,276,118.08510571515039,433.29,15.0,225.70499999999998,1.0769230769230769,23.928571428571427,11.16875457875458,1,0.0,0.0,0.0,0.3008685046572701,0
16905,146,3,853.93,267,284.6433333333333,89.0,44,3,135,281,85.3338774071197,380.98,218.55,254.39999999999998,1.0,14.666666666666666,6.278897058823529,1,1.0,16.95,0.25,0.40369386967354054,0
16906,96,3,394.94,184,131.64666666666668,61.333333333333336,33,3,61,158,43.7063214344714,181.3,99.0,114.64,1.0,11.0,6.37,1,0.0,0.0,0.0,0.4183967267767844,0
16907,57,4,711.88,229,177.97,57.25,74,4,217,274,53.30241895699169,250.68,127.88,166.66,1.0,18.5,3.2655045871559634,1,0.0,0.0,0.0,-0.21535181236673773,0
16910,0,1,111.78,93,111.78,93.0,52,1,0,0,0.0,111.78,111.78,111.78,1.0,52.0,111.78,1,0.0,0.0,0.0,-0.9911331796417805,0
16912,43,7,1558.38,589,222.6257142857143,84.14285714285714,50,4,188,232,144.99433998805412,377.3,30.240000000000002,283.32,1.75,7.142857142857143,8.245396825396826,1,4.0,46.709999999999994,0.36363636363636365,0.027639189934461145,0
16913,199,1,113.44,82,113.44,82.0,8,1,0,199,0.0,113.44,113.44,113.44,1.0,8.0,113.44,1,0.0,0.0,0.0,-0.9912617965746242,1
16915,36,4,382.39000000000004,59,95.59750000000001,14.75,29,4,156,193,60.48212428753916,173.70000000000002,41.9,83.395,1.0,7.25,2.4356050955414017,1,0.0,0.0,0.0,0.12731161480476805,0
16916,281,1,198.08,103,198.08,103.0,48,1,0,281,0.0,198.08,198.08,198.08,1.0,48.0,198.08,1,0.0,0.0,0.0,-0.9949768937110709,0
16917,186,1,391.52,232,391.52,232.0,9,1,0,186,0.0,391.52,391.52,391.52,1.0,9.0,391.52,1,0.0,0.0,0.0,-0.997452359115459,1
16918,4,3,822.7,562,274.23333333333335,187.33333333333334,78,3,221,226,26.244203804522883,299.67,247.25,275.78,1.0,26.0,3.705855855855856,1,2.0,25.479999999999997,0.4,0.3291732426854437,0
16919,65,11,2596.45,1413,236.04090909090908,128.45454545454547,141,11,212,277,74.90858127805458,341.65999999999997,116.49000000000001,223.33,1.0,12.818181818181818,12.189906103286384,1,0.0,0.0,0.0,0.5838148953781594,1
16923,8,14,4921.51,2225,351.5364285714286,158.92857142857142,221,13,263,272,204.2593004607753,655.03,50.0,375.96000000000004,1.0769230769230769,15.785714285714286,18.642083333333336,1,24.0,580.78,0.631578947368421,-0.054055756108164356,0
16926,280,1,230.25,35,230.25,35.0,14,1,0,280,0.0,230.25,230.25,230.25,1.0,14.0,230.25,1,0.0,0.0,0.0,-0.9956756756756757,1
16927,25,3,543.05,993,181.01666666666665,331.0,5,3,245,271,50.617643498421906,218.1,123.35,201.6,1.0,1.6666666666666667,2.207520325203252,1,0.0,0.0,0.0,-0.2570535796342248,1
16928,3,15,2403.55,1773,160.23666666666668,118.2,66,15,278,282,73.57435089434232,379.56,101.25,135.0,1.0,4.4,8.614874551971328,1,4.0,66.1,0.21052631578947367,0.2971158844690275,0
16929,37,2,428.88,326,214.44,163.0,23,2,27,65,20.78893936688449,229.14000000000001,199.74,214.44,1.0,11.5,15.317142857142857,1,0.0,0.0,0.0,-0.06839117893365591,0
16931,12,14,2918.8,1978,208.4857142857143,141.28571428571428,345,14,266,279,56.392844569868245,302.37,115.61,208.425,1.0,24.642857142857142,10.93183520599251,1,0.0,0.0,0.0,0.10460990478799911,0
16933,148,1,224.73,127,224.73,127.0,19,1,0,148,0.0,224.73,224.73,224.73,1.0,19.0,224.73,1,5.0,33.15,0.8333333333333334,-0.9955699286758517,0
16938,89,3,2410.75,2325,803.5833333333334,775.0,205,3,129,218,1158.848968085718,2133.4,9.75,267.6,1.0,68.33333333333333,18.54423076923077,1,1.0,833.2500000000001,0.25,0.7776718150720432,0
16940,78,2,1868.36,1236,934.18,618.0,162,2,120,199,249.60869375885133,1110.68,757.68,934.1800000000001,1.0,81.0,15.440991735537189,1,0.0,0.0,0.0,0.1888346813882827,0
16942,45,7,1449.14,597,207.02,85.28571428571429,115,6,91,137,101.27490459141397,330.28000000000003,22.9,191.89000000000001,1.1666666666666667,16.428571428571427,15.751521739130435,1,2.0,26.479999999999997,0.2222222222222222,-0.2533134731818997,0
16943,121,3,816.73,145,272.24333333333334,48.333333333333336,23,3,106,227,155.20652896490319,451.03,172.1,193.6,1.0,7.666666666666667,7.632990654205607,1,0.0,0.0,0.0,-0.10434984652635954,1
16945,8,13,3007.06,1921,231.31230769230768,147.76923076923077,102,9,259,267,103.11811578265045,319.35,10.08,287.04,1.4444444444444444,7.846153846153846,11.565615384615384,1,0.0,0.0,0.0,0.031216132656928415,0
16947,145,1,406.48,312,406.48,312.0,21,1,0,145,0.0,406.48,406.48,406.48,1.0,21.0,406.48,1,0.0,0.0,0.0,-0.9975458918229115,1
16948,48,3,435.02,1614,145.00666666666666,538.0,15,3,187,235,66.3562878206228,194.48,69.6,170.94,1.0,5.0,2.3139361702127657,1,0.0,0.0,0.0,-0.10563735608458336,1
16949,95,4,893.75,386,223.4375,96.5,32,4,130,226,147.02821325060938,388.0,74.42,215.66500000000002,1.0,8.0,6.822519083969466,1,1.0,125.0,0.2,0.5468901927912824,0
16950,33,2,778.41,337,389.205,168.5,26,2,242,276,307.1742568152481,606.41,172.0,389.205,1.0,13.0,3.203333333333333,1,0.0,0.0,0.0,0.5573574883565774,0
16951,44,3,1277.75,1318,425.9166666666667,439.3333333333333,73,3,169,213,552.3348734538978,1053.79,15.0,208.96,1.0,24.333333333333332,7.516176470588236,1,1.0,15.0,0.25,-0.6489384164222873,1
16952,18,2,167.61,92,83.805,46.0,16,1,0,18,103.66892518975973,157.11,10.5,83.805,2.0,8.0,167.61,1,0.0,0.0,0.0,-0.869521380701026,1
16954,34,4,1245.3799999999999,744,311.34499999999997,186.0,34,4,235,269,98.42772018085148,414.3,180.38000000000002,325.34999999999997,1.0,8.5,5.277033898305084,1,0.0,0.0,0.0,-0.5115454355814439,0
16955,94,4,518.67,266,129.6675,66.5,18,4,188,282,64.58110733798237,165.88,33.0,159.89499999999998,1.0,4.5,2.744285714285714,1,1.0,25.0,0.2,-0.3680989858948949,1
16957,148,2,416.64,172,208.32,86.0,15,2,42,191,132.20068381063695,301.8,114.84,208.32,1.0,7.5,9.689302325581394,1,0.0,0.0,0.0,0.4476582702806245,1
16960,162,1,201.53,95,201.53,95.0,45,1,0,162,0.0,201.53,201.53,201.53,1.0,45.0,201.53,1,0.0,0.0,0.0,-0.9950624598824865,0
16961,25,1,234.17,125,234.17,125.0,14,1,0,25,0.0,234.17,234.17,234.17,1.0,14.0,234.17,1,0.0,0.0,0.0,-0.9957477569417867,1
16963,96,1,110.55000000000001,35,110.55000000000001,35.0,7,1,0,96,0.0,110.55000000000001,110.55000000000001,110.55000000000001,1.0,7.0,110.55000000000001,1,0.0,0.0,0.0,-0.9910354101299865,1
16965,136,1,201.19,291,201.19,291.0,26,1,0,136,0.0,201.19,201.19,201.19,1.0,26.0,201.19,1,0.0,0.0,0.0,-0.9950541569810574,1
16966,79,4,1486.56,1320,371.64,330.0,8,4,70,149,54.409822642607445,426.96,318.24,370.68,1.0,2.0,20.937464788732395,1,3.0,6.5,0.42857142857142855,0.4491650756944257,0
16967,98,1,319.02,333,319.02,333.0,21,1,0,98,0.0,319.02,319.02,319.02,1.0,21.0,319.02,1,0.0,0.0,0.0,-0.9968751953002938,1
16968,17,1,253.31,98,253.31,98.0,15,1,0,17,0.0,253.31,253.31,253.31,1.0,15.0,253.31,1,0.0,0.0,0.0,-0.9960677912783611,0
16969,43,2,478.96000000000004,740,239.48000000000002,370.0,32,2,57,101,223.27603722746426,397.36,81.6,239.48000000000002,1.0,16.0,8.257931034482759,1,0.0,0.0,0.0,-0.6578881573464455,0
16976,176,1,251.51999999999998,88,251.51999999999998,88.0,2,1,0,176,0.0,251.51999999999998,251.51999999999998,251.51999999999998,1.0,2.0,251.51999999999998,1,0.0,0.0,0.0,-0.9960399176302868,1
16979,57,2,555.65,135,277.825,67.5,19,2,149,207,98.04035521151481,347.15,208.5,277.825,1.0,9.5,3.704333333333333,1,2.0,42.95,0.5,-0.2490793137519087,0
16980,164,2,1078.96,788,539.48,394.0,71,2,36,200,272.7735119105226,732.36,346.6,539.48,1.0,35.5,29.161081081081083,1,0.0,0.0,0.0,-0.35719841475610203,1
16983,6,5,1190.3,732,238.06,146.4,87,5,272,279,57.34112529415515,305.08,163.49,262.88,1.0,17.4,4.36007326007326,1,1.0,11.049999999999999,0.16666666666666666,-0.045647611852598,0
16984,39,1,3226.13,1632,3226.13,1632.0,262,1,0,39,0.0,3226.13,3226.13,3226.13,1.0,262.0,3226.13,1,11.0,88.93,0.9166666666666666,-0.9996901271408342,0
16985,67,7,3578.54,1287,511.21999999999997,183.85714285714286,50,5,200,268,334.7845062125785,933.3199999999999,46.0,663.18,1.4,7.142857142857143,17.8036815920398,1,1.0,2.5,0.125,-0.17498896506254996,0
16987,79,3,629.45,103,209.8166666666667,34.333333333333336,29,3,35,114,94.09167515425226,302.25,114.15,213.05,1.0,9.666666666666666,17.484722222222224,1,0.0,0.0,0.0,0.3225473867872154,0
16989,7,2,890.7,1086,445.35,543.0,7,2,52,60,583.1509624445458,857.7,33.0,445.35,1.0,3.5,16.805660377358492,1,0.0,0.0,0.0,-0.9248626219580577,0
16990,128,1,179.0,100,179.0,100.0,1,1,0,128,0.0,179.0,179.0,179.0,1.0,1.0,179.0,1,0.0,0.0,0.0,-0.9944444444444445,1
16992,8,3,972.35,630,324.1166666666667,210.0,57,3,185,194,88.28465797256813,421.6,249.55,301.2,1.0,19.0,5.227688172043011,1,2.0,12.45,0.4,-0.380079108234448,0
16996,30,5,1041.78,390,208.356,78.0,11,4,232,262,139.539864841557,340.90000000000003,29.700000000000003,242.40000000000003,1.25,2.2,4.471158798283262,1,4.0,29.500000000000004,0.4444444444444444,-0.345211837587986,0
16997,197,3,702.0,360,234.0,120.0,7,3,37,235,156.0,390.0,78.0,234.0,1.0,2.3333333333333335,18.473684210526315,1,0.0,0.0,0.0,-0.3328591749644381,1
16998,59,4,295.0,76,73.75,19.0,1,3,154,213,86.43026090438465,189.60000000000002,7.5,48.95,1.3333333333333333,0.25,1.903225806451613,1,2.0,7.98,0.3333333333333333,0.3885135135135136,1
17001,1,8,2793.49,1566,349.18625,195.75,60,8,267,268,50.32754711104332,408.45,260.7,354.065,1.0,7.5,10.423470149253731,1,0.0,0.0,0.0,-0.016350031669463777,0
17002,125,2,993.52,422,496.76,211.0,24,2,74,200,23.051681066681386,513.06,480.46000000000004,496.76,1.0,12.0,13.246933333333333,1,1.0,5.95,0.3333333333333333,-0.032779632385472296,0
17004,2,1,1006.4,602,1006.4,602.0,25,1,0,2,0.0,1006.4,1006.4,1006.4,1.0,25.0,1006.4,1,0.0,0.0,0.0,-0.9990073456422474,0
17007,64,5,575.44,346,115.08800000000001,69.2,33,4,202,266,26.42346438300626,137.95000000000002,72.0,117.66,1.25,6.6,2.8346798029556655,1,1.0,12.5,0.16666666666666666,0.27964749149954893,0
17015,94,1,524.5,549,524.5,549.0,116,1,0,94,0.0,524.5,524.5,524.5,1.0,116.0,524.5,1,0.0,0.0,0.0,-0.9980970504281637,0
17017,71,14,5431.28,4311,387.9485714285714,307.92857142857144,81,10,210,282,289.8508798266166,824.02,24.96,374.38,1.4,5.785714285714286,25.740663507109005,1,16.0,120.15,0.5333333333333333,-0.06270663515135456,0
17018,235,1,405.0,60,405.0,60.0,6,1,0,235,0.0,405.0,405.0,405.0,1.0,6.0,405.0,1,0.0,0.0,0.0,-0.9975369458128078,0
17019,171,3,995.93,658,331.97666666666663,219.33333333333334,114,3,106,277,52.852148805259894,366.02,271.09,358.82,1.0,38.0,9.307757009345794,1,0.0,0.0,0.0,-0.2647026370958844,0
17024,8,2,56.25,45,28.125,22.5,1,2,58,67,4.419417382415922,31.25,25.0,28.125,1.0,0.5,0.9533898305084746,1,0.0,0.0,0.0,-0.1091703056768559,0
17025,282,2,160.97,139,80.485,69.5,5,1,0,282,88.57926647923881,143.12,17.85,80.485,2.0,2.5,160.97,1,0.0,0.0,0.0,-0.7734148299067729,0
17026,94,2,154.82999999999998,97,77.41499999999999,48.5,4,2,184,279,62.60016333844506,121.67999999999999,33.15,77.41499999999999,1.0,2.0,0.8369189189189188,1,0.0,0.0,0.0,0.5681191041519605,1
17027,88,4,655.88,288,163.97,72.0,95,4,137,226,102.3851483370513,239.13,13.2,201.775,1.0,23.75,4.752753623188406,1,2.0,41.7,0.3333333333333333,-0.3530020703933747,0
17029,20,2,716.0,400,358.0,200.0,1,2,126,146,0.0,358.0,358.0,358.0,1.0,0.5,5.637795275590551,1,0.0,0.0,0.0,0.0,1
17031,64,1,225.95,125,225.95,125.0,13,1,0,64,0.0,225.95,225.95,225.95,1.0,13.0,225.95,1,0.0,0.0,0.0,-0.9955937431152236,0
17033,123,2,608.1,190,304.05,95.0,12,2,145,268,5.303300858899126,307.8,300.29999999999995,304.04999999999995,1.0,6.0,4.165068493150685,1,0.0,0.0,0.0,-0.012313249055984332,0
17034,197,1,141.79999999999998,98,141.79999999999998,98.0,6,1,0,197,0.0,141.79999999999998,141.79999999999998,141.79999999999998,1.0,6.0,141.79999999999998,1,2.0,10.950000000000001,0.6666666666666666,-0.9929971988795518,0
17035,155,2,433.53000000000003,229,216.76500000000001,114.5,27,2,65,221,60.450558723637926,259.51,174.02,216.765,1.0,13.5,6.568636363636364,1,4.0,45.2,0.6666666666666666,-0.19674130669919218,1
17040,47,1,449.73,181,449.73,181.0,15,1,0,47,0.0,449.73,449.73,449.73,1.0,15.0,449.73,1,0.0,0.0,0.0,-0.9977813768775098,1
17041,18,2,750.89,539,375.445,269.5,45,2,251,270,100.33138118255921,446.39,304.5,375.445,1.0,22.5,2.979722222222222,1,1.0,15.8,0.3333333333333333,0.18871111465772916,0
17042,30,4,922.8199999999999,892,230.70499999999998,223.0,69,4,125,156,36.731979255139514,273.21,185.51,232.05,1.0,17.25,7.323968253968253,1,0.0,0.0,0.0,-0.0735641142213851,0
17043,87,2,324.96999999999997,357,162.48499999999999,178.5,27,2,87,175,17.13319730815005,174.6,150.37,162.485,1.0,13.5,3.6928409090909087,1,0.0,0.0,0.0,-0.07433199374175535,0
17045,22,3,339.44,106,113.14666666666666,35.333333333333336,20,3,134,157,75.68172192368071,191.09,39.95,108.4,1.0,6.666666666666667,2.5143703703703704,1,0.0,0.0,0.0,0.7623663494301492,1
17046,66,1,642.02,510,642.02,510.0,22,1,0,66,0.0,642.02,642.02,642.02,1.0,22.0,642.02,1,0.0,0.0,0.0,-0.9984448384187117,1
17047,114,2,749.4300000000001,352,374.71500000000003,176.0,40,1,0,114,91.46426214647991,439.39,310.04,374.71500000000003,2.0,20.0,749.4300000000001,1,0.0,0.0,0.0,-0.17236784243700273,0
17048,27,3,925.35,485,308.45,161.66666666666666,41,3,213,240,174.00284940195664,501.99,164.95000000000002,258.41,1.0,13.666666666666666,4.324065420560748,1,5.0,61.03,0.625,-0.6427916014465374,1
17049,27,5,2606.65,1083,521.33,216.6,105,4,158,185,276.81137892073735,924.5400000000001,289.0,368.26,1.25,21.0,16.394025157232704,1,4.0,65.2,0.4444444444444444,-0.2135831112304182,0
17050,5,6,3228.84,1614,538.14,269.0,169,6,203,209,239.43405137949782,841.37,131.4,554.595,1.0,28.166666666666668,15.82764705882353,1,0.0,0.0,0.0,-0.36312634681594136,1
17051,103,1,247.14000000000001,184,247.14000000000001,184.0,40,1,0,103,0.0,247.14000000000001,247.14000000000001,247.14000000000001,1.0,40.0,247.14000000000001,1,0.0,0.0,0.0,-0.9959700169259289,1
17053,40,1,498.48,122,498.48,122.0,13,1,0,40,0.0,498.48,498.48,498.48,1.0,13.0,498.48,1,1.0,2.1,0.5,-0.9979979178345479,1
17054,47,4,1207.32,739,301.83,184.75,58,4,107,154,10.974391403019412,314.07,288.5,302.375,1.0,14.5,11.178888888888888,1,1.0,2.5,0.2,-0.5216498940677967,0
17058,108,2,819.66,455,409.83,227.5,42,2,40,149,244.50338279868444,582.72,236.94,409.83000000000004,1.0,21.0,19.99170731707317,1,0.0,0.0,0.0,-0.42134379645651066,0
17059,19,4,2250.1,1283,562.525,320.75,232,4,259,279,201.68230966877917,739.43,329.01,590.83,1.0,58.0,8.654230769230768,1,0.0,0.0,0.0,-0.050295411132335315,0
17060,175,1,234.24,216,234.24,216.0,5,1,0,175,0.0,234.24,234.24,234.24,1.0,5.0,234.24,1,0.0,0.0,0.0,-0.9957490222751233,1
17061,20,10,4658.83,1408,465.883,140.8,48,8,121,141,475.7488688151438,1701.5,22.5,383.35,1.25,4.8,38.18713114754098,1,2.0,116.10000000000001,0.16666666666666666,-0.3952139884931425,0
17062,223,4,538.37,430,134.5925,107.5,52,4,55,279,34.09481424400687,179.64000000000001,102.64,128.04500000000002,1.0,13.0,9.61375,1,1.0,3.9,0.2,-0.6175538127815786,1
17063,72,4,671.87,309,167.9675,77.25,35,2,126,198,107.99939301526962,305.0,47.5,159.685,2.0,8.75,5.290314960629921,1,4.0,39.55,0.5,0.04923685110050975,0
17064,92,2,461.3,189,230.65,94.5,36,2,144,236,117.0968829644923,313.45000000000005,147.85,230.65000000000003,1.0,18.0,3.181379310344828,1,0.0,0.0,0.0,0.3582089552238807,0
17068,4,16,3539.29,1648,221.205625,103.0,89,16,273,277,120.17978604123351,453.7,16.5,189.075,1.0,5.5625,12.917116788321168,1,1.0,20.8,0.058823529411764705,0.06970897864299251,0
17069,64,5,1495.79,712,299.158,142.4,68,5,217,282,179.45041479472818,476.37,13.500000000000002,306.15000000000003,1.0,13.6,6.861422018348624,1,11.0,54.480000000000004,0.6875,0.22006427087300157,0
17070,23,1,312.14,133,312.14,133.0,62,1,0,23,0.0,312.14,312.14,312.14,1.0,62.0,312.14,1,0.0,0.0,0.0,-0.9968065402056588,1
17071,43,6,1402.42,622,233.73666666666668,103.66666666666667,65,5,175,219,110.06563581184939,330.6,27.8,265.345,1.2,10.833333333333334,7.968295454545455,1,8.0,43.55,0.5714285714285714,-0.12914166821051432,0
17073,18,1,453.79,307,453.79,307.0,56,1,0,18,0.0,453.79,453.79,453.79,1.0,56.0,453.79,1,0.0,0.0,0.0,-0.9978011829635656,0
17075,162,3,696.07,241,232.02333333333334,80.33333333333333,49,3,64,226,125.81622802060684,373.74,133.47,188.86,1.0,16.333333333333332,10.708769230769231,1,3.0,20.35,0.5,-0.6156196651699255,0
17076,183,2,334.2,112,167.1,56.0,11,2,90,274,22.061731573020275,182.7,151.5,167.1,1.0,5.5,3.6725274725274724,1,0.0,0.0,0.0,0.09307875894988064,0
17080,179,1,76.32000000000001,72,76.32000000000001,72.0,1,1,0,179,0.0,76.32000000000001,76.32000000000001,76.32000000000001,1.0,1.0,76.32000000000001,1,1.0,2.12,0.5,-0.9870667356440765,0
17082,227,1,636.94,316,636.94,316.0,24,1,0,227,0.0,636.94,636.94,636.94,1.0,24.0,636.94,1,0.0,0.0,0.0,-0.9984324544628022,0
17083,18,3,1405.78,772,468.5933333333333,257.3333333333333,24,3,194,213,199.9506022329849,691.36,304.65999999999997,409.76,1.0,8.0,7.209128205128205,1,0.0,0.0,0.0,-0.41673893572555765,1
17085,32,5,1566.65,786,313.33000000000004,157.2,115,5,239,272,89.99526681998339,452.99,233.96,287.45,1.0,23.0,6.527708333333334,1,2.0,11.6,0.2857142857142857,-0.5557043983031927,1
17088,92,2,1399.1100000000001,525,699.5550000000001,262.5,72,2,70,163,447.28039443955066,1015.83,383.28000000000003,699.5550000000001,1.0,36.0,19.705774647887324,1,0.0,0.0,0.0,-0.4517859311054131,0
17090,7,4,811.77,361,202.9425,90.25,14,4,256,263,142.72228005816052,400.8,61.199999999999996,174.885,1.0,3.5,3.15863813229572,1,1.0,2.1,0.2,-0.5983611599837592,0
17091,7,7,2692.0,1290,384.57142857142856,184.28571428571428,108,5,269,277,282.8153507991019,690.15,7.4399999999999995,505.57,1.4,15.428571428571429,9.97037037037037,1,3.0,24.95,0.3,-0.035440029706646885,0
17092,35,2,633.07,391,316.535,195.5,42,2,151,186,256.8706804016371,498.17,134.9,316.535,1.0,21.0,4.164934210526316,1,0.0,0.0,0.0,0.5729178166448499,0
17094,231,1,302.0,152,302.0,152.0,14,1,0,231,0.0,302.0,302.0,302.0,1.0,14.0,302.0,1,1.0,31.8,0.5,-0.9966996699669967,1
17095,208,2,543.96,234,271.98,117.0,33,2,35,244,58.22317236290032,313.15,230.81,271.98,1.0,16.5,15.110000000000001,1,3.0,235.95999999999998,0.6,-0.15109365825014676,0
17096,52,2,443.94,178,221.97,89.0,22,2,118,171,125.12961599877144,310.45,133.49,221.97,1.0,11.0,3.7305882352941175,1,4.0,29.45,0.6666666666666666,0.3977165460511529,0
17097,9,6,639.53,250,106.58833333333332,41.666666666666664,103,5,265,274,69.80754269179415,174.72,13.25,125.66,1.2,17.166666666666668,2.404248120300752,1,2.0,16.5,0.25,0.10030755780369383,0
17101,87,1,230.57999999999998,158,230.57999999999998,158.0,17,1,0,87,0.0,230.57999999999998,230.57999999999998,230.57999999999998,1.0,17.0,230.57999999999998,1,0.0,0.0,0.0,-0.9956818378098281,0
17102,171,1,25.5,2,25.5,2.0,1,1,0,171,0.0,25.5,25.5,25.5,1.0,1.0,25.5,1,0.0,0.0,0.0,-0.9622641509433962,1
17105,68,2,665.78,693,332.89,346.5,80,2,147,215,19.077740956413066,346.38,319.4,332.89,1.0,40.0,4.4985135135135135,1,0.0,0.0,0.0,0.040463121269384235,1
17107,64,3,6334.06,2432,2111.3533333333335,810.6666666666666,179,3,123,187,375.14515328514295,2423.6,1695.21,2215.25,1.0,59.666666666666664,51.08112903225807,1,3.0,435.0,0.5,0.46465858255486137,0
17109,141,2,464.59000000000003,248,232.29500000000002,124.0,52,1,0,141,238.07578215769868,400.64,63.949999999999996,232.295,2.0,26.0,464.59000000000003,1,4.0,15.360000000000001,0.6666666666666666,-0.7231469748061599,0
17110,74,1,163.29999999999998,50,163.29999999999998,50.0,12,1,0,74,0.0,163.29999999999998,163.29999999999998,163.29999999999998,1.0,12.0,163.29999999999998,1,0.0,0.0,0.0,-0.9939135727328059,1
17114,48,6,603.59,157,100.59833333333334,26.166666666666668,66,6,196,244,43.676199659158385,142.24,45.5,119.975,1.0,11.0,3.0639086294416247,1,8.0,61.4,0.5714285714285714,-0.3261549149010073,0
17115,92,2,612.82,260,306.41,130.0,28,2,50,142,5.105310960166832,310.02,302.8,306.40999999999997,1.0,14.0,12.01607843137255,1,4.0,30.6,0.6666666666666666,-0.011762405917044036,0
17117,197,1,116.19999999999999,68,116.19999999999999,68.0,9,1,0,197,0.0,116.19999999999999,116.19999999999999,116.19999999999999,1.0,9.0,116.19999999999999,1,0.0,0.0,0.0,-0.9914675767918089,1
17118,227,1,157.02,154,157.02,154.0,10,1,0,227,0.0,157.02,157.02,157.02,1.0,10.0,157.02,1,0.0,0.0,0.0,-0.9936716871282116,1
17120,142,1,307.46,120,307.46,120.0,18,1,0,142,0.0,307.46,307.46,307.46,1.0,18.0,307.46,1,0.0,0.0,0.0,-0.9967580885690203,1
17122,28,1,138.32,80,138.32,80.0,7,1,0,28,0.0,138.32,138.32,138.32,1.0,7.0,138.32,1,0.0,0.0,0.0,-0.9928222796439851,1
17123,71,1,345.29999999999995,246,345.29999999999995,246.0,9,1,0,71,0.0,345.29999999999995,345.29999999999995,345.29999999999995,1.0,9.0,345.29999999999995,1,0.0,0.0,0.0,-0.997112330349408,1
17124,94,1,298.89,130,298.89,130.0,31,1,0,94,0.0,298.89,298.89,298.89,1.0,31.0,298.89,1,0.0,0.0,0.0,-0.9966654439961319,1
17126,61,5,1004.75,792,200.95,158.4,187,3,210,272,164.40268823836186,412.62,37.88,212.6,1.6666666666666667,37.4,4.761848341232228,1,2.0,12.899999999999999,0.2857142857142857,-0.0256425553069848,1
17128,244,1,157.09,76,157.09,76.0,14,1,0,244,0.0,157.09,157.09,157.09,1.0,14.0,157.09,1,0.0,0.0,0.0,-0.9936744892150041,1
17133,99,3,2478.79,1125,826.2633333333333,375.0,9,3,76,175,553.437695349109,1437.12,358.25000000000006,683.4200000000001,1.0,3.0,32.19207792207792,1,0.0,0.0,0.0,0.1594691485972602,0
17134,16,2,425.0,102,212.5,51.0,21,2,157,174,166.87720036002523,330.5,94.5,212.5,1.0,10.5,2.689873417721519,1,0.0,0.0,0.0,-0.5539906103286385,1
17135,199,2,500.55,420,250.275,210.0,19,2,82,281,49.066139546534565,284.97,215.57999999999998,250.275,1.0,9.5,6.030722891566265,1,0.0,0.0,0.0,0.13835111155418212,0
17138,185,1,380.5,126,380.5,126.0,24,1,0,185,0.0,380.5,380.5,380.5,1.0,24.0,380.5,1,0.0,0.0,0.0,-0.9973787680209698,1
17139,32,7,6851.82,3200,978.8314285714285,457.14285714285717,208,5,166,198,813.7916957147485,2639.38,86.84,802.13,1.4,29.714285714285715,41.0288622754491,1,9.0,82.9,0.5625,-0.37356591884800705,0
17140,156,1,465.32,302,465.32,302.0,16,1,0,156,0.0,465.32,465.32,465.32,1.0,16.0,465.32,1,0.0,0.0,0.0,-0.9978555498370217,1
17142,148,1,579.0,81,579.0,81.0,15,1,0,148,0.0,579.0,579.0,579.0,1.0,15.0,579.0,1,0.0,0.0,0.0,-0.9982758620689656,1
17146,15,3,749.78,212,249.92666666666665,70.66666666666667,33,3,253,268,57.79772169673588,298.25,185.9,265.63,1.0,11.0,2.9518897637795276,1,0.0,0.0,0.0,-0.5034497455979116,1
17147,116,2,973.11,517,486.555,258.5,42,2,105,221,108.97222604865885,563.61,409.5,486.555,1.0,21.0,9.180283018867925,1,4.0,34.95,0.6666666666666666,0.15820595209986554,0
17152,104,3,1689.5,517,563.1666666666666,172.33333333333334,9,2,68,172,515.3921257967891,1155.6,218.0,315.90000000000003,1.5,3.0,24.485507246376812,1,2.0,186.0,0.4,0.6256728778467908,1
17155,87,1,143.3,154,143.3,154.0,9,1,0,87,0.0,143.3,143.3,143.3,1.0,9.0,143.3,1,0.0,0.0,0.0,-0.9930699930699931,0
17157,85,1,161.46,102,161.46,102.0,8,1,0,85,0.0,161.46,161.46,161.46,1.0,8.0,161.46,1,2.0,12.450000000000001,0.6666666666666666,-0.9938446386802905,0
17158,142,2,698.55,461,349.275,230.5,36,2,127,269,91.23798797650024,413.79,284.76,349.275,1.0,18.0,5.457421875,1,0.0,0.0,0.0,-0.18444714459295267,0
17159,81,1,528.45,305,528.45,305.0,30,1,0,81,0.0,528.45,528.45,528.45,1.0,30.0,528.45,1,1.0,4.15,0.5,-0.9981112475210123,0
17160,18,5,3001.18,2417,600.236,483.4,85,5,132,151,103.50366143282083,758.0500000000001,471.22,593.16,1.0,17.0,22.565263157894737,1,0.0,0.0,0.0,0.19687027426736572,0
17162,40,9,1463.66,865,162.6288888888889,96.11111111111111,75,5,174,215,141.94825504778532,424.41,9.9,173.25,1.8,8.333333333333334,8.363771428571429,1,1.0,8.25,0.1,-0.11945434435295565,0
17164,61,3,1270.42,802,423.47333333333336,267.3333333333333,53,3,121,182,176.45930531806292,627.13,316.09,327.2,1.0,17.666666666666668,10.41327868852459,1,1.0,0.95,0.25,-0.4845133787418791,0
17165,193,1,158.68,100,158.68,100.0,10,1,0,193,0.0,158.68,158.68,158.68,1.0,10.0,158.68,1,0.0,0.0,0.0,-0.9937374749498998,1
17166,113,1,127.59,57,127.59,57.0,10,1,0,113,0.0,127.59,127.59,127.59,1.0,10.0,127.59,1,2.0,16.85,0.6666666666666666,-0.9922233455167587,0
17169,92,1,308.68,102,308.68,102.0,18,1,0,92,0.0,308.68,308.68,308.68,1.0,18.0,308.68,1,6.0,18.9,0.8571428571428571,-0.9967708602428313,0
17171,198,1,224.91,185,224.91,185.0,16,1,0,198,0.0,224.91,224.91,224.91,1.0,16.0,224.91,1,0.0,0.0,0.0,-0.9955734584569076,1
17173,26,2,961.26,238,480.63,119.0,13,2,14,40,25.24371208835978,498.48,462.78,480.63,1.0,6.5,64.084,1,1.0,10.95,0.3333333333333333,0.0371001600399061,0
17174,127,1,59.9,41,59.9,41.0,4,1,0,127,0.0,59.9,59.9,59.9,1.0,4.0,59.9,1,0.0,0.0,0.0,-0.9835796387520526,1
17175,50,3,1132.6299999999999,644,377.5433333333333,214.66666666666666,42,3,155,205,122.64475134849162,519.08,302.62,310.93,1.0,14.0,7.260448717948718,1,1.0,12.75,0.25,0.08333406843502723,0
17176,111,1,306.13,170,306.13,170.0,15,1,0,111,0.0,306.13,306.13,306.13,1.0,15.0,306.13,1,0.0,0.0,0.0,-0.9967440497509198,1
17179,87,3,711.79,290,237.26333333333332,96.66666666666667,56,3,183,270,11.992465690312955,245.31,223.48,243.0,1.0,18.666666666666668,3.868423913043478,1,0.0,0.0,0.0,0.31676931494549593,1
17180,150,3,564.86,529,188.28666666666666,176.33333333333334,77,2,74,225,121.06337445046432,268.31,49.01,247.54,1.5,25.666666666666668,7.531466666666667,1,3.0,15.649999999999999,0.5,0.12331672145053546,0
17181,283,1,155.52,216,155.52,216.0,2,1,0,283,0.0,155.52,155.52,155.52,1.0,2.0,155.52,1,0.0,0.0,0.0,-0.993611040122668,0
17183,14,1,329.67,141,329.67,141.0,9,1,0,14,0.0,329.67,329.67,329.67,1.0,9.0,329.67,1,3.0,60.4,0.75,-0.9969758369371277,0
17187,136,1,203.95,144,203.95,144.0,10,1,0,136,0.0,203.95,203.95,203.95,1.0,10.0,203.95,1,0.0,0.0,0.0,-0.9951207611612588,1
17188,73,5,1815.09,971,363.018,194.2,51,4,198,271,180.46951853429434,522.08,82.66,388.72,1.25,10.2,9.12105527638191,1,5.0,198.65,0.5,-0.5692394099411373,0
17189,15,2,384.40000000000003,227,192.20000000000002,113.5,52,2,253,268,49.52575895430577,227.22,157.18,192.2,1.0,26.0,1.5133858267716538,1,0.0,0.0,0.0,-0.181733264141152,1
17190,116,1,195.0,1,195.0,1.0,1,1,0,116,0.0,195.0,195.0,195.0,1.0,1.0,195.0,1,1.0,195.0,0.5,-0.9948979591836735,0
17191,4,6,1562.96,860,260.49333333333334,143.33333333333334,130,4,273,277,172.18147039291617,422.81,30.45,332.79499999999996,1.5,21.666666666666668,5.704233576642336,1,0.0,0.0,0.0,-0.0503849203304432,0
17193,86,2,448.56000000000006,144,224.28000000000003,72.0,4,1,0,86,105.7266059230126,299.04,149.52,224.28000000000003,2.0,2.0,448.56000000000006,1,3.0,24.84,0.6,-0.3325918676038793,0
17194,183,2,262.62,119,131.31,59.5,26,2,86,270,171.55824725148017,252.62,10.0,131.31,1.0,13.0,3.0186206896551724,1,0.0,0.0,0.0,-0.920339883165162,1
17198,274,2,521.66,242,260.83,121.0,73,2,5,280,15.810907627331183,272.01,249.65,260.83,1.0,36.5,86.94333333333333,1,0.0,0.0,0.0,-0.04278115792293267,0
17204,84,4,1564.56,646,391.14,161.5,44,3,88,173,309.9387101777813,788.9100000000001,68.9,353.375,1.3333333333333333,11.0,17.57932584269663,1,10.0,211.65,0.7142857142857143,-0.5977158333120418,1
17211,89,6,1464.89,793,244.14833333333334,132.16666666666666,106,6,189,279,84.77587567620088,345.82000000000005,128.41,242.125,1.0,17.666666666666668,7.709947368421053,1,2.0,17.55,0.25,-0.06448642121850887,0
17212,162,1,226.85,147,226.85,147.0,4,1,0,162,0.0,226.85,226.85,226.85,1.0,4.0,226.85,1,0.0,0.0,0.0,-0.9956111476848803,1
17213,50,5,1780.01,758,356.002,151.6,67,5,225,275,97.74217549246589,530.47,302.95,312.90000000000003,1.0,13.4,7.876150442477876,1,7.0,40.15,0.5833333333333334,-0.05271727839821224,0
17214,158,4,613.67,179,153.4175,44.75,56,4,110,268,16.47789099571504,171.05,132.5,155.06,1.0,14.0,5.528558558558558,1,1.0,85.0,0.2,0.01068866220899018,0
17217,143,1,113.5,24,113.5,24.0,9,1,0,143,0.0,113.5,113.5,113.5,1.0,9.0,113.5,1,0.0,0.0,0.0,-0.9912663755458515,1
17218,123,5,948.58,396,189.716,79.2,85,5,154,277,70.7265878577498,292.54,99.5,172.95,1.0,17.0,6.119870967741936,1,0.0,0.0,0.0,-0.634680595631753,0
17220,8,10,2294.98,1345,229.498,134.5,233,7,265,273,120.1567450180527,417.75,11.549999999999999,206.195,1.4285714285714286,23.3,8.627744360902255,1,0.0,0.0,0.0,0.0803491319610798,0
17223,219,2,426.79,112,213.395,56.0,43,2,58,277,112.35219646273057,292.84000000000003,133.95,213.395,1.0,21.5,7.233728813559322,1,0.0,0.0,0.0,-0.37142055681525993,1
17226,218,1,393.49,406,393.49,406.0,21,1,0,218,0.0,393.49,393.49,393.49,1.0,21.0,393.49,1,0.0,0.0,0.0,-0.9974650814976298,1
17227,82,3,473.75,296,157.91666666666666,98.66666666666667,17,3,195,278,59.71185672321146,223.9,107.6,142.25,1.0,5.666666666666667,2.417091836734694,1,0.0,0.0,0.0,0.39863085834649814,0
17228,117,4,687.58,611,171.895,152.75,69,4,164,281,35.578801272667974,208.2,123.42999999999999,177.97500000000002,1.0,17.25,4.167151515151516,1,0.0,0.0,0.0,-0.3938249731331145,0
17229,5,2,318.76,185,159.38,92.5,39,2,46,52,2.361736649163081,161.05,157.71,159.38,1.0,19.5,6.782127659574468,1,0.0,0.0,0.0,0.010445334000500387,1
17230,173,8,3638.41,1651,454.80125,206.375,51,4,95,269,601.8330065115952,1761.26,0.95,173.95,2.0,6.375,37.900104166666665,1,4.0,171.74,0.3333333333333333,-0.5170096251865001,1
17231,35,7,1938.72,1047,276.96,149.57142857142858,209,7,235,270,87.08344695367389,393.59,166.68,246.92000000000002,1.0,29.857142857142858,8.214915254237289,1,5.0,46.5,0.4166666666666667,0.00707318582063392,0
17234,92,1,149.89000000000001,55,149.89000000000001,55.0,14,1,0,92,0.0,149.89000000000001,149.89000000000001,149.89000000000001,1.0,14.0,149.89000000000001,1,0.0,0.0,0.0,-0.9933726555769103,1
17235,281,1,341.9,126,341.9,126.0,10,1,0,281,0.0,341.9,341.9,341.9,1.0,10.0,341.9,1,0.0,0.0,0.0,-0.9970836978710994,0
17236,88,5,697.73,400,139.546,80.0,62,5,183,272,33.9794236266597,199.32999999999998,118.45,126.28,1.0,12.4,3.7920108695652175,1,0.0,0.0,0.0,-0.27622973108353727,0
17238,45,11,1959.92,909,178.17454545454547,82.63636363636364,212,9,235,280,80.042860813896,262.25,4.95,193.29,1.2222222222222223,19.272727272727273,8.304745762711864,1,0.0,0.0,0.0,-0.017909960630724357,0
17239,222,1,382.5,150,382.5,150.0,15,1,0,222,0.0,382.5,382.5,382.5,1.0,15.0,382.5,1,1.0,2.55,0.5,-0.9973924380704041,1
17242,17,2,1135.04,611,567.52,305.5,30,2,72,89,200.70518877198964,709.44,425.6,567.52,1.0,15.0,15.548493150684932,1,0.0,0.0,0.0,-0.24985035738178238,1
17243,2,16,4454.16,1533,278.385,95.8125,127,16,277,279,90.66863603253333,441.49,142.5,267.675,1.0,7.9375,16.022158273381294,1,7.0,48.3,0.30434782608695654,-0.28596952746927157,0
17245,114,1,171.45,75,171.45,75.0,9,1,0,114,0.0,171.45,171.45,171.45,1.0,9.0,171.45,1,0.0,0.0,0.0,-0.9942012177442737,1
17248,29,1,318.65,213,318.65,213.0,68,1,0,29,0.0,318.65,318.65,318.65,1.0,68.0,318.65,1,0.0,0.0,0.0,-0.9968715782887533,1
17250,170,1,162.65,70,162.65,70.0,23,1,0,170,0.0,162.65,162.65,162.65,1.0,23.0,162.65,1,0.0,0.0,0.0,-0.9938893981057134,0
17251,272,1,283.28000000000003,110,283.28000000000003,110.0,37,1,0,272,0.0,283.28000000000003,283.28000000000003,283.28000000000003,1.0,37.0,283.28000000000003,1,0.0,0.0,0.0,-0.996482341353595,1
17252,26,2,353.86,193,176.93,96.5,86,2,69,95,233.38766419843185,341.96,11.9,176.92999999999998,1.0,43.0,5.055142857142857,1,0.0,0.0,0.0,-0.9301132841120442,1
17255,208,1,112.46,75,112.46,75.0,36,1,0,208,0.0,112.46,112.46,112.46,1.0,36.0,112.46,1,0.0,0.0,0.0,-0.9911863211704566,0
17256,16,2,240.0,141,120.0,70.5,12,2,204,221,11.17228714274744,127.89999999999999,112.10000000000001,120.0,1.0,6.0,1.170731707317073,1,0.0,0.0,0.0,-0.06556016597510367,1
17259,57,2,603.37,410,301.685,205.0,104,2,220,277,113.07344537954079,381.64,221.73000000000002,301.685,1.0,52.0,2.7301809954751133,1,0.0,0.0,0.0,-0.26458957261280336,1
17262,136,4,955.3600000000001,327,238.84000000000003,81.75,7,3,139,275,253.52349476922254,584.5,20.4,175.23000000000002,1.3333333333333333,1.75,6.824000000000001,1,0.0,0.0,0.0,0.4366974779371784,0
17263,117,1,63.440000000000005,36,63.440000000000005,36.0,23,1,0,117,0.0,63.440000000000005,63.440000000000005,63.440000000000005,1.0,23.0,63.440000000000005,1,0.0,0.0,0.0,-0.984481688392303,1
17265,48,2,562.9,394,281.45,197.0,106,2,41,90,145.1548800419745,384.09000000000003,178.81,281.45000000000005,1.0,53.0,13.402380952380952,1,0.0,0.0,0.0,-0.3640361766270616,1
17266,57,1,113.06,27,113.06,27.0,17,1,0,57,0.0,113.06,113.06,113.06,1.0,17.0,113.06,1,0.0,0.0,0.0,-0.9912326845519902,0
17267,36,2,317.62,159,158.81,79.5,37,1,0,36,215.25744632880878,311.02,6.6,158.81,2.0,18.5,317.62,1,0.0,0.0,0.0,-0.9554328039671081,1
17268,17,4,763.64,844,190.91,211.0,3,4,137,154,180.83855451755855,452.15999999999997,35.0,138.24,1.0,0.75,5.533623188405797,1,0.0,0.0,0.0,0.27552835321196895,1
17272,108,2,1409.44,1161,704.72,580.5,59,2,63,172,66.52460597403038,751.76,657.68,704.72,1.0,29.5,22.0225,1,2.0,4.1,0.5,0.06670258926292508,0
17277,137,2,1065.3500000000001,430,532.6750000000001,215.0,67,2,95,232,260.70319915566813,717.02,348.33000000000004,532.675,1.0,33.5,11.097395833333335,1,0.0,0.0,0.0,-0.3457495193885684,1
17278,150,1,246.04,179,246.04,179.0,15,1,0,150,0.0,246.04,246.04,246.04,1.0,15.0,246.04,1,0.0,0.0,0.0,-0.9959520725388601,1
17282,39,3,1703.41,1877,567.8033333333334,625.6666666666666,79,3,169,209,255.4327113611985,741.85,274.56,687.0,1.0,26.333333333333332,10.020058823529412,1,0.0,0.0,0.0,0.12890677712522217,1
17284,30,5,1494.1399999999999,1240,298.828,248.0,219,5,215,245,240.63887761540113,716.11,108.53,212.34,1.0,43.8,6.917314814814814,1,2.0,10.9,0.2857142857142857,-0.24262610859183764,0
17287,52,5,702.41,350,140.482,70.0,61,5,229,282,37.38848646308112,202.07,108.78,132.4,1.0,12.2,3.0539565217391305,1,0.0,0.0,0.0,0.36537723376124875,0
17288,116,5,663.7,662,132.74,132.4,13,5,151,267,70.6704209694551,245.88,53.400000000000006,127.30000000000001,1.0,2.6,4.366447368421053,1,0.0,0.0,0.0,0.12435685271551078,0
17289,89,1,167.35999999999999,134,167.35999999999999,134.0,30,1,0,89,0.0,167.35999999999999,167.35999999999999,167.35999999999999,1.0,30.0,167.35999999999999,1,1.0,8.25,0.5,-0.9940603468757424,0
17291,217,1,550.8000000000001,72,550.8000000000001,72.0,1,1,0,217,0.0,550.8000000000001,550.8000000000001,550.8000000000001,1.0,1.0,550.8000000000001,1,0.0,0.0,0.0,-0.9981877491844872,1
17293,28,5,867.03,517,173.406,103.4,45,4,241,270,116.0423753634852,346.14,65.0,123.21,1.25,9.0,3.582768595041322,1,0.0,0.0,0.0,-0.08256627075101093,0
17298,10,2,498.42,387,249.21,193.5,30,2,23,34,200.2102140251591,390.78000000000003,107.63999999999999,249.21,1.0,15.0,20.767500000000002,1,0.0,0.0,0.0,0.5669376476712987,1
17299,9,2,268.19,280,134.095,140.0,24,2,72,82,24.79823481621222,151.63,116.56,134.095,1.0,12.0,3.6738356164383563,1,0.0,0.0,0.0,-0.1302797280731082,0
17302,32,3,661.61,345,220.53666666666666,115.0,48,3,182,215,123.5006304977158,358.49,120.27,182.85,1.0,16.0,3.6153551912568305,1,2.0,15.7,0.4,0.44658245423401394,0
17303,270,1,250.04,144,250.04,144.0,53,1,0,270,0.0,250.04,250.04,250.04,1.0,53.0,250.04,1,0.0,0.0,0.0,-0.9960165710643722,1
17306,9,15,6700.06,9258,446.6706666666667,617.2,9,12,253,262,170.76460838855118,748.94,152.64000000000001,451.70000000000005,1.25,0.6,26.378188976377956,1,3.0,30.580000000000002,0.16666666666666666,0.1808877998406222,0
17309,4,1,82.75,41,82.75,41.0,11,1,0,4,0.0,82.75,82.75,82.75,1.0,11.0,82.75,1,0.0,0.0,0.0,-0.9880597014925373,1
17311,226,1,556.46,410,556.46,410.0,24,1,0,226,0.0,556.46,556.46,556.46,1.0,24.0,556.46,1,0.0,0.0,0.0,-0.9982061493201306,0
17312,48,3,644.3,372,214.76666666666665,124.0,11,3,20,68,59.892431352661994,253.69999999999996,145.8,244.79999999999998,1.0,3.6666666666666665,30.68095238095238,1,0.0,0.0,0.0,-0.2397334573066791,1
17314,58,5,1506.92,1018,301.384,203.6,57,5,164,222,137.80076389483474,517.05,202.87,220.8,1.0,11.4,9.132848484848486,1,5.0,13.16,0.5,-0.04448511857392968,0
17315,9,30,4369.04,2999,145.63466666666667,99.96666666666667,233,27,257,267,74.63701775158607,331.76,15.0,137.04000000000002,1.1111111111111112,7.766666666666667,16.934263565891474,1,14.0,87.80000000000001,0.3181818181818182,0.03386696689275155,0
17320,9,3,1200.6200000000001,634,400.2066666666667,211.33333333333334,57,3,267,277,95.08117864926442,459.18,290.52,450.92,1.0,19.0,4.4799253731343285,1,0.0,0.0,0.0,-0.5156205788851717,1
17323,34,4,537.25,506,134.3125,126.5,98,4,167,201,21.604821028341497,155.68,104.50999999999999,138.53,1.0,24.5,3.1979166666666665,1,4.0,12.08,0.5,-0.10680910357640504,0
17324,241,2,702.23,606,351.115,303.0,17,2,34,276,316.87576185312747,575.18,127.05000000000001,351.115,1.0,8.5,20.063714285714287,1,0.0,0.0,0.0,0.6372452824822603,0
17325,189,1,96.8,60,96.8,60.0,6,1,0,189,0.0,96.8,96.8,96.8,1.0,6.0,96.8,1,0.0,0.0,0.0,-0.9897750511247444,1
17329,224,1,243.36,67,243.36,67.0,16,1,0,224,0.0,243.36,243.36,243.36,1.0,16.0,243.36,1,0.0,0.0,0.0,-0.9959076771975773,0
17331,33,1,175.2,16,175.2,16.0,1,1,0,33,0.0,175.2,175.2,175.2,1.0,1.0,175.2,1,0.0,0.0,0.0,-0.9943246311010215,1
17334,211,2,307.02,315,153.51,157.5,11,2,6,218,202.2466815549763,296.52,10.5,153.51,1.0,5.5,43.86,1,1.0,0.42,0.3333333333333333,-0.928576066489189,1
17337,60,4,2027.8700000000001,1269,506.96750000000003,317.25,421,4,158,219,406.7946151212755,1026.72,32.95,484.1,1.0,105.25,12.753899371069183,1,5.0,83.55000000000001,0.5555555555555556,-0.4732535845076323,1
17338,23,7,5207.02,2351,743.86,335.85714285714283,320,7,247,270,257.73326612346085,1117.8,300.05,767.6,1.0,45.714285714285715,20.996048387096774,1,4.0,31.75,0.36363636363636365,-0.020214976132964194,0
17339,3,2,243.36,152,121.68,76.0,9,2,270,274,87.22869252717251,183.36,60.0,121.68,1.0,4.5,0.8980073800738008,1,0.0,0.0,0.0,0.5048289409068588,1
17340,29,7,7593.65,4008,1084.8071428571427,572.5714285714286,157,6,245,275,872.2569546625252,2671.27,15.0,834.6800000000001,1.1666666666666667,22.428571428571427,30.86849593495935,1,17.0,462.11,0.7083333333333334,-0.14841105251723255,0
17341,66,3,781.36,489,260.4533333333333,163.0,147,2,209,276,249.62774391748474,513.6,14.5,253.26000000000002,1.5,49.0,3.720761904761905,1,0.0,0.0,0.0,-0.31422874380080784,1
17343,264,1,193.64,56,193.64,56.0,17,1,0,264,0.0,193.64,193.64,193.64,1.0,17.0,193.64,1,0.0,0.0,0.0,-0.9948623099054665,1
17345,2,3,284.13,178,94.71,59.333333333333336,32,2,103,106,56.08816006966176,155.8,45.54,82.79,1.5,10.666666666666666,2.7320192307692306,1,0.0,0.0,0.0,0.0963420194297338,0
17346,12,8,1266.21,960,158.27625,120.0,170,8,270,282,45.82950638352046,223.42000000000002,101.23,150.72000000000003,1.0,21.25,4.672361623616236,1,3.0,64.98,0.2727272727272727,0.4414343321154346,0
17348,207,1,160.15,199,160.15,199.0,36,1,0,207,0.0,160.15,160.15,160.15,1.0,36.0,160.15,1,0.0,0.0,0.0,-0.9937946013031337,0
17349,88,1,110.75,112,110.75,112.0,8,1,0,88,0.0,110.75,110.75,110.75,1.0,8.0,110.75,1,0.0,0.0,0.0,-0.9910514541387024,1
17351,78,2,427.3,92,213.65,46.0,17,2,104,182,21.28391411371509,228.7,198.6,213.64999999999998,1.0,8.5,4.06952380952381,1,0.0,0.0,0.0,0.07027784263366797,0
17353,38,2,1740.0,1200,870.0,600.0,5,2,25,63,0.0,870.0,870.0,870.0,1.0,2.5,66.92307692307692,1,0.0,0.0,0.0,0.0,1
17356,221,1,178.22,166,178.22,166.0,19,1,0,221,0.0,178.22,178.22,178.22,1.0,19.0,178.22,1,0.0,0.0,0.0,-0.9944202655953577,1
17358,212,2,365.85,202,182.925,101.0,55,2,52,264,90.19146994034415,246.70000000000002,119.15,182.925,1.0,27.5,6.902830188679245,1,0.0,0.0,0.0,-0.3476897914679024,1
17360,93,1,330.95,167,330.95,167.0,53,1,0,93,0.0,330.95,330.95,330.95,1.0,53.0,330.95,1,0.0,0.0,0.0,-0.9969874981171863,0
17361,95,2,263.92,63,131.96,31.5,16,2,105,201,122.98001138396435,218.92,45.0,131.95999999999998,1.0,8.0,2.489811320754717,1,0.0,0.0,0.0,0.6565000754944889,0
17362,148,2,312.23,191,156.115,95.5,30,2,70,219,8.64791593391149,162.23000000000002,150.0,156.115,1.0,15.0,4.397605633802817,1,0.0,0.0,0.0,0.03904479136736589,1
17364,46,6,2633.81,1501,438.9683333333333,250.16666666666666,153,6,193,240,147.96739146402044,628.85,247.45000000000002,470.395,1.0,25.5,13.576340206185566,1,3.0,25.45,0.3333333333333333,0.09766548631590131,0
17365,79,5,2371.01,2562,474.20200000000006,512.4,172,4,162,242,273.03424367650297,727.36,15.299999999999999,543.6,1.25,34.4,14.546073619631903,1,0.0,0.0,0.0,-0.08495326748200892,0
17367,147,1,168.4,150,168.4,150.0,33,1,0,147,0.0,168.4,168.4,168.4,1.0,33.0,168.4,1,0.0,0.0,0.0,-0.9940968122786304,1
17368,2,6,1635.67,1292,272.6116666666667,215.33333333333334,56,6,244,247,223.36976925418236,563.15,20.8,192.935,1.0,9.333333333333334,6.676204081632654,1,17.0,563.15,0.7391304347826086,-0.086865403532783,0
17370,1,2,228.06,218,114.03,109.0,16,2,77,79,4.7093311627024095,117.36,110.69999999999999,114.03,1.0,8.0,2.9238461538461538,1,0.0,0.0,0.0,0.029075351436304946,0
17371,270,1,97.63,40,97.63,40.0,7,1,0,270,0.0,97.63,97.63,97.63,1.0,7.0,97.63,1,0.0,0.0,0.0,-0.9898610970293015,0
17372,75,6,1061.13,594,176.85500000000002,99.0,177,6,196,272,29.45267305356171,212.12,128.76,179.89,1.0,29.5,5.386446700507615,1,0.0,0.0,0.0,-0.004924067675331661,0
17373,43,2,287.3,200,143.65,100.0,26,2,178,222,2.262741699796944,145.25,142.05,143.65,1.0,13.0,1.6050279329608939,1,0.0,0.0,0.0,-0.011099549080818552,0
17374,128,2,495.77,85,247.885,42.5,24,2,62,190,79.10403561133907,303.82,191.95,247.885,1.0,12.0,7.869365079365079,1,0.0,0.0,0.0,0.2251947581375687,1
17375,108,3,400.1,367,133.36666666666667,122.33333333333333,63,3,162,270,37.546965700750484,176.66,109.71000000000001,113.73,1.0,21.0,2.4546012269938653,1,2.0,27.6,0.4,-0.4304163550236848,1
17376,220,1,105.85,35,105.85,35.0,13,1,0,220,0.0,105.85,105.85,105.85,1.0,13.0,105.85,1,0.0,0.0,0.0,-0.9906410856340665,0
17377,35,9,2045.38,1094,227.26444444444445,121.55555555555556,91,9,247,283,86.70321636351085,364.4,132.17000000000002,216.57999999999998,1.0,10.11111111111111,8.2475,1,1.0,175.0,0.1,-0.5618995494482941,0
17381,8,24,18261.65,22851,760.9020833333334,952.125,40,17,273,281,663.2815224189707,2567.6400000000003,50.88,514.56,1.411764705882353,1.6666666666666667,66.64835766423359,1,1.0,3.18,0.04,-0.185793956517811,0
17384,128,1,227.65,43,227.65,43.0,3,1,0,128,0.0,227.65,227.65,227.65,1.0,3.0,227.65,1,0.0,0.0,0.0,-0.9956265033894599,0
17386,8,5,1697.3400000000001,1022,339.468,204.4,8,3,66,75,363.6556650459333,928.08,3.3,179.28000000000003,1.6666666666666667,1.6,25.333432835820897,1,0.0,0.0,0.0,0.2771529846791572,0
17388,41,3,953.0300000000001,779,317.6766666666667,259.6666666666667,12,3,156,197,110.71846112249456,381.6,189.82999999999998,381.6,1.0,4.0,6.0702547770700646,1,0.0,0.0,0.0,-0.6009978721843129,0
17389,5,25,9504.08,1942,380.1632,77.68,37,24,235,240,563.8682532199639,2945.5,52.5,227.39999999999998,1.0416666666666667,1.48,40.27152542372881,1,11.0,533.6,0.3055555555555556,0.15330328624272493,0
17391,73,2,508.8,480,254.4,240.0,2,2,0,74,215.86555816062923,407.04,101.76,254.4,1.0,1.0,508.8,1,0.0,0.0,0.0,-0.5988230678697529,1
17392,216,2,457.91,320,228.955,160.0,53,2,51,267,118.02319284784667,312.41,145.5,228.955,1.0,26.5,8.805961538461538,1,0.0,0.0,0.0,-0.3637096598461572,1
17394,128,1,203.86999999999998,241,203.86999999999998,241.0,4,1,0,128,0.0,203.86999999999998,203.86999999999998,203.86999999999998,1.0,4.0,203.86999999999998,1,0.0,0.0,0.0,-0.9951188558598135,1
17396,58,6,4801.8,1105,800.3000000000001,184.16666666666666,18,2,223,281,666.1234930551542,1960.7999999999997,18.0,694.2,3.0,3.0,21.436607142857145,1,0.0,0.0,0.0,0.8342633463812776,0
17398,24,3,653.38,310,217.79333333333332,103.33333333333333,30,3,140,164,90.47771014638542,305.68,124.92999999999999,222.77,1.0,10.0,4.6339007092198585,1,0.0,0.0,0.0,-0.6166447629817537,1
17400,35,5,2129.96,1097,425.992,219.4,175,5,226,262,316.5326068037857,817.44,11.8,424.17,1.0,35.0,9.38308370044053,1,0.0,0.0,0.0,-0.0035570822540075494,1
17402,11,8,1732.45,420,216.55625,52.5,29,7,267,278,63.80537280052743,291.24,111.9,219.39,1.1428571428571428,3.625,6.464365671641791,1,0.0,0.0,0.0,0.33961752574345955,0
17404,32,10,21004.3,21623,2100.43,2162.3,93,10,236,269,1506.1994016508347,4400.28,80.0,2602.09,1.0,9.3,88.62573839662447,1,3.0,1606.0,0.23076923076923078,-0.07556092986055901,0
17405,59,1,393.31,334,393.31,334.0,41,1,0,59,0.0,393.31,393.31,393.31,1.0,41.0,393.31,1,12.0,64.19,0.9230769230769231,-0.9974639243235018,0
17406,242,3,2200.42,787,733.4733333333334,262.3333333333333,99,2,33,276,499.89890991412784,1248.32,250.0,702.1,1.5,33.0,64.71823529411765,1,3.0,271.7,0.5,0.3616847307646882,1
17408,72,1,32.65,3,32.65,3.0,2,1,0,72,0.0,32.65,32.65,32.65,1.0,2.0,32.65,1,0.0,0.0,0.0,-0.9702823179791976,1
17409,94,2,771.85,105,385.925,52.5,13,2,63,157,177.3070253825268,511.3,260.55,385.925,1.0,6.5,12.06015625,1,0.0,0.0,0.0,0.3244484699488905,1
17410,5,2,419.55,149,209.775,74.5,22,2,119,124,130.9915312148079,302.4,117.15,209.77499999999998,1.0,11.0,3.4962500000000003,1,0.0,0.0,0.0,-0.4404945904173106,0
17411,170,1,285.58,126,285.58,126.0,16,1,0,170,0.0,285.58,285.58,285.58,1.0,16.0,285.58,1,2.0,30.0,0.6666666666666666,-0.9965105729639193,0
17412,105,4,709.82,358,177.455,89.5,30,4,175,281,58.44522535388727,250.46,120.7,169.33,1.0,7.5,4.033068181818182,1,0.0,0.0,0.0,-0.658985397146957,0
17414,94,1,598.0,1380,598.0,1380.0,5,1,0,94,0.0,598.0,598.0,598.0,1.0,5.0,598.0,1,0.0,0.0,0.0,-0.998330550918197,0
17416,19,5,5294.49,3283,1058.898,656.6,153,5,171,190,649.9216216744908,2114.71,327.59999999999997,937.74,1.0,30.6,30.78191860465116,1,2.0,55.08,0.2857142857142857,-0.30243282491327533,0
17418,233,1,167.39000000000001,139,167.39000000000001,139.0,12,1,0,233,0.0,167.39000000000001,167.39000000000001,167.39000000000001,1.0,12.0,167.39000000000001,1,0.0,0.0,0.0,-0.99406140507156,0
17419,53,8,2660.0,1213,332.5,151.625,107,7,223,276,160.35433790738026,614.2,17.4,331.6,1.1428571428571428,13.375,11.875,1,2.0,25.6,0.2,-0.26929725667042465,0
17420,80,2,391.51,169,195.755,84.5,19,2,202,283,91.78953126582576,260.66,130.85,195.755,1.0,9.5,1.9286206896551723,1,0.0,0.0,0.0,0.3307176887213065,0
17422,2,5,1698.97,1749,339.794,349.8,80,5,203,205,46.97093069122647,402.79,293.07,321.25,1.0,16.0,8.32828431372549,1,18.0,126.24000000000001,0.782608695652174,0.2604928322264511,0
17423,127,1,449.42,314,449.42,314.0,11,1,0,127,0.0,449.42,449.42,449.42,1.0,11.0,449.42,1,2.0,34.78,0.6666666666666666,-0.9977798499178544,0
17426,0,4,4280.59,2541,1070.1475,635.25,153,3,190,191,775.8367737857837,1987.19,98.16,1097.6200000000001,1.3333333333333333,38.25,22.411465968586388,1,1.0,15.0,0.2,0.4420857672033053,0
17428,20,20,10661.09,6739,533.0545,336.95,205,15,258,278,278.574779310974,1327.55,188.44,504.26,1.3333333333333333,10.25,41.162509652509655,1,15.0,178.4,0.42857142857142855,0.028772032500194656,0
17429,37,3,524.9200000000001,624,174.97333333333336,208.0,36,3,90,128,22.716340667751336,189.28,148.78,186.86,1.0,12.0,5.768351648351649,1,3.0,12.8,0.5,-0.4323090964405232,1
17430,274,1,112.6,60,112.6,60.0,5,1,0,274,0.0,112.6,112.6,112.6,1.0,5.0,112.6,1,0.0,0.0,0.0,-0.9911971830985915,0
17431,222,1,403.3,292,403.3,292.0,41,1,0,222,0.0,403.3,403.3,403.3,1.0,41.0,403.3,1,0.0,0.0,0.0,-0.9975265891664605,1
17436,136,1,122.39999999999999,48,122.39999999999999,48.0,4,1,0,136,0.0,122.39999999999999,122.39999999999999,122.39999999999999,1.0,4.0,122.39999999999999,1,0.0,0.0,0.0,-0.9918962722852512,0
17438,163,1,388.45000000000005,103,388.45000000000005,103.0,17,1,0,163,0.0,388.45000000000005,388.45000000000005,388.45000000000005,1.0,17.0,388.45000000000005,1,2.0,10.15,0.6666666666666666,-0.9974322762870715,1
17440,66,3,186.42000000000002,246,62.14000000000001,82.0,3,2,90,157,55.29078404218916,117.6,7.0200000000000005,61.8,1.5,1.0,2.048571428571429,1,3.0,9.32,0.5,-0.3351830114182051,1
17442,3,5,1921.69,1260,384.338,252.0,86,5,196,199,102.29330535279423,521.44,254.18,374.0,1.0,17.2,9.754771573604062,1,5.0,38.3,0.5,0.15188615949529044,0
17443,129,1,534.24,504,534.24,504.0,1,1,0,129,0.0,534.24,534.24,534.24,1.0,1.0,534.24,1,0.0,0.0,0.0,-0.9981316792466931,1
17444,57,3,2940.04,2119,980.0133333333333,706.3333333333334,132,3,25,82,372.30510624128345,1217.64,550.94,1171.46,1.0,44.0,113.07846153846154,1,0.0,0.0,0.0,0.2030302206022359,1
17446,86,2,120.9,198,60.45,99.0,6,2,133,219,10.818733752154177,68.10000000000001,52.800000000000004,60.45,1.0,3.0,0.9022388059701493,1,0.0,0.0,0.0,-0.125512715340443,1
17449,4,4,1497.55,708,374.3875,177.0,119,4,264,269,218.06094734805984,684.26,174.86,319.21500000000003,1.0,29.75,5.651132075471698,1,2.0,16.0,0.3333333333333333,-0.7659604284141336,0
17450,4,23,86461.54,32180,3759.1973913043475,1399.1304347826087,107,17,272,277,4076.833426036368,13031.5,34.56,2240.0,1.3529411764705883,4.6521739130434785,316.7089377289377,1,14.0,7068.62,0.3783783783783784,0.13815439611188846,0
17451,15,1,346.01,267,346.01,267.0,23,1,0,15,0.0,346.01,346.01,346.01,1.0,23.0,346.01,1,7.0,72.45,0.875,-0.9971182386674735,0
17454,101,4,517.53,243,129.3825,60.75,57,4,167,269,26.93847728312299,165.85,104.0,123.84,1.0,14.25,3.080535714285714,1,0.0,0.0,0.0,-0.15171735483000023,1
17455,113,1,131.7,66,131.7,66.0,8,1,0,113,0.0,131.7,131.7,131.7,1.0,8.0,131.7,1,0.0,0.0,0.0,-0.9924642049736248,1
17456,274,1,249.86,222,249.86,222.0,17,1,0,274,0.0,249.86,249.86,249.86,1.0,17.0,249.86,1,0.0,0.0,0.0,-0.9960137128278721,1
17457,36,5,1737.7,826,347.54,165.2,14,5,212,248,28.88874175176204,385.8,313.38,340.06,1.0,2.8,8.158215962441314,1,0.0,0.0,0.0,-0.18587450393972513,1
17460,3,6,622.4300000000001,236,103.73833333333334,39.333333333333336,18,6,278,282,55.50541610209464,159.85000000000002,19.9,126.7,1.0,3.0,2.2309318996415772,1,8.0,169.8,0.5714285714285714,-0.10094156521181208,1
17462,193,1,463.40999999999997,155,463.40999999999997,155.0,14,1,0,193,0.0,463.40999999999997,463.40999999999997,463.40999999999997,1.0,14.0,463.40999999999997,1,1.0,12.75,0.5,-0.9978467302598997,0
17463,85,3,1245.64,725,415.21333333333337,241.66666666666666,103,3,136,222,257.10182852973514,709.51,234.25,301.88,1.0,34.333333333333336,9.092262773722629,1,4.0,15.05,0.5714285714285714,-0.1390778412372457,0
17464,67,1,289.96000000000004,220,289.96000000000004,220.0,9,1,0,67,0.0,289.96000000000004,289.96000000000004,289.96000000000004,1.0,9.0,289.96000000000004,1,0.0,0.0,0.0,-0.996563101457245,1
17469,18,3,1050.27,443,350.09,147.66666666666666,44,3,95,114,78.48136530412808,440.71,304.2,305.36,1.0,14.666666666666666,10.9403125,1,2.0,27.91,0.4,-0.4203201841582087,0
17470,36,4,816.47,1275,204.1175,318.75,54,4,240,277,70.27713633655448,304.13,140.57999999999998,185.88,1.0,13.5,3.3878423236514523,1,0.0,0.0,0.0,-0.18176813828030383,0
17472,100,3,710.29,462,236.76333333333332,154.0,142,3,108,208,33.30033833661954,259.27,198.51,252.51,1.0,47.333333333333336,6.5164220183486234,1,0.0,0.0,0.0,-0.26958062112499825,1
17481,3,1,260.63,149,260.63,149.0,19,1,0,3,0.0,260.63,260.63,260.63,1.0,19.0,260.63,1,1.0,6.25,0.5,-0.9961778083553109,0
17483,43,2,274.74,98,137.37,49.0,13,2,48,92,25.074006460874987,155.10000000000002,119.64,137.37,1.0,6.5,5.606938775510204,1,0.0,0.0,0.0,-0.12859940523681737,0
17486,170,1,396.87,191,396.87,191.0,24,1,0,170,0.0,396.87,396.87,396.87,1.0,24.0,396.87,1,0.0,0.0,0.0,-0.9974866162314324,1
17489,122,1,208.56,232,208.56,232.0,16,1,0,122,0.0,208.56,208.56,208.56,1.0,16.0,208.56,1,0.0,0.0,0.0,-0.9952280969650696,0
17490,86,1,305.2,140,305.2,140.0,18,1,0,86,0.0,305.2,305.2,305.2,1.0,18.0,305.2,1,10.0,165.44,0.9090909090909091,-0.9967341606792945,0
17491,5,6,2118.11,1247,353.0183333333334,207.83333333333334,58,6,271,277,143.74719091748076,556.9399999999999,135.0,331.425,1.0,9.666666666666666,7.78716911764706,1,1.0,16.95,0.14285714285714285,-0.12345277026676299,0
17492,157,1,374.57,155,374.57,155.0,12,1,0,157,0.0,374.57,374.57,374.57,1.0,12.0,374.57,1,0.0,0.0,0.0,-0.9973373805149506,1
17496,268,1,271.05,79,271.05,79.0,10,1,0,268,0.0,271.05,271.05,271.05,1.0,10.0,271.05,1,0.0,0.0,0.0,-0.9963242051093549,1
17499,199,1,622.88,711,622.88,711.0,40,1,0,199,0.0,622.88,622.88,622.88,1.0,40.0,622.88,1,0.0,0.0,0.0,-0.9983971276527537,1
17501,130,2,288.6,160,144.3,80.0,18,1,0,130,147.00749980868324,248.25,40.35,144.3,2.0,9.0,288.6,1,0.0,0.0,0.0,-0.7178867403314917,1
17504,115,9,2997.0299999999997,1664,333.00333333333333,184.88888888888889,112,6,116,232,260.72122707980645,859.01,9.9,302.1,1.5,12.444444444444445,25.615641025641022,1,13.0,251.75,0.5909090909090909,-0.09868146749698975,1
17505,71,2,1145.84,556,572.92,278.0,48,2,44,115,121.52337141472003,658.85,486.99,572.9200000000001,1.0,24.0,25.46311111111111,1,0.0,0.0,0.0,0.1498552544382826,1
17507,171,2,605.58,359,302.79,179.5,79,2,47,218,53.41484625083179,340.56,265.02,302.78999999999996,1.0,39.5,12.61625,1,0.0,0.0,0.0,-0.12453427412707313,1
17508,190,1,387.31,289,387.31,289.0,22,1,0,190,0.0,387.31,387.31,387.31,1.0,22.0,387.31,1,0.0,0.0,0.0,-0.9974247379670882,1
17511,3,21,59375.75,40277,2827.4166666666665,1917.952380952381,357,20,280,283,1508.3435586143275,5433.57,31.0,3200.28,1.05,17.0,211.30160142348754,1,113.0,2937.0,0.8432835820895522,0.08814140214814727,0
17512,30,8,1891.9,1834,236.4875,229.25,40,8,180,211,171.7806538874503,494.51,77.5,174.35,1.0,5.0,10.452486187845304,1,1.0,4.95,0.1111111111111111,-0.26062655185165623,0
17514,37,1,208.65,135,208.65,135.0,40,1,0,37,0.0,208.65,208.65,208.65,1.0,40.0,208.65,1,0.0,0.0,0.0,-0.9952301454805629,1
17515,115,3,571.37,220,190.45666666666668,73.33333333333333,47,3,111,227,46.98995034401858,231.48,139.19,200.7,1.0,15.666666666666666,5.101517857142857,1,0.0,0.0,0.0,-0.5118891626046089,0
17516,28,4,608.85,375,152.2125,93.75,95,3,166,195,129.60016239058757,321.23,6.6,140.51,1.3333333333333333,23.75,3.645808383233533,1,0.0,0.0,0.0,-0.49449864720832987,0
17517,218,1,153.94,102,153.94,102.0,11,1,0,218,0.0,153.94,153.94,153.94,1.0,11.0,153.94,1,0.0,0.0,0.0,-0.9935458887311217,1
17519,43,5,1488.0,1042,297.6,208.4,50,5,234,277,55.59445790724109,335.3,200.5,313.45,1.0,10.0,6.3319148936170215,1,1.0,4.949999999999999,0.16666666666666666,0.1279382135661518,0
17521,108,1,159.56,116,159.56,116.0,8,1,0,108,0.0,159.56,159.56,159.56,1.0,8.0,159.56,1,1.0,1.25,0.5,-0.9937717987045341,0
17522,48,4,912.25,932,228.0625,233.0,54,4,79,127,208.23741008361904,539.12,100.98,136.075,1.0,13.5,11.403125,1,0.0,0.0,0.0,-0.725792499315631,0
17524,270,1,145.0,90,145.0,90.0,6,1,0,270,0.0,145.0,145.0,145.0,1.0,6.0,145.0,1,0.0,0.0,0.0,-0.9931506849315068,1
17525,269,1,422.70000000000005,82,422.70000000000005,82.0,9,1,0,269,0.0,422.70000000000005,422.70000000000005,422.70000000000005,1.0,9.0,422.70000000000005,1,0.0,0.0,0.0,-0.9976398395090866,1
17526,200,3,872.8,140,290.93333333333334,46.666666666666664,9,3,74,275,316.1174676181836,634.2,11.8,226.79999999999998,1.0,3.0,11.637333333333332,1,4.0,489.19999999999993,0.5714285714285714,0.4527351796749829,0
17527,19,2,606.62,206,303.31,103.0,25,2,108,127,15.839191898578648,314.51,292.11,303.31,1.0,12.5,5.565321100917431,1,2.0,50.510000000000005,0.5,0.03686514597939498,0
17530,115,6,1367.86,796,227.97666666666666,132.66666666666666,216,5,158,274,170.28335592965823,430.76,15.0,273.765,1.2,36.0,8.602893081761005,1,0.0,0.0,0.0,0.05639729409873905,0
17531,99,1,296.7,136,296.7,136.0,14,1,0,99,0.0,296.7,296.7,296.7,1.0,14.0,296.7,1,1.0,3.25,0.5,-0.9966409136714813,1
17535,189,1,164.4,136,164.4,136.0,13,1,0,189,0.0,164.4,164.4,164.4,1.0,13.0,164.4,1,0.0,0.0,0.0,-0.9939540507859734,1
17536,86,1,76.5,6,76.5,6.0,3,1,0,86,0.0,76.5,76.5,76.5,1.0,3.0,76.5,1,0.0,0.0,0.0,-0.9870967741935484,1
17537,212,1,630.7,370,630.7,370.0,60,1,0,212,0.0,630.7,630.7,630.7,1.0,60.0,630.7,1,0.0,0.0,0.0,-0.9984169700807345,0
17540,225,1,268.8,64,268.8,64.0,8,1,0,225,0.0,268.8,268.8,268.8,1.0,8.0,268.8,1,1.0,8.5,0.5,-0.9962935507783544,0
17542,179,1,170.75,134,170.75,134.0,24,1,0,179,0.0,170.75,170.75,170.75,1.0,24.0,170.75,1,0.0,0.0,0.0,-0.9941775836972343,1
17548,143,1,103.3,58,103.3,58.0,5,1,0,143,0.0,103.3,103.3,103.3,1.0,5.0,103.3,1,12.0,244.78,0.9230769230769231,-0.9904122722914669,1
17550,106,3,267.16,86,89.05333333333334,28.666666666666668,42,2,45,152,73.52429349088185,156.22,10.5,100.44,1.5,14.0,5.807826086956522,1,0.0,0.0,0.0,-0.168854415274463,1
17551,268,1,306.84,150,306.84,150.0,39,1,0,268,0.0,306.84,306.84,306.84,1.0,39.0,306.84,1,0.0,0.0,0.0,-0.9967515592515592,1
17552,281,2,298.52,144,149.26,72.0,13,1,0,281,161.72946299298715,263.62,34.9,149.26,2.0,6.5,298.52,1,2.0,20.45,0.5,-0.7636217948717949,0
17553,39,1,1487.6,1048,1487.6,1048.0,2,1,0,39,0.0,1487.6,1487.6,1487.6,1.0,2.0,1487.6,1,0.0,0.0,0.0,-0.9993282278651081,1
17554,32,2,1249.89,1409,624.945,704.5,51,2,25,57,208.57528724659582,772.43,477.46000000000004,624.9449999999999,1.0,25.5,48.072692307692314,1,0.0,0.0,0.0,-0.23580810462950372,0
17555,244,1,195.45,156,195.45,156.0,48,1,0,244,0.0,195.45,195.45,195.45,1.0,48.0,195.45,1,0.0,0.0,0.0,-0.9949096462204123,0
17556,115,1,157.9,101,157.9,101.0,6,1,0,115,0.0,157.9,157.9,157.9,1.0,6.0,157.9,1,0.0,0.0,0.0,-0.9937067337948395,1
17560,4,4,854.95,635,213.7375,158.75,22,4,215,220,79.63491628467168,323.95,149.12,190.94,1.0,5.5,3.9581018518518523,1,0.0,0.0,0.0,-0.1368654711139669,1
17562,19,4,661.1,601,165.275,150.25,35,4,63,82,90.24021184224544,300.1,109.0,126.0,1.0,8.75,10.3296875,1,1.0,15.0,0.2,-0.23727533605195592,0
17567,2,6,2925.45,1761,487.575,293.5,83,6,279,281,73.2691424134335,590.4,395.78999999999996,489.515,1.0,13.833333333333334,10.448035714285714,1,12.0,318.92,0.6666666666666666,-0.2810538365596542,0
17569,241,1,344.14,159,344.14,159.0,29,1,0,241,0.0,344.14,344.14,344.14,1.0,29.0,344.14,1,0.0,0.0,0.0,-0.9971026250217303,1
17571,55,3,561.2,486,187.0666666666667,162.0,72,3,152,207,105.09527027099429,284.35,75.6,201.25,1.0,24.0,3.6679738562091506,1,0.0,0.0,0.0,-0.28228388473852717,0
17572,9,3,196.0,80,65.33333333333333,26.666666666666668,7,3,273,282,19.38693718289028,81.4,43.8,70.80000000000001,1.0,2.3333333333333335,0.7153284671532847,1,0.0,0.0,0.0,-0.5502538071065991,0
17573,3,1,174.71,177,174.71,177.0,11,1,0,3,0.0,174.71,174.71,174.71,1.0,11.0,174.71,1,1.0,17.700000000000003,0.5,-0.9943088042797792,0
17574,152,1,185.65,77,185.65,77.0,8,1,0,152,0.0,185.65,185.65,185.65,1.0,8.0,185.65,1,0.0,0.0,0.0,-0.99464237878382,1
17576,8,14,2306.95,1408,164.78214285714284,100.57142857142857,173,13,265,274,89.21610540864083,355.77,15.0,147.175,1.0769230769230769,12.357142857142858,8.672744360902255,1,6.0,164.9,0.3,-0.12080417686691647,0
17578,127,1,143.45999999999998,138,143.45999999999998,138.0,5,1,0,127,0.0,143.45999999999998,143.45999999999998,143.45999999999998,1.0,5.0,143.45999999999998,1,1.0,18.72,0.5,-0.9930776685587706,1
17579,47,2,270.86,130,135.43,65.0,15,2,41,88,40.98390903757228,164.41,106.45000000000002,135.43,1.0,7.5,6.44904761904762,1,2.0,8.7,0.5,-0.21319796954314713,0
17580,162,3,215.72,88,71.90666666666667,29.333333333333332,43,3,105,267,42.665414955597626,121.17,46.85,47.7,1.0,14.333333333333334,2.0350943396226415,1,0.0,0.0,0.0,-0.5551864156515319,1
17581,19,17,6522.29,3495,383.66411764705884,205.58823529411765,181,7,262,281,378.63796958735566,1351.22,44.550000000000004,298.74,2.4285714285714284,10.647058823529411,24.79958174904943,1,12.0,308.93,0.41379310344827586,0.36673672334052304,0
17582,145,1,175.27,123,175.27,123.0,28,1,0,145,0.0,175.27,175.27,175.27,1.0,28.0,175.27,1,0.0,0.0,0.0,-0.9943268848924944,1
17584,36,1,749.45,245,749.45,245.0,16,1,0,36,0.0,749.45,749.45,749.45,1.0,16.0,749.45,1,1.0,15.0,0.5,-0.9986674661869545,0
17585,18,4,1133.07,1671,283.2675,417.75,176,4,228,247,131.31576558687334,417.81,103.72,305.77,1.0,44.0,4.947903930131004,1,0.0,0.0,0.0,0.079368998386343,1
17588,9,3,1240.2,676,413.40000000000003,225.33333333333334,19,3,132,142,117.30201021295416,537.96,305.04,397.20000000000005,1.0,6.333333333333333,9.324812030075188,1,0.0,0.0,0.0,-0.13235578472446016,1
17589,60,3,1843.07,1307,614.3566666666667,435.6666666666667,124,3,89,149,21.15415168077726,631.65,590.77,620.65,1.0,41.333333333333336,20.478555555555555,1,0.0,0.0,0.0,0.3587336706307244,0
17591,31,6,1863.17,885,310.52833333333336,147.5,81,6,244,276,114.20082879150513,455.82000000000005,151.68,317.735,1.0,13.5,7.604775510204082,1,1.0,10.95,0.14285714285714285,-0.28126726639737787,0
17593,1,4,3249.14,2261,812.285,565.25,149,4,260,262,139.24379519389726,985.62,662.9,800.31,1.0,37.25,12.448812260536398,1,2.0,15.78,0.3333333333333333,0.5917714313844943,0
17594,164,1,315.0,220,315.0,220.0,14,1,0,164,0.0,315.0,315.0,315.0,1.0,14.0,315.0,1,0.0,0.0,0.0,-0.9968354430379747,0
17596,45,4,1738.73,2847,434.6825,711.75,112,4,232,278,81.58673232619789,541.95,354.29,421.245,1.0,28.0,7.46236051502146,1,0.0,0.0,0.0,0.5480678036247003,0
17597,123,1,2044.3700000000001,1176,2044.3700000000001,1176.0,55,1,0,123,0.0,2044.3700000000001,2044.3700000000001,2044.3700000000001,1.0,55.0,2044.3700000000001,1,0.0,0.0,0.0,-0.9995110909028684,1
17601,148,1,116.00999999999999,103,116.00999999999999,103.0,9,1,0,148,0.0,116.00999999999999,116.00999999999999,116.00999999999999,1.0,9.0,116.00999999999999,1,0.0,0.0,0.0,-0.9914537219041107,1
17602,33,2,909.5500000000001,901,454.77500000000003,450.5,108,2,199,233,441.6235401900583,767.0500000000001,142.5,454.77500000000003,1.0,54.0,4.547750000000001,1,5.0,52.2,0.7142857142857143,-0.6859041238811707,0
17604,126,2,309.36,169,154.68,84.5,57,2,94,221,26.07809809015987,173.12,136.24,154.68,1.0,28.5,3.256421052631579,1,0.0,0.0,0.0,0.11882974610130169,1
17609,211,2,537.6899999999999,271,268.84499999999997,135.5,103,2,25,236,227.96415518673106,430.04,107.65,268.845,1.0,51.5,20.680384615384614,1,1.0,8.3,0.3333333333333333,-0.5984703632887189,0
17611,33,9,2724.25,1871,302.69444444444446,207.88888888888889,389,9,237,270,101.49380302647928,497.48,114.88,301.59999999999997,1.0,43.22222222222222,11.446428571428571,1,6.0,36.35,0.4,-0.053070360517383765,0
17612,4,5,1682.94,1341,336.588,268.2,95,5,202,207,28.96913909663179,366.31,305.46,344.07,1.0,19.0,8.290344827586207,1,7.0,55.69,0.5833333333333334,0.20870102260175544,0
17613,27,9,2991.29,1673,332.36555555555555,185.88888888888889,173,8,188,215,167.26730292492246,586.8,55.2,310.71000000000004,1.125,19.22222222222222,15.826931216931216,1,7.0,49.78,0.4375,-0.375047204649282,0
17615,39,3,329.6,140,109.86666666666667,46.666666666666664,13,3,91,131,48.807794800967336,153.75,57.3,118.55,1.0,4.333333333333333,3.582608695652174,1,0.0,0.0,0.0,-0.6503327283726558,1
17616,83,3,571.1999999999999,224,190.39999999999998,74.66666666666667,1,3,194,277,124.64605890279886,326.4,81.6,163.2,1.0,0.3333333333333333,2.929230769230769,1,0.0,0.0,0.0,-0.14260747990213213,1
17618,157,2,666.78,247,333.39,123.5,48,2,113,271,18.540339802711294,346.5,320.28,333.39,1.0,24.0,5.848947368421053,1,0.0,0.0,0.0,0.03926442840456442,0
17619,221,1,218.52,127,218.52,127.0,71,1,0,221,0.0,218.52,218.52,218.52,1.0,71.0,218.52,1,0.0,0.0,0.0,-0.9954446064139941,1
17621,221,2,901.78,310,450.89,155.0,15,2,41,263,299.0920263062859,662.38,239.4,450.89,1.0,7.5,21.47095238095238,1,1.0,43.8,0.3333333333333333,0.4685305390017502,0
17624,127,1,400.3,312,400.3,312.0,25,1,0,127,0.0,400.3,400.3,400.3,1.0,25.0,400.3,1,0.0,0.0,0.0,-0.9975080986792924,0
17625,49,2,1234.78,847,617.39,423.5,161,2,117,167,95.75640030828232,685.1,549.68,617.39,1.0,80.5,10.464237288135593,1,0.0,0.0,0.0,0.10958261179174293,0
17629,29,5,798.38,665,159.676,133.0,66,5,239,269,85.81262395475389,266.36,83.25,108.94,1.0,13.2,3.3265833333333332,1,1.0,30.0,0.16666666666666666,-0.26475518526858316,0
17630,79,2,503.59999999999997,158,251.79999999999998,79.0,24,2,62,141,118.36967517062807,335.5,168.1,251.8,1.0,12.0,7.993650793650793,1,0.0,0.0,0.0,-0.33174791914387636,1
17631,46,2,416.5,185,208.25,92.5,29,2,95,141,133.36033893178288,302.55,113.95,208.25,1.0,14.5,4.338541666666667,1,0.0,0.0,0.0,-0.45173652694610783,0
17633,12,2,648.61,275,324.305,137.5,30,2,17,29,12.141023432973013,332.89,315.71999999999997,324.30499999999995,1.0,15.0,36.03388888888889,1,2.0,82.5,0.5,-0.026431243361401482,0
17634,1,7,2080.45,652,297.20714285714286,93.14285714285714,177,7,245,247,243.49218513909136,785.65,105.99000000000001,172.18,1.0,25.285714285714285,8.457113821138211,1,0.0,0.0,0.0,-0.3509236349660093,0
17637,24,1,338.95,215,338.95,215.0,24,1,0,24,0.0,338.95,338.95,338.95,1.0,24.0,338.95,1,0.0,0.0,0.0,-0.997058390939844,0
17639,185,1,108.5,49,108.5,49.0,7,1,0,185,0.0,108.5,108.5,108.5,1.0,7.0,108.5,1,0.0,0.0,0.0,-0.9908675799086758,1
17642,29,2,712.29,474,356.145,237.0,34,2,56,85,55.373532034718515,395.3,316.99,356.145,1.0,17.0,12.496315789473684,1,0.0,0.0,0.0,-0.10978704313813457,1
17643,282,1,101.55,71,101.55,71.0,8,1,0,282,0.0,101.55,101.55,101.55,1.0,8.0,101.55,1,0.0,0.0,0.0,-0.9902486591906388,1
17644,29,7,1625.63,898,232.23285714285717,128.28571428571428,64,5,140,170,176.40006422091477,442.47,32.55,314.86,1.4,9.142857142857142,11.529290780141844,1,12.0,126.66,0.631578947368421,-0.13396408525602008,0
17646,128,3,1008.39,323,336.13,107.66666666666667,46,3,145,274,80.71017098234896,411.54,251.0,345.85,1.0,15.333333333333334,6.906780821917808,1,3.0,12.73,0.5,0.5016792320114128,1
17648,102,3,1107.39,289,369.13000000000005,96.33333333333333,62,2,57,159,282.2042846946162,583.87,49.5,474.02,1.5,20.666666666666668,19.09293103448276,1,1.0,7.95,0.25,-0.05444834399444241,0
17649,47,1,868.49,399,868.49,399.0,52,1,0,47,0.0,868.49,868.49,868.49,1.0,52.0,868.49,1,1.0,6.75,0.5,-0.9988499005163947,1
17651,65,4,1148.01,682,287.0025,170.5,52,3,21,86,148.36705842268358,377.61,65.4,352.5,1.3333333333333333,13.0,52.182272727272725,1,7.0,58.330000000000005,0.6363636363636364,-0.22801368134306926,0
17652,53,6,2713.57,1469,452.2616666666667,244.83333333333334,101,6,136,190,258.49264317706735,811.36,185.8,387.03999999999996,1.0,16.833333333333332,19.807080291970806,1,11.0,130.59,0.6470588235294118,0.5338193526046482,0
17653,9,2,343.34,687,171.67,343.5,9,2,20,29,11.92182033080517,180.1,163.24,171.67000000000002,1.0,4.5,16.34952380952381,1,6.0,31.68,0.75,0.048963234012894194,0
17654,186,1,117.55,41,117.55,41.0,22,1,0,186,0.0,117.55,117.55,117.55,1.0,22.0,117.55,1,0.0,0.0,0.0,-0.9915647406157739,1
17655,26,5,1903.3300000000002,833,380.66600000000005,166.6,54,5,249,275,165.22007226726416,676.1,300.63,306.70000000000005,1.0,10.8,7.613320000000001,1,2.0,67.2,0.2857142857142857,-0.36236891715196423,0
17656,15,3,927.65,463,309.21666666666664,154.33333333333334,35,3,22,38,38.15196237853742,341.58,267.15,318.92,1.0,11.666666666666666,40.332608695652176,1,0.0,0.0,0.0,0.2632746459914931,0
17658,120,1,317.59999999999997,216,317.59999999999997,216.0,9,1,0,120,0.0,317.59999999999997,317.59999999999997,317.59999999999997,1.0,9.0,317.59999999999997,1,4.0,109.53999999999999,0.8,-0.9968612680477087,0
17659,9,9,1653.03,821,183.67,91.22222222222223,68,9,271,281,180.7287466757848,595.29,14.850000000000001,112.15,1.0,7.555555555555555,6.077316176470588,1,3.0,44.709999999999994,0.25,0.42510111666656586,0
17660,50,1,196.0,130,196.0,130.0,37,1,0,50,0.0,196.0,196.0,196.0,1.0,37.0,196.0,1,0.0,0.0,0.0,-0.9949238578680203,1
17663,64,4,1016.53,425,254.1325,106.25,33,4,132,196,80.35736779121957,371.39,188.87,228.135,1.0,8.25,7.643082706766917,1,4.0,14.64,0.5,-0.10219846097903748,0
17664,121,1,326.19,409,326.19,409.0,23,1,0,121,0.0,326.19,326.19,326.19,1.0,23.0,326.19,1,0.0,0.0,0.0,-0.9969436718726122,0
17667,71,4,1751.01,903,437.7525,225.75,81,3,137,208,359.8393055587452,928.05,62.120000000000005,380.42,1.3333333333333333,20.25,12.688478260869566,1,0.0,0.0,0.0,-0.059982534346265104,0
17669,31,5,2433.22,1398,486.64399999999995,279.6,38,5,127,159,91.7587526070402,619.5,368.5,475.5,1.0,7.6,19.00953125,1,0.0,0.0,0.0,-0.32403809023013536,0
17670,137,1,205.7,110,205.7,110.0,11,1,0,137,0.0,205.7,205.7,205.7,1.0,11.0,205.7,1,0.0,0.0,0.0,-0.9951620706337687,1
17671,67,3,1098.55,524,366.18333333333334,174.66666666666666,38,3,207,274,47.08708138474219,394.18,311.82,392.54999999999995,1.0,12.666666666666666,5.281490384615385,1,8.0,288.63,0.7272727272727273,0.28210631622027194,0
17672,218,1,1177.8400000000001,643,1177.8400000000001,643.0,41,1,0,218,0.0,1177.8400000000001,1177.8400000000001,1177.8400000000001,1.0,41.0,1177.8400000000001,1,5.0,71.55,0.8333333333333334,-0.9991517084591632,0
17673,71,4,1209.77,1087,302.4425,271.75,110,4,157,229,117.5556737252609,402.41999999999996,142.52,332.41499999999996,1.0,27.5,7.656772151898734,1,1.0,6.9,0.2,-0.28936131552648314,0
17674,278,1,300.66,349,300.66,349.0,11,1,0,278,0.0,300.66,300.66,300.66,1.0,11.0,300.66,1,0.0,0.0,0.0,-0.9966850096134722,0
17675,10,23,14074.19,5555,611.9213043478261,241.52173913043478,179,22,266,276,298.9537328189818,1532.76,239.46,555.8,1.0454545454545454,7.782608695652174,52.71232209737828,1,16.0,276.18,0.41025641025641024,0.24577217074867194,0
17676,18,4,730.84,468,182.71,117.0,31,4,257,275,120.93717322091942,300.7,16.5,206.82,1.0,7.75,2.832713178294574,1,1.0,4.41,0.2,0.1768692610406646,0
17677,9,20,11684.35,7048,584.2175,352.4,125,11,268,278,626.3937071159588,1798.33,16.95,405.04999999999995,1.8181818181818181,6.25,43.436245353159855,1,17.0,144.01,0.4594594594594595,0.23867920087973404,0
17678,173,1,298.11,207,298.11,207.0,16,1,0,173,0.0,298.11,298.11,298.11,1.0,16.0,298.11,1,0.0,0.0,0.0,-0.9966567483534485,1
17682,24,5,1899.3500000000001,989,379.87,197.8,39,5,253,277,31.364114844835004,429.12,350.12,365.79,1.0,7.8,7.4777559055118115,1,1.0,15.0,0.16666666666666666,0.2024732286157813,0
17685,176,5,1512.72,888,302.544,177.6,39,5,105,281,169.8025549866668,452.52,10.5,361.5,1.0,7.8,14.270943396226416,1,0.0,0.0,0.0,-0.09005628517823636,0
17686,30,5,4589.35,1960,917.8700000000001,392.0,174,3,182,212,702.7638846725121,1592.61,12.64,1044.54,1.6666666666666667,34.8,25.07841530054645,1,0.0,0.0,0.0,0.30588735063775097,0
17690,11,11,3526.68,1254,320.6072727272727,114.0,144,10,271,282,300.23303745893486,895.5,71.4,239.70000000000002,1.1,13.090909090909092,12.965735294117646,1,2.0,9.5,0.15384615384615385,-0.1283052884615385,0
17691,267,2,290.40000000000003,134,145.20000000000002,67.0,18,2,10,278,3.8183766184073704,147.9,142.5,145.2,1.0,9.0,26.400000000000002,1,0.0,0.0,0.0,0.018531228551818824,1
17692,36,4,740.9399999999999,672,185.23499999999999,168.0,34,4,232,268,108.57516152417182,343.26,110.7,143.49,1.0,8.5,3.1799999999999997,1,1.0,7.5,0.2,-0.22505863007790383,1
17693,46,1,200.47,231,200.47,231.0,16,1,0,46,0.0,200.47,200.47,200.47,1.0,16.0,200.47,1,2.0,13.45,0.6666666666666666,-0.9950364818583411,1
17694,51,1,283.12,184,283.12,184.0,15,1,0,51,0.0,283.12,283.12,283.12,1.0,15.0,283.12,1,0.0,0.0,0.0,-0.9964803604110939,1
17695,41,2,765.34,779,382.67,389.5,30,2,39,81,41.11118825818586,411.74,353.6,382.67,1.0,15.0,19.1335,1,0.0,0.0,0.0,0.0758671085940966,1
17696,17,7,1915.5900000000001,1323,273.6557142857143,189.0,71,6,256,274,140.41564441057875,402.08000000000004,17.700000000000003,318.24,1.1666666666666667,10.142857142857142,7.453657587548639,1,11.0,84.66,0.6111111111111112,0.48414632237463406,0
17697,145,1,338.95,93,338.95,93.0,19,1,0,145,0.0,338.95,338.95,338.95,1.0,19.0,338.95,1,0.0,0.0,0.0,-0.997058390939844,1
17698,170,1,154.95,93,154.95,93.0,8,1,0,170,0.0,154.95,154.95,154.95,1.0,8.0,154.95,1,0.0,0.0,0.0,-0.9935876883616543,1
17700,4,3,1681.83,825,560.61,275.0,78,3,186,190,40.00278115331485,602.61,522.96,556.26,1.0,26.0,8.993743315508022,1,4.0,25.75,0.5714285714285714,-0.3383051169755709,0
17701,162,1,417.95,109,417.95,109.0,24,1,0,162,0.0,417.95,417.95,417.95,1.0,24.0,417.95,1,0.0,0.0,0.0,-0.9976130803198472,1
17702,18,3,1338.77,1051,446.25666666666666,350.3333333333333,46,3,97,115,114.29186512317196,563.64,335.33,439.8,1.0,15.333333333333334,13.66091836734694,1,6.0,104.65,0.6666666666666666,-0.1578554528016003,0
17703,18,2,490.96,376,245.48,188.0,32,2,29,47,23.10824960917638,261.82,229.14,245.48,1.0,16.0,16.365333333333332,1,0.0,0.0,0.0,0.0664281648914546,0
17704,78,2,885.19,343,442.595,171.5,27,2,71,149,78.21308106704403,497.90000000000003,387.29,442.595,1.0,13.5,12.294305555555557,1,0.0,0.0,0.0,0.12481522021236982,1
17705,16,6,968.0,551,161.33333333333334,91.83333333333333,42,6,194,211,74.99401753917886,308.2,107.0,135.65,1.0,7.0,4.964102564102564,1,5.0,42.4,0.45454545454545453,0.26150670794633646,0
17706,9,12,8027.5,3049,668.9583333333334,254.08333333333334,246,9,266,276,857.5253207693672,2662.17,38.8,294.28999999999996,1.3333333333333333,20.5,30.06554307116105,1,13.0,407.12000000000006,0.52,0.7784517655851031,0
17707,94,2,152.4,144,76.2,72.0,3,2,151,245,10.606601717798213,83.7,68.7,76.2,1.0,1.5,1.0026315789473685,1,0.0,0.0,0.0,-0.09778357235984354,1
17708,97,2,267.08,91,133.54,45.5,28,2,137,234,32.4420591208388,156.48,110.6,133.54,1.0,14.0,1.9353623188405795,1,0.0,0.0,0.0,0.17114294240525216,1
17709,79,1,137.45,17,137.45,17.0,7,1,0,79,0.0,137.45,137.45,137.45,1.0,7.0,137.45,1,0.0,0.0,0.0,-0.9927771758757674,1
17711,199,1,220.53000000000003,107,220.53000000000003,107.0,13,1,0,199,0.0,220.53000000000003,220.53000000000003,220.53000000000003,1.0,13.0,220.53000000000003,1,0.0,0.0,0.0,-0.9954859386990476,0
17714,230,1,153.0,92,153.0,92.0,10,1,0,230,0.0,153.0,153.0,153.0,1.0,10.0,153.0,1,0.0,0.0,0.0,-0.9935064935064936,1
17715,110,1,326.4,384,326.4,384.0,1,1,0,110,0.0,326.4,326.4,326.4,1.0,1.0,326.4,1,0.0,0.0,0.0,-0.9969456322541234,1
17716,4,7,4136.66,2323,590.9514285714286,331.85714285714283,137,5,173,177,402.4787956082726,1175.32,25.200000000000003,665.46,1.4,19.571428571428573,23.77390804597701,1,9.0,150.2,0.5625,0.2980960252896565,0
17718,141,1,139.35,83,139.35,83.0,6,1,0,141,0.0,139.35,139.35,139.35,1.0,6.0,139.35,1,0.0,0.0,0.0,-0.9928749554684717,1
17719,15,12,4477.4,2118,373.1166666666666,176.5,100,12,149,165,128.8887402045468,658.38,233.51,311.19,1.0,8.333333333333334,29.84933333333333,1,4.0,28.240000000000002,0.25,0.11934619506966775,0
17720,22,3,887.6,418,295.8666666666667,139.33333333333334,32,3,254,277,172.04787047020758,430.38,102.0,355.21999999999997,1.0,10.666666666666666,3.4807843137254904,1,0.0,0.0,0.0,0.7693000225073149,0
17722,5,4,2424.04,1595,606.01,398.75,111,4,270,276,308.8042791154293,910.14,323.16,595.37,1.0,27.75,8.94479704797048,1,5.0,43.4,0.5555555555555556,-0.43839276877907163,1
17723,36,6,3276.4000000000005,792,546.0666666666667,132.0,4,6,87,123,189.83733738826686,830.0000000000001,331.80000000000007,518.75,1.0,0.6666666666666666,37.23181818181819,1,0.0,0.0,0.0,-0.11332153536339783,1
17724,47,1,373.1,78,373.1,78.0,11,1,0,47,0.0,373.1,373.1,373.1,1.0,11.0,373.1,1,5.0,37.35,0.8333333333333334,-0.9973269179363806,0
17725,10,8,2507.12,1610,313.39,201.25,94,8,166,176,10.348821879118148,337.71000000000004,304.16,310.65,1.0,11.75,15.012694610778443,1,6.0,67.95,0.42857142857142855,-0.012814378897341475,0
17730,15,8,3055.77,2152,381.97125,269.0,86,8,220,235,88.65919055373139,586.01,311.48,357.315,1.0,10.75,13.827013574660633,1,2.0,9.65,0.2,0.053975274554513425,0
17731,37,3,963.74,350,321.24666666666667,116.66666666666667,38,2,54,92,27.74788340276305,352.91,301.17,309.65999999999997,1.5,12.666666666666666,17.522545454545455,1,16.0,361.90999999999997,0.8421052631578947,-0.37460870286294745,0
17732,282,1,303.97,93,303.97,93.0,18,1,0,282,0.0,303.97,303.97,303.97,1.0,18.0,303.97,1,0.0,0.0,0.0,-0.9967209889497327,1
17733,171,1,216.95000000000002,87,216.95000000000002,87.0,12,1,0,171,0.0,216.95000000000002,216.95000000000002,216.95000000000002,1.0,12.0,216.95000000000002,1,0.0,0.0,0.0,-0.995411791695343,0
17734,46,2,540.21,343,270.105,171.5,31,2,96,143,222.20830598787256,427.23,112.97999999999999,270.105,1.0,15.5,5.569175257731959,1,0.0,0.0,0.0,0.5806433731823136,0
17735,3,16,11091.24,6817,693.2025,426.0625,270,15,274,277,201.99804845591953,954.0,228.3,715.4749999999999,1.0666666666666667,16.875,40.33178181818182,1,0.0,0.0,0.0,0.28432670046807496,0
17736,22,1,307.49,213,307.49,213.0,23,1,0,22,0.0,307.49,307.49,307.49,1.0,23.0,307.49,1,1.0,39.95,0.5,-0.9967584038380498,0
17738,58,3,1571.49,711,523.83,237.0,72,2,133,191,291.9313160659541,779.92,205.95,585.62,1.5,24.0,11.727537313432835,1,2.0,15.7,0.4,0.007408632169362025,0
17739,106,3,1070.77,411,356.92333333333335,137.0,16,3,163,269,32.93720743070567,388.18,322.53000000000003,360.06,1.0,5.333333333333333,6.529085365853659,1,1.0,5.300000000000001,0.25,-0.2746951304850854,0
17742,22,2,355.11,89,177.555,44.5,13,2,219,242,176.79790850007248,302.57,52.54,177.555,1.0,6.5,1.6141363636363637,1,0.0,0.0,0.0,-0.7021145151778945,1
17744,160,4,1288.96,1686,322.24,421.5,50,4,107,267,41.82902341676172,377.52,280.56,315.44,1.0,12.5,11.934814814814816,1,1.0,31.32,0.2,-0.5642345499085242,0
17746,149,1,110.25,29,110.25,29.0,6,1,0,149,0.0,110.25,110.25,110.25,1.0,6.0,110.25,1,2.0,11.45,0.6666666666666666,-0.9910112359550561,1
17747,22,1,71.4,12,71.4,12.0,1,1,0,22,0.0,71.4,71.4,71.4,1.0,1.0,71.4,1,1.0,6.75,0.5,-0.9861878453038674,1
17749,87,2,674.52,320,337.26,160.0,33,2,78,165,44.90128060534577,369.01,305.51,337.26,1.0,16.5,8.538227848101265,1,0.0,0.0,0.0,-0.09400165798199905,1
17750,8,5,1271.46,2778,254.292,555.6,93,5,65,73,58.57492526670436,323.0,191.74,240.66,1.0,18.6,19.264545454545456,1,0.0,0.0,0.0,-0.31958568442230006,0
17752,268,1,80.64,192,80.64,192.0,1,1,0,268,0.0,80.64,80.64,80.64,1.0,1.0,80.64,1,0.0,0.0,0.0,-0.9877511024007839,1
17754,51,2,575.06,844,287.53,422.0,38,2,118,169,32.93703386766939,310.82,264.24,287.53,1.0,19.0,4.832436974789916,1,1.0,32.34,0.3333333333333333,0.08085963267715167,0
17757,23,20,3320.4500000000003,1803,166.0225,90.15,190,20,257,281,52.21654626598132,353.7,115.35,149.875,1.0,9.5,12.86996124031008,1,1.0,19.8,0.047619047619047616,-0.08297279802495895,0
17758,61,4,1436.2,907,359.05,226.75,172,3,97,159,237.72005777104013,583.79,25.75,413.33000000000004,1.3333333333333333,43.0,14.655102040816328,1,0.0,0.0,0.0,-0.468591706095185,0
17759,78,2,167.15,77,83.575,38.5,18,1,0,78,87.15091078124196,145.2,21.95,83.57499999999999,2.0,9.0,167.15,1,0.0,0.0,0.0,-0.7329765090692832,0
17760,282,1,172.54,165,172.54,165.0,9,1,0,282,0.0,172.54,172.54,172.54,1.0,9.0,172.54,1,0.0,0.0,0.0,-0.9942376397372363,0
17763,172,1,15.0,12,15.0,12.0,1,1,0,172,0.0,15.0,15.0,15.0,1.0,1.0,15.0,1,0.0,0.0,0.0,-0.9375,1
17764,120,1,261.97,148,261.97,148.0,17,1,0,120,0.0,261.97,261.97,261.97,1.0,17.0,261.97,1,0.0,0.0,0.0,-0.996197284861391,0
17765,68,3,371.88,144,123.96,48.0,51,3,98,166,16.15637026067428,141.3,109.33,121.25,1.0,17.0,3.7563636363636363,1,0.0,0.0,0.0,-0.41090967603518563,1
17768,75,1,411.33,125,411.33,125.0,22,1,0,75,0.0,411.33,411.33,411.33,1.0,22.0,411.33,1,0.0,0.0,0.0,-0.9975747580821187,0
17769,48,4,1828.73,1075,457.1825,268.75,129,4,181,230,136.50038128762375,624.12,319.85,442.38,1.0,32.25,10.047967032967033,1,3.0,37.35,0.42857142857142855,0.032359965677996226,0
17770,108,5,1143.27,365,228.654,73.0,33,4,83,191,223.21622942788008,603.17,52.9,123.3,1.25,6.6,13.610357142857143,1,0.0,0.0,0.0,-0.5123528537845089,1
17771,232,1,115.8,110,115.8,110.0,22,1,0,232,0.0,115.8,115.8,115.8,1.0,22.0,115.8,1,0.0,0.0,0.0,-0.9914383561643836,0
17774,6,4,1225.41,512,306.3525,128.0,123,4,208,214,91.32814293341711,394.88,219.98999999999998,305.27,1.0,30.75,5.863205741626794,1,1.0,9.95,0.2,0.028889196924356413,1
17775,164,1,56.4,72,56.4,72.0,3,1,0,164,0.0,56.4,56.4,56.4,1.0,3.0,56.4,1,0.0,0.0,0.0,-0.9825783972125436,1
17777,9,1,194.7,163,194.7,163.0,63,1,0,9,0.0,194.7,194.7,194.7,1.0,63.0,194.7,1,0.0,0.0,0.0,-0.9948901379662749,0
17779,53,1,323.09,248,323.09,248.0,34,1,0,53,0.0,323.09,323.09,323.09,1.0,34.0,323.09,1,2.0,16.4,0.6666666666666666,-0.9969144373476504,0
17781,68,2,188.02,34,94.01,17.0,12,2,93,162,11.299566363361027,102.0,86.02,94.00999999999999,1.0,6.0,2.000212765957447,1,0.0,0.0,0.0,-0.08454131837900752,1
17783,157,1,112.41,53,112.41,53.0,30,1,0,157,0.0,112.41,112.41,112.41,1.0,30.0,112.41,1,0.0,0.0,0.0,-0.9911824354113394,0
17786,226,1,114.85,56,114.85,56.0,24,1,0,226,0.0,114.85,114.85,114.85,1.0,24.0,114.85,1,0.0,0.0,0.0,-0.9913681484678464,0
17787,62,4,1865.19,910,466.2975,227.5,94,4,218,280,243.49426637671235,736.28,149.02,489.945,1.0,23.5,8.516849315068493,1,0.0,0.0,0.0,-0.8397590813368414,1
17788,39,1,16.7,3,16.7,3.0,3,1,0,39,0.0,16.7,16.7,16.7,1.0,3.0,16.7,1,0.0,0.0,0.0,-0.943502824858757,0
17789,190,1,225.9,74,225.9,74.0,14,1,0,190,0.0,225.9,225.9,225.9,1.0,14.0,225.9,1,0.0,0.0,0.0,-0.9955927721463199,1
17790,29,12,1363.51,595,113.62583333333333,49.583333333333336,79,10,244,274,53.493417514907776,205.22,0.95,120.525,1.2,6.583333333333333,5.565346938775511,1,0.0,0.0,0.0,0.08550322093645335,0
17795,89,2,350.39,341,175.195,170.5,43,2,85,174,16.89278100254664,187.14000000000001,163.25,175.195,1.0,21.5,4.074302325581395,1,0.0,0.0,0.0,0.06798713679956747,1
17796,223,3,622.0,160,207.33333333333334,53.333333333333336,60,3,56,279,85.20082648268932,282.25,114.65,225.1,1.0,20.0,10.912280701754385,1,0.0,0.0,0.0,0.6303370786516854,0
17797,92,1,272.41,249,272.41,249.0,44,1,0,92,0.0,272.41,272.41,272.41,1.0,44.0,272.41,1,0.0,0.0,0.0,-0.9963424893017812,0
17799,8,9,2531.75,1349,281.30555555555554,149.88888888888889,245,8,262,270,206.8131708276283,614.38,6.35,223.48,1.125,27.22222222222222,9.626425855513308,1,2.0,29.849999999999998,0.18181818181818182,-0.09669726581778694,0
17800,0,7,916.6,564,130.94285714285715,80.57142857142857,41,7,242,243,23.137369278784856,169.8,103.65,124.9,1.0,5.857142857142857,3.7720164609053497,1,0.0,0.0,0.0,0.22547951176983433,0
17802,89,2,632.4200000000001,407,316.21000000000004,203.5,66,2,192,281,305.4842716082123,532.22,100.2,316.21000000000004,1.0,33.0,3.2767875647668396,1,7.0,33.2,0.7777777777777778,0.6820435098354962,0
17809,38,8,2856.71,743,357.08875,92.875,33,7,244,283,273.78022653411523,791.7,34.8,347.5,1.1428571428571428,4.125,11.66004081632653,1,3.0,784.29,0.2727272727272727,-0.3032812986622156,0
17811,1,24,4864.16,2318,202.67333333333332,96.58333333333333,244,24,241,243,235.02490111672748,1271.55,103.7,143.23000000000002,1.0,10.166666666666666,20.0998347107438,1,21.0,160.02,0.4666666666666667,-0.4721859096103726,0
17812,277,1,217.54999999999998,144,217.54999999999998,144.0,27,1,0,277,0.0,217.54999999999998,217.54999999999998,217.54999999999998,1.0,27.0,217.54999999999998,1,0.0,0.0,0.0,-0.9954243880118966,0
17816,178,2,21.31,22,10.655,11.0,11,2,96,274,7.855956338982544,16.21,5.1,10.655000000000001,1.0,5.5,0.21969072164948453,1,0.0,0.0,0.0,-0.49798296727924707,0
17817,186,2,269.7,26,134.85,13.0,12,1,0,186,85.06494577674167,195.0,74.7,134.85,2.0,6.0,269.7,1,0.0,0.0,0.0,0.444403398596232,0
17819,92,6,3468.47,991,578.0783333333333,165.16666666666666,36,6,188,280,258.7291704788362,855.9999999999999,189.83999999999997,595.46,1.0,6.0,18.35169312169312,1,1.0,43.8,0.14285714285714285,-0.05873231358103687,0
17827,151,4,1583.81,961,395.9525,240.25,140,2,122,274,358.5355602424023,919.8,115.08000000000001,274.465,2.0,35.0,12.87650406504065,1,0.0,0.0,0.0,-0.6056183391068961,0
17828,19,3,1076.66,481,358.8866666666667,160.33333333333334,51,3,75,94,420.8556267098413,833.16,30.0,213.5,1.0,17.0,14.166578947368421,1,15.0,220.12,0.8333333333333334,-0.602843197297849,0
17829,208,1,889.24,496,889.24,496.0,30,1,0,208,0.0,889.24,889.24,889.24,1.0,30.0,889.24,1,0.0,0.0,0.0,-0.9988767074047448,1
17830,171,2,287.65000000000003,65,143.82500000000002,32.5,15,2,27,198,63.17999089901801,188.5,99.15,143.825,1.0,7.5,10.273214285714287,1,0.0,0.0,0.0,-0.30954443097176504,0
17837,57,3,376.51,102,125.50333333333333,34.0,23,3,15,72,5.29386752132439,130.26,119.8,126.44999999999999,1.0,7.666666666666667,23.531875,1,3.0,32.85,0.5,0.3626658896453073,0
17838,201,3,1687.7,1040,562.5666666666667,346.6666666666667,64,3,79,281,298.5697923992535,752.14,218.4,717.1600000000001,1.0,21.333333333333332,21.09625,1,16.0,466.6,0.8421052631578947,-0.10861609522117609,0
17841,1,81,23501.86,12793,290.14641975308643,157.93827160493828,1053,76,281,282,158.86030595548908,822.86,4.25,252.22,1.0657894736842106,13.0,83.33992907801418,1,136.0,650.79,0.6267281105990783,0.2827375051376726,0
17843,212,1,205.48,113,205.48,113.0,36,1,0,212,0.0,205.48,205.48,205.48,1.0,36.0,205.48,1,0.0,0.0,0.0,-0.9951569159240604,1
17844,16,1,51.559999999999995,52,51.559999999999995,52.0,5,1,0,16,0.0,51.559999999999995,51.559999999999995,51.559999999999995,1.0,5.0,51.559999999999995,1,0.0,0.0,0.0,-0.9809741248097412,1
17848,37,8,821.5999999999999,390,102.69999999999999,48.75,41,8,229,267,51.60076992781073,174.45999999999998,30.5,103.375,1.0,5.125,3.572173913043478,1,0.0,0.0,0.0,0.05453440311208366,0
17849,127,4,605.8000000000001,114,151.45000000000002,28.5,14,4,115,243,47.45994802637975,217.75,109.25,139.4,1.0,3.5,5.222413793103449,1,0.0,0.0,0.0,-0.1390903098220171,1
17850,281,34,5391.21,1733,158.565,50.970588235294116,21,2,1,283,155.46088195972953,532.01,22.200000000000003,91.76,17.0,0.6176470588235294,2695.605,1,15.0,102.58,0.30612244897959184,0.44370119116280704,1
17854,94,2,311.26,84,155.63,42.0,15,2,41,136,62.04154898130768,199.5,111.76,155.63,1.0,7.5,7.410952380952381,1,0.0,0.0,0.0,0.2809837955549862,1
17855,282,1,208.97,197,208.97,197.0,17,1,0,282,0.0,208.97,208.97,208.97,1.0,17.0,208.97,1,0.0,0.0,0.0,-0.9952374148687908,1
17856,142,3,1142.63,577,380.8766666666667,192.33333333333334,6,3,48,191,270.04619499880636,585.12,74.7,482.81,1.0,2.0,23.318979591836737,1,2.0,24.240000000000002,0.4,-0.8684889343581402,0
17857,8,14,14254.52,7712,1018.1800000000001,550.8571428571429,13,13,267,275,1620.3634458782578,5424.0,5.5,371.52,1.0769230769230769,0.9285714285714286,53.188507462686566,1,2.0,115.69999999999999,0.125,-0.07474718565159323,0
17858,25,9,3656.25,2398,406.25,266.44444444444446,65,9,253,278,357.682190463825,1305.6,79.6,320.3,1.0,7.222222222222222,14.39468503937008,1,0.0,0.0,0.0,-0.43293458199466806,0
17859,214,1,148.21,127,148.21,127.0,23,1,0,214,0.0,148.21,148.21,148.21,1.0,23.0,148.21,1,0.0,0.0,0.0,-0.9932980363246431,1
17860,278,1,252.8,104,252.8,104.0,49,1,0,278,0.0,252.8,252.8,252.8,1.0,49.0,252.8,1,0.0,0.0,0.0,-0.996059889676911,1
17861,45,5,1301.57,1053,260.31399999999996,210.6,114,4,183,229,264.6234709544866,704.01,5.2,216.12,1.25,22.8,7.0737499999999995,1,1.0,41.6,0.16666666666666666,0.29603783289957547,0
17862,233,1,330.9,100,330.9,100.0,11,1,0,233,0.0,330.9,330.9,330.9,1.0,11.0,330.9,1,0.0,0.0,0.0,-0.9969870442904489,1
17863,54,4,1785.28,1617,446.32,404.25,60,4,224,278,56.73192399346245,505.98,384.71999999999997,447.28999999999996,1.0,15.0,7.934577777777777,1,0.0,0.0,0.0,0.0021721118749580743,0
17864,185,1,208.41,383,208.41,383.0,29,1,0,185,0.0,208.41,208.41,208.41,1.0,29.0,208.41,1,0.0,0.0,0.0,-0.9952246788596533,0
17865,17,12,7017.34,3533,584.7783333333333,294.4166666666667,145,11,256,273,312.4182597629872,1142.88,92.30000000000001,625.76,1.0909090909090908,12.083333333333334,27.304824902723738,1,19.0,367.78,0.6129032258064516,0.059814714020694375,0
17866,52,1,329.65,174,329.65,174.0,9,1,0,52,0.0,329.65,329.65,329.65,1.0,9.0,329.65,1,1.0,3.95,0.5,-0.9969756540148192,1
17867,53,4,957.48,374,239.37,93.5,8,3,145,198,241.35635603812054,578.5500000000001,25.5,176.715,1.3333333333333333,2.0,6.558082191780822,1,2.0,574.35,0.3333333333333333,0.9457474334362741,0
17869,16,5,428.18,111,85.636,22.2,37,4,260,277,82.26748890053713,214.32,5.55,91.09,1.25,7.4,1.640536398467433,1,0.0,0.0,0.0,-0.42555571089053534,1
17870,1,7,749.97,519,107.13857142857144,74.14285714285714,83,4,275,276,107.21781388503364,326.4,15.45,83.99,1.75,11.857142857142858,2.717282608695652,1,1.0,4.95,0.125,0.12939265216986032,0
17871,114,1,155.9,182,155.9,182.0,10,1,0,114,0.0,155.9,155.9,155.9,1.0,10.0,155.9,1,0.0,0.0,0.0,-0.9936265137029955,1
17873,93,4,1587.1200000000001,927,396.78000000000003,231.75,23,4,188,282,128.59517798113586,490.05000000000007,215.14999999999998,440.96000000000004,1.0,5.75,8.397460317460318,1,2.0,94.80000000000001,0.3333333333333333,0.11665365337631915,0
17874,94,6,683.46,221,113.91000000000001,36.833333333333336,37,3,70,165,133.298478010816,371.29,6.0,79.805,2.0,6.166666666666667,9.626197183098592,1,1.0,25.200000000000003,0.14285714285714285,-0.6398328609414722,1
17877,79,1,237.61,98,237.61,98.0,12,1,0,79,0.0,237.61,237.61,237.61,1.0,12.0,237.61,1,0.0,0.0,0.0,-0.9958090608105277,1
17879,83,1,178.51999999999998,45,178.51999999999998,45.0,6,1,0,83,0.0,178.51999999999998,178.51999999999998,178.51999999999998,1.0,6.0,178.51999999999998,1,0.0,0.0,0.0,-0.9944295900178253,1
17880,274,1,458.92,314,458.92,314.0,26,1,0,274,0.0,458.92,458.92,458.92,1.0,26.0,458.92,1,0.0,0.0,0.0,-0.9978257088189251,1
17881,213,1,133.35000000000002,32,133.35000000000002,32.0,8,1,0,213,0.0,133.35000000000002,133.35000000000002,133.35000000000002,1.0,8.0,133.35000000000002,1,0.0,0.0,0.0,-0.9925567547450689,1
17883,155,1,119.35,48,119.35,48.0,19,1,0,155,0.0,119.35,119.35,119.35,1.0,19.0,119.35,1,0.0,0.0,0.0,-0.9916909015371832,0
17884,221,3,602.84,555,200.9466666666667,185.0,86,3,59,281,71.50815361434897,278.21999999999997,137.11,187.51,1.0,28.666666666666668,10.047333333333334,1,0.0,0.0,0.0,-0.07684154742978277,0
17886,120,2,396.26,225,198.13,112.5,44,2,38,159,35.440191873069764,223.19,173.07,198.13,1.0,22.0,10.160512820512821,1,0.0,0.0,0.0,-0.1261642249408448,0
17887,38,1,111.35,30,111.35,30.0,10,1,0,38,0.0,111.35,111.35,111.35,1.0,10.0,111.35,1,0.0,0.0,0.0,-0.991099243435692,1
17888,70,4,307.05,545,76.7625,136.25,32,4,195,266,43.01900616781688,128.27,29.43,74.675,1.0,8.0,1.5665816326530613,1,14.0,200.26999999999998,0.7777777777777778,0.20383054698912512,0
17889,121,2,203.87,79,101.935,39.5,20,2,109,231,0.12020815280170925,102.02,101.85,101.935,1.0,10.0,1.8533636363636363,1,0.0,0.0,0.0,0.0008297945038317064,1
17890,232,2,602.09,416,301.045,208.0,88,2,38,270,248.781378824863,476.96,125.13,301.04499999999996,1.0,44.0,15.438205128205128,1,0.0,0.0,0.0,-0.5833789318343862,1
17891,71,1,203.85999999999999,393,203.85999999999999,393.0,34,1,0,71,0.0,203.85999999999999,203.85999999999999,203.85999999999999,1.0,34.0,203.85999999999999,1,0.0,0.0,0.0,-0.9951186175925022,1
17892,64,1,142.1,69,142.1,69.0,26,1,0,64,0.0,142.1,142.1,142.1,1.0,26.0,142.1,1,0.0,0.0,0.0,-0.9930118798043326,0
17893,134,1,112.25,161,112.25,161.0,15,1,0,134,0.0,112.25,112.25,112.25,1.0,15.0,112.25,1,0.0,0.0,0.0,-0.9911699779249448,1
17894,5,7,996.75,355,142.39285714285714,50.714285714285715,108,7,269,275,56.7464420953084,258.4,93.60000000000001,128.9,1.0,15.428571428571429,3.691666666666667,1,0.0,0.0,0.0,-0.7406163868704586,0
17897,82,3,566.6,229,188.86666666666667,76.33333333333333,100,3,200,283,71.21155828468675,268.73,131.98,165.89,1.0,33.333333333333336,2.818905472636816,1,1.0,25.5,0.25,-0.5331923890063425,1
17898,116,1,99.84,124,99.84,124.0,20,1,0,116,0.0,99.84,99.84,99.84,1.0,20.0,99.84,1,0.0,0.0,0.0,-0.9900833002776676,0
17899,68,1,155.8,171,155.8,171.0,29,1,0,68,0.0,155.8,155.8,155.8,1.0,29.0,155.8,1,0.0,0.0,0.0,-0.9936224489795918,1
17900,99,2,112.19999999999999,73,56.099999999999994,36.5,4,1,0,99,33.51686142824235,79.8,32.4,56.099999999999994,2.0,2.0,112.19999999999999,1,5.0,97.19999999999999,0.7142857142857143,-0.4187279151943463,1
17905,66,3,618.99,282,206.33,94.0,32,3,216,282,16.697925020792265,224.84,192.4,201.75,1.0,10.666666666666666,2.852488479262673,1,0.0,0.0,0.0,-0.27308504975886705,0
17906,156,1,72.9,26,72.9,26.0,12,1,0,156,0.0,72.9,72.9,72.9,1.0,12.0,72.9,1,0.0,0.0,0.0,-0.986468200270636,1
17908,283,1,243.28,173,243.28,173.0,51,1,0,283,0.0,243.28,243.28,243.28,1.0,51.0,243.28,1,0.0,0.0,0.0,-0.9959063369903389,1
17912,219,5,311.01,185,62.202,37.0,35,4,54,274,48.74087627443725,125.56,9.9,58.7,1.25,7.0,5.654727272727272,1,2.0,15.399999999999999,0.2857142857142857,-0.8583378737860966,1
17913,265,1,218.05,100,218.05,100.0,31,1,0,265,0.0,218.05,218.05,218.05,1.0,31.0,218.05,1,0.0,0.0,0.0,-0.9954348322300844,0
17917,165,2,230.46,131,115.23,65.5,57,2,106,272,6.1094025894517765,119.55,110.91,115.22999999999999,1.0,28.5,2.153831775700935,1,0.0,0.0,0.0,0.03732826406290504,0
17920,14,9,2406.82,1570,267.4244444444445,174.44444444444446,229,9,268,283,127.64372615909402,514.41,110.78,221.5,1.0,25.444444444444443,8.94728624535316,1,0.0,0.0,0.0,0.2555423578174448,0
17921,57,3,601.76,293,200.58666666666667,97.66666666666667,82,3,118,175,69.27970289582176,280.57,159.3,161.89000000000001,1.0,27.333333333333332,5.056806722689076,1,0.0,0.0,0.0,0.06739000597252638,0
17923,191,1,207.50000000000003,50,207.50000000000003,50.0,1,1,0,191,0.0,207.50000000000003,207.50000000000003,207.50000000000003,1.0,1.0,207.50000000000003,1,0.0,0.0,0.0,-0.9952038369304557,1
17924,211,2,502.20000000000005,108,251.10000000000002,54.0,2,2,72,283,39.45655839020935,279.0,223.20000000000002,251.10000000000002,1.0,1.0,6.8794520547945215,1,7.0,68.17,0.7777777777777778,-0.11089030206677261,0
17925,282,1,244.08,72,244.08,72.0,1,1,0,282,0.0,244.08,244.08,244.08,1.0,1.0,244.08,1,0.0,0.0,0.0,-0.9959196996898971,1
17926,42,2,397.29,306,198.645,153.0,17,2,70,113,18.50498446365196,211.73000000000002,185.56,198.645,1.0,8.5,5.595633802816901,1,0.0,0.0,0.0,-0.06570589269125515,1
17928,155,1,78.25999999999999,46,78.25999999999999,46.0,17,1,0,155,0.0,78.25999999999999,78.25999999999999,78.25999999999999,1.0,17.0,78.25999999999999,1,0.0,0.0,0.0,-0.9873832954832198,0
17929,22,3,707.0,92,235.66666666666666,30.666666666666668,4,3,195,218,37.997017426810395,272.0,196.20000000000002,238.79999999999998,1.0,1.3333333333333333,3.607142857142857,1,1.0,8.5,0.25,-0.23022598870056496,0
17930,71,2,694.14,521,347.07,260.5,19,2,77,148,61.56071637010087,390.6,303.53999999999996,347.07,1.0,9.5,8.899230769230769,1,0.0,0.0,0.0,-0.12524095865581042,0
17931,43,2,408.36,249,204.18,124.5,63,2,121,165,131.55014557194528,297.2,111.16000000000001,204.18,1.0,31.5,3.3472131147540987,1,0.0,0.0,0.0,-0.4544655071330857,1
17932,83,2,934.51,593,467.255,296.5,63,2,37,120,172.18757228673618,589.01,345.5,467.255,1.0,31.5,24.59236842105263,1,0.0,0.0,0.0,-0.26029652275229553,0
17935,47,2,145.79,82,72.895,41.0,28,2,3,51,87.22162145936063,134.57,11.22,72.895,1.0,14.0,36.4475,1,0.0,0.0,0.0,-0.8403160978268275,1
17937,24,5,3614.52,1416,722.904,283.2,19,5,247,271,413.09379428889997,1393.56,287.04,633.6,1.0,3.8,14.574677419354838,1,0.0,0.0,0.0,-0.8409412753905385,0
17939,69,1,99.14,40,99.14,40.0,12,1,0,69,0.0,99.14,99.14,99.14,1.0,12.0,99.14,1,0.0,0.0,0.0,-0.9900139804274016,1
17940,17,9,3914.44,9155,434.9377777777778,1017.2222222222222,6,8,194,212,617.0662750016763,1867.86,75.0,162.0,1.125,0.6666666666666666,20.074051282051283,1,4.0,2122.8599999999997,0.3076923076923077,-0.7686083811781051,0
17941,40,1,304.56,252,304.56,252.0,2,1,0,40,0.0,304.56,304.56,304.56,1.0,2.0,304.56,1,0.0,0.0,0.0,-0.9967273203298861,1
17946,142,2,149.57999999999998,75,74.78999999999999,37.5,18,2,26,168,80.94958431023596,132.03,17.549999999999997,74.78999999999999,1.0,9.0,5.539999999999999,1,0.0,0.0,0.0,0.7602603267366185,1
17948,56,1,358.56000000000006,144,358.56000000000006,144.0,1,1,0,56,0.0,358.56000000000006,358.56000000000006,358.56000000000006,1.0,1.0,358.56000000000006,1,0.0,0.0,0.0,-0.9972188230058961,1
17949,2,33,48209.2,20778,1460.8848484848484,629.6363636363636,26,22,278,280,2774.028814262211,13355.4,23.2,738.0,1.5,0.7878787878787878,172.79283154121862,1,9.0,5759.64,0.21428571428571427,0.8271486117045771,0
17950,274,2,263.17,186,131.585,93.0,36,1,0,274,83.10625999285493,190.35,72.82000000000001,131.585,2.0,18.0,263.17,1,1.0,10.08,0.3333333333333333,-0.44490290343339506,0
17951,267,2,409.50000000000006,220,204.75000000000003,110.0,9,2,15,283,128.3398807853584,295.5,114.0,204.75,1.0,4.5,25.593750000000004,1,1.0,17.700000000000003,0.3333333333333333,-0.4421437271619975,0
17954,32,10,1890.21,1835,189.02100000000002,183.5,269,10,247,280,103.85166402668332,336.84000000000003,19.9,181.79500000000002,1.0,26.9,7.6218145161290325,1,4.0,37.349999999999994,0.2857142857142857,-0.008507780732969854,0
17955,108,4,557.3,273,139.325,68.25,14,3,20,129,104.86633158454624,261.95,8.4,143.475,1.3333333333333333,3.5,26.538095238095234,1,0.0,0.0,0.0,-0.41357692996596823,1
17956,158,1,12.75,1,12.75,1.0,1,1,0,158,0.0,12.75,12.75,12.75,1.0,1.0,12.75,1,0.0,0.0,0.0,-0.9272727272727272,1
17958,26,1,508.4599999999999,84,508.4599999999999,84.0,7,1,0,26,0.0,508.4599999999999,508.4599999999999,508.4599999999999,1.0,7.0,508.4599999999999,1,0.0,0.0,0.0,-0.9980371373611274,1
17960,80,1,73.78,41,73.78,41.0,26,1,0,80,0.0,73.78,73.78,73.78,1.0,26.0,73.78,1,0.0,0.0,0.0,-0.9866274404921102,1
17961,33,31,1179.62,469,38.052258064516124,15.129032258064516,195,28,248,281,74.5331086032544,396.84999999999997,2.25,15.4,1.1071428571428572,6.290322580645161,4.737429718875502,1,0.0,0.0,0.0,-0.1447375107994105,0
17962,51,1,102.83,128,102.83,128.0,33,1,0,51,0.0,102.83,102.83,102.83,1.0,33.0,102.83,1,0.0,0.0,0.0,-0.9903688721949341,1
17964,281,1,261.76,195,261.76,195.0,35,1,0,281,0.0,261.76,261.76,261.76,1.0,35.0,261.76,1,0.0,0.0,0.0,-0.9961942456994977,0
17965,1,12,2271.04,1389,189.25333333333333,115.75,238,11,277,278,148.31903018544693,438.67,15.5,145.47,1.0909090909090908,19.833333333333332,8.169208633093525,1,0.0,0.0,0.0,-0.1712205771025158,0
17966,60,4,594.43,1171,148.6075,292.75,52,3,109,170,14.223415846178911,168.95,136.5,144.49,1.3333333333333333,13.0,5.4039090909090906,1,0.0,0.0,0.0,0.5045597299430664,0
17967,281,1,123.07,80,123.07,80.0,41,1,0,281,0.0,123.07,123.07,123.07,1.0,41.0,123.07,1,0.0,0.0,0.0,-0.9919400338518578,1
17968,283,1,277.35,160,277.35,160.0,74,1,0,283,0.0,277.35,277.35,277.35,1.0,74.0,277.35,1,0.0,0.0,0.0,-0.9964074007544459,1
17969,75,2,228.2,152,114.1,76.0,14,2,194,270,15.697770542341352,125.2,103.0,114.1,1.0,7.0,1.1702564102564101,1,0.0,0.0,0.0,-0.09685863874345552,1
17970,120,1,582.59,525,582.59,525.0,27,1,0,120,0.0,582.59,582.59,582.59,1.0,27.0,582.59,1,0.0,0.0,0.0,-0.9982864682396888,1
17972,151,1,136.04,37,136.04,37.0,30,1,0,151,0.0,136.04,136.04,136.04,1.0,30.0,136.04,1,0.0,0.0,0.0,-0.9927028604786924,1
17974,129,1,172.77,87,172.77,87.0,18,1,0,129,0.0,172.77,172.77,172.77,1.0,18.0,172.77,1,0.0,0.0,0.0,-0.994245266731887,0
17975,24,11,3956.0,1367,359.6363636363636,124.27272727272727,170,11,251,276,186.62660717447164,765.85,131.66,314.1,1.0,15.454545454545455,15.698412698412698,1,1.0,95.2,0.08333333333333333,0.05570381602223909,0
17976,281,1,353.19,106,353.19,106.0,56,1,0,281,0.0,353.19,353.19,353.19,1.0,56.0,353.19,1,0.0,0.0,0.0,-0.9971766565967418,1
17978,274,1,300.91999999999996,499,300.91999999999996,499.0,12,1,0,274,0.0,300.91999999999996,300.91999999999996,300.91999999999996,1.0,12.0,300.91999999999996,1,0.0,0.0,0.0,-0.9966878643349232,1
17979,78,3,504.54,276,168.18,92.0,84,2,90,169,137.95369259284072,262.87,9.9,231.77,1.5,28.0,5.544395604395604,1,1.0,19.9,0.25,0.041935356252719894,0
17980,75,3,811.45,682,270.48333333333335,227.33333333333334,23,3,193,268,23.38836961682737,295.2,248.7,267.55,1.0,7.666666666666667,4.182731958762886,1,0.0,0.0,0.0,0.2720782817404148,1
17984,54,1,152.68,98,152.68,98.0,48,1,0,54,0.0,152.68,152.68,152.68,1.0,48.0,152.68,1,0.0,0.0,0.0,-0.9934929724102031,1
17987,94,1,198.57,261,198.57,261.0,13,1,0,94,0.0,198.57,198.57,198.57,1.0,13.0,198.57,1,0.0,0.0,0.0,-0.9949892268377011,1
17988,26,5,146.0,27,29.2,5.4,25,3,209,236,27.828724368896253,64.99000000000001,2.95,13.370000000000001,1.6666666666666667,5.0,0.6952380952380952,1,1.0,9.95,0.16666666666666666,0.10897959183673457,0
17990,146,3,630.84,414,210.28,138.0,27,3,124,271,91.10211413573235,314.84000000000003,148.0,168.0,1.0,9.0,5.0467200000000005,1,0.0,0.0,0.0,-0.001835907824765713,1
17991,134,2,93.35,25,46.675,12.5,4,2,0,135,57.664558005762956,87.45,5.9,46.675000000000004,1.0,2.0,93.35,1,0.0,0.0,0.0,0.8643349231584526,1
17994,31,4,678.49,497,169.6225,124.25,63,4,169,200,124.68304278583088,307.25,21.9,174.67000000000002,1.0,15.75,3.9911176470588234,1,3.0,48.8,0.42857142857142855,0.029713461566763303,1
17995,191,1,76.1,133,76.1,133.0,2,1,0,191,0.0,76.1,76.1,76.1,1.0,2.0,76.1,1,0.0,0.0,0.0,-0.9870298313878081,1
17997,1,6,1719.96,2060,286.66,343.3333333333333,118,6,71,73,142.15180378735968,532.21,124.33,283.40999999999997,1.0,19.666666666666668,23.888333333333335,1,14.0,459.37,0.7,-0.4843110821866865,0
17999,275,1,190.34,94,190.34,94.0,37,1,0,275,0.0,190.34,190.34,190.34,1.0,37.0,190.34,1,0.0,0.0,0.0,-0.9947737012647643,0
18004,271,1,169.47,78,169.47,78.0,32,1,0,271,0.0,169.47,169.47,169.47,1.0,32.0,169.47,1,0.0,0.0,0.0,-0.9941338651962222,1
18008,112,7,2065.41,1517,295.0585714285714,216.71428571428572,22,6,115,228,234.48510687806817,615.0,17.0,175.1,1.1666666666666667,3.142857142857143,17.805258620689653,1,0.0,0.0,0.0,0.7034373623821024,0
18009,144,1,257.34,126,257.34,126.0,31,1,0,144,0.0,257.34,257.34,257.34,1.0,31.0,257.34,1,1.0,5.1,0.5,-0.9961291321514284,1
18010,166,1,174.8,60,174.8,60.0,14,1,0,166,0.0,174.8,174.8,174.8,1.0,14.0,174.8,1,0.0,0.0,0.0,-0.9943117178612059,1
18011,282,1,102.78999999999999,71,102.78999999999999,71.0,28,1,0,282,0.0,102.78999999999999,102.78999999999999,102.78999999999999,1.0,28.0,102.78999999999999,1,0.0,0.0,0.0,-0.990365160420079,1
18013,64,2,187.29,285,93.645,142.5,31,1,0,64,118.1787563397077,177.21,10.08,93.64500000000001,2.0,15.5,187.29,1,0.0,0.0,0.0,-0.8876201603908864,1
18016,95,3,488.76,207,162.92,69.0,49,3,177,273,5.802301267600635,168.1,156.65,164.01,1.0,16.333333333333332,2.7458426966292135,1,0.0,0.0,0.0,-0.3282015681149951,0
18017,78,2,344.0,200,172.0,100.0,1,2,141,219,9.899494936611665,179.0,165.0,172.0,1.0,0.5,2.4225352112676055,1,0.0,0.0,0.0,0.04057971014492753,0
18018,17,2,122.14,55,61.07,27.5,29,2,91,108,33.4037243432525,84.69,37.45,61.07,1.0,14.5,1.327608695652174,1,0.0,0.0,0.0,0.3836283904498944,1
18024,62,2,389.78,184,194.89,92.0,21,1,0,62,201.79413321501693,337.58,52.199999999999996,194.89,2.0,10.5,389.78,1,1.0,153.0,0.3333333333333333,-0.7302830236961974,1
18027,8,1,115.31,78,115.31,78.0,21,1,0,8,0.0,115.31,115.31,115.31,1.0,21.0,115.31,1,0.0,0.0,0.0,-0.9914022869916602,1
18032,243,1,73.5,42,73.5,42.0,5,1,0,243,0.0,73.5,73.5,73.5,1.0,5.0,73.5,1,0.0,0.0,0.0,-0.9865771812080537,1
18036,14,2,254.54,154,127.27,77.0,54,2,140,155,23.29209737228488,143.74,110.8,127.27000000000001,1.0,27.0,1.8052482269503545,1,0.0,0.0,0.0,0.12890349847382018,0
18037,63,6,70.02,20,11.67,3.3333333333333335,19,6,207,271,10.658817945719871,31.3,2.1,8.725,1.0,3.1666666666666665,0.33663461538461537,1,0.0,0.0,0.0,-0.12785130949028442,1
18040,155,1,239.0,96,239.0,96.0,12,1,0,155,0.0,239.0,239.0,239.0,1.0,12.0,239.0,1,0.0,0.0,0.0,-0.9958333333333333,0
18041,13,16,3084.13,2777,192.758125,173.5625,227,15,269,282,74.45633639646348,377.7,105.0,197.58499999999998,1.0666666666666667,14.1875,11.422703703703704,1,2.0,22.25,0.1111111111111111,-0.45688512315526414,0
18043,116,2,451.81,246,225.905,123.0,87,2,160,276,128.06410914069562,316.46,135.35,225.90499999999997,1.0,43.5,2.806273291925466,1,0.0,0.0,0.0,-0.39996908195490377,0
18044,75,7,1105.53,651,157.93285714285713,93.0,63,7,194,270,92.29103382132809,289.25,72.12,124.15,1.0,9.0,5.669384615384615,1,1.0,2.95,0.125,0.7345395063848246,0
18048,112,2,172.29000000000002,127,86.14500000000001,63.5,6,1,0,112,116.45341579361252,168.49,3.8,86.14500000000001,2.0,3.0,172.29000000000002,1,0.0,0.0,0.0,-0.9503722084367244,1
18050,268,1,74.4,40,74.4,40.0,5,1,0,268,0.0,74.4,74.4,74.4,1.0,5.0,74.4,1,0.0,0.0,0.0,-0.986737400530504,1
18055,37,7,3672.86,1226,524.6942857142857,175.14285714285714,122,7,241,279,254.20375874857703,968.5,306.0,431.45,1.0,17.428571428571427,15.17710743801653,1,3.0,32.050000000000004,0.3,-0.30354994474476443,0
18056,197,1,363.65,211,363.65,211.0,19,1,0,197,0.0,363.65,363.65,363.65,1.0,19.0,363.65,1,0.0,0.0,0.0,-0.9972576443164678,1
18061,17,8,1793.51,901,224.18875,112.625,18,8,258,275,94.96839300337172,405.16,108.15,213.75,1.0,2.25,6.924749034749035,1,0.0,0.0,0.0,-0.14976233066408107,0
18062,82,3,720.52,396,240.17333333333332,132.0,23,3,164,247,73.3190434562081,316.12,169.8,234.6,1.0,7.666666666666667,4.366787878787878,1,0.0,0.0,0.0,0.5279410134161215,1
18064,42,2,814.0,384,407.0,192.0,7,2,102,144,1.4142135623730951,408.0,406.0,407.0,1.0,3.5,7.902912621359223,1,0.0,0.0,0.0,-0.00245398773006135,1
18065,93,8,1412.15,591,176.51875,73.875,71,4,180,274,113.9783293234163,405.03000000000003,62.040000000000006,159.64,2.0,8.875,7.801933701657459,1,1.0,12.75,0.1111111111111111,-0.06223684676078268,0
18068,198,1,101.69999999999999,6,101.69999999999999,6.0,1,1,0,198,0.0,101.69999999999999,101.69999999999999,101.69999999999999,1.0,1.0,101.69999999999999,1,0.0,0.0,0.0,-0.9902629016553067,1
18069,89,3,993.87,634,331.29,211.33333333333334,199,3,146,236,52.59500641695938,391.9,297.66,304.31,1.0,66.33333333333333,6.761020408163265,1,2.0,14.850000000000001,0.4,0.4006051041844663,0
18071,167,2,453.0,260,226.5,130.0,23,2,108,275,45.89123009900692,258.95,194.05,226.5,1.0,11.5,4.155963302752293,1,0.0,0.0,0.0,-0.14295154185022022,1
18072,95,1,247.44,288,247.44,288.0,18,1,0,95,0.0,247.44,247.44,247.44,1.0,18.0,247.44,1,18.0,247.44,0.9473684210526315,-0.9959748832716149,1
18073,23,12,3877.5200000000004,3108,323.1266666666667,259.0,23,10,82,106,272.08267905624615,832.5,17.700000000000003,254.76000000000002,1.2,1.9166666666666667,46.71710843373494,1,3.0,13.08,0.2,0.2874704784299166,1
18074,283,1,489.6,190,489.6,190.0,13,1,0,283,0.0,489.6,489.6,489.6,1.0,13.0,489.6,1,0.0,0.0,0.0,-0.9979616795760293,1
18075,15,8,1957.75,1015,244.71875,126.875,74,8,254,270,103.92654678562988,404.8,78.62,259.265,1.0,9.25,7.677450980392157,1,11.0,73.03,0.5789473684210527,-0.15347032546266753,0
18077,13,7,1670.94,1311,238.7057142857143,187.28571428571428,82,7,263,276,55.58622456962482,315.13,167.92,233.89,1.0,11.714285714285714,6.329318181818182,1,0.0,0.0,0.0,0.1483426438747802,0
18078,126,2,336.13,145,168.065,72.5,27,2,41,168,42.249630175896215,197.94,138.19,168.065,1.0,13.5,8.003095238095238,1,0.0,0.0,0.0,-0.17723133509328745,1
18079,36,2,2206.18,5075,1103.09,2537.5,59,2,111,148,720.8812212840613,1612.83,593.35,1103.09,1.0,29.5,19.698035714285712,1,0.0,0.0,0.0,-0.4618925506755226,0
18080,152,1,841.4999999999999,330,841.4999999999999,330.0,1,1,0,152,0.0,841.4999999999999,841.4999999999999,841.4999999999999,1.0,1.0,841.4999999999999,1,0.0,0.0,0.0,-0.998813056379822,0
18081,22,2,208.05,55,104.025,27.5,7,2,21,43,13.0461201128918,113.25000000000001,94.80000000000001,104.025,1.0,3.5,9.456818181818182,1,0.0,0.0,0.0,-0.08825639799091127,0
18085,239,2,689.95,265,344.975,132.5,25,2,43,283,58.08882207447488,386.05,303.9,344.975,1.0,12.5,15.680681818181819,1,0.0,0.0,0.0,0.11889427599681603,1
18086,183,1,101.34,106,101.34,106.0,7,1,0,183,0.0,101.34,101.34,101.34,1.0,7.0,101.34,1,0.0,0.0,0.0,-0.9902286495993746,1
18087,7,2,4055.7199999999993,3907,2027.8599999999997,1953.5,2,2,192,200,1661.7857886021288,3202.9199999999996,852.8,2027.8599999999997,1.0,1.0,21.0140932642487,1,5.0,285.59999999999997,0.7142857142857143,-0.5793153089195212,1
18092,29,8,5851.48,3280,731.435,410.0,21,7,246,275,442.55958962768915,1485.72,221.4,683.46,1.1428571428571428,2.625,23.690202429149796,1,1.0,2.5,0.1111111111111111,-0.06359697085679922,0
18093,2,4,2106.52,1392,526.63,348.0,31,4,209,212,410.2896529688914,899.36,89.64,558.76,1.0,7.75,10.03104761904762,1,2.0,23.1,0.3333333333333333,-0.060981627695110834,1
18094,45,5,2402.3,2194,480.46000000000004,438.8,35,4,155,201,178.40245289793523,639.48,208.2,504.72,1.25,7.0,15.399358974358975,1,0.0,0.0,0.0,-0.4793825157075687,0
18095,222,2,580.0500000000001,419,290.02500000000003,209.5,20,2,20,242,119.81924407206046,374.75,205.3,290.025,1.0,10.0,27.621428571428574,1,0.0,0.0,0.0,-0.29162722657258405,1
18097,36,5,2011.4,1418,402.28000000000003,283.6,56,4,227,263,248.03183263444228,799.38,182.52,320.3,1.25,11.2,8.821929824561403,1,1.0,4.95,0.16666666666666666,0.346372490558537,0
18099,36,1,168.31,149,168.31,149.0,19,1,0,36,0.0,168.31,168.31,168.31,1.0,19.0,168.31,1,0.0,0.0,0.0,-0.9940936743252022,1
18101,52,1,110.23,25,110.23,25.0,13,1,0,52,0.0,110.23,110.23,110.23,1.0,13.0,110.23,1,0.0,0.0,0.0,-0.9910096197069136,0
18102,8,27,135450.75,31473,5016.694444444444,1165.6666666666667,54,16,268,276,4511.51049261206,16488.0,254.88,4379.76,1.6875,2.0,503.5343866171004,1,2.0,3218.81,0.06896551724137931,0.31375017303209446,0
18106,239,1,430.7,128,430.7,128.0,33,1,0,239,0.0,430.7,430.7,430.7,1.0,33.0,430.7,1,0.0,0.0,0.0,-0.9976835765577947,1
18108,163,1,271.0,84,271.0,84.0,17,1,0,163,0.0,271.0,271.0,271.0,1.0,17.0,271.0,1,2.0,6.35,0.6666666666666666,-0.9963235294117647,1
18109,0,18,4851.12,3408,269.50666666666666,189.33333333333334,114,18,278,279,112.60663604935964,456.57,113.25,272.90999999999997,1.0,6.333333333333333,17.38752688172043,1,10.0,127.65,0.35714285714285715,0.23058374483730817,0
18112,75,1,196.64,110,196.64,110.0,12,1,0,75,0.0,196.64,196.64,196.64,1.0,12.0,196.64,1,0.0,0.0,0.0,-0.9949402954867436,0
18113,278,1,76.32000000000001,72,76.32000000000001,72.0,1,1,0,278,0.0,76.32000000000001,76.32000000000001,76.32000000000001,1.0,1.0,76.32000000000001,1,0.0,0.0,0.0,-0.9870667356440765,1
18114,199,1,220.1,55,220.1,55.0,28,1,0,199,0.0,220.1,220.1,220.1,1.0,28.0,220.1,1,0.0,0.0,0.0,-0.9954771596562642,1
18116,143,7,1254.47,678,179.21,96.85714285714286,220,7,130,274,94.39697594026339,353.69,35.96,172.2,1.0,31.428571428571427,9.576106870229008,1,0.0,0.0,0.0,-0.061068763092706375,0
18118,1,19,4241.69,2167,223.24684210526314,114.05263157894737,367,19,278,279,101.72541576074242,475.86,113.14,191.60999999999999,1.0,19.31578947368421,15.203189964157705,1,5.0,58.05,0.20833333333333334,-0.23825686062380236,0
18119,277,1,181.12,125,181.12,125.0,29,1,0,277,0.0,181.12,181.12,181.12,1.0,29.0,181.12,1,0.0,0.0,0.0,-0.9945091148693169,1
18120,123,1,111.15,31,111.15,31.0,17,1,0,123,0.0,111.15,111.15,111.15,1.0,17.0,111.15,1,0.0,0.0,0.0,-0.9910833704859563,1
18121,58,2,673.1,450,336.55,225.0,28,2,5,64,443.0731090914907,649.85,23.25,336.55,1.0,14.0,112.18333333333334,1,0.0,0.0,0.0,-0.9295356771992286,1
18122,60,1,119.19,69,119.19,69.0,23,1,0,60,0.0,119.19,119.19,119.19,1.0,23.0,119.19,1,0.0,0.0,0.0,-0.9916798402529329,0
18125,111,3,945.14,695,315.0466666666667,231.66666666666666,146,3,114,225,209.89494094268528,556.46,175.75,212.93,1.0,48.666666666666664,8.218608695652174,1,1.0,1.65,0.25,-0.5488405521381613,0
18127,43,1,139.6,28,139.6,28.0,8,1,0,43,0.0,139.6,139.6,139.6,1.0,8.0,139.6,1,0.0,0.0,0.0,-0.9928876244665719,0
18129,152,1,112.55000000000001,48,112.55000000000001,48.0,13,1,0,152,0.0,112.55000000000001,112.55000000000001,112.55000000000001,1.0,13.0,112.55000000000001,1,0.0,0.0,0.0,-0.991193306913254,1
18133,121,1,931.4999999999999,1350,931.4999999999999,1350.0,1,1,0,121,0.0,931.4999999999999,931.4999999999999,931.4999999999999,1.0,1.0,931.4999999999999,1,1.0,216.0,0.5,-0.9989276139410188,1
18135,99,1,109.82000000000001,88,109.82000000000001,88.0,9,1,0,99,0.0,109.82000000000001,109.82000000000001,109.82000000000001,1.0,9.0,109.82000000000001,1,0.0,0.0,0.0,-0.9909763580581122,0
18136,121,2,600.85,295,300.425,147.5,30,2,107,229,16.171532085736345,311.86,288.99,300.425,1.0,15.0,5.563425925925926,1,1.0,22.5,0.3333333333333333,0.03799950153692781,0
18138,204,1,152.65,38,152.65,38.0,8,1,0,204,0.0,152.65,152.65,152.65,1.0,8.0,152.65,1,0.0,0.0,0.0,-0.993491701919948,1
18142,66,2,1019.52,1276,509.76,638.0,9,2,58,125,321.422458456157,737.04,282.48,509.76,1.0,4.5,17.28,1,3.0,4.62,0.6,0.44541998196997606,1
18143,26,2,1000.16,570,500.08,285.0,59,2,25,51,28.14284989122458,519.98,480.18,500.08000000000004,1.0,29.5,38.4676923076923,1,0.0,0.0,0.0,0.03975388549282833,1
18144,19,9,2165.55,1064,240.61666666666667,118.22222222222223,24,8,263,282,95.24394337699378,363.4,134.4,202.1,1.125,2.6666666666666665,8.20284090909091,1,0.0,0.0,0.0,0.054764487318547855,0
18145,114,2,1023.78,863,511.89,431.5,60,2,107,222,137.348421177675,609.01,414.77,511.89,1.0,30.0,9.479444444444445,1,0.0,0.0,0.0,-0.18954312145045768,0
18146,50,2,160.35000000000002,153,80.17500000000001,76.5,10,2,79,129,4.985102807365153,83.7,76.65,80.17500000000001,1.0,5.0,2.0043750000000005,1,0.0,0.0,0.0,0.04369383328168575,1
18147,18,1,98.88,80,98.88,80.0,4,1,0,18,0.0,98.88,98.88,98.88,1.0,4.0,98.88,1,0.0,0.0,0.0,-0.9899879855826993,0
18149,125,2,549.68,280,274.84,140.0,9,2,58,183,66.55289024527785,321.9,227.77999999999997,274.84,1.0,4.5,9.316610169491524,1,0.0,0.0,0.0,0.17091595845136923,0
18150,49,2,413.28,236,206.64,118.0,22,2,61,111,29.613631996092575,227.57999999999998,185.70000000000002,206.64,1.0,11.0,6.6658064516129025,1,0.0,0.0,0.0,-0.1010910495317176,0
18151,44,2,653.35,355,326.675,177.5,38,2,155,199,19.97576656851997,340.8,312.55,326.675,1.0,19.0,4.188141025641026,1,0.0,0.0,0.0,0.04317261404447161,1
18155,80,2,266.56,196,133.28,98.0,14,2,121,201,27.36503243191938,152.63,113.93,133.28,1.0,7.0,2.1849180327868853,1,3.0,23.8,0.6,0.14464045447750032,0
18156,279,1,206.23000000000002,73,206.23000000000002,73.0,50,1,0,279,0.0,206.23000000000002,206.23000000000002,206.23000000000002,1.0,50.0,206.23000000000002,1,0.0,0.0,0.0,-0.9951744438546543,0
18159,210,1,530.15,139,530.15,139.0,23,1,0,210,0.0,530.15,530.15,530.15,1.0,23.0,530.15,1,0.0,0.0,0.0,-0.9981172926668549,1
18160,109,1,318.55,147,318.55,147.0,19,1,0,109,0.0,318.55,318.55,318.55,1.0,19.0,318.55,1,0.0,0.0,0.0,-0.9968705992802378,0
18161,49,3,771.26,387,257.08666666666664,129.0,24,3,179,229,39.748119871678604,301.53,224.94,244.79,1.0,8.0,4.284777777777777,1,1.0,5.9,0.25,-0.4161551808976251,0
18165,86,1,302.46000000000004,254,302.46000000000004,254.0,10,1,0,86,0.0,302.46000000000004,302.46000000000004,302.46000000000004,1.0,10.0,302.46000000000004,1,0.0,0.0,0.0,-0.9967046727740064,1
18167,15,1,498.48,122,498.48,122.0,13,1,0,15,0.0,498.48,498.48,498.48,1.0,13.0,498.48,1,6.0,29.35,0.8571428571428571,-0.9979979178345479,0
18168,85,6,1169.94,594,194.99,99.0,97,6,196,281,48.35324559944245,263.3,115.15,193.01,1.0,16.166666666666668,5.938781725888325,1,9.0,36.3,0.6,-0.10132030676208856,1
18170,21,2,655.51,249,327.755,124.5,27,2,105,126,33.29765832607455,351.3,304.21,327.755,1.0,13.5,6.184056603773585,1,0.0,0.0,0.0,0.0717277726158018,0
18171,8,4,994.3100000000001,331,248.57750000000001,82.75,35,4,234,243,41.82857506139392,309.89,219.83,232.29500000000002,1.0,8.75,4.231106382978724,1,2.0,22.8,0.3333333333333333,0.06543689905657533,0
18172,8,11,5635.28,2280,512.2981818181818,207.27272727272728,96,9,190,199,387.09439204974757,1329.36,59.8,326.4,1.2222222222222223,8.727272727272727,29.504083769633507,1,8.0,71.50999999999999,0.42105263157894735,-0.32025378441099445,0
18173,108,3,1728.8400000000001,1028,576.2800000000001,342.6666666666667,20,3,75,184,240.48896523541373,853.48,423.36,452.0,1.0,6.666666666666667,22.747894736842106,1,0.0,0.0,0.0,0.012648568653748386,0
18176,267,1,476.35,283,476.35,283.0,30,1,0,267,0.0,476.35,476.35,476.35,1.0,30.0,476.35,1,3.0,27.7,0.75,-0.997905101078873,1
18177,67,5,1037.82,544,207.564,108.8,43,5,98,165,128.3289483320112,324.17,8.25,225.05,1.0,8.6,10.483030303030302,1,1.0,27.25,0.16666666666666666,0.22440846344891321,0
18178,38,4,1590.81,983,397.7025,245.75,80,4,235,274,94.71049831812027,490.87,300.65000000000003,399.645,1.0,20.0,6.740720338983051,1,2.0,17.4,0.3333333333333333,0.20285712490812344,1
18179,161,4,1103.16,729,275.79,182.25,54,4,83,245,51.923087992401506,335.8,210.0,278.68,1.0,13.5,13.132857142857144,1,0.0,0.0,0.0,-0.1291841762063469,0
18180,46,2,601.85,553,300.925,276.5,42,2,5,52,0.3889087296526293,301.2,300.65,300.92499999999995,1.0,21.0,100.30833333333334,1,0.0,0.0,0.0,0.0009123330845152382,0
18183,136,2,632.07,371,316.035,185.5,36,2,47,184,4.5749808742769815,319.27000000000004,312.8,316.035,1.0,18.0,13.168125000000002,1,7.0,31.55,0.7777777777777778,0.010220038858262162,1
18185,158,1,304.25,183,304.25,183.0,17,1,0,158,0.0,304.25,304.25,304.25,1.0,17.0,304.25,1,0.0,0.0,0.0,-0.9967239967239967,1
18188,199,1,426.6,164,426.6,164.0,16,1,0,199,0.0,426.6,426.6,426.6,1.0,16.0,426.6,1,1.0,2.55,0.5,-0.9976613657623947,0
18189,177,1,633.1,352,633.1,352.0,40,1,0,177,0.0,633.1,633.1,633.1,1.0,40.0,633.1,1,1.0,5.9,0.5,-0.9984229616779687,0
18190,101,2,284.46000000000004,140,142.23000000000002,70.0,14,2,138,240,41.33746242816558,171.46,113.0,142.23000000000002,1.0,7.0,2.046474820143885,1,1.0,9.95,0.3333333333333333,-0.2047922651159532,1
18191,171,1,207.79999999999998,140,207.79999999999998,140.0,7,1,0,171,0.0,207.79999999999998,207.79999999999998,207.79999999999998,1.0,7.0,207.79999999999998,1,0.0,0.0,0.0,-0.9952107279693486,1
18193,74,1,243.76,124,243.76,124.0,16,1,0,74,0.0,243.76,243.76,243.76,1.0,16.0,243.76,1,2.0,30.8,0.6666666666666666,-0.9959143650923353,1
18196,4,2,689.13,433,344.565,216.5,131,2,195,199,150.2106935274583,450.78,238.35,344.565,1.0,65.5,3.515969387755102,1,0.0,0.0,0.0,-0.3078115717328619,1
18198,10,14,4427.39,3491,316.2421428571429,249.35714285714286,64,14,235,245,32.62750802115188,422.28000000000003,284.67,305.14,1.0,4.571428571428571,18.760127118644068,1,7.0,342.5,0.3333333333333333,-0.1064382315017422,0
18200,15,1,163.8,111,163.8,111.0,29,1,0,15,0.0,163.8,163.8,163.8,1.0,29.0,163.8,1,0.0,0.0,0.0,-0.9939320388349514,1
18202,109,3,1396.99,581,465.66333333333336,193.66666666666666,55,2,111,220,292.1273616649651,747.24,164.02,485.73,1.5,18.333333333333332,12.473125,1,0.0,0.0,0.0,0.3043870127826379,1
18203,66,1,160.42000000000002,43,160.42000000000002,43.0,19,1,0,66,0.0,160.42000000000002,160.42000000000002,160.42000000000002,1.0,19.0,160.42000000000002,1,0.0,0.0,0.0,-0.9938049807954404,1
18204,19,2,1367.32,912,683.66,456.0,113,2,82,101,189.82988647734058,817.89,549.43,683.66,1.0,56.5,16.473734939759037,1,2.0,14.4,0.5,0.19619679607109453,0
18210,176,1,142.4,62,142.4,62.0,5,1,0,176,0.0,142.4,142.4,142.4,1.0,5.0,142.4,1,0.0,0.0,0.0,-0.99302649930265,0
18211,46,2,268.7,152,134.35,76.0,15,2,142,188,5.020458146424503,137.9,130.79999999999998,134.35,1.0,7.5,1.8790209790209789,1,0.0,0.0,0.0,-0.026325546903967458,0
18212,235,1,248.42,101,248.42,101.0,30,1,0,235,0.0,248.42,248.42,248.42,1.0,30.0,248.42,1,0.0,0.0,0.0,-0.9959906984203352,1
18213,146,1,232.48000000000002,232,232.48000000000002,232.0,15,1,0,146,0.0,232.48000000000002,232.48000000000002,232.48000000000002,1.0,15.0,232.48000000000002,1,0.0,0.0,0.0,-0.995716977899606,1
18218,120,2,662.08,584,331.04,292.0,17,2,70,191,30.631865761001254,352.7,309.38,331.03999999999996,1.0,8.5,9.325070422535212,1,3.0,35.7,0.6,0.06533148338058754,1
18219,58,8,1367.13,596,170.89125,74.5,49,7,219,278,57.51587940672186,227.62,68.5,193.085,1.1428571428571428,6.125,6.214227272727273,1,1.0,50.0,0.1111111111111111,0.2911930883761046,0
18220,136,1,305.28000000000003,288,305.28000000000003,288.0,2,1,0,136,0.0,305.28000000000003,305.28000000000003,305.28000000000003,1.0,2.0,305.28000000000003,1,2.0,7.5,0.6666666666666666,-0.9967350137129424,1
18221,25,3,706.86,446,235.62,148.66666666666666,40,3,95,120,66.35247470893607,302.54,169.85,234.47,1.0,13.333333333333334,7.363125,1,1.0,8.3,0.25,-0.518690136467663,0
18222,2,1,443.0,335,443.0,335.0,19,1,0,2,0.0,443.0,443.0,443.0,1.0,19.0,443.0,1,0.0,0.0,0.0,-0.9977477477477478,1
18223,6,11,4036.34,1774,366.94,161.27272727272728,87,10,261,267,233.68540647631377,635.8,15.0,471.27000000000004,1.1,7.909090909090909,15.405877862595421,1,27.0,169.31,0.7105263157894737,-0.07314717115724707,0
18224,173,1,158.95000000000002,69,158.95000000000002,69.0,10,1,0,173,0.0,158.95000000000002,158.95000000000002,158.95000000000002,1.0,10.0,158.95000000000002,1,0.0,0.0,0.0,-0.9937480462644577,1
18225,22,7,2730.78,1582,390.1114285714286,226.0,99,7,252,274,210.03570025343882,587.21,30.0,440.28999999999996,1.0,14.142857142857142,10.793596837944666,1,15.0,148.1,0.6818181818181818,0.20831106458060317,0
18226,30,9,4251.03,2946,472.33666666666664,327.3333333333333,107,9,217,247,141.61501518200674,720.92,317.59999999999997,428.05,1.0,11.88888888888889,19.5001376146789,1,3.0,35.95,0.25,0.4473698445213228,0
18227,127,1,93.75,21,93.75,21.0,5,1,0,127,0.0,93.75,93.75,93.75,1.0,5.0,93.75,1,0.0,0.0,0.0,-0.9894459102902374,1
18229,3,14,5212.06,1704,372.29,121.71428571428571,58,14,279,282,57.15379831243469,495.4,307.0,355.5,1.0,4.142857142857143,18.614500000000003,1,0.0,0.0,0.0,0.20077651130046464,0
18230,3,5,2146.36,1030,429.27200000000005,206.0,32,5,208,211,52.11723630431683,503.08000000000004,386.22,403.26,1.0,6.4,10.269665071770335,1,3.0,93.6,0.375,-0.16869085761120636,0
18231,101,5,2083.27,821,416.654,164.2,106,5,96,198,170.17178770289743,671.02,233.75,429.25,1.0,21.2,21.47701030927835,1,2.0,17.1,0.2857142857142857,0.08409179233016835,1
18232,67,3,500.62,277,166.87333333333333,92.33333333333333,29,3,39,106,84.06967606297368,263.13,107.85000000000001,129.64000000000001,1.0,9.666666666666666,12.5155,1,3.0,10.5,0.5,-0.4811211674175671,0
18233,235,1,440.0,4,440.0,4.0,1,1,0,235,0.0,440.0,440.0,440.0,1.0,1.0,440.0,1,0.0,0.0,0.0,-0.9977324263038548,1
18235,29,2,749.8,706,374.9,353.0,49,2,97,126,78.57370552544918,430.46000000000004,319.34,374.9,1.0,24.5,7.651020408163265,1,0.0,0.0,0.0,-0.14800213106020255,0
18236,38,4,641.19,310,160.2975,77.5,31,4,111,150,25.60036506901156,181.3,123.2,168.34500000000003,1.0,7.75,5.7249107142857145,1,0.0,0.0,0.0,0.05012535231006399,0
18237,1,3,725.55,465,241.85,155.0,37,3,42,43,82.21843649693174,323.38,158.95999999999998,243.20999999999998,1.0,12.333333333333334,16.873255813953488,1,0.0,0.0,0.0,-0.5610487922372859,0
18239,128,5,1561.6100000000001,795,312.322,159.0,80,5,153,281,184.6139570021725,466.71,56.099999999999994,424.32,1.0,16.0,10.140324675324676,1,0.0,0.0,0.0,-0.17626279109950654,1
18241,8,11,1349.58,720,122.68909090909091,65.45454545454545,44,11,118,127,92.03374277454388,365.83,39.900000000000006,95.85,1.0,4.0,11.341008403361345,1,1.0,15.0,0.08333333333333333,0.27685883102074665,0
18242,105,2,694.08,408,347.04,204.0,26,2,17,123,46.357920574590075,379.82,314.26,347.03999999999996,1.0,13.0,38.56,1,0.0,0.0,0.0,0.09432007826437244,0
18245,58,6,1672.81,1328,278.8016666666667,221.33333333333334,103,4,205,264,150.19713238496493,439.18,35.599999999999994,335.63,1.5,17.166666666666668,8.120436893203884,1,2.0,59.5,0.25,0.037632706221136215,0
18246,142,1,232.9,70,232.9,70.0,2,1,0,142,0.0,232.9,232.9,232.9,1.0,2.0,232.9,1,0.0,0.0,0.0,-0.9957246686618213,0
18248,32,2,804.02,511,402.01,255.5,39,2,63,95,133.57247096613884,496.46000000000004,307.56,402.01,1.0,19.5,12.5628125,1,2.0,21.0,0.5,-0.23465255521601952,1
18250,219,1,349.27,199,349.27,199.0,21,1,0,219,0.0,349.27,349.27,349.27,1.0,21.0,349.27,1,1.0,6.35,0.5,-0.9971450595255089,1
18252,81,1,69.89999999999999,18,69.89999999999999,18.0,3,1,0,81,0.0,69.89999999999999,69.89999999999999,69.89999999999999,1.0,3.0,69.89999999999999,1,0.0,0.0,0.0,-0.9858956276445698,0
18257,23,5,1562.8700000000001,721,312.574,144.2,66,5,181,205,216.65465926215387,627.27,35.400000000000006,328.40000000000003,1.0,13.2,8.587197802197803,1,5.0,72.25,0.5,0.07703325724005193,0
18259,275,1,376.30000000000007,116,376.30000000000007,116.0,7,1,0,275,0.0,376.30000000000007,376.30000000000007,376.30000000000007,1.0,7.0,376.30000000000007,1,0.0,0.0,0.0,-0.9973495891863239,0
18260,82,6,2643.2000000000003,1478,440.53333333333336,246.33333333333334,86,6,185,267,118.13651842959767,557.07,230.70000000000002,439.775,1.0,14.333333333333334,14.210752688172045,1,6.0,48.2,0.5,-0.011285076771802403,1
18261,5,1,224.8,102,224.8,102.0,15,1,0,5,0.0,224.8,224.8,224.8,1.0,15.0,224.8,1,0.0,0.0,0.0,-0.995571302037201,0
18262,49,1,149.48,182,149.48,182.0,13,1,0,49,0.0,149.48,149.48,149.48,1.0,13.0,149.48,1,0.0,0.0,0.0,-0.9933545986177565,1
18263,65,2,811.4,1048,405.7,524.0,45,2,96,162,138.73435046880064,503.8,307.59999999999997,405.7,1.0,22.5,8.364948453608248,1,1.0,2.08,0.3333333333333333,0.24150664697193508,0
18265,67,1,488.55,224,488.55,224.0,29,1,0,67,0.0,488.55,488.55,488.55,1.0,29.0,488.55,1,0.0,0.0,0.0,-0.9979573077315902,0
18268,43,1,25.5,2,25.5,2.0,1,1,0,43,0.0,25.5,25.5,25.5,1.0,1.0,25.5,1,1.0,25.5,0.5,-0.9622641509433962,1
18269,275,1,168.6,76,168.6,76.0,7,1,0,275,0.0,168.6,168.6,168.6,1.0,7.0,168.6,1,1.0,29.700000000000003,0.5,-0.9941037735849056,1
18270,176,1,111.95,41,111.95,41.0,5,1,0,176,0.0,111.95,111.95,111.95,1.0,5.0,111.95,1,2.0,44.2,0.6666666666666666,-0.9911465250110668,0
18272,23,4,2106.45,1465,526.6125,366.25,76,4,133,156,202.2789396477053,753.66,340.72,506.035,1.0,19.0,15.719776119402983,1,4.0,13.8,0.5,0.06897909796199204,0
18273,5,2,153.0,60,76.5,30.0,1,2,162,167,36.062445840513924,102.0,51.0,76.5,1.0,0.5,0.9386503067484663,1,0.0,0.0,0.0,0.33116883116883117,0
18280,187,1,180.60000000000002,45,180.60000000000002,45.0,10,1,0,187,0.0,180.60000000000002,180.60000000000002,180.60000000000002,1.0,10.0,180.60000000000002,1,0.0,0.0,0.0,-0.9944933920704846,1
18281,90,1,80.82,54,80.82,54.0,7,1,0,90,0.0,80.82,80.82,80.82,1.0,7.0,80.82,1,0.0,0.0,0.0,-0.9877780493766806,1
18282,35,1,100.21000000000001,75,100.21000000000001,75.0,7,1,0,35,0.0,100.21000000000001,100.21000000000001,100.21000000000001,1.0,7.0,100.21000000000001,1,1.0,1.45,0.5,-0.9901195534038139,0
18283,5,10,1120.67,742,112.06700000000001,74.2,192,9,241,246,49.60930021455431,203.81,2.5,107.5,1.1111111111111112,19.2,4.630867768595041,1,0.0,0.0,0.0,0.22244510417502478,0
18287,111,1,765.28,488,765.28,488.0,27,1,0,111,0.0,765.28,765.28,765.28,1.0,27.0,765.28,1,0.0,0.0,0.0,-0.9986949939969724,0
