Customer ID,Recency,Frequency,Monetary,TotalQuantity,AverageOrderValue,AverageQuantityPerOrder,UniqueProducts,ActiveDays,Churn
12346,235,1,77183.6,74215,77183.6,74215.0,1,1,1
12347,39,5,2790.86,1590,558.172,318.0,82,5,0
12348,158,3,1487.24,2124,495.74666666666667,708.0,22,3,0
12350,219,1,334.4,197,334.4,197.0,17,1,1
12352,171,5,1561.81,254,312.36199999999997,50.8,26,4,0
12353,113,1,89.0,20,89.0,20.0,4,1,1
12354,141,1,1079.4,530,1079.4,530.0,58,1,1
12355,123,1,459.4,240,459.4,240.0,13,1,1
12356,155,2,2753.08,1586,1376.54,793.0,53,2,0
12358,60,1,484.86,100,484.86,100.0,12,1,0
12359,99,3,3495.73,965,1165.2433333333333,321.6666666666667,135,3,0
12360,22,2,1618.28,674,809.14,337.0,63,2,0
12361,196,1,189.9,91,189.9,91.0,10,1,1
12362,29,4,1747.35,988,436.8375,247.0,89,4,0
12363,19,2,552.0,408,276.0,204.0,23,2,1
12364,21,1,623.92,555,623.92,555.0,34,1,0
12365,200,2,641.38,174,320.69,87.0,22,1,1
12370,184,3,2802.66,1972,934.2199999999999,657.3333333333334,125,3,0
12372,122,2,914.9200000000001,592,457.46000000000004,296.0,32,2,0
12373,220,1,364.6,197,364.6,197.0,14,1,1
12375,7,1,230.3,87,230.3,87.0,11,1,0
12377,224,2,1628.12,944,814.06,472.0,72,2,1
12378,39,1,4008.62,2529,4008.62,2529.0,219,1,1
12379,79,1,459.84,211,459.84,211.0,20,1,0
12380,95,1,607.5500000000001,293,607.5500000000001,293.0,36,1,0
12381,29,1,1268.74,568,1268.74,568.0,62,1,0
12383,94,5,1850.56,1532,370.11199999999997,306.4,84,5,1
12384,31,1,292.69,62,292.69,62.0,14,1,0
12386,247,2,401.9,354,200.95,177.0,10,2,1
12388,57,4,1668.3400000000001,760,417.08500000000004,190.0,50,4,0
12393,155,3,1061.1000000000001,522,353.70000000000005,174.0,33,3,0
12394,126,1,381.08,182,381.08,182.0,21,1,0
12395,21,8,1899.57,1629,237.44625,203.625,65,8,0
12397,44,1,1214.81,704,1214.81,704.0,70,1,0
12399,28,4,1108.65,1178,277.1625,294.5,47,4,1
12401,212,1,84.3,11,84.3,11.0,5,1,1
12402,232,1,225.6,94,225.6,94.0,11,1,1
12405,58,1,1710.39,857,1710.39,857.0,54,1,1
12406,93,1,1621.25,793,1621.25,793.0,48,1,0
12407,43,4,1407.3600000000001,1237,351.84000000000003,309.25,50,4,0
12408,8,4,2134.0499999999997,1044,533.5124999999999,261.0,67,3,0
12409,92,1,6207.08,3142,6207.08,3142.0,64,1,0
12410,218,2,693.3299999999999,211,346.66499999999996,105.5,26,1,1
12412,47,2,890.74,599,445.37,299.5,34,2,0
12413,145,2,563.9,205,281.95,102.5,25,2,0
12414,126,3,562.41,300,187.47,100.0,16,3,1
12415,8,15,102087.88,66701,6805.858666666667,4446.733333333334,382,12,0
12417,16,7,2816.52,1229,402.36,175.57142857142858,132,7,0
12418,22,1,668.58,407,668.58,407.0,34,1,1
12421,24,3,628.56,407,209.51999999999998,135.66666666666666,25,3,0
12422,5,3,803.5600000000001,370,267.85333333333335,123.33333333333333,39,3,1
12423,10,7,1650.67,1136,235.81,162.28571428571428,86,7,0
12424,72,2,1760.96,740,880.48,370.0,30,1,1
12426,104,1,582.73,258,582.73,258.0,30,1,1
12427,281,1,303.5,79,303.5,79.0,10,1,0
12428,29,8,7548.12,3386,943.515,423.25,252,6,0
12429,82,3,2844.88,1045,948.2933333333334,348.3333333333333,62,3,0
12431,28,11,4807.07,2098,437.00636363636363,190.72727272727272,134,11,0
12432,79,3,4016.66,1427,1338.8866666666665,475.6666666666667,75,2,0
12433,0,3,6395.23,5431,2131.7433333333333,1810.3333333333333,151,3,0
12434,169,1,286.25,77,286.25,77.0,16,1,0
12435,177,1,3978.9900000000002,879,3978.9900000000002,879.0,19,1,0
12436,9,1,509.01,211,509.01,211.0,16,1,1
12437,7,11,2811.41,1797,255.58272727272725,163.36363636363637,63,9,0
12438,49,1,890.0699999999999,586,890.0699999999999,586.0,49,1,0
12441,276,1,173.55,121,173.55,121.0,11,1,1
12444,31,2,2627.27,650,1313.635,325.0,96,2,0
12447,152,1,476.49,190,476.49,190.0,26,1,1
12449,1,3,2724.58,1029,908.1933333333333,343.0,84,3,0
12450,65,2,197.88,128,98.94,64.0,7,2,1
12451,127,2,5307.82,4105,2653.91,2052.5,162,2,0
12453,43,1,707.09,473,707.09,473.0,43,1,1
12455,37,5,2176.36,1766,435.27200000000005,353.2,67,5,0
12456,40,2,2265.4,1073,1132.7,536.5,77,2,0
12457,143,3,1067.25,397,355.75,132.33333333333334,23,3,0
12458,194,1,441.92,270,441.92,270.0,19,1,0
12461,3,2,826.88,287,413.44,143.5,35,2,1
12462,212,1,762.11,287,762.11,287.0,40,1,0
12463,84,3,985.79,577,328.59666666666664,192.33333333333334,51,3,0
12464,15,6,780.55,81,130.09166666666667,13.5,6,5,0
12465,78,1,440.94,294,440.94,294.0,26,1,0
12468,97,2,729.5400000000001,366,364.77000000000004,183.0,36,2,1
12471,16,19,11081.0,4340,583.2105263157895,228.42105263157896,108,12,0
12472,48,5,4927.6,3088,985.5200000000001,617.6,180,5,0
12473,24,2,1175.75,853,587.875,426.5,60,2,0
12474,8,13,4362.06,2798,335.54307692307697,215.23076923076923,153,12,0
12476,50,6,3191.67,1132,531.945,188.66666666666666,91,6,0
12477,10,3,8834.03,2518,2944.6766666666667,839.3333333333334,156,3,0
12480,52,3,2144.95,1096,714.9833333333332,365.3333333333333,97,3,0
12481,89,8,4085.2599999999998,2351,510.65749999999997,293.875,112,6,0
12483,8,6,1624.06,792,270.6766666666667,132.0,38,6,0
12484,10,4,3658.65,1857,914.6625,464.25,222,4,0
12489,245,1,334.93,105,334.93,105.0,15,1,1
12490,2,6,3552.59,2010,592.0983333333334,335.0,102,6,0
12492,14,1,126.39000000000001,69,126.39000000000001,69.0,9,1,0
12493,75,2,433.74,207,216.87,103.5,20,2,1
12494,71,5,868.86,364,173.772,72.8,42,5,0
12500,16,6,1773.8400000000001,1270,295.64000000000004,211.66666666666666,20,6,0
12501,246,1,2169.39,1783,2169.39,1783.0,149,1,1
12502,5,5,3723.87,820,744.774,164.0,102,5,1
12506,142,1,73.5,23,73.5,23.0,23,1,1
12507,43,3,1304.81,894,434.93666666666667,298.0,19,3,1
12509,193,1,176.5,55,176.5,55.0,7,1,1
12510,52,2,982.5699999999999,353,491.28499999999997,176.5,29,2,1
12513,22,1,612.29,462,612.29,462.0,35,1,1
12514,176,1,1017.68,440,1017.68,440.0,51,1,1
12515,262,1,383.7,131,383.7,131.0,16,1,1
12516,90,1,583.2,345,583.2,345.0,13,1,0
12517,35,2,1521.45,834,760.725,417.0,173,2,0
12518,19,1,324.83,187,324.83,187.0,18,1,0
12520,51,4,2045.85,1099,511.4625,274.75,104,4,0
12521,52,1,599.68,309,599.68,309.0,38,1,1
12523,17,7,1017.75,560,145.39285714285714,80.0,49,7,0
12524,71,6,3122.48,2290,520.4133333333333,381.6666666666667,92,6,0
12526,3,1,520.3,318,520.3,318.0,29,1,0
12527,204,2,284.92,221,142.46,110.5,15,2,0
12528,24,4,1287.37,503,321.8425,125.75,46,4,0
12530,33,3,1221.65,600,407.2166666666667,200.0,39,3,0
12534,40,1,1089.18,651,1089.18,651.0,63,1,1
12535,1,2,716.35,219,358.175,109.5,28,2,1
12539,171,3,4517.69,1621,1505.8966666666665,540.3333333333334,125,3,0
12540,1,11,9246.86,4433,840.6236363636364,403.0,207,11,0
12541,82,2,536.14,419,268.07,209.5,27,2,0
12545,169,1,628.15,346,628.15,346.0,34,1,0
12547,107,2,207.79999999999998,134,103.89999999999999,67.0,7,2,1
12548,75,1,95.19999999999999,49,95.19999999999999,49.0,5,1,1
12551,267,1,168.0,100,168.0,100.0,10,1,1
12553,19,7,2419.59,1351,345.6557142857143,193.0,81,7,0
12556,60,1,308.75,163,308.75,163.0,60,1,0
12557,67,4,9000.960000000001,3464,2250.2400000000002,866.0,15,4,0
12559,220,2,561.71,283,280.855,141.5,21,2,1
12560,21,2,1436.31,820,718.155,410.0,77,2,0
12561,212,1,238.85,177,238.85,177.0,16,1,1
12562,36,3,1605.23,776,535.0766666666667,258.6666666666667,53,3,0
12564,170,1,456.9,133,456.9,133.0,21,1,1
12565,198,1,145.92,80,145.92,80.0,9,1,1
12567,5,9,7849.98,3533,872.2199999999999,392.55555555555554,271,8,0
12569,1,15,2167.68,857,144.512,57.13333333333333,48,13,0
12571,31,1,248.35,197,248.35,197.0,14,1,0
12573,136,1,160.54000000000002,84,160.54000000000002,84.0,26,1,1
12574,225,1,218.45,61,218.45,61.0,11,1,1
12576,5,4,936.55,665,234.1375,166.25,54,4,0
12577,268,1,195.89,134,195.89,134.0,67,1,0
12578,239,1,1608.66,748,1608.66,748.0,70,1,0
12580,156,1,415.7,238,415.7,238.0,24,1,1
12582,148,2,511.36,300,255.68,150.0,21,2,1
12583,16,9,4232.21,3463,470.24555555555554,384.77777777777777,84,9,0
12584,36,4,782.59,138,195.6475,34.5,27,4,0
12585,143,2,2040.1,1279,1020.05,639.5,77,2,1
12589,54,1,131.5,83,131.5,83.0,10,1,0
12590,120,2,9864.26,4283,4932.13,2141.5,68,1,1
12591,226,1,452.84999999999997,228,452.84999999999997,228.0,26,1,1
12592,1,2,437.6,290,218.8,145.0,11,2,1
12593,18,3,418.09999999999997,206,139.36666666666665,68.66666666666667,14,3,1
12594,30,8,2529.9,1440,316.2375,180.0,46,7,0
12596,151,1,269.95,156,269.95,156.0,15,1,0
12597,92,2,1428.81,675,714.405,337.5,72,2,0
12598,71,4,1584.3799999999999,971,396.09499999999997,242.75,45,3,0
12599,36,6,857.04,749,142.84,124.83333333333333,25,6,0
12600,22,8,1936.5600000000002,544,242.07000000000002,68.0,26,8,0
12601,99,5,577.0600000000001,245,115.412,49.0,21,5,1
12604,171,1,178.5,137,178.5,137.0,10,1,0
12609,95,2,800.73,518,400.365,259.0,42,2,0
12610,15,2,1256.25,625,628.125,312.5,68,2,0
12613,107,4,1462.52,759,365.63,189.75,65,2,0
12614,187,1,315.6,76,315.6,76.0,20,1,1
12615,77,1,634.74,413,634.74,413.0,31,1,0
12616,4,2,713.3,284,356.65,142.0,25,2,1
12619,25,5,2087.46,1756,417.492,351.2,28,5,0
12620,114,1,561.66,434,561.66,434.0,33,1,0
12621,9,15,10195.04,5439,679.6693333333334,362.6,208,13,0
12622,141,1,180.1,69,180.1,69.0,11,1,1
12623,185,1,305.1,191,305.1,191.0,18,1,1
12624,15,2,641.13,355,320.565,177.5,36,2,1
12625,121,2,2683.82,1612,1341.91,806.0,73,2,1
12626,22,6,4774.0,2337,795.6666666666666,389.5,170,6,0
12627,5,5,2727.83,1575,545.566,315.0,112,5,0
12633,39,3,1948.75,1068,649.5833333333334,356.0,66,3,0
12635,64,1,683.64,399,683.64,399.0,40,1,0
12637,1,7,5658.9,2842,808.4142857142857,406.0,176,6,0
12639,148,1,486.1,201,486.1,201.0,22,1,1
12641,24,1,185.9,72,185.9,72.0,10,1,1
12642,17,1,366.45,277,366.45,277.0,24,1,0
12643,37,6,3344.64,1808,557.4399999999999,301.3333333333333,11,5,1
12644,39,1,477.91,325,477.91,325.0,31,1,1
12645,19,3,1310.8600000000001,825,436.9533333333334,275.0,52,3,0
12647,35,9,2886.71,1039,320.74555555555554,115.44444444444444,63,8,0
12648,64,1,318.05,160,318.05,160.0,21,1,1
12649,16,3,623.51,586,207.83666666666667,195.33333333333334,28,2,1
12651,244,1,114.0,78,114.0,78.0,9,1,1
12652,240,1,919.98,505,919.98,505.0,48,1,1
12653,58,2,2209.85,919,1104.925,459.5,37,2,1
12654,107,3,337.75,151,112.58333333333333,50.333333333333336,19,2,0
12656,25,3,2820.67,1280,940.2233333333334,426.6666666666667,51,3,0
12662,16,7,2653.66,1400,379.0942857142857,200.0,96,7,0
12664,53,3,1957.48,505,652.4933333333333,168.33333333333334,10,3,0
12665,234,1,63.0,37,63.0,37.0,3,1,1
12668,168,3,2924.4700000000003,1334,974.8233333333334,444.6666666666667,104,3,0
12669,60,3,2744.0299999999997,1115,914.6766666666666,371.6666666666667,98,3,1
12670,8,3,1634.47,761,544.8233333333334,253.66666666666666,40,3,0
12672,239,1,225.89999999999998,78,225.89999999999998,78.0,10,1,1
12673,236,1,220.9,171,220.9,171.0,23,1,0
12674,1,3,1402.0,787,467.3333333333333,262.3333333333333,42,3,0
12676,33,4,998.0500000000001,494,249.51250000000002,123.5,21,4,0
12678,10,9,8282.26,5195,920.2511111111112,577.2222222222222,78,7,0
12679,115,2,906.38,407,453.19,203.5,43,2,0
12680,22,1,311.78,230,311.78,230.0,20,1,0
12681,61,15,9866.58,5419,657.772,361.26666666666665,219,15,0
12682,10,20,8219.92,3531,410.996,176.55,149,18,0
12683,2,12,6622.19,3980,551.8491666666666,331.6666666666667,164,9,0
12684,80,4,1379.48,1274,344.87,318.5,37,4,0
12685,2,2,1606.42,917,803.21,458.5,83,2,0
12686,281,1,89.14,107,89.14,107.0,7,1,1
12688,23,1,4873.8099999999995,3028,4873.8099999999995,3028.0,171,1,1
12689,37,1,511.03,281,511.03,281.0,34,1,0
12690,115,1,389.01,106,389.01,106.0,16,1,1
12691,54,4,556.3,198,139.075,49.5,16,4,0
12693,36,4,855.91,255,213.9775,63.75,35,4,1
12694,92,1,439.5,323,439.5,323.0,20,1,0
12695,16,2,333.90000000000003,172,166.95000000000002,86.0,17,2,0
12697,40,2,733.91,359,366.955,179.5,27,2,0
12700,65,2,2149.05,1376,1074.525,688.0,110,2,0
12701,151,1,337.08,246,337.08,246.0,21,1,0
12704,15,3,1100.92,465,366.97333333333336,155.0,40,3,0
12705,67,4,4162.52,2599,1040.63,649.75,177,4,0
12707,201,1,603.42,256,603.42,256.0,33,1,1
12708,11,7,2031.77,989,290.2528571428571,141.28571428571428,71,7,0
12709,5,11,7200.79,2831,654.6172727272727,257.3636363636364,89,11,0
12710,6,3,1149.02,851,383.00666666666666,283.6666666666667,75,3,1
12712,16,11,3913.08,943,355.73454545454547,85.72727272727273,54,11,0
12714,16,4,3389.7,2258,847.425,564.5,167,4,0
12715,15,1,343.36,192,343.36,192.0,20,1,1
12716,42,1,677.9,503,677.9,503.0,45,1,0
12717,60,2,1030.98,506,515.49,253.0,49,2,1
12720,3,17,3689.84,3084,217.0494117647059,181.41176470588235,164,14,0
12721,92,4,1698.91,1133,424.7275,283.25,88,4,0
12722,24,3,929.65,559,309.8833333333333,186.33333333333334,48,3,0
12724,82,2,280.36,178,140.18,89.0,15,2,0
12725,280,1,427.8,164,427.8,164.0,24,1,1
12726,94,5,1467.32,1942,293.464,388.4,40,5,0
12727,4,6,3337.7,1756,556.2833333333333,292.6666666666667,91,5,0
12728,166,3,617.31,256,205.76999999999998,85.33333333333333,29,3,0
12729,23,1,453.01,233,453.01,233.0,26,1,1
12731,53,8,11324.25,5439,1415.53125,679.875,84,7,0
12732,89,1,236.26000000000002,111,236.26000000000002,111.0,12,1,1
12733,143,1,383.95,137,383.95,137.0,22,1,1
12734,262,1,110.39999999999999,88,110.39999999999999,88.0,4,1,1
12735,224,2,779.5699999999999,368,389.78499999999997,184.0,38,2,1
12736,242,1,234.0,173,234.0,173.0,4,1,1
12738,281,1,155.35,148,155.35,148.0,11,1,1
12739,8,1,975.54,485,975.54,485.0,37,1,0
12743,43,2,540.13,315,270.065,157.5,114,1,1
12744,54,5,14211.970000000001,4640,2842.3940000000002,928.0,163,4,0
12747,19,8,2769.4,862,346.175,107.75,34,8,0
12748,0,132,13873.21,9072,105.10007575757575,68.72727272727273,1165,74,0
12749,40,3,2755.23,1080,918.41,360.0,113,2,0
12750,38,1,275.88,137,275.88,137.0,15,1,1
12753,45,5,16620.91,9211,3324.182,1842.2,114,5,0
12754,145,3,3010.74,6481,1003.5799999999999,2160.3333333333335,49,3,1
12755,190,2,3811.95,1491,1905.975,745.5,4,2,1
12757,52,7,5281.08,918,754.4399999999999,131.14285714285714,89,4,0
12758,26,2,2791.59,2135,1395.795,1067.5,84,2,1
12759,81,2,1082.52,630,541.26,315.0,60,2,0
12763,47,2,494.08,316,247.04,158.0,16,2,1
12764,226,1,1693.88,386,1693.88,386.0,45,1,1
12766,58,5,4952.1900000000005,2495,990.4380000000001,499.0,161,5,0
12769,148,1,1143.6,356,1143.6,356.0,32,1,1
12770,120,1,1351.45,743,1351.45,743.0,12,1,1
12775,99,4,1164.68,740,291.17,185.0,36,4,0
12778,92,4,492.06,458,123.015,114.5,25,4,0
12779,99,7,2999.41,1385,428.4871428571428,197.85714285714286,68,7,0
12781,194,1,549.26,346,549.26,346.0,15,1,0
12782,59,4,2078.67,958,519.6675,239.5,73,4,0
12785,273,1,311.95,131,311.95,131.0,14,1,1
12787,1,2,344.65999999999997,210,172.32999999999998,105.0,15,2,0
12790,101,1,324.92,166,324.92,166.0,21,1,1
12791,283,1,192.60000000000002,97,192.60000000000002,97.0,2,1,1
12792,166,1,400.53999999999996,217,400.53999999999996,217.0,25,1,1
12793,244,2,545.48,295,272.74,147.5,21,2,1
12794,8,1,317.0,227,317.0,227.0,20,1,0
12797,275,1,254.03,118,254.03,118.0,13,1,1
12798,80,1,1607.04,2256,1607.04,2256.0,6,1,0
12802,96,1,427.58,314,427.58,314.0,25,1,1
12808,94,2,281.35,108,140.675,54.0,16,2,0
12809,87,1,489.31,220,489.31,220.0,25,1,1
12811,170,3,514.85,230,171.61666666666667,76.66666666666667,27,3,1
12814,11,1,125.92,49,125.92,49.0,2,1,1
12815,57,2,1063.46,379,531.73,189.5,38,2,1
12816,5,2,572.2,128,286.1,64.0,27,2,1
12817,190,1,166.04,53,166.04,53.0,4,1,1
12818,171,1,1542.08,929,1542.08,929.0,14,1,1
12820,236,1,170.46,146,170.46,146.0,11,1,0
12821,123,1,92.72,70,92.72,70.0,6,1,1
12823,36,4,1224.0,160,306.0,40.0,1,4,0
12826,88,4,818.62,721,204.655,180.25,50,4,0
12828,8,3,415.51,157,138.50333333333333,52.333333333333336,23,3,0
12829,246,2,293.0,376,146.5,188.0,9,2,1
12830,0,5,6414.32,8696,1282.864,1739.2,13,4,0
12831,171,1,215.05,135,215.05,135.0,9,1,1
12832,7,1,267.8,132,267.8,132.0,18,1,0
12833,54,1,417.38,156,417.38,156.0,24,1,1
12834,192,1,312.38,110,312.38,110.0,18,1,1
12836,46,3,2112.53,858,704.1766666666667,286.0,110,3,0
12837,82,1,134.1,24,134.1,24.0,12,1,1
12838,283,1,390.79,228,390.79,228.0,59,1,0
12839,1,9,3097.39,2071,344.15444444444444,230.11111111111111,73,9,0
12840,53,4,2726.77,1511,681.6925,377.75,67,4,1
12841,16,17,2829.91,1805,166.46529411764706,106.17647058823529,167,17,0
12842,218,1,310.73,157,310.73,157.0,14,1,0
12843,69,7,1692.31,780,241.75857142857143,111.42857142857143,68,7,0
12844,39,1,174.88,77,174.88,77.0,27,1,0
12845,176,4,354.09,204,88.5225,51.0,26,4,1
12849,178,1,668.8499999999999,489,668.8499999999999,489.0,33,1,0
12851,6,1,131.81,106,131.81,106.0,43,1,1
12852,204,1,311.55,149,311.55,149.0,17,1,1
12853,44,6,1957.1000000000001,800,326.18333333333334,133.33333333333334,66,3,1
12854,150,2,810.37,422,405.185,211.0,71,2,0
12855,282,1,38.1,30,38.1,30.0,3,1,1
12857,120,2,1106.4,343,553.2,171.5,37,2,1
12864,47,1,147.12,216,147.12,216.0,3,1,1
12865,33,1,981.38,550,981.38,550.0,58,1,0
12866,192,1,559.12,171,559.12,171.0,26,1,1
12867,5,6,3015.96,3366,502.66,561.0,206,6,0
12868,95,6,1607.0600000000002,928,267.84333333333336,154.66666666666666,72,6,1
12871,116,1,132.0,80,132.0,80.0,4,1,0
12872,236,2,599.97,319,299.985,159.5,58,2,1
12873,191,1,374.0,128,374.0,128.0,4,1,1
12875,52,2,343.2300000000001,2019,171.61500000000004,1009.5,1,2,1
12876,105,1,726.43,651,726.43,651.0,34,1,0
12877,34,9,1059.23,705,117.69222222222223,78.33333333333333,41,9,0
12878,145,2,854.99,547,427.495,273.5,38,2,1
12879,1,1,140.5,58,140.5,58.0,4,1,0
12881,185,1,298.0,21,298.0,21.0,7,1,1
12885,33,1,645.35,346,645.35,346.0,39,1,0
12886,129,1,775.0,416,775.0,416.0,47,1,0
12888,123,2,354.12,76,177.06,38.0,4,2,1
12891,95,3,331.0,950,110.33333333333333,316.6666666666667,2,3,1
12897,114,2,216.5,110,108.25,55.0,3,2,1
12901,18,19,11639.470000000001,12420,612.6036842105264,653.6842105263158,29,16,0
12902,174,1,138.68,66,138.68,66.0,10,1,1
12904,81,1,244.69,165,244.69,165.0,32,1,0
12908,85,2,750.0,1200,375.0,600.0,1,2,1
12909,111,3,1528.37,786,509.45666666666665,262.0,55,2,0
12910,43,4,1486.9,830,371.725,207.5,26,3,0
12913,192,3,866.39,345,288.7966666666667,115.0,12,3,0
12915,58,2,363.65,93,181.825,46.5,19,2,1
12916,48,4,2944.95,1083,736.2375,270.75,53,4,1
12917,37,1,594.0,120,594.0,120.0,2,1,1
12919,26,3,441.65,203,147.21666666666667,67.66666666666667,12,3,0
12921,7,24,10083.47,6051,420.1445833333333,252.125,173,15,0
12922,70,1,405.38,370,405.38,370.0,28,1,1
12924,107,3,655.27,285,218.42333333333332,95.0,10,3,0
12928,57,3,1136.14,690,378.71333333333337,230.0,42,3,0
12929,221,1,117.85,37,117.85,37.0,8,1,1
12930,80,1,221.56,108,221.56,108.0,14,1,0
12931,11,11,32530.7,21384,2957.336363636364,1944.0,27,8,0
12933,80,2,357.49,378,178.745,189.0,48,2,0
12935,19,4,1535.34,1268,383.835,317.0,58,4,0
12937,106,2,428.23,268,214.115,134.0,27,2,0
12939,47,4,7990.08,3208,1997.52,802.0,20,4,0
12942,40,3,675.6,198,225.20000000000002,66.0,68,3,1
12944,264,1,286.95,145,286.95,145.0,14,1,0
12945,197,1,462.95,165,462.95,165.0,23,1,1
12947,53,6,1603.99,1165,267.33166666666665,194.16666666666666,83,6,1
12948,14,4,1423.96,799,355.99,199.75,64,4,0
12949,23,7,3449.42,2048,492.7742857142857,292.57142857142856,144,4,0
12951,83,5,751.78,331,150.356,66.2,39,5,0
12955,2,6,1843.36,1526,307.22666666666663,254.33333333333334,42,6,0
12956,215,1,108.07,34,108.07,34.0,19,1,1
12957,95,4,1715.29,1248,428.8225,312.0,97,4,0
12962,22,1,170.54000000000002,78,170.54000000000002,78.0,11,1,0
12963,275,1,365.8,172,365.8,172.0,16,1,0
12967,267,2,1660.9,438,830.45,219.0,19,2,1
12968,21,1,135.95,73,135.95,73.0,5,1,1
12970,231,2,23.8,8,11.9,4.0,8,1,0
12971,1,64,8165.320000000001,5916,127.58312500000001,92.4375,80,52,0
12974,107,1,144.8,24,144.8,24.0,8,1,1
12976,121,1,738.6,561,738.6,561.0,22,1,1
12977,65,1,39.239999999999995,12,39.239999999999995,12.0,9,1,1
12980,67,9,7374.900000000001,886,819.4333333333334,98.44444444444444,6,9,1
12981,42,1,187.18,134,187.18,134.0,11,1,0
12982,152,1,390.54,288,390.54,288.0,28,1,1
12987,107,1,304.3,108,304.3,108.0,14,1,0
12988,201,1,505.82,126,505.82,126.0,75,1,1
12989,67,8,4469.14,2046,558.6425,255.75,14,7,0
12990,94,2,263.9,130,131.95,65.0,5,2,0
12991,21,1,303.56,361,303.56,361.0,22,1,0
12993,30,3,372.4,204,124.13333333333333,68.0,23,3,0
12994,29,2,645.47,303,322.735,151.5,38,2,0
12997,145,2,608.47,300,304.235,150.0,30,2,0
12999,105,3,455.88,342,151.96,114.0,25,3,1
13000,16,3,534.85,379,178.28333333333333,126.33333333333333,30,3,1
13001,67,11,8582.57,4864,780.2336363636364,442.1818181818182,154,11,0
13002,227,1,120.94999999999999,73,120.94999999999999,73.0,7,1,1
13003,15,3,149.05,103,49.68333333333334,34.333333333333336,4,3,1
13004,23,12,3785.09,3275,315.4241666666667,272.9166666666667,193,12,0
13005,83,2,513.7,172,256.85,86.0,21,2,1
13008,232,1,229.46999999999997,175,229.46999999999997,175.0,14,1,1
13011,281,1,50.550000000000004,13,50.550000000000004,13.0,3,1,1
13012,58,4,1012.3100000000001,511,253.07750000000001,127.75,42,4,0
13013,2,9,3686.09,1758,409.5655555555556,195.33333333333334,137,8,0
13014,23,5,2022.48,616,404.496,123.2,53,5,0
13015,106,4,1763.04,705,440.76,176.25,80,3,0
13016,32,1,425.25,315,425.25,315.0,28,1,0
13018,2,18,5075.71,3864,281.9838888888889,214.66666666666666,242,14,0
13021,76,4,1152.47,527,288.1175,131.75,48,4,0
13023,39,1,336.40000000000003,159,336.40000000000003,159.0,20,1,0
13026,2,3,604.2,900,201.4,300.0,13,3,0
13027,23,6,6912.0,17280,1152.0,2880.0,6,6,1
13029,48,2,773.1999999999999,92,386.59999999999997,46.0,6,2,0
13030,277,1,402.36,174,402.36,174.0,50,1,0
13033,266,1,190.55,83,190.55,83.0,11,1,1
13034,278,1,165.86,116,165.86,116.0,11,1,0
13035,170,1,333.0,212,333.0,212.0,12,1,0
13037,47,3,881.07,431,293.69,143.66666666666666,44,3,1
13038,93,2,591.76,280,295.88,140.0,22,2,0
13043,182,1,516.42,254,516.42,254.0,13,1,1
13044,200,1,560.47,429,560.47,429.0,33,1,1
13045,8,1,305.28000000000003,221,305.28000000000003,221.0,18,1,1
13046,175,1,197.72,76,197.72,76.0,14,1,0
13047,36,8,2682.01,1164,335.25125,145.5,84,6,0
13048,23,3,1358.55,947,452.84999999999997,315.6666666666667,69,3,0
13049,227,1,153.78,78,153.78,78.0,7,1,0
13050,15,13,4509.74,2707,346.9030769230769,208.23076923076923,211,13,0
13052,121,1,348.15000000000003,222,348.15000000000003,222.0,18,1,1
13055,123,1,344.86,252,344.86,252.0,22,1,0
13058,61,1,47.550000000000004,9,47.550000000000004,9.0,3,1,0
13059,159,1,183.4,35,183.4,35.0,8,1,1
13060,163,1,307.53,123,307.53,123.0,15,1,1
13062,100,1,346.98,343,346.98,343.0,11,1,1
13064,62,2,659.25,284,329.625,142.0,31,2,0
13065,282,1,205.86,74,205.86,74.0,14,1,1
13068,229,1,165.0,100,165.0,100.0,1,1,0
13069,9,20,3870.02,5153,193.501,257.65,250,17,0
13070,101,1,228.8,110,228.8,110.0,9,1,1
13072,176,1,177.15,69,177.15,69.0,7,1,1
13075,39,1,919.61,485,919.61,485.0,22,1,1
13077,199,3,576.19,606,192.06333333333336,202.0,61,2,0
13078,16,15,6917.150000000001,2500,461.1433333333334,166.66666666666666,81,15,0
13079,0,2,59.5,10,29.75,5.0,1,2,0
13080,88,1,58.08,120,58.08,120.0,6,1,1
13081,53,8,18870.12,12665,2358.765,1583.125,424,6,0
13082,35,9,3613.63,4324,401.51444444444445,480.44444444444446,63,7,1
13085,67,2,416.08000000000004,216,208.04000000000002,108.0,17,2,1
13089,9,71,43260.74,23782,609.3061971830986,334.9577464788732,537,48,0
13090,45,9,4912.02,1133,545.7800000000001,125.88888888888889,56,8,0
13092,121,4,439.75,95,109.9375,23.75,15,4,0
13093,185,8,7832.47,3961,979.05875,495.125,97,7,1
13094,39,10,1545.72,1356,154.572,135.6,4,10,0
13097,32,8,4636.51,1861,579.56375,232.625,181,7,0
13098,3,18,15169.46,8701,842.7477777777777,483.3888888888889,110,18,0
13099,8,1,207.35999999999999,288,207.35999999999999,288.0,1,1,1
13101,143,1,101.19,113,101.19,113.0,8,1,1
13102,43,19,4961.7,3361,261.1421052631579,176.89473684210526,112,15,0
13104,42,3,376.44,180,125.48,60.0,3,3,0
13106,42,1,76.5,18,76.5,18.0,1,1,1
13107,85,2,935.22,816,467.61,408.0,36,2,0
13108,282,1,350.06,298,350.06,298.0,10,1,1
13109,66,1,369.85,260,369.85,260.0,24,1,0
13110,46,5,1042.24,274,208.448,54.8,79,4,0
13113,23,20,10787.06,2616,539.353,130.8,93,19,0
13115,93,1,878.55,621,878.55,621.0,55,1,0
13116,47,1,501.14,291,501.14,291.0,30,1,1
13117,31,7,841.77,703,120.25285714285714,100.42857142857143,57,7,0
13118,117,3,799.7,274,266.56666666666666,91.33333333333333,40,3,0
13120,148,1,30.599999999999998,12,30.599999999999998,12.0,1,1,1
13121,178,1,283.73,252,283.73,252.0,50,1,1
13122,3,2,922.39,585,461.195,292.5,54,2,1
13124,161,2,2516.47,1601,1258.235,800.5,131,2,0
13126,162,5,1077.42,1062,215.484,212.4,61,4,0
13130,3,1,64.0,32,64.0,32.0,2,1,1
13131,97,1,324.9,128,324.9,128.0,14,1,0
13132,171,1,77.3,20,77.3,20.0,3,1,1
13133,183,2,109.8,32,54.9,16.0,7,2,1
13134,93,3,885.74,330,295.24666666666667,110.0,42,3,0
13135,106,1,3096.0,4300,3096.0,4300.0,1,1,1
13136,52,3,1226.68,677,408.8933333333334,225.66666666666666,55,2,0
13137,2,5,1888.32,1169,377.664,233.8,231,5,0
13138,42,3,489.45,243,163.15,81.0,22,3,0
13139,19,3,1710.94,726,570.3133333333334,242.0,39,3,0
13140,17,3,422.47,185,140.82333333333335,61.666666666666664,40,3,1
13141,123,4,1401.03,942,350.2575,235.5,77,3,0
13144,242,1,110.95,21,110.95,21.0,3,1,1
13145,1,3,499.72,121,166.57333333333335,40.333333333333336,5,3,0
13147,9,1,118.80000000000001,24,118.80000000000001,24.0,1,1,0
13148,43,10,2766.01,1370,276.601,137.0,173,6,0
13149,15,3,1132.62,884,377.53999999999996,294.6666666666667,58,3,0
13151,205,1,1257.8700000000001,363,1257.8700000000001,363.0,73,1,1
13155,236,2,569.2,262,284.6,131.0,55,2,0
13157,50,3,873.1999999999999,788,291.06666666666666,262.6666666666667,32,3,0
13158,4,4,1201.06,784,300.265,196.0,59,4,1
13159,15,2,843.09,627,421.545,313.5,75,2,0
13161,222,1,112.75,29,112.75,29.0,8,1,1
13162,31,4,1688.29,1713,422.0725,428.25,74,4,1
13165,260,1,354.64,496,354.64,496.0,13,1,0
13166,192,1,417.2,216,417.2,216.0,39,1,1
13167,40,2,417.55,447,208.775,223.5,33,2,0
13168,108,3,953.0600000000001,545,317.68666666666667,181.66666666666666,94,3,0
13169,161,1,505.2,96,505.2,96.0,6,1,0
13171,208,1,140.35,53,140.35,53.0,23,1,0
13173,276,1,165.94,114,165.94,114.0,23,1,0
13174,225,2,2034.06,927,1017.03,463.5,178,2,0
13178,42,8,4391.7300000000005,2599,548.9662500000001,324.875,81,8,0
13183,10,6,2394.98,1448,399.16333333333336,241.33333333333334,50,6,0
13184,40,9,1472.1,1537,163.56666666666666,170.77777777777777,122,8,0
13185,177,1,71.4,12,71.4,12.0,1,1,1
13186,3,2,1301.94,547,650.97,273.5,57,2,0
13187,246,1,236.02,95,236.02,95.0,37,1,1
13189,24,1,127.0,526,127.0,526.0,18,1,0
13192,4,2,911.94,595,455.97,297.5,57,2,1
13194,45,1,60.7,26,60.7,26.0,3,1,1
13196,171,1,512.13,320,512.13,320.0,34,1,0
13198,30,5,3009.18,2369,601.836,473.8,182,5,0
13199,1,22,4740.16,3652,215.4618181818182,166.0,29,20,0
13200,35,1,319.32,249,319.32,249.0,14,1,0
13203,30,2,309.86,274,154.93,137.0,20,2,0
13207,60,1,197.52000000000004,72,197.52000000000004,72.0,5,1,0
13208,64,4,828.8199999999999,572,207.20499999999998,143.0,97,4,0
13209,38,5,4156.08,3255,831.216,651.0,200,5,0
13210,3,1,353.48,316,353.48,316.0,22,1,1
13211,4,2,784.64,579,392.32,289.5,43,2,0
13213,37,4,963.88,478,240.97,119.5,44,3,0
13216,177,1,333.74,297,333.74,297.0,5,1,1
13217,31,3,533.98,262,177.99333333333334,87.33333333333333,3,3,1
13218,36,1,62.63999999999999,88,62.63999999999999,88.0,5,1,1
13220,95,3,726.49,132,242.16333333333333,44.0,15,3,0
13221,149,2,847.41,244,423.705,122.0,62,2,1
13223,109,2,163.20000000000002,88,81.60000000000001,44.0,5,2,1
13224,60,1,1212.26,665,1212.26,665.0,42,1,0
13225,52,5,4299.56,2164,859.912,432.8,15,5,0
13226,182,1,108.21000000000001,80,108.21000000000001,80.0,16,1,1
13227,111,1,257.7,99,257.7,99.0,9,1,1
13229,135,1,160.95,63,160.95,63.0,10,1,1
13230,47,12,2195.23,1332,182.93583333333333,111.0,302,11,0
13232,7,5,1019.05,649,203.81,129.8,129,5,0
13233,245,1,304.24,404,304.24,404.0,17,1,0
13235,121,1,1031.07,441,1031.07,441.0,53,1,1
13236,16,1,439.23,168,439.23,168.0,21,1,0
13238,73,2,318.85,137,159.425,68.5,14,2,0
13239,171,1,329.56,327,329.56,327.0,21,1,1
13240,5,4,663.65,298,165.9125,74.5,59,4,1
13242,21,3,270.40000000000003,130,90.13333333333334,43.333333333333336,12,2,1
13243,112,1,585.12,232,585.12,232.0,56,1,1
13244,2,1,121.74000000000001,38,121.74000000000001,38.0,27,1,1
13246,85,5,1838.51,1533,367.702,306.6,89,5,0
13248,34,2,465.68,305,232.84,152.5,25,2,1
13249,1,3,711.41,546,237.13666666666666,182.0,21,3,1
13253,66,2,1030.4,1572,515.2,786.0,35,2,1
13255,283,1,225.7,110,225.7,110.0,6,1,0
13258,114,1,198.87,77,198.87,77.0,12,1,0
13261,178,2,944.1,210,472.05,105.0,8,2,1
13262,172,1,200.29,125,200.29,125.0,11,1,1
13263,17,23,4854.79,2795,211.07782608695652,121.52173913043478,358,21,0
13265,93,3,1450.66,1126,483.55333333333334,375.3333333333333,44,3,0
13266,22,8,2535.58,3060,316.9475,382.5,54,8,0
13267,1,15,3119.34,1344,207.95600000000002,89.6,68,10,0
13268,79,6,2117.81,2490,352.9683333333333,415.0,206,6,0
13269,19,8,2978.5,2014,372.3125,251.75,133,8,0
13270,275,1,590.0,200,590.0,200.0,1,1,1
13273,22,1,138.98,153,138.98,153.0,16,1,1
13276,9,1,137.38,20,137.38,20.0,7,1,0
13277,25,2,125.9,86,62.95,43.0,4,2,0
13280,31,3,798.46,518,266.15333333333336,172.66666666666666,67,3,1
13282,71,2,773.1,172,386.55,86.0,15,2,0
13283,95,1,25.5,30,25.5,30.0,2,1,0
13284,240,1,201.19,91,201.19,91.0,13,1,1
13285,70,3,1970.1,1454,656.6999999999999,484.6666666666667,122,3,0
13291,65,1,361.11,233,361.11,233.0,41,1,1
13292,193,1,249.57,133,249.57,133.0,14,1,0
13294,99,2,873.74,453,436.87,226.5,48,2,1
13295,269,1,201.20000000000002,82,201.20000000000002,82.0,10,1,1
13296,46,1,87.4,78,87.4,78.0,5,1,1
13299,177,1,142.5,30,142.5,30.0,5,1,1
13300,78,1,371.89,203,371.89,203.0,20,1,1
13301,13,4,618.09,345,154.5225,86.25,75,4,1
13302,64,1,63.75,5,63.75,5.0,1,1,1
13304,260,1,300.42,238,300.42,238.0,21,1,1
13305,2,8,1471.25,935,183.90625,116.875,37,8,0
13307,29,1,15.0,4,15.0,4.0,1,1,1
13308,112,1,814.95,519,814.95,519.0,26,1,0
13309,116,2,546.64,616,273.32,308.0,43,2,0
13310,115,2,817.65,395,408.825,197.5,50,2,0
13311,59,1,490.11,271,490.11,271.0,24,1,0
13313,50,3,918.34,487,306.11333333333334,162.33333333333334,32,3,0
13316,41,2,3535.18,4277,1767.59,2138.5,40,2,0
13317,108,5,1313.98,500,262.796,100.0,56,3,0
13319,1,19,7390.47,3197,388.9721052631579,168.26315789473685,163,13,0
13320,16,3,981.15,787,327.05,262.3333333333333,59,2,0
13324,112,7,3798.99,2473,542.7128571428572,353.2857142857143,17,4,0
13327,22,7,2738.75,1256,391.25,179.42857142857142,60,6,0
13328,225,1,1308.48,680,1308.48,680.0,17,1,1
13329,276,1,304.2,175,304.2,175.0,7,1,0
13330,2,3,1140.93,751,380.31,250.33333333333334,37,3,1
13334,100,2,2708.59,1343,1354.295,671.5,176,2,0
13338,67,1,487.02,256,487.02,256.0,19,1,1
13339,110,1,860.12,326,860.12,326.0,54,1,1
13340,15,5,9229.54,5148,1845.9080000000001,1029.6,111,4,0
13341,170,1,775.85,301,775.85,301.0,42,1,1
13343,87,1,353.43,135,353.43,135.0,19,1,1
13344,187,1,1656.15,599,1656.15,599.0,68,1,0
13345,197,1,389.5,141,389.5,141.0,20,1,1
13355,31,1,674.7,314,674.7,314.0,32,1,1
13357,166,1,609.4,321,609.4,321.0,85,1,1
13358,178,1,439.03,285,439.03,285.0,29,1,1
13362,155,2,1581.53,727,790.765,363.5,92,2,0
13365,127,1,700.6,404,700.6,404.0,39,1,0
13368,166,2,623.4,327,311.7,163.5,29,2,1
13369,275,1,308.28000000000003,149,308.28000000000003,149.0,14,1,1
13370,281,1,754.87,343,754.87,343.0,39,1,1
13373,68,2,2055.58,944,1027.79,472.0,95,2,0
13376,8,3,1019.76,493,339.92,164.33333333333334,45,3,1
13379,46,1,136.29,166,136.29,166.0,13,1,0
13381,22,4,2461.33,1251,615.3325,312.75,63,4,0
13382,190,1,222.99,131,222.99,131.0,15,1,1
13384,38,2,1755.84,1062,877.92,531.0,70,2,0
13385,239,1,534.57,281,534.57,281.0,35,1,1
13388,40,2,677.1,282,338.55,141.0,35,1,1
13389,142,1,257.89,115,257.89,115.0,18,1,0
13391,113,1,59.8,4,59.8,4.0,1,1,1
13394,25,5,1543.45,1475,308.69,295.0,76,5,0
13395,94,1,307.72,336,307.72,336.0,21,1,1
13396,228,1,387.27000000000004,139,387.27000000000004,139.0,15,1,0
13397,20,4,1228.19,358,307.0475,89.5,22,4,0
13398,101,1,457.34,281,457.34,281.0,26,1,1
13402,36,2,621.23,479,310.615,239.5,32,2,1
13404,122,1,217.81,99,217.81,99.0,9,1,0
13405,113,2,557.45,163,278.725,81.5,24,2,0
13408,9,41,17836.68,10506,435.0409756097561,256.2439024390244,178,27,0
13410,96,3,545.04,300,181.67999999999998,100.0,11,3,0
13411,16,1,213.55,72,213.55,72.0,17,1,1
13414,43,3,1390.5,1574,463.5,524.6666666666666,23,3,1
13417,114,1,236.0,72,236.0,72.0,10,1,0
13418,8,15,4744.13,3168,316.2753333333333,211.2,191,10,0
13420,59,2,159.85,101,79.925,50.5,8,2,1
13421,199,1,825.04,495,825.04,495.0,64,1,0
13425,17,3,1624.21,1123,541.4033333333333,374.3333333333333,66,3,1
13426,92,5,1558.68,1199,311.736,239.8,62,5,0
13427,29,2,464.86,431,232.43,215.5,19,2,0
13434,6,1,72.84,60,72.84,60.0,5,1,0
13435,19,3,1088.1200000000001,894,362.7066666666667,298.0,31,3,0
13437,8,4,2173.6,689,543.4,172.25,108,4,0
13439,164,1,283.71,242,283.71,242.0,54,1,1
13441,1,1,296.64,204,296.64,204.0,13,1,1
13448,128,4,1423.26,720,355.815,180.0,65,3,0
13450,34,4,1421.46,1270,355.365,317.5,21,4,0
13451,35,4,2385.5,1743,596.375,435.75,284,4,0
13452,168,2,590.0,2,295.0,1.0,1,2,1
13453,75,2,356.97999999999996,134,178.48999999999998,67.0,16,2,1
13455,275,1,692.94,190,692.94,190.0,30,1,0
13456,64,3,855.0600000000001,261,285.02000000000004,87.0,18,3,0
13458,9,10,7678.42,4521,767.842,452.1,201,10,0
13461,48,2,884.2,836,442.1,418.0,12,2,0
13462,162,1,151.5,62,151.5,62.0,9,1,1
13466,93,1,307.9,259,307.9,259.0,17,1,1
13468,2,29,4739.02,2064,163.4144827586207,71.17241379310344,161,28,0
13470,8,2,165.0,100,82.5,50.0,7,2,1
13473,242,1,241.26,198,241.26,198.0,12,1,0
13474,145,1,226.84,129,226.84,129.0,59,1,1
13475,100,4,1431.78,1012,357.945,253.0,64,4,1
13476,88,2,1238.47,417,619.235,208.5,56,2,1
13477,47,4,899.55,626,224.8875,156.5,38,4,0
13479,110,2,300.95,134,150.475,67.0,14,2,1
13481,17,4,1361.33,861,340.3325,215.25,74,3,0
13482,141,1,184.64,116,184.64,116.0,11,1,1
13484,150,1,313.8,44,313.8,44.0,8,1,1
13485,142,1,454.24,277,454.24,277.0,23,1,1
13486,37,2,819.61,529,409.805,264.5,52,2,0
13487,122,2,408.8,213,204.4,106.5,21,2,0
13488,30,9,6596.38,3232,732.9311111111111,359.1111111111111,231,8,0
13489,14,4,449.52,560,112.38,140.0,11,4,1
13491,57,9,1088.45,812,120.9388888888889,90.22222222222223,66,9,0
13492,45,3,1269.84,408,423.28,136.0,38,3,1
13493,184,2,618.63,380,309.315,190.0,6,2,1
13494,221,1,316.26000000000005,162,316.26000000000005,162.0,18,1,1
13495,141,3,1072.43,485,357.4766666666667,161.66666666666666,20,3,0
13496,269,1,501.01,229,501.01,229.0,26,1,0
13497,192,2,348.05,163,174.025,81.5,19,2,1
13499,134,2,463.79,265,231.895,132.5,18,2,0
13500,32,1,326.4,128,326.4,128.0,20,1,0
13501,197,1,1340.32,560,1340.32,560.0,52,1,1
13502,184,2,189.16,110,94.58,55.0,9,2,0
13505,76,3,2583.12,1261,861.04,420.3333333333333,110,3,0
13506,225,2,458.52,324,229.26,162.0,26,2,1
13507,7,3,2022.79,1212,674.2633333333333,404.0,123,3,0
13508,153,1,110.97,24,110.97,24.0,12,1,1
13509,9,5,705.02,799,141.004,159.8,24,5,0
13510,4,2,897.81,743,448.905,371.5,53,2,0
13512,170,1,251.21,143,251.21,143.0,15,1,1
13513,36,1,205.1,109,205.1,109.0,10,1,1
13515,26,3,523.96,473,174.65333333333334,157.66666666666666,30,3,0
13516,148,1,146.0,56,146.0,56.0,7,1,0
13517,16,2,1612.18,981,806.09,490.5,99,2,0
13520,47,5,2947.98,1312,589.596,262.4,40,5,0
13523,109,3,2369.24,828,789.7466666666666,276.0,92,2,0
13524,11,3,408.86,187,136.28666666666666,62.333333333333336,14,3,0
13525,157,1,282.88,208,282.88,208.0,2,1,0
13527,14,4,1362.52,1288,340.63,322.0,110,4,0
13529,114,1,181.1,30,181.1,30.0,7,1,0
13531,114,2,483.8,174,241.9,87.0,17,2,1
13533,92,3,269.09,202,89.69666666666666,67.33333333333333,61,2,1
13534,17,21,4371.53,2242,208.16809523809522,106.76190476190476,101,15,0
13538,3,6,990.75,137,165.125,22.833333333333332,8,6,0
13539,149,2,315.65,231,157.825,115.5,21,2,0
13544,150,1,113.01,63,113.01,63.0,42,1,0
13546,110,1,182.26,107,182.26,107.0,26,1,0
13548,5,2,678.16,436,339.08,218.0,114,2,1
13549,51,5,762.05,411,152.41,82.2,34,5,0
13551,228,1,91.80000000000001,12,91.80000000000001,12.0,4,1,1
13552,33,9,2762.91,1024,306.99,113.77777777777777,61,6,0
13555,111,2,1590.05,868,795.025,434.0,55,1,0
13557,190,1,240.68,224,240.68,224.0,16,1,0
13561,125,1,141.85999999999999,83,141.85999999999999,83.0,14,1,1
13562,50,2,1209.73,527,604.865,263.5,44,2,0
13563,49,1,310.88,146,310.88,146.0,39,1,0
13564,53,3,1724.67,636,574.89,212.0,68,3,1
13565,243,1,110.17999999999999,78,110.17999999999999,78.0,13,1,0
13568,82,1,187.05,66,187.05,66.0,41,1,1
13569,277,1,109.82000000000001,43,109.82000000000001,43.0,23,1,0
13570,152,1,239.49,161,239.49,161.0,27,1,1
13571,2,7,1083.83,851,154.83285714285714,121.57142857142857,110,7,0
13572,115,1,1384.25,534,1384.25,534.0,32,1,1
13573,162,1,31.770000000000003,10,31.770000000000003,10.0,3,1,0
13575,43,2,218.75,113,109.375,56.5,13,2,0
13576,6,13,4840.9400000000005,1811,372.38000000000005,139.30769230769232,41,13,0
13577,2,3,1193.8,597,397.93333333333334,199.0,49,3,0
13579,278,1,164.70000000000002,46,164.70000000000002,46.0,9,1,0
13581,218,1,118.0,30,118.0,30.0,10,1,1
13583,65,1,781.03,725,781.03,725.0,53,1,1
13584,216,1,142.4,37,142.4,37.0,24,1,1
13588,9,4,1420.72,1648,355.18,412.0,101,4,0
13589,89,1,147.0,28,147.0,28.0,9,1,0
13590,60,4,1116.38,900,279.095,225.0,46,4,0
13591,113,2,776.23,263,388.115,131.5,36,2,0
13592,115,3,205.51,71,68.50333333333333,23.666666666666668,12,3,0
13593,17,5,2011.88,719,402.37600000000003,143.8,77,5,1
13599,66,8,2313.84,1531,289.23,191.375,71,6,0
13600,221,1,219.52,324,219.52,324.0,19,1,1
13601,120,1,373.2,275,373.2,275.0,41,1,0
13606,152,2,246.63,240,123.315,120.0,37,2,0
13610,19,5,764.76,364,152.952,72.8,140,5,0
13611,80,2,636.72,420,318.36,210.0,31,2,0
13614,73,2,778.88,243,389.44,121.5,82,2,0
13615,228,1,417.69,189,417.69,189.0,23,1,1
13617,22,2,365.7,188,182.85,94.0,23,2,0
13618,83,1,177.34,246,177.34,246.0,13,1,1
13621,26,1,213.85,343,213.85,343.0,19,1,1
13623,119,4,539.17,149,134.7925,37.25,61,4,0
13626,162,1,257.23,209,257.23,209.0,19,1,1
13627,85,3,1027.0,775,342.3333333333333,258.3333333333333,62,3,0
13629,8,8,5718.36,3222,714.795,402.75,27,8,0
13630,15,5,1361.46,973,272.29200000000003,194.6,49,5,0
13631,9,11,3070.42,467,279.1290909090909,42.45454545454545,6,7,1
13632,83,3,812.26,310,270.75333333333333,103.33333333333333,70,3,0
13634,15,3,755.97,347,251.99,115.66666666666667,73,3,0
13636,31,4,646.55,339,161.6375,84.75,36,4,0
13637,96,2,678.65,350,339.325,175.0,75,2,0
13642,125,1,312.28,151,312.28,151.0,57,1,1
13643,8,2,259.40000000000003,126,129.70000000000002,63.0,13,2,0
13644,15,1,851.09,659,851.09,659.0,48,1,0
13645,29,1,252.1,158,252.1,158.0,5,1,1
13647,84,2,803.86,441,401.93,220.5,33,2,0
13649,166,2,346.6,139,173.3,69.5,23,2,1
13650,116,2,745.52,284,372.76,142.0,33,2,0
13652,166,2,638.24,290,319.12,145.0,33,2,0
13654,54,4,1714.27,1532,428.5675,383.0,100,4,0
13655,23,2,932.97,605,466.485,302.5,52,2,1
13656,74,2,379.65,490,189.825,245.0,49,2,1
13657,111,1,152.34,132,152.34,132.0,9,1,0
13658,113,1,933.3,300,933.3,300.0,32,1,0
13659,115,2,1563.0,882,781.5,441.0,92,2,1
13662,121,2,516.44,353,258.22,176.5,33,2,0
13663,88,1,189.47,91,189.47,91.0,13,1,1
13666,196,2,64.05,37,32.025,18.5,8,1,0
13667,58,1,299.05,149,299.05,149.0,82,1,1
13668,22,16,4900.97,2938,306.310625,183.625,218,16,0
13669,59,1,48.150000000000006,13,48.150000000000006,13.0,3,1,0
13672,210,2,186.39000000000001,57,93.19500000000001,28.5,4,2,1
13675,60,2,486.82000000000005,330,243.41000000000003,165.0,25,2,1
13678,61,1,232.6,924,232.6,924.0,16,1,1
13680,247,2,2391.59,1195,1195.795,597.5,69,2,0
13681,64,1,203.46,96,203.46,96.0,13,1,0
13682,96,1,59.5,10,59.5,10.0,3,1,1
13684,195,1,65.13,38,65.13,38.0,29,1,1
13686,92,1,72.0,70,72.0,70.0,8,1,1
13692,123,2,871.58,735,435.79,367.5,32,2,0
13694,16,39,45911.64,48830,1177.2215384615386,1252.051282051282,309,28,0
13695,7,12,1767.07,1174,147.25583333333333,97.83333333333333,35,11,0
13699,64,1,308.58000000000004,66,308.58000000000004,66.0,14,1,1
13700,2,8,1634.77,1995,204.34625,249.375,138,6,0
13703,227,1,99.5,10,99.5,10.0,1,1,1
13705,54,2,522.68,237,261.34,118.5,20,2,0
13706,212,1,330.79,189,330.79,189.0,20,1,1
13707,176,2,806.41,351,403.205,175.5,48,2,1
13708,180,1,285.33,301,285.33,301.0,49,1,1
13709,11,5,2918.81,1890,583.762,378.0,125,4,0
13711,128,2,252.06,140,126.03,70.0,11,1,1
13712,156,1,228.84,352,228.84,352.0,10,1,1
13715,190,5,1077.39,562,215.478,112.4,89,4,1
13716,178,1,138.28,138,138.28,138.0,21,1,1
13717,38,4,955.99,1567,238.9975,391.75,64,4,0
13718,155,2,306.55,173,153.275,86.5,9,2,1
13719,114,2,338.74,186,169.37,93.0,19,2,0
13720,26,4,799.9,501,199.975,125.25,42,4,1
13722,41,3,2375.41,1401,791.8033333333333,467.0,75,2,1
13723,126,1,199.85000000000002,43,199.85000000000002,43.0,6,1,1
13725,78,7,1865.7,724,266.5285714285714,103.42857142857143,86,7,0
13726,10,1,292.68,384,292.68,384.0,23,1,0
13728,16,5,797.02,354,159.404,70.8,29,5,0
13730,45,2,752.6,488,376.3,244.0,38,2,1
13731,128,2,610.59,278,305.295,139.0,36,2,1
13735,85,2,1409.69,719,704.845,359.5,88,2,0
13736,169,1,357.53,228,357.53,228.0,73,1,0
13737,109,1,339.59999999999997,125,339.59999999999997,125.0,29,1,1
13740,150,1,350.75,425,350.75,425.0,23,1,1
13741,93,2,363.13,143,181.565,71.5,20,2,0
13742,71,10,2632.57,964,263.257,96.4,163,9,0
13743,17,5,912.1199999999999,1212,182.42399999999998,242.4,8,5,0
13744,4,2,1080.52,1153,540.26,576.5,54,2,1
13745,71,1,300.04,496,300.04,496.0,25,1,1
13747,283,1,79.6,8,79.6,8.0,1,1,1
13748,5,5,948.25,439,189.65,87.8,24,4,1
13750,49,4,1316.63,431,329.1575,107.75,16,4,0
13751,197,1,296.25,152,296.25,152.0,9,1,1
13752,33,6,1175.38,874,195.89666666666668,145.66666666666666,64,6,1
13753,197,1,741.26,512,741.26,512.0,35,1,1
13754,61,2,282.59999999999997,214,141.29999999999998,107.0,11,2,1
13756,2,8,2972.3300000000004,1843,371.54125000000005,230.375,55,8,0
13758,110,5,2351.52,1493,470.304,298.6,87,5,0
13760,165,1,135.09,96,135.09,96.0,28,1,0
13761,89,1,491.71000000000004,224,491.71000000000004,224.0,32,1,0
13762,128,1,306.72,272,306.72,272.0,7,1,1
13764,53,2,943.29,584,471.645,292.0,123,2,0
13767,18,28,9676.37,3933,345.5846428571429,140.46428571428572,50,24,0
13769,1,8,2176.62,856,272.0775,107.0,61,7,0
13771,108,2,1464.8500000000001,825,732.4250000000001,412.5,65,2,0
13772,6,2,682.97,308,341.485,154.0,96,2,0
13777,38,24,12360.24,5959,515.01,248.29166666666666,35,17,0
13778,12,1,178.7,70,178.7,70.0,9,1,1
13780,80,1,116.28000000000002,173,116.28000000000002,173.0,9,1,0
13781,160,1,127.84,30,127.84,30.0,17,1,1
13782,34,3,484.79,184,161.59666666666666,61.333333333333336,59,3,0
13784,4,9,2124.15,2265,236.01666666666668,251.66666666666666,9,9,0
13786,276,1,230.39999999999998,136,230.39999999999998,136.0,7,1,1
13787,273,1,106.4,56,106.4,56.0,7,1,0
13791,37,2,1516.0,1200,758.0,600.0,7,2,1
13792,196,1,74.60000000000001,28,74.60000000000001,28.0,4,1,0
13798,2,42,29161.14,18304,694.3128571428572,435.8095238095238,95,38,0
13799,26,2,688.86,402,344.43,201.0,32,2,1
13800,219,1,558.32,331,558.32,331.0,33,1,1
13802,48,3,4599.42,2572,1533.14,857.3333333333334,55,3,1
13803,164,1,277.07,121,277.07,121.0,17,1,1
13804,6,4,1526.01,923,381.5025,230.75,81,4,0
13805,38,1,500.24,728,500.24,728.0,6,1,0
13807,276,1,112.6,36,112.6,36.0,7,1,1
13808,3,2,723.1,324,361.55,162.0,33,2,0
13809,214,1,155.05,29,155.05,29.0,11,1,1
13811,93,3,814.5,68,271.5,22.666666666666668,7,3,1
13812,14,1,278.74,191,278.74,191.0,20,1,0
13813,44,1,385.14,177,385.14,177.0,17,1,0
13814,1,2,1579.12,864,789.56,432.0,37,2,1
13815,81,2,2977.75,1965,1488.875,982.5,110,2,0
13817,261,1,128.7,63,128.7,63.0,9,1,0
13819,211,3,1140.35,1109,380.1166666666666,369.6666666666667,26,3,1
13821,54,2,385.64,153,192.82,76.5,51,2,1
13823,1,1,650.42,325,650.42,325.0,26,1,0
13824,45,4,1429.84,660,357.46,165.0,26,4,0
13826,85,1,189.5,82,189.5,82.0,10,1,1
13827,43,2,300.76,95,150.38,47.5,59,2,0
13831,48,4,1450.85,515,362.7125,128.75,57,4,0
13833,68,1,383.85,117,383.85,117.0,28,1,1
13835,64,2,537.34,291,268.67,145.5,28,2,0
13837,121,2,266.59000000000003,182,133.29500000000002,91.0,17,2,1
13838,27,3,467.54,164,155.84666666666666,54.666666666666664,106,2,0
13841,162,1,85.0,100,85.0,100.0,1,1,1
13842,65,7,2165.27,893,309.32428571428574,127.57142857142857,96,7,0
13846,151,2,663.9300000000001,345,331.96500000000003,172.5,43,2,0
13848,1,3,1255.0,3700,418.3333333333333,1233.3333333333333,3,3,1
13849,80,1,593.5799999999999,332,593.5799999999999,332.0,38,1,0
13850,38,1,1595.48,944,1595.48,944.0,93,1,1
13851,5,3,2651.46,1705,883.82,568.3333333333334,77,3,1
13854,1,20,6469.16,1812,323.45799999999997,90.6,35,20,0
13856,78,3,388.5,494,129.5,164.66666666666666,10,3,1
13859,235,1,201.16,129,201.16,129.0,27,1,1
13862,17,6,1781.3,1277,296.8833333333333,212.83333333333334,77,6,0
13863,157,1,305.78,224,305.78,224.0,20,1,1
13865,46,3,383.34000000000003,154,127.78000000000002,51.333333333333336,23,3,0
13867,127,1,138.85,31,138.85,31.0,8,1,0
13869,32,4,3083.65,1709,770.9125,427.25,234,4,1
13870,11,5,2179.4700000000003,1058,435.89400000000006,211.6,82,4,0
13871,1,9,4612.64,1950,512.5155555555556,216.66666666666666,120,9,0
13873,29,3,389.6,140,129.86666666666667,46.666666666666664,21,3,1
13874,267,1,540.45,180,540.45,180.0,18,1,1
13875,43,4,1424.8,1005,356.2,251.25,66,4,0
13880,54,8,1680.76,852,210.095,106.5,69,7,0
13881,5,11,9398.68,5928,854.4254545454546,538.9090909090909,65,8,0
13883,128,4,1742.78,904,435.695,226.0,94,2,0
13884,186,3,196.25,65,65.41666666666667,21.666666666666668,10,2,0
13885,98,2,506.8,182,253.4,91.0,28,2,1
13887,113,1,349.55,147,349.55,147.0,19,1,1
13888,29,2,595.67,254,297.835,127.0,38,2,1
13889,2,1,416.90000000000003,146,416.90000000000003,146.0,15,1,1
13890,16,2,501.11,271,250.555,135.5,25,2,0
13892,156,1,54.519999999999996,140,54.519999999999996,140.0,3,1,0
13893,207,1,821.1,190,821.1,190.0,21,1,1
13894,219,1,160.85,105,160.85,105.0,10,1,0
13895,52,2,937.3000000000001,436,468.65000000000003,218.0,39,2,0
13898,235,1,155.93,133,155.93,133.0,12,1,1
13899,184,1,298.5,122,298.5,122.0,15,1,0
13900,92,3,740.95,430,246.98333333333335,143.33333333333334,42,3,1
13901,17,4,2652.28,1547,663.07,386.75,129,4,0
13904,204,1,201.12,223,201.12,223.0,17,1,0
13908,36,3,1461.61,919,487.2033333333333,306.3333333333333,65,3,0
13911,53,8,2437.63,2189,304.70375,273.625,120,8,0
13917,101,1,65.38,38,65.38,38.0,5,1,0
13918,162,1,198.2,100,198.2,100.0,8,1,0
13919,31,1,213.15,338,213.15,338.0,16,1,0
13922,261,1,172.25,93,172.25,93.0,7,1,1
13925,2,4,678.25,331,169.5625,82.75,28,3,1
13928,16,2,225.45000000000002,87,112.72500000000001,43.5,13,2,0
13929,78,2,842.65,143,421.325,71.5,8,2,1
13930,46,1,210.0,210,210.0,210.0,10,1,0
13931,5,2,1237.53,725,618.765,362.5,56,2,1
13932,204,1,307.4,72,307.4,72.0,16,1,1
13933,18,2,608.7900000000001,205,304.39500000000004,102.5,23,2,1
13934,173,1,922.1,390,922.1,390.0,31,1,1
13936,89,1,376.58,330,376.58,330.0,26,1,1
13937,78,1,158.85,123,158.85,123.0,9,1,1
13939,18,2,390.21,657,195.105,328.5,32,2,0
13940,26,2,391.06,240,195.53,120.0,25,2,0
13941,81,3,2831.26,1382,943.7533333333334,460.6666666666667,20,3,0
13946,111,2,485.96999999999997,263,242.98499999999999,131.5,9,2,0
13948,270,1,102.0,40,102.0,40.0,3,1,1
13949,4,1,537.9,542,537.9,542.0,38,1,0
13950,156,1,179.30999999999997,81,179.30999999999997,81.0,7,1,0
13951,85,3,674.45,459,224.8166666666667,153.0,38,3,1
13952,127,2,3251.071,1431,1625.5355,715.5,120,2,1
13953,25,5,2604.36,2048,520.8720000000001,409.6,8,5,0
13955,63,2,322.96,154,161.48,77.0,33,2,1
13956,47,3,676.07,381,225.35666666666668,127.0,95,3,0
13959,190,2,337.44,198,168.72,99.0,31,2,0
13962,155,1,117.6,30,117.6,30.0,7,1,0
13963,217,4,664.54,460,166.135,115.0,35,4,1
13967,55,1,80.7,42,80.7,42.0,2,1,1
13969,16,11,3883.23,1970,353.0209090909091,179.0909090909091,221,10,0
13971,15,6,1985.9,1332,330.98333333333335,222.0,95,6,0
13972,111,1,145.9,42,145.9,42.0,9,1,0
13973,196,1,264.7,109,264.7,109.0,11,1,1
13975,37,4,1466.67,948,366.6675,237.0,166,4,0
13976,116,1,357.98,154,357.98,154.0,10,1,1
13982,72,3,1230.1399999999999,783,410.0466666666666,261.0,45,3,0
13983,96,8,1681.06,793,210.1325,99.125,65,6,0
13984,35,4,819.33,647,204.8325,161.75,10,4,0
13985,16,7,2773.04,1380,396.1485714285714,197.14285714285714,55,7,0
13988,72,3,1923.5,1290,641.1666666666666,430.0,99,3,0
13989,148,1,896.6700000000001,869,896.6700000000001,869.0,23,1,0
13990,122,1,311.3,190,311.3,190.0,16,1,1
13991,52,1,126.35,83,126.35,83.0,7,1,0
13993,10,6,2247.41,653,374.5683333333333,108.83333333333333,59,6,0
13994,15,2,419.56,133,209.78,66.5,18,2,0
13995,25,3,871.9,608,290.6333333333333,202.66666666666666,39,3,0
13999,5,9,2868.9700000000003,1733,318.7744444444445,192.55555555555554,90,9,0
14000,120,1,635.66,710,635.66,710.0,15,1,1
14001,142,2,1309.14,632,654.57,316.0,21,2,0
14002,43,2,529.73,877,264.865,438.5,47,2,1
14004,7,5,3203.26,1676,640.652,335.2,69,5,0
14005,43,3,696.56,864,232.18666666666664,288.0,29,3,0
14006,25,3,962.19,641,320.73,213.66666666666666,22,3,1
14009,107,2,695.61,365,347.805,182.5,42,2,1
14012,187,1,328.8,160,328.8,160.0,11,1,1
14013,19,3,473.02,462,157.67333333333332,154.0,30,3,1
14016,71,4,4341.21,2125,1085.3025,531.25,154,4,1
14019,7,2,800.53,553,400.265,276.5,28,2,0
14021,64,3,631.9,192,210.63333333333333,64.0,22,3,1
14022,134,1,440.0,487,440.0,487.0,28,1,1
14023,159,1,273.14,162,273.14,162.0,16,1,0
14024,31,2,327.7,150,163.85,75.0,16,2,1
14029,53,1,165.20000000000002,24,165.20000000000002,24.0,6,1,0
14030,30,6,1657.5,860,276.25,143.33333333333334,147,5,0
14031,35,13,9627.03,3588,740.5407692307692,276.0,101,12,0
14032,78,6,1845.37,1325,307.56166666666667,220.83333333333334,43,6,0
14034,66,2,473.90999999999997,307,236.95499999999998,153.5,23,1,0
14035,16,3,837.26,447,279.08666666666664,149.0,18,3,0
14036,194,1,626.65,268,626.65,268.0,38,1,1
14037,85,2,147.20000000000002,46,73.60000000000001,23.0,27,2,1
14038,53,2,1086.42,701,543.21,350.5,49,2,0
14040,3,10,2734.46,1286,273.446,128.6,122,9,0
14041,175,1,141.41,94,141.41,94.0,21,1,1
14044,12,3,535.71,247,178.57000000000002,82.33333333333333,144,3,0
14045,18,4,1659.75,535,414.9375,133.75,4,3,1
14046,193,1,154.99,460,154.99,460.0,14,1,1
14047,109,3,635.92,210,211.97333333333333,70.0,15,3,0
14048,214,1,409.93,288,409.93,288.0,83,1,1
14049,68,3,3244.74,2150,1081.58,716.6666666666666,211,3,0
14050,15,1,485.98,447,485.98,447.0,37,1,0
14051,1,16,9271.84,2287,579.49,142.9375,43,15,0
14053,33,2,260.25,215,130.125,107.5,2,2,1
14055,15,1,725.6400000000001,216,725.6400000000001,216.0,10,1,1
14056,16,17,5333.97,2864,313.7629411764706,168.47058823529412,274,17,0
14057,10,13,4805.68,3945,369.66769230769233,303.46153846153845,155,11,0
14059,176,1,183.6,128,183.6,128.0,8,1,1
14060,17,14,4102.78,3770,293.05571428571426,269.2857142857143,67,14,0
14062,1,10,8800.67,4143,880.067,414.3,57,9,0
14064,22,4,1097.03,1512,274.2575,378.0,44,4,0
14066,176,1,152.55,45,152.55,45.0,7,1,1
14067,6,1,224.67,216,224.67,216.0,25,1,0
14068,229,1,265.85,73,265.85,73.0,22,1,1
14071,169,2,356.81,295,178.405,147.5,22,2,0
14075,170,1,307.92,270,307.92,270.0,18,1,0
14076,38,1,118.67,79,118.67,79.0,43,1,1
14077,91,3,310.4,148,103.46666666666665,49.333333333333336,30,3,0
14078,11,6,1049.37,310,174.89499999999998,51.666666666666664,46,6,1
14079,34,1,375.1,301,375.1,301.0,12,1,1
14081,211,2,921.62,592,460.81,296.0,126,2,1
14082,274,1,182.25,110,182.25,110.0,28,1,1
14083,35,7,533.39,374,76.19857142857143,53.42857142857143,92,6,0
14085,50,12,3220.94,2190,268.4116666666667,182.5,228,12,0
14088,38,7,25507.89,7074,3643.9842857142858,1010.5714285714286,232,6,0
14090,234,1,76.32000000000001,72,76.32000000000001,72.0,1,1,1
14092,9,10,2745.42,1495,274.54200000000003,149.5,96,9,0
14096,0,3,244.68,97,81.56,32.333333333333336,56,3,0
14099,29,8,2309.92,1726,288.74,215.75,143,8,0
14100,47,1,191.95000000000002,63,191.95000000000002,63.0,24,1,1
14101,52,5,4944.389999999999,6406,988.8779999999999,1281.2,15,5,0
14104,64,2,216.20999999999998,72,108.10499999999999,36.0,21,2,1
14105,148,1,1266.23,800,1266.23,800.0,74,1,1
14107,5,6,2461.94,1606,410.3233333333333,267.6666666666667,58,6,0
14108,11,1,291.33,209,291.33,209.0,16,1,0
14110,28,5,3259.62,1534,651.924,306.8,65,5,0
14111,5,3,295.5,202,98.5,67.33333333333333,5,3,0
14112,40,4,1900.82,1148,475.205,287.0,89,3,0
14113,264,1,433.5,102,433.5,102.0,2,1,0
14114,183,2,386.53,101,193.265,50.5,15,2,1
14116,2,2,628.87,380,314.435,190.0,29,2,0
14117,53,1,90.0,72,90.0,72.0,3,1,1
14127,32,3,709.71,321,236.57000000000002,107.0,39,3,1
14128,165,1,305.54,269,305.54,269.0,22,1,0
14129,5,3,726.23,355,242.07666666666668,118.33333333333333,28,2,0
14130,228,1,480.91,257,480.91,257.0,66,1,1
14132,23,5,1552.46,1420,310.492,284.0,48,5,0
14133,39,3,605.64,348,201.88,116.0,25,2,1
14135,14,10,3190.32,3364,319.03200000000004,336.4,82,9,0
14141,14,1,285.16,140,285.16,140.0,16,1,0
14142,282,1,311.81,313,311.81,313.0,22,1,1
14143,43,1,115.8,30,115.8,30.0,7,1,1
14145,66,3,2851.2,576,950.4,192.0,6,3,0
14146,164,2,1903.73,811,951.865,405.5,62,2,0
14147,195,1,182.8,40,182.8,40.0,2,1,0
14148,143,1,157.2,16,157.2,16.0,3,1,1
14149,130,1,446.62,218,446.62,218.0,28,1,1
14150,269,1,306.18,262,306.18,262.0,12,1,0
14152,143,1,314.51,369,314.51,369.0,29,1,0
14154,148,2,1345.62,465,672.81,232.5,52,1,1
14155,175,1,118.75,25,118.75,25.0,6,1,1
14156,2,42,98688.79,48716,2349.7330952380953,1159.904761904762,642,31,0
14157,194,1,269.18,186,269.18,186.0,36,1,0
14159,5,7,2732.73,2487,390.39,355.2857142857143,399,7,0
14161,125,3,1097.6200000000001,450,365.8733333333334,150.0,87,3,1
14162,83,2,289.36,142,144.68,71.0,25,2,1
14163,61,3,1659.39,589,553.13,196.33333333333334,31,3,0
14165,185,1,120.44,53,120.44,53.0,23,1,1
14167,74,3,389.85,103,129.95000000000002,34.333333333333336,23,3,0
14171,7,1,363.79,167,363.79,167.0,57,1,1
14173,128,1,114.04,40,114.04,40.0,11,1,0
14175,80,2,1205.99,626,602.995,313.0,58,2,0
14176,206,4,576.9000000000001,209,144.22500000000002,52.25,28,3,1
14177,5,3,299.46,144,99.82,48.0,37,2,0
14178,7,3,477.29,387,159.09666666666666,129.0,87,3,0
14180,0,22,4258.92,635,193.58727272727273,28.863636363636363,107,21,0
14185,240,1,197.65,6,197.65,6.0,3,1,1
14188,18,4,1383.46,783,345.865,195.75,25,4,0
14189,5,11,3267.92,2720,297.08363636363634,247.27272727272728,125,10,0
14191,17,7,2258.26,1388,322.60857142857145,198.28571428571428,71,7,0
14193,179,1,422.53999999999996,250,422.53999999999996,250.0,23,1,0
14194,15,12,5666.45,3243,472.20416666666665,270.25,203,8,0
14195,111,2,1012.0,760,506.0,380.0,7,2,1
14196,16,1,335.52,142,335.52,142.0,6,1,1
14198,54,2,356.95,167,178.475,83.5,21,2,0
14199,127,1,185.39999999999998,28,185.39999999999998,28.0,2,1,1
14201,58,5,521.24,360,104.248,72.0,19,5,0
14205,173,1,222.9,126,222.9,126.0,14,1,0
14206,148,1,328.15999999999997,276,328.15999999999997,276.0,20,1,1
14208,4,1,151.74,114,151.74,114.0,10,1,1
14209,30,5,1876.33,657,375.26599999999996,131.4,54,5,0
14210,15,6,1905.8400000000001,760,317.64000000000004,126.66666666666667,66,6,1
14211,6,6,1129.93,593,188.3216666666667,98.83333333333333,53,6,0
14214,65,3,899.16,671,299.71999999999997,223.66666666666666,56,3,0
14215,96,4,1098.27,589,274.5675,147.25,58,4,0
14217,9,10,1211.5,380,121.15,38.0,54,10,0
14220,156,2,632.4,272,316.2,136.0,21,2,1
14221,22,7,2617.0099999999998,1546,373.8585714285714,220.85714285714286,91,5,0
14222,86,1,683.17,607,683.17,607.0,41,1,1
14223,1,3,991.13,585,330.37666666666667,195.0,50,3,1
14224,19,4,1009.73,483,252.4325,120.75,105,4,1
14226,119,2,1692.0,1075,846.0,537.5,40,2,0
14227,105,7,2399.52,1279,342.7885714285714,182.71428571428572,104,4,0
14229,201,2,762.13,303,381.065,151.5,23,2,0
14231,93,3,925.71,409,308.57,136.33333333333334,47,3,1
14232,24,4,1573.33,1503,393.3325,375.75,71,4,0
14233,121,3,959.1,410,319.7,136.66666666666666,15,3,0
14235,67,4,2802.86,1841,700.715,460.25,62,3,0
14236,281,1,189.3,38,189.3,38.0,3,1,0
14237,282,1,161.0,38,161.0,38.0,9,1,1
14238,235,1,146.85,111,146.85,111.0,8,1,1
14239,4,9,1880.89,803,208.98777777777778,89.22222222222223,71,9,0
14240,135,1,226.85,79,226.85,79.0,10,1,0
14241,93,1,213.70000000000002,146,213.70000000000002,146.0,10,1,1
14242,144,2,280.55,123,140.275,61.5,13,2,1
14243,4,8,2305.95,1031,288.24375,128.875,93,8,0
14245,129,2,1693.45,976,846.725,488.0,107,2,1
14246,20,3,1474.06,804,491.3533333333333,268.0,57,3,1
14247,187,1,136.76999999999998,47,136.76999999999998,47.0,19,1,1
14248,227,1,302.58,102,302.58,102.0,8,1,1
14256,169,2,969.0600000000001,414,484.53000000000003,207.0,51,2,1
14257,32,4,2725.84,1338,681.46,334.5,84,4,0
14258,61,7,9386.32,5420,1340.902857142857,774.2857142857143,52,6,0
14259,51,1,120.0,68,120.0,68.0,5,1,1
14262,16,3,855.0,593,285.0,197.66666666666666,42,3,0
14264,64,2,333.97,70,166.985,35.0,15,2,1
14265,18,2,530.18,330,265.09,165.0,31,2,1
14267,72,3,1516.24,530,505.41333333333336,176.66666666666666,25,2,1
14270,241,1,492.65000000000003,197,492.65000000000003,197.0,29,1,1
14271,135,1,112.32,88,112.32,88.0,10,1,1
14272,163,1,132.09,87,132.09,87.0,8,1,0
14273,45,3,450.05,196,150.01666666666668,65.33333333333333,18,3,0
14276,8,3,1119.74,744,373.24666666666667,248.0,52,3,1
14277,121,1,1629.03,855,1629.03,855.0,71,1,0
14280,106,1,134.04,52,134.04,52.0,8,1,1
14282,19,9,2467.54,1788,274.1711111111111,198.66666666666666,58,9,0
14285,86,1,5.9,2,5.9,2.0,1,1,0
14286,152,1,2050.08,1998,2050.08,1998.0,141,1,0
14287,108,2,83.28,216,41.64,108.0,4,1,0
14288,122,1,426.6,188,426.6,188.0,16,1,1
14289,44,5,832.78,278,166.55599999999998,55.6,33,5,0
14290,271,1,777.5600000000001,220,777.5600000000001,220.0,23,1,0
14291,30,7,2355.54,1478,336.5057142857143,211.14285714285714,96,4,0
14292,55,4,2590.21,825,647.5525,206.25,50,3,0
14293,56,3,739.41,427,246.47,142.33333333333334,40,3,0
14297,184,1,232.6,78,232.6,78.0,11,1,0
14298,8,37,41182.51,47694,1113.0408108108109,1289.027027027027,720,19,0
14299,17,5,2437.14,922,487.428,184.4,70,5,0
14301,26,1,640.14,606,640.14,606.0,13,1,1
14304,132,1,383.45,139,383.45,139.0,17,1,1
14305,23,2,1048.45,582,524.225,291.0,62,2,0
14307,44,4,2307.89,1711,576.9725,427.75,119,4,0
14309,3,7,1633.7,1200,233.3857142857143,171.42857142857142,62,7,0
14311,152,1,310.26,146,310.26,146.0,20,1,1
14312,0,5,1047.19,480,209.43800000000002,96.0,51,5,0
14314,16,1,120.0,296,120.0,296.0,8,1,1
14315,38,5,1550.15,689,310.03000000000003,137.8,49,5,0
14320,116,2,477.79,325,238.895,162.5,29,2,1
14321,26,3,900.65,1516,300.21666666666664,505.3333333333333,75,3,0
14323,24,2,605.0600000000001,350,302.53000000000003,175.0,32,2,1
14326,151,1,183.85,103,183.85,103.0,8,1,1
14327,72,1,311.65,139,311.65,139.0,12,1,1
14329,18,4,3485.03,2184,871.2575,546.0,169,4,0
14331,33,2,462.65999999999997,252,231.32999999999998,126.0,27,2,1
14332,57,1,119.04,48,119.04,48.0,2,1,0
14334,3,7,2328.71,1597,332.67285714285714,228.14285714285714,96,7,0
14335,5,1,347.5,337,347.5,337.0,40,1,0
14336,107,3,1114.39,989,371.46333333333337,329.6666666666667,53,3,0
14338,70,2,588.22,335,294.11,167.5,30,2,1
14339,152,1,309.52,168,309.52,168.0,14,1,1
14340,128,1,134.7,58,134.7,58.0,6,1,1
14341,39,6,1139.52,709,189.92,118.16666666666667,54,4,0
14342,46,2,419.74,176,209.87,88.0,11,2,0
14344,36,8,889.9300000000001,477,111.24125000000001,59.625,56,8,1
14346,30,2,1021.58,605,510.79,302.5,55,2,1
14348,169,1,409.57,183,409.57,183.0,18,1,1
14350,183,1,282.93,183,282.93,183.0,18,1,1
14351,74,1,51.0,12,51.0,12.0,1,1,1
14352,66,4,1078.96,538,269.74,134.5,44,3,1
14353,124,1,90.6,64,90.6,64.0,6,1,1
14355,275,1,174.4,92,174.4,92.0,11,1,1
14360,4,1,1124.49,733,1124.49,733.0,71,1,0
14364,18,8,3717.35,1967,464.66875,245.875,61,7,1
14367,47,10,5419.7,2562,541.97,256.2,209,7,0
14368,229,1,155.0,36,155.0,36.0,8,1,1
14371,204,1,100.5,34,100.5,34.0,4,1,1
14373,267,1,76.55,17,76.55,17.0,4,1,1
14375,94,1,235.56,184,235.56,184.0,57,1,1
14377,100,2,617.05,219,308.525,109.5,11,2,1
14379,204,1,110.98,128,110.98,128.0,17,1,0
14383,73,1,242.09,201,242.09,201.0,15,1,0
14386,206,1,142.4,54,142.4,54.0,7,1,1
14387,18,1,440.76,209,440.76,209.0,40,1,0
14388,0,6,2277.77,1389,379.62833333333333,231.5,93,6,0
14389,100,1,311.14,189,311.14,189.0,19,1,0
14390,53,4,1590.71,739,397.6775,184.75,95,4,0
14393,127,1,67.95,13,67.95,13.0,5,1,1
14395,87,6,1952.3200000000002,970,325.3866666666667,161.66666666666666,114,6,0
14396,280,1,110.35000000000001,39,110.35000000000001,39.0,34,1,0
14397,3,10,1036.12,764,103.612,76.4,16,10,0
14400,58,1,574.7,454,574.7,454.0,25,1,1
14401,5,10,3079.38,3549,307.938,354.9,78,10,0
14403,39,4,1475.81,519,368.9525,129.75,17,4,1
14404,18,5,1322.52,769,264.504,153.8,64,5,0
14406,28,1,156.75,77,156.75,77.0,8,1,1
14407,16,6,2157.73,1415,359.62166666666667,235.83333333333334,67,6,1
14408,4,6,2290.81,1448,381.8016666666667,241.33333333333334,59,6,0
14409,32,5,1943.73,1160,388.746,232.0,36,4,0
14410,1,9,1100.27,567,122.25222222222222,63.0,153,7,1
14411,220,1,1063.0,196,1063.0,196.0,14,1,1
14413,271,1,121.05,67,121.05,67.0,22,1,1
14414,1,7,1496.98,2512,213.8542857142857,358.85714285714283,79,7,1
14415,7,9,3766.13,1798,418.4588888888889,199.77777777777777,196,9,0
14418,17,1,150.44,148,150.44,148.0,17,1,0
14419,162,2,307.14,161,153.57,80.5,45,2,0
14420,8,1,387.52,334,387.52,334.0,29,1,1
14421,121,1,455.18,194,455.18,194.0,15,1,0
14422,79,2,1032.15,541,516.075,270.5,57,2,0
14423,127,1,265.2,120,265.2,120.0,3,1,1
14426,50,6,2885.58,1603,480.93,267.1666666666667,151,4,0
14428,149,2,330.62,145,165.31,72.5,25,2,0
14431,212,1,470.36,130,470.36,130.0,17,1,1
14436,8,1,89.06,129,89.06,129.0,9,1,1
14437,275,1,63.0,60,63.0,60.0,5,1,1
14438,215,1,131.9,82,131.9,82.0,9,1,1
14439,229,1,2661.24,526,2661.24,526.0,32,1,1
14440,226,2,1185.71,341,592.855,170.5,25,2,0
14441,4,2,697.4000000000001,212,348.70000000000005,106.0,22,2,0
14442,114,2,1589.82,482,794.91,241.0,58,2,1
14443,48,3,991.52,666,330.50666666666666,222.0,58,3,0
14446,156,1,303.04,318,303.04,318.0,83,1,0
14447,105,2,601.03,313,300.515,156.5,34,2,0
14448,273,1,102.35000000000001,44,102.35000000000001,44.0,18,1,0
14449,156,2,399.91,333,199.955,166.5,98,2,0
14450,90,3,483.25,241,161.08333333333334,80.33333333333333,32,3,1
14451,104,1,360.0,204,360.0,204.0,52,1,0
14452,3,1,127.37,46,127.37,46.0,29,1,0
14453,99,1,119.93,49,119.93,49.0,22,1,1
14456,40,3,636.65,576,212.21666666666667,192.0,220,2,0
14457,220,1,113.64,88,113.64,88.0,4,1,1
14459,64,1,1837.92,760,1837.92,760.0,37,1,1
14460,19,3,434.34,881,144.78,293.6666666666667,14,3,1
14461,57,3,2103.06,766,701.02,255.33333333333334,173,3,1
14462,30,9,1510.65,678,167.85000000000002,75.33333333333333,126,7,0
14463,7,3,529.62,179,176.54,59.666666666666664,6,3,1
14465,156,3,1038.44,398,346.1466666666667,132.66666666666666,107,2,1
14466,25,5,1580.45,597,316.09000000000003,119.4,28,5,0
14467,222,1,131.7,37,131.7,37.0,15,1,0
14470,197,1,297.64,138,297.64,138.0,35,1,0
14472,13,8,1852.67,1135,231.58375,141.875,153,8,1
14473,191,1,85.0,10,85.0,10.0,1,1,0
14475,95,2,622.17,243,311.085,121.5,23,2,0
14476,166,1,193.0,110,193.0,110.0,17,1,1
14477,93,2,523.0,300,261.5,150.0,3,2,0
14479,163,2,316.25,117,158.125,58.5,18,2,1
14481,74,2,636.51,489,318.255,244.5,25,2,1
14482,8,2,465.95000000000005,234,232.97500000000002,117.0,20,2,0
14483,191,1,137.1,97,137.1,97.0,9,1,1
14487,277,1,125.10000000000001,37,125.10000000000001,37.0,13,1,0
14489,116,1,463.38,299,463.38,299.0,30,1,1
14491,84,2,340.93,139,170.465,69.5,17,2,1
14493,64,1,611.22,327,611.22,327.0,29,1,0
14495,30,1,40.599999999999994,22,40.599999999999994,22.0,2,1,0
14496,221,2,538.8100000000001,159,269.40500000000003,79.5,16,2,1
14497,218,1,475.37,235,475.37,235.0,29,1,1
14498,25,4,1281.79,689,320.4475,172.25,104,4,0
14499,43,2,367.81,188,183.905,94.0,71,2,0
14500,21,2,335.85,107,167.925,53.5,5,2,0
14501,93,2,251.21,161,125.605,80.5,9,2,1
14502,58,7,1163.22,532,166.17428571428573,76.0,201,6,0
14503,88,1,597.07,381,597.07,381.0,40,1,0
14504,152,3,542.71,263,180.90333333333334,87.66666666666667,81,3,0
14505,18,6,4222.74,1922,703.79,320.3333333333333,388,6,0
14506,71,3,818.96,251,272.9866666666667,83.66666666666667,82,3,0
14507,10,4,924.6899999999999,478,231.17249999999999,119.5,71,3,0
14511,1,2,329.89,145,164.945,72.5,16,2,0
14512,97,2,275.28,122,137.64,61.0,19,2,1
14513,10,3,455.59000000000003,361,151.86333333333334,120.33333333333333,11,3,1
14514,110,2,403.11,173,201.555,86.5,36,2,0
14515,100,2,765.65,371,382.825,185.5,25,2,0
14517,51,1,252.45,73,252.45,73.0,14,1,0
14520,200,1,165.0,100,165.0,100.0,1,1,0
14522,1,2,760.6999999999999,419,380.34999999999997,209.5,15,2,0
14523,17,1,241.09,251,241.09,251.0,12,1,1
14524,88,5,1028.87,416,205.77399999999997,83.2,113,4,0
14525,9,7,2820.29,1720,402.8985714285714,245.71428571428572,163,7,0
14527,8,40,5281.42,1343,132.0355,33.575,263,39,0
14529,19,1,135.24,84,135.24,84.0,49,1,0
14530,2,5,2482.32,1051,496.46400000000006,210.2,121,5,0
14532,145,4,932.85,284,233.2125,71.0,45,4,1
14533,22,2,734.98,912,367.49,456.0,23,2,0
14534,5,14,3031.39,1482,216.52785714285713,105.85714285714286,264,14,0
14535,36,2,1652.81,966,826.405,483.0,166,2,0
14536,169,1,170.95,39,170.95,39.0,18,1,1
14538,165,1,106.5,30,106.5,30.0,3,1,0
14540,218,1,195.9,122,195.9,122.0,11,1,0
14541,78,7,1307.3500000000001,597,186.76428571428573,85.28571428571429,70,6,0
14542,95,1,103.25,19,103.25,19.0,5,1,1
14543,18,13,3234.5,595,248.80769230769232,45.76923076923077,37,12,0
14544,271,1,1101.77,836,1101.77,836.0,53,1,0
14546,111,2,874.88,501,437.44,250.5,126,2,0
14548,60,2,652.8,256,326.4,128.0,2,2,1
14549,220,1,289.24,136,289.24,136.0,56,1,1
14551,113,1,125.43,66,125.43,66.0,7,1,0
14552,61,1,164.22,90,164.22,90.0,57,1,1
14553,128,2,312.32,182,156.16,91.0,35,2,0
14555,211,1,186.34,90,186.34,90.0,14,1,0
14560,4,15,1565.2,625,104.34666666666666,41.666666666666664,25,14,0
14561,71,2,566.99,375,283.495,187.5,35,2,0
14562,1,7,2309.38,993,329.9114285714286,141.85714285714286,121,7,0
14565,5,4,3099.12,1540,774.78,385.0,111,4,1
14566,20,1,1432.0,800,1432.0,800.0,4,1,1
14567,39,1,800.76,172,800.76,172.0,13,1,0
14570,190,2,218.06,95,109.03,47.5,29,1,1
14572,19,5,2063.2400000000002,1183,412.648,236.6,153,5,0
14573,89,9,1639.82,534,182.20222222222222,59.333333333333336,127,8,1
14576,281,1,35.400000000000006,12,35.400000000000006,12.0,1,1,1
14577,73,3,646.64,280,215.54666666666665,93.33333333333333,70,3,0
14583,53,4,741.72,552,185.43,138.0,172,4,0
14584,78,4,1033.06,381,258.265,95.25,68,4,1
14586,186,1,237.36,444,237.36,444.0,19,1,1
14587,93,8,1452.68,716,181.585,89.5,166,8,0
14589,281,1,39.75,5,39.75,5.0,3,1,1
14591,122,1,204.02,91,204.02,91.0,33,1,0
14593,108,2,339.59,118,169.795,59.0,54,1,0
14594,282,1,255.0,146,255.0,146.0,31,1,0
14595,222,1,163.8,76,163.8,76.0,5,1,0
14597,101,1,165.1,118,165.1,118.0,3,1,0
14600,215,1,393.33000000000004,125,393.33000000000004,125.0,25,1,1
14603,184,1,660.0,400,660.0,400.0,2,1,1
14606,3,71,9508.91,4851,133.92830985915492,68.32394366197182,718,67,0
14607,170,1,495.0,300,495.0,300.0,3,1,0
14608,271,1,204.0,48,204.0,48.0,1,1,0
14609,52,3,486.36,6306,162.12,2102.0,2,3,0
14616,152,3,406.08000000000004,104,135.36,34.666666666666664,2,3,1
14618,247,1,211.8,92,211.8,92.0,5,1,0
14619,155,1,394.44,152,394.44,152.0,20,1,1
14620,115,2,412.78000000000003,214,206.39000000000001,107.0,26,2,1
14621,66,3,1002.91,410,334.30333333333334,136.66666666666666,45,3,0
14622,94,1,320.58000000000004,146,320.58000000000004,146.0,21,1,1
14623,25,3,606.16,265,202.0533333333333,88.33333333333333,88,3,0
14625,105,2,899.63,335,449.815,167.5,51,2,1
14626,32,2,1571.29,879,785.645,439.5,64,2,0
14628,0,2,671.96,272,335.98,136.0,22,2,1
14631,144,2,630.08,352,315.04,176.0,24,2,0
14632,172,1,114.56,96,114.56,96.0,8,1,1
14633,175,1,344.90000000000003,96,344.90000000000003,96.0,20,1,1
14636,178,1,300.19,117,300.19,117.0,16,1,0
14639,29,4,1989.23,789,497.3075,197.25,93,3,0
14640,37,4,1483.3600000000001,572,370.84000000000003,143.0,63,4,0
14643,79,2,693.8100000000001,815,346.90500000000003,407.5,30,2,1
14644,207,1,187.50000000000003,66,187.50000000000003,66.0,8,1,0
14645,66,2,597.09,381,298.545,190.5,28,2,1
14646,2,42,178302.62,127744,4245.300476190476,3041.5238095238096,495,30,0
14647,110,1,236.04000000000002,91,236.04000000000002,91.0,24,1,1
14649,121,2,582.12,349,291.06,174.5,48,1,0
14651,120,1,415.47,185,415.47,185.0,59,1,0
14653,247,1,344.81,305,344.81,305.0,29,1,0
14655,131,1,810.56,522,810.56,522.0,14,1,0
14656,78,2,291.05,120,145.525,60.0,73,2,1
14657,64,3,638.94,339,212.98000000000002,113.0,83,3,0
14658,26,1,123.14,23,123.14,23.0,14,1,0
14659,55,6,1641.55,767,273.59166666666664,127.83333333333333,107,6,0
14660,10,1,128.95,104,128.95,104.0,14,1,0
14662,144,3,512.28,322,170.76,107.33333333333333,82,3,0
14665,206,3,731.66,268,243.88666666666666,89.33333333333333,41,2,0
14667,4,18,6011.46,3380,333.97,187.77777777777777,268,17,0
14669,151,3,1259.24,770,419.74666666666667,256.6666666666667,158,2,1
14670,189,2,392.86,326,196.43,163.0,107,1,1
14672,144,2,765.55,454,382.775,227.0,58,2,1
14673,277,1,373.49,213,373.49,213.0,15,1,0
14676,57,4,1690.92,1824,422.73,456.0,19,4,0
14680,4,14,25422.56,12116,1815.8971428571429,865.4285714285714,70,14,0
14681,121,1,393.95,48,393.95,48.0,5,1,0
14682,97,2,52.0,80,26.0,40.0,1,2,1
14684,124,2,493.44,270,246.72,135.0,140,2,0
14687,16,1,628.38,470,628.38,470.0,15,1,1
14688,2,16,4186.45,2953,261.653125,184.5625,112,16,0
14689,118,1,112.8,76,112.8,76.0,13,1,1
14690,61,1,212.56,84,212.56,84.0,28,1,0
14691,6,2,1274.68,464,637.34,232.0,37,2,0
14692,46,4,591.55,265,147.8875,66.25,53,4,1
14693,174,1,172.9,34,172.9,34.0,8,1,1
14696,29,5,1458.54,1086,291.70799999999997,217.2,83,5,0
14697,127,2,188.60999999999999,181,94.30499999999999,90.5,22,1,1
14699,123,1,109.13000000000001,77,109.13000000000001,77.0,8,1,1
14700,99,2,1541.1,848,770.55,424.0,56,2,0
14701,82,7,1941.43,666,277.34714285714284,95.14285714285714,188,6,0
14702,26,9,1651.25,636,183.47222222222223,70.66666666666667,106,9,0
14704,52,2,207.5,101,103.75,50.5,56,2,0
14705,108,1,179.0,100,179.0,100.0,1,1,1
14708,63,2,701.1800000000001,410,350.59000000000003,205.0,12,2,0
14709,3,9,3952.7400000000002,2004,439.1933333333334,222.66666666666666,65,9,0
14711,0,9,2355.63,795,261.7366666666667,88.33333333333333,177,9,0
14712,21,1,115.72,102,115.72,102.0,7,1,0
14713,8,9,2029.61,1236,225.51222222222222,137.33333333333334,130,9,0
14715,4,3,594.75,297,198.25,99.0,44,3,0
14716,58,1,181.72,319,181.72,319.0,19,1,0
14719,88,2,488.12,398,244.06,199.0,70,2,0
14720,36,1,155.8,40,155.8,40.0,9,1,0
14722,56,1,180.42000000000002,118,180.42000000000002,118.0,28,1,1
14723,267,3,455.65,199,151.88333333333333,66.33333333333333,68,2,0
14727,183,1,268.58,62,268.58,62.0,10,1,1
14729,283,1,313.49,197,313.49,197.0,69,1,1
14730,16,5,872.13,509,174.426,101.8,142,5,0
14731,115,2,251.01999999999998,182,125.50999999999999,91.0,23,2,0
14732,53,5,1618.3,960,323.65999999999997,192.0,72,5,0
14733,20,11,9044.2,3645,822.2,331.3636363636364,98,11,0
14735,8,23,3595.71,1365,156.33521739130435,59.34782608695652,66,13,0
14737,38,2,1081.75,303,540.875,151.5,13,2,0
14738,43,5,757.6500000000001,351,151.53000000000003,70.2,28,5,0
14739,3,4,2247.58,2678,561.895,669.5,32,4,0
14740,106,3,1448.21,735,482.7366666666667,245.0,85,3,1
14741,22,4,864.96,558,216.24,139.5,25,4,0
14744,207,5,928.03,519,185.606,103.8,14,4,0
14745,22,5,1220.26,1038,244.052,207.6,46,4,1
14747,158,1,328.2,84,328.2,84.0,18,1,1
14748,33,4,1118.77,1061,279.6925,265.25,75,3,0
14754,205,1,228.26999999999998,173,228.26999999999998,173.0,15,1,0
14755,22,7,2867.6800000000003,1241,409.66857142857145,177.28571428571428,103,7,0
14758,54,4,1484.06,419,371.015,104.75,54,4,1
14759,22,2,870.85,247,435.425,123.5,47,2,0
14760,206,1,89.2,40,89.2,40.0,5,1,1
14761,244,1,97.5,58,97.5,58.0,7,1,0
14762,173,1,300.52,341,300.52,341.0,21,1,1
14765,21,2,95.5,22,47.75,11.0,8,2,0
14766,77,4,1531.32,984,382.83,246.0,85,4,0
14768,36,1,133.20000000000002,40,133.20000000000002,40.0,4,1,0
14769,17,6,6284.84,4329,1047.4733333333334,721.5,478,6,0
14770,141,2,876.42,490,438.21,245.0,49,2,1
14772,21,1,139.26,82,139.26,82.0,9,1,1
14775,47,2,701.46,802,350.73,401.0,39,2,0
14776,14,8,1862.22,2230,232.7775,278.75,44,7,0
14778,36,2,730.86,306,365.43,153.0,34,2,1
14779,190,3,386.15,84,128.71666666666667,28.0,40,3,1
14782,229,1,200.10000000000002,114,200.10000000000002,114.0,6,1,1
14784,233,1,114.68,56,114.68,56.0,4,1,0
14790,29,2,364.04,384,182.02,192.0,22,2,0
14794,113,4,679.54,311,169.885,77.75,37,4,0
14795,75,1,131.45000000000002,17,131.45000000000002,17.0,6,1,1
14796,4,14,6581.18,4850,470.0842857142857,346.42857142857144,338,14,0
14798,53,2,97.4,104,48.7,52.0,7,2,0
14800,19,9,3832.49,3154,425.8322222222222,350.44444444444446,209,9,0
14803,71,3,845.55,370,281.84999999999997,123.33333333333333,35,3,1
14805,223,1,109.25,29,109.25,29.0,19,1,0
14808,53,6,1833.82,1241,305.63666666666666,206.83333333333334,146,4,0
14810,13,10,1866.78,912,186.678,91.2,97,10,0
14813,279,2,152.88,66,76.44,33.0,25,1,1
14816,106,1,271.85,5,271.85,5.0,4,1,1
14817,109,2,1110.34,655,555.17,327.5,52,2,1
14818,78,2,409.63,202,204.815,101.0,23,2,0
14819,101,1,84.72,48,84.72,48.0,3,1,0
14820,82,1,139.77,87,139.77,87.0,8,1,0
14821,276,1,48.800000000000004,20,48.800000000000004,20.0,2,1,1
14823,89,3,321.43,88,107.14333333333333,29.333333333333332,56,2,1
14824,0,1,441.91,217,441.91,217.0,15,1,0
14825,37,7,1333.47,540,190.49571428571429,77.14285714285714,68,7,0
14828,106,3,2139.76,2172,713.2533333333334,724.0,17,3,1
14829,93,3,531.63,364,177.21,121.33333333333333,33,3,0
14834,29,2,429.3,180,214.65,90.0,18,2,0
14837,14,3,1345.56,1226,448.52,408.6666666666667,82,3,0
14840,177,1,62.85,31,62.85,31.0,4,1,1
14841,88,4,2375.57,1235,593.8925,308.75,88,4,0
14842,4,3,1901.52,711,633.84,237.0,86,3,0
14844,32,3,2257.6800000000003,1301,752.5600000000001,433.6666666666667,64,3,0
14847,58,1,309.4,120,309.4,120.0,13,1,1
14849,4,17,5784.53,4088,340.2664705882353,240.47058823529412,145,10,0
14850,221,1,325.75,293,325.75,293.0,21,1,1
14851,165,1,206.13,139,206.13,139.0,14,1,0
14852,5,5,2188.42,1390,437.684,278.0,67,4,0
14853,120,1,214.5,34,214.5,34.0,3,1,0
14854,42,6,2281.83,1429,380.305,238.16666666666666,95,6,0
14855,28,2,645.65,267,322.825,133.5,13,2,1
14857,57,1,522.52,188,522.52,188.0,29,1,0
14859,113,1,296.86,209,296.86,209.0,11,1,0
14862,58,1,304.09999999999997,430,304.09999999999997,430.0,21,1,0
14865,281,1,37.2,96,37.2,96.0,3,1,0
14866,15,4,1163.9,552,290.975,138.0,25,4,0
14867,95,3,710.28,328,236.76,109.33333333333333,31,3,1
14868,29,4,1297.07,689,324.2675,172.25,59,3,0
14869,12,1,387.06,354,387.06,354.0,48,1,0
14870,171,1,327.25,119,327.25,119.0,13,1,1
14871,87,3,335.3,109,111.76666666666667,36.333333333333336,44,3,0
14873,119,1,519.68,168,519.68,168.0,28,1,1
14875,17,2,1465.3200000000002,558,732.6600000000001,279.0,46,2,1
14878,83,6,1083.02,627,180.50333333333333,104.5,51,6,0
14880,94,2,347.67,237,173.835,118.5,25,2,0
14883,73,2,358.48,322,179.24,161.0,25,2,0
14885,41,1,765.3199999999999,724,765.3199999999999,724.0,15,1,1
14886,162,1,364.8,160,364.8,160.0,18,1,1
14888,116,1,369.2,184,369.2,184.0,20,1,1
14889,245,1,135.9,90,135.9,90.0,10,1,1
14890,163,1,125.65,51,125.65,51.0,7,1,1
14891,57,2,554.38,505,277.19,252.5,30,2,1
14895,0,13,7974.79,3418,613.4453846153846,262.9230769230769,242,7,0
14896,114,2,468.77000000000004,279,234.38500000000002,139.5,43,2,1
14897,206,1,175.5,122,175.5,122.0,10,1,0
14898,43,5,991.18,852,198.236,170.4,60,5,0
14901,11,5,822.12,409,164.424,81.8,50,5,0
14903,34,4,2398.62,1330,599.655,332.5,195,4,0
14905,67,2,616.15,287,308.075,143.5,14,2,1
14907,8,5,2608.18,1307,521.636,261.4,110,4,0
14911,2,112,81903.79,43459,731.2838392857142,388.0267857142857,1230,83,0
14912,156,1,482.78999999999996,445,482.78999999999996,445.0,14,1,0
14913,92,3,917.15,1362,305.71666666666664,454.0,57,3,0
14915,0,2,307.48,112,153.74,56.0,12,2,1
14916,3,3,967.76,830,322.58666666666664,276.6666666666667,54,3,0
14918,25,2,1610.15,675,805.075,337.5,39,2,1
14920,122,2,977.77,509,488.885,254.5,57,1,1
14921,110,1,903.01,631,903.01,631.0,53,1,0
14924,155,1,310.05,64,310.05,64.0,10,1,1
14930,18,3,2362.96,1160,787.6533333333333,386.6666666666667,116,2,1
14931,115,2,586.0,98,293.0,49.0,10,2,0
14932,275,1,363.53,80,363.53,80.0,17,1,1
14934,192,1,828.84,459,828.84,459.0,39,1,0
14935,206,1,1784.71,935,1784.71,935.0,10,1,1
14936,18,3,5072.88,2352,1690.96,784.0,124,3,0
14937,39,1,759.56,172,759.56,172.0,13,1,0
14944,4,7,3164.19,1699,452.02714285714285,242.71428571428572,71,5,0
14947,40,1,178.5,118,178.5,118.0,10,1,0
14948,7,4,639.23,453,159.8075,113.25,39,4,0
14952,116,7,3534.61,1787,504.94428571428574,255.28571428571428,82,5,0
14957,162,1,58.49,34,58.49,34.0,12,1,1
14958,56,3,483.72999999999996,128,161.2433333333333,42.666666666666664,33,3,1
14959,19,3,537.32,400,179.10666666666668,133.33333333333334,33,3,0
14960,80,1,88.3,20,88.3,20.0,2,1,0
14961,0,7,4917.93,2669,702.5614285714286,381.2857142857143,158,6,0
14962,180,1,126.7,44,126.7,44.0,5,1,1
14963,93,1,294.2,167,294.2,167.0,37,1,0
14964,156,1,206.21,143,206.21,143.0,13,1,1
14965,5,2,596.09,363,298.045,181.5,80,1,1
14970,46,3,1119.75,165,373.25,55.0,10,3,0
14972,37,1,114.77,28,114.77,28.0,18,1,1
14973,16,3,1314.45,369,438.15000000000003,123.0,29,3,1
14976,10,4,559.96,162,139.99,40.5,38,4,0
14978,145,4,1527.23,415,381.8075,103.75,120,4,0
14981,155,1,102.12,97,102.12,97.0,8,1,1
14984,90,1,102.23,20,102.23,20.0,16,1,0
14985,107,2,292.01,256,146.005,128.0,78,2,1
14987,275,1,163.2,64,163.2,64.0,2,1,0
14988,121,1,334.54,141,334.54,141.0,40,1,1
14995,189,1,119.31,51,119.31,51.0,37,1,0
14997,87,1,155.28,312,155.28,312.0,9,1,0
14998,79,2,414.87,258,207.435,129.0,70,2,1
15002,25,4,1641.76,862,410.44,215.5,93,4,1
15004,56,1,1220.77,623,1220.77,623.0,154,1,1
15005,5,20,4507.55,3020,225.3775,151.0,281,20,0
15007,68,1,156.91,69,156.91,69.0,12,1,1
15012,283,1,188.56,84,188.56,84.0,46,1,0
15014,85,1,117.72999999999999,68,117.72999999999999,68.0,2,1,0
15016,82,1,170.04,76,170.04,76.0,20,1,1
15018,162,2,291.34000000000003,94,145.67000000000002,47.0,17,2,0
15019,176,1,252.81,150,252.81,150.0,64,1,1
15021,66,5,1080.23,505,216.046,101.0,204,5,0
15023,25,8,5027.97,2193,628.49625,274.125,271,8,0
15024,22,5,830.62,404,166.124,80.8,62,4,0
15026,149,2,230.78,81,115.39,40.5,24,2,0
15027,77,3,966.9699999999999,523,322.3233333333333,174.33333333333334,27,3,0
15028,278,1,185.97,119,185.97,119.0,14,1,0
15030,177,1,152.76,156,152.76,156.0,3,1,0
15031,19,2,261.79,115,130.895,57.5,42,2,0
15032,165,3,4959.1,2968,1653.0333333333335,989.3333333333334,29,2,1
15033,18,6,1608.95,903,268.15833333333336,150.5,203,6,0
15034,142,5,2640.38,1326,528.076,265.2,158,4,0
15036,86,2,212.49,143,106.245,71.5,49,2,0
15038,97,4,497.7,123,124.425,30.75,90,4,0
15039,1,38,18384.65,8465,483.80657894736845,222.76315789473685,377,34,0
15041,79,1,179.93,103,179.93,103.0,66,1,1
15042,108,1,135.93,30,135.93,30.0,5,1,1
15044,45,13,5152.68,1539,396.36,118.38461538461539,147,11,0
15045,61,2,735.66,114,367.83,57.0,11,2,1
15046,6,11,3943.68,2536,358.5163636363636,230.54545454545453,124,11,0
15047,179,1,343.62,222,343.62,222.0,22,1,1
15048,26,3,321.48,170,107.16000000000001,56.666666666666664,74,3,0
15049,183,1,121.17000000000002,63,121.17000000000002,63.0,3,1,1
15051,59,1,377.74,351,377.74,351.0,34,1,0
15052,228,1,207.73000000000002,79,207.73000000000002,79.0,27,1,1
15053,65,2,478.6,514,239.3,257.0,28,2,0
15057,184,2,1489.5,668,744.75,334.0,25,2,1
15058,34,7,1234.76,607,176.3942857142857,86.71428571428571,131,5,0
15059,16,7,1008.6,405,144.0857142857143,57.857142857142854,127,6,0
15061,37,37,36575.0,19193,988.5135135135135,518.7297297297297,59,22,0
15062,127,3,814.04,541,271.34666666666664,180.33333333333334,38,3,0
15063,122,1,370.79999999999995,56,370.79999999999995,56.0,5,1,1
15065,74,3,2858.75,1181,952.9166666666666,393.6666666666667,132,3,0
15067,192,1,848.05,335,848.05,335.0,35,1,0
15068,165,1,239.95999999999998,130,239.95999999999998,130.0,39,1,0
15069,88,1,1109.53,520,1109.53,520.0,70,1,1
15070,282,1,106.2,36,106.2,36.0,1,1,1
15071,3,2,982.07,269,491.035,134.5,25,2,1
15073,95,2,861.96,428,430.98,214.0,22,2,0
15074,14,1,735.67,431,735.67,431.0,41,1,1
15076,82,1,880.85,571,880.85,571.0,49,1,1
15078,15,22,6702.59,3387,304.66318181818184,153.95454545454547,83,14,0
15079,122,4,895.61,389,223.9025,97.25,46,3,1
15081,117,2,248.05,113,124.025,56.5,16,2,0
15083,166,1,88.2,38,88.2,38.0,5,1,1
15087,191,1,306.94,470,306.94,470.0,15,1,1
15089,3,3,2036.28,1189,678.76,396.3333333333333,117,3,0
15090,217,1,381.32,208,381.32,208.0,23,1,1
15092,124,2,457.81,135,228.905,67.5,23,2,1
15093,26,5,4027.1,3279,805.42,655.8,51,5,0
15095,13,4,1370.6,1079,342.65,269.75,30,3,1
15098,91,3,39916.5,121,13305.5,40.333333333333336,1,1,1
15100,243,3,876.0,80,292.0,26.666666666666668,1,3,1
15101,268,1,102.28,34,102.28,34.0,4,1,0
15104,106,2,993.54,635,496.77,317.5,66,2,1
15105,44,1,532.98,274,532.98,274.0,19,1,0
15106,50,3,1032.83,822,344.27666666666664,274.0,67,3,0
15107,220,6,319.5,169,53.25,28.166666666666668,12,6,1
15108,51,4,1300.25,499,325.0625,124.75,50,4,1
15109,155,1,484.95,131,484.95,131.0,28,1,1
15110,36,2,376.55,121,188.275,60.5,13,2,0
15111,282,1,288.5,106,288.5,106.0,16,1,0
15114,2,7,1678.97,1817,239.85285714285715,259.57142857142856,78,7,0
15116,44,2,790.97,255,395.485,127.5,20,2,0
15117,30,2,675.73,1085,337.865,542.5,31,2,0
15118,43,1,244.8,1440,244.8,1440.0,1,1,1
15119,155,1,266.4,88,266.4,88.0,14,1,1
15120,43,1,358.82,296,358.82,296.0,21,1,1
15121,198,1,295.15,125,295.15,125.0,18,1,0
15122,23,3,1633.78,800,544.5933333333334,266.6666666666667,65,3,1
15123,115,1,1069.47,509,1069.47,509.0,53,1,0
15124,101,1,90.75,89,90.75,89.0,9,1,0
15125,22,12,10795.48,5909,899.6233333333333,492.4166666666667,97,8,0
15128,36,3,1170.24,1007,390.08,335.6666666666667,66,3,0
15129,16,10,2796.73,1621,279.673,162.1,48,9,0
15130,79,1,330.11,197,330.11,197.0,22,1,1
15132,15,3,842.23,633,280.74333333333334,211.0,47,3,0
15133,37,3,982.42,680,327.4733333333333,226.66666666666666,27,3,1
15134,36,4,614.86,390,153.715,97.5,27,4,0
15135,148,1,139.05,43,139.05,43.0,9,1,1
15136,5,1,582.9,374,582.9,374.0,29,1,0
15139,149,2,178.96,208,89.48,104.0,13,2,1
15140,25,5,1728.11,1266,345.62199999999996,253.2,53,4,0
15143,135,1,259.45,150,259.45,150.0,14,1,1
15144,2,10,3560.84,1920,356.084,192.0,99,8,0
15145,136,2,724.03,438,362.015,219.0,35,2,0
15146,74,2,1327.16,1473,663.58,736.5,90,2,1
15147,149,1,623.5,366,623.5,366.0,28,1,1
15149,43,1,520.8000000000001,128,520.8000000000001,128.0,23,1,1
15150,18,5,3569.62,2474,713.924,494.8,225,5,0
15152,22,6,2383.21,1173,397.20166666666665,195.5,110,6,0
15157,63,2,1505.37,1910,752.685,955.0,89,2,0
15159,22,18,8969.97,5666,498.33166666666665,314.77777777777777,205,12,0
15160,266,1,158.16,84,158.16,84.0,4,1,1
15163,101,1,155.0,48,155.0,48.0,10,1,0
15164,117,2,363.23,142,181.615,71.0,52,2,0
15165,282,1,487.75,160,487.75,160.0,27,1,1
15167,230,1,158.8,65,158.8,65.0,39,1,1
15171,240,1,1289.5,290,1289.5,290.0,5,1,1
15172,45,3,886.74,838,295.58,279.3333333333333,60,3,0
15174,232,1,135.75,145,135.75,145.0,11,1,1
15178,169,1,40.5,30,40.5,30.0,3,1,1
15179,143,3,1455.12,1294,485.03999999999996,431.3333333333333,45,3,0
15180,276,1,87.5,36,87.5,36.0,6,1,1
15181,84,2,434.99999999999994,252,217.49999999999997,126.0,10,2,0
15182,63,2,622.85,253,311.425,126.5,24,2,1
15184,100,1,235.23000000000002,73,235.23000000000002,73.0,20,1,0
15186,77,1,229.26,162,229.26,162.0,10,1,0
15187,1,6,1883.88,801,313.98,133.5,37,6,0
15189,0,33,12635.77,4627,382.90212121212124,140.21212121212122,72,30,0
15192,29,3,1044.32,918,348.1066666666666,306.0,36,3,1
15194,36,11,4469.53,3283,406.3209090909091,298.45454545454544,152,11,0
15197,162,2,773.25,202,386.625,101.0,15,2,0
15198,1,2,193.64,120,96.82,60.0,10,2,1
15199,4,3,967.75,305,322.5833333333333,101.66666666666667,4,3,0
15201,35,4,933.26,914,233.315,228.5,29,3,0
15203,15,4,1328.32,1339,332.08,334.75,73,4,0
15204,266,1,316.58,258,316.58,258.0,9,1,1
15205,36,1,476.29999999999995,196,476.29999999999995,196.0,24,1,0
15206,9,3,236.7,90,78.89999999999999,30.0,3,3,0
15208,72,2,323.52,154,161.76,77.0,16,2,0
15210,134,1,331.18,228,331.18,228.0,20,1,1
15211,274,1,383.07,117,383.07,117.0,23,1,0
15212,150,1,101.8,36,101.8,36.0,5,1,1
15213,228,2,328.35,272,164.175,136.0,22,2,1
15214,93,2,651.63,556,325.815,278.0,46,2,0
15215,6,1,300.04,92,300.04,92.0,16,1,0
15218,26,8,3865.35,2258,483.16875,282.25,68,6,0
15219,85,1,305.75,45,305.75,45.0,9,1,1
15220,24,5,1284.05,1137,256.81,227.4,84,5,0
15221,275,1,403.25,43,403.25,43.0,5,1,1
15222,228,1,585.0,440,585.0,440.0,5,1,1
15223,135,2,755.75,213,377.875,106.5,14,2,1
15224,267,2,322.08,152,161.04,76.0,13,2,1
15225,143,1,409.40000000000003,226,409.40000000000003,226.0,23,1,1
15226,220,1,154.41,71,154.41,71.0,8,1,1
15227,125,3,876.8199999999999,589,292.2733333333333,196.33333333333334,36,3,0
15228,39,3,2224.03,1505,741.3433333333334,501.6666666666667,83,3,0
15230,148,2,429.6,351,214.8,175.5,23,2,1
15232,22,2,612.06,686,306.03,343.0,26,2,1
15234,186,1,197.0,196,197.0,196.0,14,1,1
15235,127,12,2247.51,1324,187.29250000000002,110.33333333333333,132,10,1
15236,208,1,321.05,269,321.05,269.0,15,1,1
15237,112,2,1093.65,798,546.825,399.0,74,2,0
15238,4,2,772.78,577,386.39,288.5,37,2,0
15240,101,3,1045.38,755,348.46000000000004,251.66666666666666,30,3,0
15241,36,6,1344.86,1558,224.14333333333332,259.6666666666667,73,6,0
15244,157,1,297.94,240,297.94,240.0,15,1,0
15245,43,3,2515.84,1784,838.6133333333333,594.6666666666666,55,3,1
15246,147,2,514.15,247,257.075,123.5,32,2,1
15247,31,1,356.0,160,356.0,160.0,6,1,1
15249,1,11,5639.34,3071,512.6672727272727,279.1818181818182,188,10,0
15251,0,8,9695.82,5704,1211.9775,713.0,92,8,0
15252,92,1,300.55,99,300.55,99.0,14,1,0
15253,79,1,173.85,211,173.85,211.0,12,1,0
15254,36,1,300.36,275,300.36,275.0,18,1,1
15256,58,1,98.45,55,98.45,55.0,6,1,1
15257,192,1,317.15,46,317.15,46.0,7,1,1
15258,78,2,623.16,142,311.58,71.0,32,2,1
15260,9,7,1810.77,885,258.68142857142857,126.42857142857143,62,6,1
15261,44,1,254.82,270,254.82,270.0,19,1,1
15262,233,1,178.95000000000002,73,178.95000000000002,73.0,10,1,1
15263,16,1,156.51,89,156.51,89.0,12,1,1
15265,60,2,1506.1200000000001,612,753.0600000000001,306.0,76,2,1
15266,247,1,119.3,18,119.3,18.0,6,1,1
15267,65,2,1407.76,704,703.88,352.0,7,2,0
15270,27,5,1850.29,1017,370.058,203.4,21,4,0
15271,4,10,1592.58,786,159.25799999999998,78.6,116,10,0
15279,264,1,290.51,189,290.51,189.0,19,1,1
15280,81,1,113.12,154,113.12,154.0,16,1,1
15281,46,8,2191.78,1128,273.9725,141.0,113,8,0
15288,65,4,2006.3600000000001,721,501.59000000000003,180.25,74,4,0
15289,47,2,697.98,768,348.99,384.0,41,2,0
15290,13,12,3392.5899999999997,1723,282.7158333333333,143.58333333333334,51,12,0
15291,4,12,3685.02,1457,307.085,121.41666666666667,57,12,0
15292,110,1,178.39,55,178.39,55.0,24,1,1
15296,18,5,2599.49,1275,519.8979999999999,255.0,118,5,0
15298,2,7,3358.2200000000003,2120,479.7457142857143,302.85714285714283,87,7,0
15299,73,5,3035.01,2578,607.0020000000001,515.6,5,3,0
15301,23,9,3727.4,1998,414.15555555555557,222.0,130,8,0
15303,199,1,574.02,248,574.02,248.0,31,1,1
15304,74,6,491.90000000000003,74,81.98333333333333,12.333333333333334,8,6,0
15306,2,2,657.07,512,328.535,256.0,30,2,0
15307,5,1,205.3,37,205.3,37.0,12,1,1
15308,183,1,310.47,175,310.47,175.0,19,1,1
15311,3,65,46020.75,29464,708.0115384615384,453.2923076923077,470,64,0
15312,12,3,794.8,410,264.93333333333334,136.66666666666666,33,3,0
15313,19,1,52.0,25,52.0,25.0,1,1,1
15314,108,1,327.97,313,327.97,313.0,24,1,1
15315,25,1,233.54,262,233.54,262.0,16,1,0
15316,236,1,165.0,100,165.0,100.0,1,1,1
15319,193,1,204.5,175,204.5,175.0,16,1,1
15321,201,1,1159.47,545,1159.47,545.0,38,1,0
15325,13,1,161.74,231,161.74,231.0,47,1,1
15326,243,1,311.71,386,311.71,386.0,29,1,1
15329,43,2,754.0,386,377.0,193.0,42,2,0
15332,275,4,1661.06,652,415.265,163.0,29,2,1
15333,117,1,1028.56,344,1028.56,344.0,16,1,1
15334,66,3,350.82,273,116.94,91.0,67,3,1
15339,227,1,257.9,159,257.9,159.0,40,1,0
15342,39,1,406.09,283,406.09,283.0,24,1,1
15346,242,1,252.42000000000002,144,252.42000000000002,144.0,17,1,1
15347,275,1,201.60000000000002,130,201.60000000000002,130.0,5,1,1
15349,67,2,463.90999999999997,321,231.95499999999998,160.5,65,2,1
15350,282,1,115.65,51,115.65,51.0,5,1,1
15351,279,1,274.67,129,274.67,129.0,49,1,0
15353,164,2,770.12,341,385.06,170.5,59,2,1
15356,14,8,2231.17,1355,278.89625,169.375,201,8,0
15358,30,15,5639.81,4933,375.98733333333337,328.8666666666667,240,10,0
15361,271,1,418.92,336,418.92,336.0,7,1,1
15363,282,1,326.0,144,326.0,144.0,16,1,1
15364,5,2,913.19,493,456.595,246.5,29,2,1
15365,5,2,961.28,404,480.64,202.0,44,2,0
15366,267,1,105.54,61,105.54,61.0,8,1,0
15367,155,2,1416.18,750,708.09,375.0,65,2,0
15370,50,4,1513.46,611,378.365,152.75,54,4,0
15372,46,1,2007.3999999999999,2924,2007.3999999999999,2924.0,27,1,1
15373,25,9,1686.9,354,187.43333333333334,39.333333333333336,65,8,0
15374,38,1,168.0,126,168.0,126.0,3,1,1
15376,26,2,977.22,533,488.61,266.5,94,2,0
15379,78,7,3703.29,2305,529.0414285714286,329.2857142857143,145,7,1
15380,50,2,582.5600000000001,216,291.28000000000003,108.0,17,2,0
15381,123,2,596.85,171,298.425,85.5,8,2,1
15382,94,4,2127.12,1628,531.78,407.0,97,3,0
15384,79,2,642.41,596,321.205,298.0,34,2,1
15386,95,1,394.14,446,394.14,446.0,31,1,1
15388,179,1,140.54,88,140.54,88.0,10,1,1
15389,81,1,500.0,400,500.0,400.0,1,1,1
15392,269,1,338.98,402,338.98,402.0,19,1,0
15393,190,1,124.10000000000001,94,124.10000000000001,94.0,8,1,0
15394,113,2,1436.44,546,718.22,273.0,44,2,0
15395,235,1,107.45,17,107.45,17.0,7,1,1
15396,22,1,288.18,122,288.18,122.0,14,1,1
15397,199,1,94.0,20,94.0,20.0,6,1,1
15400,1,5,716.2,390,143.24,78.0,10,5,1
15402,58,2,626.77,694,313.385,347.0,35,2,1
15405,98,1,349.1,193,349.1,193.0,8,1,1
15406,210,1,252.29,130,252.29,130.0,42,1,0
15407,93,3,740.73,329,246.91,109.66666666666667,62,3,0
15408,173,1,267.18,106,267.18,106.0,34,1,1
15410,8,7,3089.4100000000003,1049,441.3442857142858,149.85714285714286,43,7,0
15411,33,2,382.21,155,191.105,77.5,22,2,0
15412,80,1,190.53,108,190.53,108.0,10,1,1
15414,151,1,36.2,12,36.2,12.0,5,1,0
15415,222,1,559.61,551,559.61,551.0,46,1,1
15416,64,3,3144.33,1698,1048.11,566.0,135,3,0
15421,124,3,739.36,379,246.45333333333335,126.33333333333333,35,2,0
15422,232,2,97.7,38,48.85,19.0,6,1,1
15424,163,2,383.34,554,191.67,277.0,17,1,1
15426,166,2,634.13,255,317.065,127.5,101,2,0
15433,123,2,533.3,534,266.65,267.0,40,2,1
15434,16,3,587.28,479,195.76,159.66666666666666,32,2,0
15436,143,1,484.1,246,484.1,246.0,124,1,0
15437,171,1,200.16,79,200.16,79.0,44,1,1
15438,40,1,156.57999999999998,59,156.57999999999998,59.0,25,1,1
15440,45,2,237.66,125,118.83,62.5,25,2,0
15442,158,1,594.0,120,594.0,120.0,2,1,1
15443,18,2,684.8,347,342.4,173.5,72,2,0
15445,173,1,113.5,58,113.5,58.0,5,1,1
15447,240,1,155.17,85,155.17,85.0,9,1,1
15448,222,1,494.64,232,494.64,232.0,28,1,1
15449,94,2,647.7,516,323.85,258.0,30,2,0
15452,173,1,237.0,134,237.0,134.0,36,1,0
15453,1,4,701.2,357,175.3,89.25,102,4,0
15454,271,1,179.1,86,179.1,86.0,23,1,1
15456,192,3,434.59000000000003,633,144.86333333333334,211.0,48,2,1
15457,171,1,237.07,132,237.07,132.0,56,1,1
15460,263,1,214.26,107,214.26,107.0,53,1,1
15462,3,3,234.6,172,78.2,57.333333333333336,9,3,1
15464,247,1,1044.65,348,1044.65,348.0,155,1,1
15465,48,15,5992.129999999999,906,399.47533333333325,60.4,38,15,0
15467,54,2,402.56,235,201.28,117.5,36,2,0
15469,29,1,304.3,128,304.3,128.0,16,1,0
15472,22,1,371.56,251,371.56,251.0,76,1,1
15480,25,1,905.5,303,905.5,303.0,45,1,1
15482,75,4,1928.3,675,482.075,168.75,17,3,0
15483,70,4,225.26,291,56.315,72.75,74,2,1
15485,245,2,1268.13,578,634.065,289.0,33,2,0
15488,2,1,91.32000000000001,73,91.32000000000001,73.0,2,1,1
15489,120,1,348.26,220,348.26,220.0,23,1,0
15491,4,6,3100.09,1646,516.6816666666667,274.3333333333333,108,5,1
15493,59,3,1286.95,358,428.98333333333335,119.33333333333333,126,3,0
15494,30,1,1119.88,1071,1119.88,1071.0,87,1,0
15497,229,1,970.6,528,970.6,528.0,10,1,0
15498,30,19,9126.37,4525,480.33526315789476,238.1578947368421,288,12,0
15502,33,5,5955.53,3761,1191.106,752.2,148,4,0
15503,272,1,141.04,70,141.04,70.0,66,1,1
15505,23,3,2091.14,964,697.0466666666666,321.3333333333333,36,3,0
15506,48,1,208.77,144,208.77,144.0,45,1,0
15507,81,1,475.86,160,475.86,160.0,41,1,1
15508,98,6,1000.27,440,166.71166666666667,73.33333333333333,78,4,1
15510,240,1,250.0,2,250.0,2.0,1,1,1
15512,65,2,121.0,68,60.5,34.0,7,2,1
15513,4,17,11352.14,4424,667.7729411764706,260.2352941176471,160,13,0
15514,135,6,2501.94,1184,416.99,197.33333333333334,50,4,0
15517,142,1,267.03,293,267.03,293.0,27,1,1
15518,33,7,1603.86,1117,229.12285714285713,159.57142857142858,125,6,0
15521,4,7,2326.7799999999997,1470,332.3971428571428,210.0,113,5,0
15525,282,1,274.93,113,274.93,113.0,44,1,0
15527,54,5,1330.79,509,266.158,101.8,68,5,0
15528,163,1,229.33,123,229.33,123.0,26,1,1
15529,52,8,2387.23,2025,298.40375,253.125,280,8,0
15530,59,3,1163.69,654,387.8966666666667,218.0,77,3,0
15532,40,3,1214.49,371,404.83,123.66666666666667,165,3,0
15535,82,4,502.9,135,125.725,33.75,55,3,1
15537,72,1,110.92,29,110.92,29.0,24,1,1
15541,23,1,85.13000000000001,49,85.13000000000001,49.0,29,1,1
15543,197,1,127.86,86,127.86,86.0,26,1,1
15544,29,7,2772.37,2212,396.05285714285714,316.0,95,7,0
15545,280,1,135.32999999999998,75,135.32999999999998,75.0,31,1,0
15547,19,8,2745.16,1841,343.145,230.125,236,7,0
15549,67,2,1619.88,656,809.94,328.0,94,2,0
15550,15,3,433.28,252,144.42666666666665,84.0,36,3,0
15552,126,1,90.12,60,90.12,60.0,17,1,1
15554,187,1,217.2,74,217.2,74.0,14,1,1
15555,13,10,2809.63,2428,280.963,242.8,260,10,0
15561,59,3,449.66999999999996,95,149.89,31.666666666666668,16,2,0
15562,261,1,134.55,39,134.55,39.0,1,1,1
15563,110,2,735.62,742,367.81,371.0,55,2,0
15569,13,5,1375.71,666,275.142,133.2,27,4,1
15570,51,9,2809.98,1135,312.22,126.11111111111111,184,9,0
15572,19,4,1552.79,687,388.1975,171.75,109,3,0
15574,87,4,675.64,332,168.91,83.0,131,3,1
15577,60,3,258.88,89,86.29333333333334,29.666666666666668,39,2,1
15578,71,1,127.1,52,127.1,52.0,13,1,1
15579,223,1,195.35,55,195.35,55.0,25,1,0
15581,30,13,3675.77,283,282.7515384615385,21.76923076923077,134,12,1
15582,9,2,541.51,407,270.755,203.5,33,2,0
15584,71,1,150.4,48,150.4,48.0,35,1,0
15585,86,1,455.3,320,455.3,320.0,31,1,1
15587,52,2,456.84,156,228.42,78.0,3,2,0
15589,165,3,478.53000000000003,243,159.51000000000002,81.0,28,2,1
15594,3,2,788.22,464,394.11,232.0,43,2,0
15596,10,5,1406.59,561,281.318,112.2,51,5,1
15599,113,1,448.83,361,448.83,361.0,29,1,0
15601,32,11,5585.46,4003,507.7690909090909,363.90909090909093,200,11,0
15602,110,5,542.95,345,108.59,69.0,12,5,0
15605,161,3,690.1800000000001,266,230.06000000000003,88.66666666666667,37,3,0
15606,28,8,2439.38,762,304.9225,95.25,42,8,0
15607,246,1,104.76,202,104.76,202.0,13,1,1
15608,30,1,285.68,230,285.68,230.0,18,1,0
15609,93,1,298.48,148,298.48,148.0,16,1,1
15611,13,8,947.1400000000001,257,118.39250000000001,32.125,17,8,0
15615,15,19,7367.85,3837,387.7815789473684,201.94736842105263,153,13,0
15618,1,3,419.041,215,139.68033333333332,71.66666666666667,22,2,0
15620,130,2,875.01,600,437.505,300.0,59,2,0
15622,106,5,2602.0,1225,520.4,245.0,127,3,0
15623,50,1,301.03,125,301.03,125.0,19,1,1
15624,26,4,588.13,357,147.0325,89.25,26,4,1
15625,13,4,1534.26,1188,383.565,297.0,44,4,1
15626,239,1,281.88,312,281.88,312.0,20,1,0
15628,7,5,1625.4,1058,325.08000000000004,211.6,58,5,0
15630,114,1,396.86,280,396.86,280.0,21,1,0
15632,31,6,2351.84,1304,391.97333333333336,217.33333333333334,76,6,0
15636,191,1,306.7,82,306.7,82.0,8,1,0
15639,43,1,425.32,323,425.32,323.0,25,1,1
15640,31,11,8836.74,4861,803.34,441.90909090909093,193,11,0
15641,14,4,1887.2,1562,471.8,390.5,102,4,1
15643,101,3,664.0,246,221.33333333333334,82.0,31,2,1
15644,75,4,803.54,550,200.885,137.5,166,3,1
15646,67,3,447.64000000000004,394,149.21333333333334,131.33333333333334,35,3,1
15648,113,2,639.5,218,319.75,109.0,23,2,1
15649,245,2,816.0,192,408.0,96.0,1,2,1
15651,170,1,227.32,238,227.32,238.0,16,1,0
15652,0,1,337.74,208,337.74,208.0,21,1,1
15653,2,2,877.4399999999999,1200,438.71999999999997,600.0,4,2,1
15655,152,1,560.67,324,560.67,324.0,34,1,1
15656,87,3,563.63,202,187.87666666666667,67.33333333333333,34,3,0
15658,99,5,1024.1000000000001,242,204.82000000000002,48.4,40,5,1
15660,45,6,884.34,578,147.39000000000001,96.33333333333333,35,4,0
15661,226,2,309.8,236,154.9,118.0,4,2,1
15663,15,1,138.14,106,138.14,106.0,9,1,1
15665,77,2,2222.21,1654,1111.105,827.0,92,2,1
15668,127,1,76.32000000000001,72,76.32000000000001,72.0,1,1,1
15669,13,3,565.54,262,188.51333333333332,87.33333333333333,29,3,0
15670,206,1,173.05,91,173.05,91.0,12,1,1
15671,4,5,1972.89,1185,394.57800000000003,237.0,47,5,0
15673,66,3,2014.7,1031,671.5666666666667,343.6666666666667,82,3,0
15674,123,4,1379.66,626,344.915,156.5,39,4,0
15675,64,2,225.39,485,112.695,242.5,16,2,0
15676,193,1,897.8,555,897.8,555.0,61,1,0
15679,63,2,260.26,398,130.13,199.0,18,2,0
15680,275,1,478.89,331,478.89,331.0,30,1,0
15681,92,3,703.22,450,234.40666666666667,150.0,22,2,0
15683,26,1,193.75,131,193.75,131.0,10,1,1
15687,96,5,1679.45,657,335.89,131.4,69,5,0
15689,29,2,254.1,84,127.05,42.0,8,2,1
15690,10,1,111.0,204,111.0,204.0,8,1,0
15691,161,1,136.8,72,136.8,72.0,2,1,1
15694,85,9,3305.78,739,367.30888888888893,82.11111111111111,23,9,0
15695,176,2,409.98,212,204.99,106.0,22,1,1
15696,130,6,1629.95,717,271.65833333333336,119.5,89,6,0
15700,81,2,696.68,357,348.34,178.5,85,2,1
15701,20,1,853.9,472,853.9,472.0,119,1,0
15703,174,1,211.5,66,211.5,66.0,5,1,1
15704,49,4,2293.62,1028,573.405,257.0,79,3,1
15705,110,1,143.1,62,143.1,62.0,6,1,1
15706,25,1,450.05,160,450.05,160.0,29,1,0
15708,48,6,2589.34,989,431.5566666666667,164.83333333333334,103,6,0
15709,193,1,133.25,121,133.25,121.0,6,1,1
15712,19,3,766.3100000000001,371,255.4366666666667,123.66666666666667,32,3,0
15713,52,2,356.7,150,178.35,75.0,18,2,1
15716,55,4,1101.1100000000001,738,275.27750000000003,184.5,101,4,1
15717,143,1,150.3,70,150.3,70.0,7,1,1
15719,9,11,4061.9700000000003,2173,369.27000000000004,197.54545454545453,260,11,0
15722,18,3,1413.45,590,471.15000000000003,196.66666666666666,32,3,0
15723,274,1,190.7,73,190.7,73.0,37,1,1
15724,110,2,218.25,73,109.125,36.5,11,2,1
15727,16,6,4589.39,2625,764.8983333333334,437.5,191,6,0
15729,122,1,85.0,28,85.0,28.0,5,1,1
15730,1,2,777.22,489,388.61,244.5,46,2,0
15732,121,2,294.12,215,147.06,107.5,13,2,1
15733,192,1,162.3,62,162.3,62.0,10,1,1
15734,24,2,1339.45,346,669.725,173.0,25,2,1
15737,57,5,880.9300000000001,443,176.186,88.6,43,4,0
15738,6,13,3853.4500000000003,2357,296.4192307692308,181.30769230769232,45,12,0
15743,23,2,434.05,119,217.025,59.5,31,2,0
15745,145,1,302.85,127,302.85,127.0,18,1,0
15746,43,1,196.88,178,196.88,178.0,28,1,1
15747,29,2,525.37,281,262.685,140.5,26,2,0
15749,144,3,44534.3,18028,14844.766666666668,6009.333333333333,5,2,1
15750,80,4,1108.18,1053,277.045,263.25,125,3,0
15752,2,6,2093.37,1657,348.895,276.1666666666667,207,6,0
15753,214,1,79.2,144,79.2,144.0,1,1,1
15754,156,1,91.8,36,91.8,36.0,6,1,0
15755,17,3,1144.83,624,381.60999999999996,208.0,65,3,0
15756,62,3,359.89,166,119.96333333333332,55.333333333333336,118,3,0
15757,127,1,261.36,167,261.36,167.0,16,1,0
15759,127,3,253.04,60,84.34666666666666,20.0,5,3,1
15764,16,5,3276.62,2048,655.324,409.6,150,3,0
15768,25,3,621.8299999999999,244,207.27666666666664,81.33333333333333,23,3,1
15769,11,19,41863.72,22140,2203.3536842105264,1165.2631578947369,19,16,0
15775,154,1,104.9,68,104.9,68.0,7,1,1
15776,42,1,241.62,138,241.62,138.0,18,1,1
15777,150,4,1047.11,378,261.7775,94.5,18,3,1
15780,93,3,475.28000000000003,220,158.42666666666668,73.33333333333333,26,3,1
15781,47,2,211.3,66,105.65,33.0,11,2,0
15785,67,4,1665.83,1011,416.4575,252.75,41,3,0
15786,23,1,3147.64,2286,3147.64,2286.0,165,1,0
15789,267,1,351.3,438,351.3,438.0,25,1,1
15791,113,1,1223.24,558,1223.24,558.0,54,1,0
15793,178,1,306.64,192,306.64,192.0,3,1,0
15795,59,1,610.01,581,610.01,581.0,42,1,1
15796,18,5,1572.77,528,314.554,105.6,59,5,0
15797,22,4,2207.4,873,551.85,218.25,8,4,1
15799,94,2,481.24,539,240.62,269.5,37,2,0
15800,16,2,696.89,332,348.445,166.0,116,2,1
15801,19,1,137.22,70,137.22,70.0,9,1,0
15802,52,1,451.42,1,451.42,1.0,1,1,1
15804,3,5,2554.84,1492,510.968,298.4,130,5,0
15805,15,11,3548.5,2273,322.59090909090907,206.63636363636363,150,8,0
15806,67,2,521.88,413,260.94,206.5,19,2,0
15808,215,4,3651.27,1305,912.8175,326.25,142,4,1
15809,93,4,399.21,251,99.8025,62.75,24,4,0
15810,79,3,1361.19,856,453.73,285.3333333333333,64,3,0
15811,15,5,1773.8,760,354.76,152.0,89,5,0
15812,16,5,1801.14,922,360.228,184.4,36,5,1
15813,117,2,1303.9099999999999,603,651.9549999999999,301.5,40,2,1
15815,50,4,1874.7,1514,468.675,378.5,24,4,0
15819,40,3,1585.47,1139,528.49,379.6666666666667,83,3,0
15820,229,1,206.98,128,206.98,128.0,17,1,1
15822,268,1,440.2,160,440.2,160.0,16,1,0
15823,281,1,15.0,1,15.0,1.0,1,1,1
15825,81,1,532.94,220,532.94,220.0,20,1,1
15826,120,1,720.0,488,720.0,488.0,28,1,0
15827,23,13,1598.16,749,122.93538461538462,57.61538461538461,60,10,0
15829,8,2,636.14,996,318.07,498.0,44,2,1
15831,33,2,451.11,687,225.555,343.5,22,2,0
15832,163,1,836.79,465,836.79,465.0,54,1,1
15834,75,3,1783.22,677,594.4066666666666,225.66666666666666,176,2,0
15835,47,3,675.51,333,225.17,111.0,32,3,0
15838,18,12,14153.5,7998,1179.4583333333333,666.5,51,11,0
15839,57,1,299.18,234,299.18,234.0,20,1,0
15840,82,1,241.74,256,241.74,256.0,17,1,0
15841,127,2,613.26,366,306.63,183.0,19,2,0
15843,213,1,118.95000000000002,27,118.95000000000002,27.0,8,1,1
15845,54,5,2526.76,1378,505.35200000000003,275.6,73,5,0
15847,197,1,180.68,348,180.68,348.0,9,1,0
15850,77,1,116.16,239,116.16,239.0,41,1,0
15852,96,2,160.71,48,80.355,24.0,22,2,1
15854,49,9,2393.69,744,265.96555555555557,82.66666666666667,70,8,0
15855,46,5,712.24,470,142.448,94.0,59,5,1
15856,4,17,11247.93,7441,661.6429411764706,437.70588235294116,254,16,0
15858,198,2,816.22,725,408.11,362.5,91,2,0
15860,8,6,767.14,345,127.85666666666667,57.5,87,6,0
15861,44,3,1123.76,870,374.58666666666664,290.0,174,2,0
15862,21,3,659.73,499,219.91,166.33333333333334,98,3,0
15863,102,1,9.2,2,9.2,2.0,2,1,0
15864,8,3,957.8600000000001,558,319.2866666666667,186.0,11,3,0
15865,123,1,313.93,178,313.93,178.0,16,1,0
15866,10,1,211.89,124,211.89,124.0,43,1,1
15867,22,12,2947.41,1485,245.61749999999998,123.75,253,12,0
15869,186,2,149.64,175,74.82,87.5,13,1,1
15874,87,6,2207.75,1065,367.9583333333333,177.5,79,5,0
15880,278,1,329.03000000000003,202,329.03000000000003,202.0,95,1,1
15881,221,5,501.39000000000004,260,100.278,52.0,26,3,1
15882,108,4,516.36,276,129.09,69.0,23,2,1
15885,2,3,379.35,111,126.45,37.0,18,3,1
15889,66,2,420.07,206,210.035,103.0,79,2,1
15891,136,1,511.68,418,511.68,418.0,60,1,1
15894,162,2,258.25,164,129.125,82.0,35,2,1
15895,59,1,179.17,94,179.17,94.0,11,1,1
15897,103,2,208.59,223,104.295,111.5,17,1,1
15898,136,4,997.94,421,249.485,105.25,67,4,0
15899,278,1,56.25,39,56.25,39.0,4,1,1
15901,64,1,110.49,209,110.49,209.0,24,1,0
15903,137,2,641.6400000000001,676,320.82000000000005,338.0,19,2,0
15906,54,4,797.71,242,199.4275,60.5,56,3,0
15907,86,2,477.59000000000003,237,238.79500000000002,118.5,93,2,0
15909,83,1,191.94,98,191.94,98.0,7,1,1
15910,8,5,663.36,510,132.672,102.0,143,5,0
15912,87,2,264.62,185,132.31,92.5,19,2,1
15916,101,5,846.95,393,169.39000000000001,78.6,64,4,0
15917,157,1,123.1,42,123.1,42.0,12,1,1
15918,100,2,334.23,153,167.115,76.5,33,2,1
15919,278,1,214.07999999999998,175,214.07999999999998,175.0,38,1,0
15920,63,4,167.5,99,41.875,24.75,53,1,1
15921,82,1,323.03000000000003,162,323.03000000000003,162.0,24,1,1
15922,282,1,369.5,138,369.5,138.0,11,1,1
15923,282,1,127.08,122,127.08,122.0,21,1,1
15925,103,1,207.15,93,207.15,93.0,12,1,1
15932,17,6,1885.95,1509,314.325,251.5,65,6,0
15935,148,2,416.86,115,208.43,57.5,12,2,1
15938,21,5,404.58,240,80.916,48.0,13,5,1
15939,16,14,5860.25,4572,418.5892857142857,326.57142857142856,28,13,0
15940,220,1,35.8,4,35.8,4.0,1,1,1
15942,43,1,337.44,232,337.44,232.0,14,1,1
15944,186,1,325.1,50,325.1,50.0,6,1,1
15945,274,1,181.0,52,181.0,52.0,2,1,1
15950,15,2,1091.38,445,545.69,222.5,66,2,0
15951,195,1,375.16999999999996,174,375.16999999999996,174.0,22,1,0
15952,68,2,309.2,140,154.6,70.0,25,2,0
15953,121,4,824.04,450,206.01,112.5,29,4,0
15955,16,8,2463.65,1103,307.95625,137.875,68,5,0
15965,276,1,156.19,74,156.19,74.0,16,1,0
15967,228,1,161.9,60,161.9,60.0,32,1,0
15969,95,1,308.7,44,308.7,44.0,10,1,0
15970,213,1,314.1,116,314.1,116.0,11,1,1
15971,18,7,2109.45,912,301.34999999999997,130.28571428571428,9,7,0
15973,276,1,307.82000000000005,106,307.82000000000005,106.0,4,1,1
15974,4,6,2895.0099999999998,1864,482.5016666666666,310.6666666666667,119,6,0
15976,74,2,427.64,275,213.82,137.5,83,2,1
15980,163,1,760.18,592,760.18,592.0,20,1,0
15981,47,6,2458.2,1296,409.7,216.0,31,6,0
15983,270,3,1138.37,694,379.45666666666665,231.33333333333334,57,3,0
15984,10,7,1807.51,943,258.2157142857143,134.71428571428572,176,7,0
15985,32,2,1142.42,1086,571.21,543.0,29,2,1
15987,30,6,1193.63,1365,198.93833333333336,227.5,64,5,0
15990,196,1,401.37,171,401.37,171.0,23,1,0
15996,25,5,879.76,336,175.952,67.2,91,5,0
15998,81,3,2105.26,1370,701.7533333333334,456.6666666666667,280,3,0
16003,44,3,1793.9,595,597.9666666666667,198.33333333333334,56,3,0
16005,92,2,275.41,117,137.705,58.5,77,2,0
16006,120,1,101.4,84,101.4,84.0,8,1,1
16007,90,2,727.67,581,363.835,290.5,128,2,0
16008,114,1,139.15,75,139.15,75.0,6,1,0
16009,69,1,441.59000000000003,196,441.59000000000003,196.0,55,1,0
16010,155,3,392.4,202,130.79999999999998,67.33333333333333,62,3,1
16011,1,12,2185.66,1419,182.13833333333332,118.25,85,12,0
16012,38,2,1132.12,551,566.06,275.5,49,2,0
16013,8,35,23409.34,8878,668.8382857142857,253.65714285714284,27,22,0
16014,61,2,514.38,222,257.19,111.0,115,2,0
16016,105,4,791.07,300,197.7675,75.0,99,3,0
16018,89,1,161.9,44,161.9,44.0,15,1,0
16019,45,7,2952.25,1193,421.75,170.42857142857142,85,7,0
16022,169,1,602.63,255,602.63,255.0,68,1,1
16023,101,2,500.69,227,250.345,113.5,59,2,0
16027,1,6,934.62,1147,155.77,191.16666666666666,11,6,1
16029,3,52,54130.14,25426,1040.9642307692307,488.96153846153845,43,32,0
16030,219,1,331.24,283,331.24,283.0,28,1,1
16031,1,2,547.9,421,273.95,210.5,91,2,1
16033,17,16,5864.55,2149,366.534375,134.3125,367,14,0
16034,105,3,437.7,242,145.9,80.66666666666667,18,3,1
16036,172,1,188.73,127,188.73,127.0,11,1,0
16037,179,3,855.02,428,285.00666666666666,142.66666666666666,37,3,1
16038,86,2,393.33,229,196.665,114.5,23,2,0
16040,57,2,876.1800000000001,509,438.09000000000003,254.5,42,2,0
16041,50,2,2739.8,1044,1369.9,522.0,5,1,0
16042,17,2,440.48,260,220.24,130.0,26,2,0
16043,120,3,676.49,342,225.49666666666667,114.0,22,3,0
16045,29,4,1340.7,897,335.175,224.25,71,4,1
16048,282,2,256.44,144,128.22,72.0,8,1,1
16050,83,1,137.9,278,137.9,278.0,10,1,1
16053,31,1,1124.19,1003,1124.19,1003.0,62,1,0
16054,54,1,783.9,380,783.9,380.0,70,1,1
16055,130,1,134.8,22,134.8,22.0,8,1,1
16057,5,6,1544.23,620,257.37166666666667,103.33333333333333,79,3,0
16059,73,4,944.6,390,236.15,97.5,99,4,0
16062,43,3,778.14,650,259.38,216.66666666666666,37,3,0
16063,169,1,335.32,262,335.32,262.0,23,1,1
16065,274,1,367.14,228,367.14,228.0,71,1,1
16066,33,1,316.38,186,316.38,186.0,6,1,0
16072,197,1,584.3199999999999,140,584.3199999999999,140.0,23,1,1
16073,206,1,122.39999999999999,48,122.39999999999999,48.0,1,1,1
16076,2,5,1357.98,1012,271.596,202.4,69,4,0
16078,193,1,79.2,16,79.2,16.0,1,1,1
16080,183,1,130.26,66,130.26,66.0,5,1,0
16081,94,3,992.37,476,330.79,158.66666666666666,57,3,0
16083,10,2,1317.62,908,658.81,454.0,31,2,1
16084,208,1,436.18,216,436.18,216.0,38,1,1
16085,146,2,325.04,224,162.52,112.0,48,2,0
16086,7,4,899.7,388,224.925,97.0,21,4,0
16091,64,2,315.06,154,157.53,77.0,16,2,1
16092,24,3,817.86,628,272.62,209.33333333333334,37,3,1
16093,16,1,17.0,20,17.0,20.0,1,1,1
16094,128,1,252.1,164,252.1,164.0,16,1,0
16096,173,1,320.62,155,320.62,155.0,12,1,1
16097,149,1,185.04999999999998,87,185.04999999999998,87.0,10,1,1
16098,37,6,1712.49,501,285.415,83.5,31,6,0
16099,47,2,592.1,362,296.05,181.0,26,2,0
16102,8,2,1392.8400000000001,776,696.4200000000001,388.0,41,2,0
16103,67,4,1156.4,388,289.1,97.0,24,4,0
16105,158,1,336.96,330,336.96,330.0,13,1,1
16107,12,3,1494.1200000000001,500,498.04,166.66666666666666,16,3,0
16109,128,2,611.88,612,305.94,306.0,18,2,1
16110,171,2,678.18,342,339.09,171.0,173,2,0
16112,52,4,195.73999999999998,574,48.934999999999995,143.5,15,4,1
16113,92,1,161.38,176,161.38,176.0,30,1,1
16114,80,1,135.75000000000003,43,135.75000000000003,43.0,8,1,1
16115,26,5,924.59,592,184.918,118.4,125,5,0
16116,121,1,612.78,248,612.78,248.0,34,1,1
16117,99,1,232.21,130,232.21,130.0,30,1,1
16121,125,1,285.94,139,285.94,139.0,60,1,0
16122,22,3,550.26,912,183.42,304.0,24,3,0
16124,226,1,249.0,48,249.0,48.0,11,1,1
16125,276,1,289.35,124,289.35,124.0,13,1,1
16126,11,3,3706.7000000000003,1084,1235.5666666666668,361.3333333333333,41,3,0
16128,53,2,694.7,366,347.35,183.0,34,2,0
16131,25,4,2278.5,1244,569.625,311.0,46,3,0
16133,10,23,10619.27,6223,461.7073913043478,270.5652173913044,139,20,0
16134,268,1,283.53000000000003,158,283.53000000000003,158.0,16,1,0
16135,172,1,517.55,209,517.55,209.0,21,1,1
16136,187,1,159.3,66,159.3,66.0,8,1,0
16139,21,2,306.37,155,153.185,77.5,13,2,0
16140,280,1,124.14,104,124.14,104.0,7,1,0
16142,159,1,535.34,422,535.34,422.0,37,1,1
16143,17,5,1949.3600000000001,715,389.872,143.0,70,5,0
16144,156,1,175.2,16,175.2,16.0,1,1,1
16145,9,8,2600.31,2248,325.03875,281.0,102,8,0
16146,66,3,734.13,427,244.71,142.33333333333334,26,3,1
16147,43,1,375.0,246,375.0,246.0,22,1,1
16148,205,1,76.32000000000001,72,76.32000000000001,72.0,1,1,1
16149,51,1,163.68,168,163.68,168.0,11,1,0
16150,38,3,1408.7,774,469.56666666666666,258.0,66,3,0
16152,178,1,1829.04,642,1829.04,642.0,29,1,1
16153,25,4,1023.54,530,255.885,132.5,50,4,0
16156,61,5,1415.17,654,283.034,130.8,62,5,0
16159,191,1,348.2,236,348.2,236.0,14,1,1
16161,49,12,3036.66,1475,253.05499999999998,122.91666666666667,172,12,0
16162,161,1,37.4,4,37.4,4.0,2,1,1
16163,141,2,856.6,192,428.3,96.0,5,2,1
16168,4,18,2632.12,1392,146.2288888888889,77.33333333333333,42,17,0
16170,22,5,1560.6599999999999,1483,312.13199999999995,296.6,91,5,0
16172,4,5,1140.21,787,228.042,157.4,52,4,1
16173,1,2,635.05,242,317.525,121.0,39,2,0
16174,35,3,1009.5500000000001,651,336.5166666666667,217.0,19,3,1
16175,3,4,1037.59,533,259.3975,133.25,45,4,1
16178,47,1,197.9,94,197.9,94.0,8,1,1
16180,9,8,10254.18,5867,1281.7725,733.375,90,7,1
16182,39,3,4844.0,2800,1614.6666666666667,933.3333333333334,8,3,0
16184,15,5,985.8000000000001,470,197.16000000000003,94.0,22,5,0
16185,142,1,335.0,153,335.0,153.0,19,1,0
16186,12,9,2696.53,2242,299.6144444444445,249.11111111111111,67,7,0
16187,8,12,5395.7,3925,449.64166666666665,327.0833333333333,140,8,0
16188,50,3,755.03,645,251.67666666666665,215.0,51,3,0
16191,172,8,2615.68,1612,326.96,201.5,25,5,0
16193,146,1,314.45,219,314.45,219.0,19,1,1
16200,73,1,550.57,231,550.57,231.0,58,1,0
16201,19,1,303.8,208,303.8,208.0,19,1,0
16202,270,1,365.27,191,365.27,191.0,18,1,1
16203,57,3,378.3,158,126.10000000000001,52.666666666666664,19,3,0
16205,89,1,112.35,64,112.35,64.0,27,1,0
16206,34,3,409.86,203,136.62,67.66666666666667,48,3,0
16208,198,1,497.59,243,497.59,243.0,40,1,0
16209,28,4,2116.9,1103,529.225,275.75,35,4,0
16210,8,11,11248.960000000001,4381,1022.6327272727274,398.27272727272725,47,10,0
16212,192,1,498.15000000000003,151,498.15000000000003,151.0,30,1,0
16214,80,3,1062.75,420,354.25,140.0,36,3,1
16216,176,1,914.9300000000001,254,914.9300000000001,254.0,37,1,1
16217,144,2,304.25,91,152.125,45.5,13,2,1
16218,24,6,2635.48,1752,439.24666666666667,292.0,51,5,0
16221,185,2,315.37,267,157.685,133.5,29,2,0
16222,227,1,773.5500000000001,325,773.5500000000001,325.0,120,1,1
16224,50,3,865.88,798,288.62666666666667,266.0,63,3,0
16225,59,4,953.64,451,238.41,112.75,108,3,0
16226,112,3,255.12,192,85.04,64.0,6,3,1
16227,134,1,314.22,90,314.22,90.0,6,1,1
16229,122,1,358.2,92,358.2,92.0,12,1,0
16230,99,2,542.03,365,271.015,182.5,32,2,1
16232,52,3,725.04,438,241.67999999999998,146.0,23,2,0
16233,239,2,326.5,90,163.25,45.0,9,2,0
16235,96,3,665.29,251,221.76333333333332,83.66666666666667,34,3,0
16239,99,1,347.9,182,347.9,182.0,15,1,0
16241,5,10,1778.43,951,177.84300000000002,95.1,273,9,0
16242,74,3,846.59,375,282.19666666666666,125.0,60,3,0
16244,121,2,1522.75,855,761.375,427.5,88,2,1
16245,31,2,769.7,430,384.85,215.0,49,2,0
16247,79,1,114.56,182,114.56,182.0,16,1,1
16249,22,4,1440.77,762,360.1925,190.5,48,4,0
16250,170,2,389.44,208,194.72,104.0,22,2,1
16253,164,1,1700.4,1340,1700.4,1340.0,53,1,0
16255,5,7,2182.79,1461,311.82714285714286,208.71428571428572,132,7,0
16256,176,1,752.4300000000001,581,752.4300000000001,581.0,13,1,1
16257,86,1,46.95,2,46.95,2.0,2,1,1
16258,36,4,3741.06,2345,935.265,586.25,72,4,0
16261,22,2,409.99,194,204.995,97.0,66,2,0
16265,20,7,4062.02,1871,580.2885714285715,267.2857142857143,132,6,0
16266,25,6,761.12,353,126.85333333333334,58.833333333333336,37,5,0
16270,262,1,1141.24,688,1141.24,688.0,54,1,1
16271,35,3,868.4300000000001,672,289.4766666666667,224.0,51,3,0
16272,26,1,411.7,224,411.7,224.0,25,1,1
16274,282,1,351.75,153,351.75,153.0,64,1,1
16275,106,1,559.87,336,559.87,336.0,33,1,1
16276,86,1,810.6000000000001,420,810.6000000000001,420.0,6,1,1
16278,9,1,566.38,114,566.38,114.0,23,1,1
16279,86,1,359.08000000000004,156,359.08000000000004,156.0,16,1,0
16282,249,1,168.3,114,168.3,114.0,11,1,1
16283,30,3,586.35,441,195.45000000000002,147.0,59,3,0
16287,79,1,142.5,298,142.5,298.0,8,1,1
16292,31,1,302.25,191,302.25,191.0,17,1,1
16293,1,6,1454.3300000000002,643,242.38833333333335,107.16666666666667,74,4,0
16297,178,1,301.9,206,301.9,206.0,20,1,1
16298,96,1,114.3,50,114.3,50.0,7,1,0
16302,36,1,233.22,158,233.22,158.0,11,1,1
16303,25,2,4036.33,2025,2018.165,1012.5,112,2,0
16305,48,1,361.21999999999997,256,361.21999999999997,256.0,22,1,1
16306,123,6,632.27,487,105.37833333333333,81.16666666666667,36,6,1
16308,17,3,1600.0,5000,533.3333333333334,1666.6666666666667,1,3,0
16309,15,2,706.57,467,353.285,233.5,39,2,1
16315,240,1,226.37,75,226.37,75.0,14,1,1
16316,66,7,2212.81,1185,316.11571428571426,169.28571428571428,103,6,0
16317,29,3,1341.65,890,447.2166666666667,296.6666666666667,64,3,1
16319,127,1,404.40000000000003,72,404.40000000000003,72.0,3,1,1
16320,81,2,1038.46,732,519.23,366.0,56,2,1
16321,214,3,223.65,63,74.55,21.0,5,2,0
16323,105,1,207.50000000000003,50,207.50000000000003,50.0,1,1,1
16324,37,3,408.59000000000003,270,136.1966666666667,90.0,100,2,1
16325,64,2,416.02000000000004,120,208.01000000000002,60.0,11,2,0
16326,6,8,1524.67,317,190.58375,39.625,92,7,0
16327,108,4,2469.64,1618,617.41,404.5,119,4,0
16330,21,2,48.96,23,24.48,11.5,17,1,0
16332,39,3,651.77,269,217.25666666666666,89.66666666666667,43,3,0
16333,8,18,15619.6,24352,867.7555555555556,1352.888888888889,8,10,0
16338,66,1,214.79999999999998,94,214.79999999999998,94.0,11,1,1
16339,193,1,94.05,21,94.05,21.0,17,1,1
16340,16,1,534.31,486,534.31,486.0,124,1,1
16341,110,1,797.65,534,797.65,534.0,29,1,0
16342,17,3,283.71,145,94.57,48.333333333333336,10,3,0
16344,67,1,101.10000000000001,18,101.10000000000001,18.0,1,1,1
16348,37,4,738.29,400,184.5725,100.0,116,3,0
16349,200,1,53.5,9,53.5,9.0,9,1,1
16350,243,1,376.7,196,376.7,196.0,22,1,0
16351,242,1,153.9,90,153.9,90.0,8,1,1
16353,1,14,3467.81,1260,247.70071428571427,90.0,46,13,0
16356,107,3,211.77,93,70.59,31.0,20,3,1
16357,71,2,257.95,55,128.975,27.5,9,2,0
16358,93,1,462.15000000000003,221,462.15000000000003,221.0,22,1,0
16359,4,7,1411.23,876,201.6042857142857,125.14285714285714,38,7,0
16362,0,3,360.65,145,120.21666666666665,48.333333333333336,34,1,0
16364,46,1,346.3,114,346.3,114.0,28,1,0
16365,32,7,862.56,325,123.22285714285714,46.42857142857143,34,6,0
16367,272,1,167.09,87,167.09,87.0,33,1,0
16369,106,1,354.45,199,354.45,199.0,15,1,0
16370,26,3,944.49,519,314.83,173.0,133,3,0
16374,171,1,154.2,51,154.2,51.0,26,1,0
16377,176,1,676.2,1500,676.2,1500.0,5,1,1
16378,156,3,362.95,267,120.98333333333333,89.0,22,3,1
16383,177,1,309.46,298,309.46,298.0,48,1,0
16384,173,1,409.1,200,409.1,200.0,24,1,0
16385,67,2,273.82,152,136.91,76.0,36,2,0
16386,163,1,61.10000000000001,26,61.10000000000001,26.0,4,1,0
16387,232,1,94.36,44,94.36,44.0,4,1,1
16389,114,2,670.17,307,335.085,153.5,16,2,0
16392,179,1,217.89,201,217.89,201.0,41,1,1
16393,3,9,1761.97,1013,195.77444444444444,112.55555555555556,96,9,0
16394,80,3,933.1,1404,311.03333333333336,468.0,49,3,0
16395,77,3,964.3,896,321.43333333333334,298.6666666666667,87,3,0
16398,63,2,1705.8,758,852.9,379.0,75,2,1
16399,144,1,178.41,159,178.41,159.0,31,1,0
16400,4,1,303.93,172,303.93,172.0,28,1,1
16401,41,7,2455.42,2320,350.7742857142857,331.42857142857144,52,7,0
16402,174,2,293.45,146,146.725,73.0,55,2,1
16403,221,1,177.5,114,177.5,114.0,10,1,1
16405,211,2,167.25,187,83.625,93.5,3,2,1
16407,19,8,1482.37,746,185.29625,93.25,76,7,0
16409,59,3,1033.3700000000001,675,344.4566666666667,225.0,106,3,0
16411,278,1,128.55,69,128.55,69.0,19,1,0
16414,189,1,50.8,16,50.8,16.0,3,1,0
16418,2,2,368.36,174,184.18,87.0,44,2,0
16419,22,6,958.71,428,159.785,71.33333333333333,36,5,1
16422,9,39,29117.7,27606,746.6076923076923,707.8461538461538,68,37,0
16424,100,1,133.56,88,133.56,88.0,5,1,1
16425,211,1,302.7,199,302.7,199.0,21,1,1
16426,2,4,689.83,414,172.4575,103.5,64,2,0
16427,172,2,241.06,156,120.53,78.0,8,2,1
16429,15,1,284.55,9,284.55,9.0,2,1,1
16431,122,3,623.28,442,207.76,147.33333333333334,51,2,1
16434,5,4,898.84,442,224.71,110.5,49,4,0
16440,124,1,272.46,115,272.46,115.0,35,1,0
16441,200,1,211.0,110,211.0,110.0,12,1,0
16442,137,2,432.43,352,216.215,176.0,99,2,0
16444,4,3,541.4,337,180.46666666666667,112.33333333333333,58,3,0
16446,115,1,2.9,2,2.9,2.0,2,1,0
16447,45,1,255.91,221,255.91,221.0,34,1,1
16448,107,1,182.99,76,182.99,76.0,19,1,1
16449,107,2,707.69,367,353.845,183.5,40,2,1
16450,59,1,311.92,200,311.92,200.0,11,1,1
16455,4,6,1323.3799999999999,756,220.5633333333333,126.0,48,5,0
16456,8,5,2158.18,1147,431.63599999999997,229.4,80,5,1
16457,127,1,208.36,140,208.36,140.0,9,1,1
16458,15,11,2151.5,1360,195.5909090909091,123.63636363636364,43,11,0
16461,87,1,142.92,48,142.92,48.0,31,1,1
16462,95,2,68.0,8,34.0,4.0,1,2,0
16463,113,1,319.37,179,319.37,179.0,19,1,0
16464,51,1,380.33,310,380.33,310.0,88,1,0
16466,12,5,999.63,529,199.926,105.8,68,5,0
16469,155,2,268.3,111,134.15,55.5,52,1,0
16470,25,3,539.13,358,179.71,119.33333333333333,83,3,0
16471,184,1,223.95000000000002,141,223.95000000000002,141.0,13,1,1
16473,74,3,316.11,196,105.37,65.33333333333333,18,3,1
16474,54,1,341.35,193,341.35,193.0,82,1,0
16475,53,3,459.3,318,153.1,106.0,22,3,0
16477,41,6,1999.26,1099,333.21,183.16666666666666,96,6,0
16483,101,1,139.35,44,139.35,44.0,19,1,1
16484,83,2,404.3,200,202.15,100.0,25,2,1
16488,24,2,354.57,619,177.285,309.5,22,2,0
16493,82,3,782.29,706,260.7633333333333,235.33333333333334,25,3,0
16494,206,1,826.53,675,826.53,675.0,47,1,1
16495,185,2,246.51,166,123.255,83.0,32,1,0
16496,117,2,1185.04,784,592.52,392.0,71,2,0
16497,112,5,1550.7,789,310.14,157.8,82,4,0
16498,70,2,100.97,45,50.485,22.5,15,2,1
16499,269,2,365.45,127,182.725,63.5,18,2,1
16500,240,1,165.0,1,165.0,1.0,1,1,0
16503,16,4,1431.93,569,357.9825,142.25,71,4,1
16509,206,1,363.7,64,363.7,64.0,13,1,1
16510,281,1,248.1,92,248.1,92.0,13,1,1
16511,54,2,565.7,267,282.85,133.5,83,2,0
16515,1,4,1247.3600000000001,688,311.84000000000003,172.0,79,4,0
16517,186,1,162.7,96,162.7,96.0,17,1,1
16518,193,1,190.7,124,190.7,124.0,11,1,0
16519,274,1,103.7,24,103.7,24.0,5,1,0
16520,95,3,1046.57,558,348.8566666666666,186.0,129,3,1
16523,5,13,5245.95,2325,403.5346153846154,178.84615384615384,88,11,0
16525,8,21,10372.35,5825,493.9214285714286,277.3809523809524,67,21,0
16526,81,1,290.36,106,290.36,106.0,15,1,1
16529,99,1,455.25,198,455.25,198.0,30,1,1
16531,36,4,684.53,567,171.1325,141.75,41,4,0
16532,45,2,4516.8,1536,2258.4,768.0,2,2,0
16536,19,1,548.12,250,548.12,250.0,49,1,1
16539,129,3,1053.61,421,351.2033333333333,140.33333333333334,34,3,0
16545,74,1,339.3,78,339.3,78.0,3,1,1
16546,200,2,787.15,549,393.575,274.5,25,2,1
16549,33,2,780.36,513,390.18,256.5,131,2,0
16550,18,5,2298.97,1540,459.794,308.0,162,5,1
16551,5,3,922.12,970,307.37333333333333,323.3333333333333,26,3,1
16552,152,2,379.73,219,189.865,109.5,17,2,1
16553,72,12,5719.82,4600,476.65166666666664,383.3333333333333,62,6,1
16554,131,2,314.11,129,157.055,64.5,21,2,0
16555,19,1,151.98,90,151.98,90.0,9,1,0
16556,15,6,2556.37,1342,426.06166666666667,223.66666666666666,111,6,0
16557,46,1,101.15,13,101.15,13.0,6,1,0
16558,1,14,4685.17,3252,334.65500000000003,232.28571428571428,171,14,0
16560,267,1,332.18,169,332.18,169.0,20,1,0
16565,273,1,173.7,46,173.7,46.0,3,1,1
16566,79,3,463.88,216,154.62666666666667,72.0,9,3,0
16567,103,2,865.6,996,432.8,498.0,34,2,1
16570,36,6,2134.07,1427,355.67833333333334,237.83333333333334,52,6,0
16571,85,2,896.79,891,448.395,445.5,54,2,0
16572,36,3,1009.6,532,336.53333333333336,177.33333333333334,40,3,1
16573,199,1,292.63,111,292.63,111.0,16,1,0
16581,92,1,105.84,134,105.84,134.0,9,1,1
16582,22,1,313.62,164,313.62,164.0,6,1,1
16583,283,1,233.45,111,233.45,111.0,14,1,1
16584,163,1,611.94,488,611.94,488.0,14,1,0
16586,158,1,463.95,95,463.95,95.0,8,1,1
16587,141,1,225.15,71,225.15,71.0,13,1,1
16589,16,2,214.68,156,107.34,78.0,13,2,0
16592,46,10,2214.33,1785,221.433,178.5,102,5,0
16593,99,2,255.5,85,127.75,42.5,20,2,0
16596,275,1,120.65,47,120.65,47.0,6,1,0
16598,195,1,145.04999999999998,73,145.04999999999998,73.0,10,1,1
16600,162,2,237.46,368,118.73,184.0,18,2,0
16603,0,1,296.62,363,296.62,363.0,23,1,0
16607,37,10,2267.58,2070,226.75799999999998,207.0,94,10,0
16609,44,5,2710.04,1245,542.008,249.0,103,5,0
16610,128,1,75.66,66,75.66,66.0,6,1,1
16611,95,1,129.49,47,129.49,47.0,9,1,1
16612,28,3,870.3000000000001,394,290.1,131.33333333333334,42,3,0
16614,92,1,506.19,223,506.19,223.0,26,1,1
16616,66,1,210.10000000000002,110,210.10000000000002,110.0,11,1,0
16617,145,1,151.85,91,151.85,91.0,5,1,1
16618,120,4,1441.29,771,360.3225,192.75,44,3,0
16619,173,1,226.21,133,226.21,133.0,14,1,1
16620,170,1,95.75999999999999,48,95.75999999999999,48.0,5,1,0
16621,57,3,609.41,187,203.13666666666666,62.333333333333336,17,3,0
16623,155,1,129.45,39,129.45,39.0,5,1,1
16624,106,1,426.43,196,426.43,196.0,21,1,0
16625,184,1,333.08,164,333.08,164.0,23,1,1
16626,22,7,2165.34,1108,309.3342857142857,158.28571428571428,74,7,0
16628,16,4,1619.8400000000001,844,404.96000000000004,211.0,64,4,0
16629,5,1,227.68,212,227.68,212.0,46,1,0
16633,23,3,1168.26,463,389.42,154.33333333333334,51,3,0
16634,132,2,217.9,82,108.95,41.0,9,2,1
16637,33,2,530.55,351,265.275,175.5,29,2,0
16638,8,9,1550.94,1199,172.32666666666668,133.22222222222223,85,9,0
16639,116,2,471.15000000000003,159,235.57500000000002,79.5,19,2,0
16641,15,1,231.10000000000002,256,231.10000000000002,256.0,12,1,1
16642,117,1,307.73,131,307.73,131.0,15,1,0
16643,155,1,487.51,269,487.51,269.0,27,1,1
16644,87,2,833.78,826,416.89,413.0,62,2,1
16647,79,2,214.06,146,107.03,73.0,12,2,1
16652,19,5,4525.87,2077,905.174,415.4,53,4,0
16654,50,4,601.27,282,150.3175,70.5,29,4,1
16655,40,3,1867.19,1033,622.3966666666666,344.3333333333333,125,3,0
16656,5,11,7116.68,7142,646.9709090909091,649.2727272727273,13,11,0
16657,58,2,414.79,597,207.395,298.5,111,2,0
16658,277,1,123.24,40,123.24,40.0,8,1,1
16659,98,1,39.12,72,39.12,72.0,2,1,1
16660,120,2,384.36,228,192.18,114.0,5,2,0
16665,271,1,135.39999999999998,59,135.39999999999998,59.0,9,1,1
16667,193,1,200.4,77,200.4,77.0,20,1,0
16668,26,5,266.52,258,53.303999999999995,51.6,9,5,0
16670,15,8,3239.9700000000003,2152,404.99625000000003,269.0,150,7,0
16671,74,1,1382.88,656,1382.88,656.0,3,1,0
16672,8,17,6911.84,2474,406.57882352941175,145.52941176470588,22,15,0
16674,7,1,115.1,61,115.1,61.0,33,1,0
16676,122,3,1098.5,412,366.1666666666667,137.33333333333334,58,3,0
16678,8,8,2137.3,1638,267.1625,204.75,76,8,0
16679,275,1,129.75,29,129.75,29.0,3,1,1
16681,54,4,1332.68,1050,333.17,262.5,15,4,0
16682,1,3,810.22,762,270.0733333333333,254.0,15,3,0
16684,42,18,33883.5,24485,1882.4166666666667,1360.2777777777778,88,10,0
16686,7,6,2399.94,1644,399.99,274.0,327,6,0
16690,111,1,86.5,46,86.5,46.0,5,1,0
16692,165,2,1276.0,152,638.0,76.0,2,2,1
16693,181,1,153.41,50,153.41,50.0,21,1,0
16696,44,4,657.9000000000001,146,164.47500000000002,36.5,7,4,1
16697,150,1,112.75,27,112.75,27.0,20,1,1
16698,136,2,1998.0,840,999.0,420.0,4,2,1
16700,31,10,4095.95,3240,409.59499999999997,324.0,142,10,0
16701,39,10,4050.42,4958,405.04200000000003,495.8,80,9,0
16705,8,10,9780.35,3926,978.0350000000001,392.6,88,6,0
16706,7,2,411.55,220,205.775,110.0,98,2,0
16709,109,4,1984.5900000000001,521,496.14750000000004,130.25,42,3,0
16710,47,7,1835.08,1385,262.1542857142857,197.85714285714286,215,7,0
16711,49,3,909.87,253,303.29,84.33333333333333,9,3,0
16712,4,8,2489.81,1157,311.22625,144.625,170,7,0
16713,25,11,3970.77,2144,360.9790909090909,194.9090909090909,237,11,0
16714,128,3,1129.06,589,376.3533333333333,196.33333333333334,77,2,1
16716,176,2,901.2,120,450.6,60.0,1,2,1
16717,5,4,1559.66,756,389.915,189.0,78,4,0
16718,278,1,606.0500000000001,407,606.0500000000001,407.0,41,1,1
16719,58,5,1283.88,737,256.776,147.4,85,5,0
16721,171,1,292.47,172,292.47,172.0,37,1,1
16722,9,10,3656.58,3724,365.658,372.4,89,10,0
16723,0,2,576.4,398,288.2,199.0,37,2,1
16725,211,7,758.27,288,108.32428571428571,41.142857142857146,110,6,1
16726,105,4,777.16,512,194.29,128.0,71,3,0
16727,273,1,256.32,167,256.32,167.0,41,1,1
16728,76,3,548.31,320,182.76999999999998,106.66666666666667,113,3,0
16729,8,17,5343.27,3989,314.31,234.64705882352942,140,15,0
16730,144,2,480.94,750,240.47,375.0,35,2,0
16734,23,2,302.40999999999997,108,151.20499999999998,54.0,27,1,0
16735,8,4,1941.15,1326,485.2875,331.5,71,3,0
16738,207,1,3.75,3,3.75,3.0,1,1,1
16739,86,1,323.0,172,323.0,172.0,13,1,1
16743,22,6,1860.9,1666,310.15000000000003,277.6666666666667,82,5,0
16744,6,3,399.11,240,133.03666666666666,80.0,74,3,0
16745,7,16,6359.1,5771,397.44375,360.6875,144,16,0
16746,10,12,4403.53,2575,366.9608333333333,214.58333333333334,174,11,0
16748,127,3,910.2,492,303.40000000000003,164.0,27,3,0
16750,30,3,416.12,138,138.70666666666668,46.0,44,3,0
16752,282,1,207.5,54,207.5,54.0,9,1,1
16754,281,1,2002.4,4280,2002.4,4280.0,2,1,1
16755,23,3,1475.43,1058,491.81,352.6666666666667,133,3,1
16756,124,1,239.4,106,239.4,106.0,13,1,1
16757,228,1,106.83000000000001,81,106.83000000000001,81.0,7,1,1
16761,6,1,316.62,341,316.62,341.0,13,1,1
16762,53,1,314.15000000000003,143,314.15000000000003,143.0,13,1,0
16763,108,1,611.85,319,611.85,319.0,23,1,1
16764,8,4,782.5500000000001,363,195.63750000000002,90.75,110,4,0
16765,203,1,34.0,4,34.0,4.0,1,1,1
16766,182,2,1145.6,536,572.8,268.0,17,1,1
16767,3,7,4820.46,3913,688.6371428571429,559.0,137,7,0
16768,13,2,286.49,88,143.245,44.0,40,2,0
16769,169,1,361.54,80,361.54,80.0,33,1,1
16770,146,4,649.38,365,162.345,91.25,82,4,0
16771,184,3,1651.75,1050,550.5833333333334,350.0,154,3,0
16774,25,3,542.2,226,180.73333333333335,75.33333333333333,20,3,0
16775,31,8,1174.55,283,146.81875,35.375,65,8,0
16777,166,1,173.52,48,173.52,48.0,35,1,0
16778,183,1,93.18,66,93.18,66.0,5,1,0
16779,16,15,6376.7300000000005,3590,425.11533333333335,239.33333333333334,130,15,0
16780,9,2,422.24,270,211.12,135.0,51,2,1
16781,281,1,311.25,113,311.25,113.0,17,1,1
16782,47,9,1630.4,501,181.15555555555557,55.666666666666664,89,9,0
16788,32,2,594.39,304,297.195,152.0,138,2,1
16791,31,5,791.87,335,158.374,67.0,111,4,0
16792,191,2,110.38000000000001,44,55.190000000000005,22.0,11,1,1
16794,17,4,607.05,617,151.7625,154.25,100,4,0
16795,274,1,414.88,239,414.88,239.0,64,1,1
16801,72,4,1594.23,493,398.5575,123.25,72,4,1
16804,179,1,118.05,34,118.05,34.0,19,1,0
16805,83,2,460.59,539,230.295,269.5,94,2,1
16806,12,4,762.16,356,190.54,89.0,68,4,1
16807,52,3,1121.59,778,373.8633333333333,259.3333333333333,57,3,1
16808,8,2,288.42,196,144.21,98.0,21,2,1
16809,45,3,470.69,371,156.89666666666668,123.66666666666667,61,3,0
16810,101,1,309.54,114,309.54,114.0,15,1,1
16812,270,1,479.35,81,479.35,81.0,15,1,1
16813,6,7,1146.84,1163,163.8342857142857,166.14285714285714,200,7,0
16814,18,16,5131.69,2129,320.730625,133.0625,110,16,0
16816,12,4,417.06,274,104.265,68.5,28,4,1
16817,95,7,1179.43,574,168.49,82.0,52,7,0
16818,2,9,2528.47,1582,280.94111111111107,175.77777777777777,132,9,0
16820,5,1,497.61,307,497.61,307.0,26,1,1
16823,136,1,358.38,136,358.38,136.0,34,1,1
16824,73,1,222.9,134,222.9,134.0,13,1,0
16825,95,1,318.7,358,318.7,358.0,11,1,0
16828,2,2,128.5,59,64.25,29.5,8,2,1
16829,66,1,197.22,99,197.22,99.0,11,1,1
16832,93,3,199.15,33,66.38333333333334,11.0,11,3,1
16833,169,3,671.29,306,223.76333333333332,102.0,32,2,0
16834,137,1,413.46,358,413.46,358.0,24,1,1
16835,37,2,180.85,61,90.425,30.5,10,2,1
16836,26,1,91.32000000000001,84,91.32000000000001,84.0,2,1,0
16837,67,9,1911.74,727,212.41555555555556,80.77777777777777,77,7,0
16838,106,2,588.85,185,294.425,92.5,24,2,1
16839,19,22,10869.28,5724,494.0581818181818,260.1818181818182,97,21,0
16841,46,5,1561.06,1878,312.212,375.6,89,5,0
16842,10,3,1264.19,693,421.3966666666667,231.0,45,3,1
16843,3,13,8809.24,9034,677.6338461538461,694.9230769230769,188,10,0
16849,96,1,124.57,33,124.57,33.0,8,1,1
16850,243,1,332.41,249,332.41,249.0,19,1,1
16852,85,1,113.06,51,113.06,51.0,7,1,0
16858,278,1,375.69000000000005,91,375.69000000000005,91.0,9,1,1
16859,54,2,747.81,827,373.905,413.5,50,2,1
16861,67,1,70.80000000000001,24,70.80000000000001,24.0,2,1,0
16863,276,1,164.25,105,164.25,105.0,9,1,0
16866,50,3,207.73999999999998,60,69.24666666666666,20.0,10,3,1
16869,75,2,387.68,242,193.84,121.0,56,2,0
16871,120,4,2037.82,861,509.455,215.25,104,3,0
16872,14,2,464.68000000000006,454,232.34000000000003,227.0,3,2,0
16873,36,4,3871.4700000000003,2055,967.8675000000001,513.75,97,4,0
16875,54,4,1138.2,488,284.55,122.0,53,3,0
16877,61,2,188.98,104,94.49,52.0,46,2,0
16880,9,6,1093.12,605,182.18666666666664,100.83333333333333,92,5,0
16882,148,2,215.70000000000002,102,107.85000000000001,51.0,15,2,0
16883,96,2,272.48,103,136.24,51.5,33,2,1
16885,266,1,177.95,35,177.95,35.0,27,1,0
16889,104,3,1578.67,925,526.2233333333334,308.3333333333333,112,3,1
16891,5,3,515.79,178,171.92999999999998,59.333333333333336,111,3,0
16892,93,1,102.97999999999999,77,102.97999999999999,77.0,20,1,0
16893,276,1,145.93,62,145.93,62.0,44,1,1
16897,208,2,289.78,73,144.89,36.5,37,2,1
16898,86,2,313.77,244,156.885,122.0,99,2,0
16899,59,3,510.18,225,170.06,75.0,58,3,0
16902,25,1,1706.88,629,1706.88,629.0,43,1,1
16904,4,14,2948.55,1602,210.6107142857143,114.42857142857143,335,13,0
16905,146,3,822.18,260,274.06,86.66666666666667,44,3,0
16906,96,3,392.99,183,130.99666666666667,61.0,33,3,0
16907,57,4,658.99,217,164.7475,54.25,74,4,0
16910,0,1,111.78,93,111.78,93.0,52,1,0
16912,43,7,1538.58,585,219.79714285714286,83.57142857142857,50,4,0
16913,199,1,113.44,82,113.44,82.0,8,1,1
16915,36,4,382.39000000000004,59,95.59750000000001,14.75,29,4,0
16916,281,1,196.43,102,196.43,102.0,48,1,0
16917,186,1,391.52,232,391.52,232.0,9,1,1
16918,4,3,822.7,562,274.23333333333335,187.33333333333334,78,3,0
16919,65,11,2592.25,1403,235.6590909090909,127.54545454545455,141,11,1
16923,8,14,4763.9400000000005,2158,340.2814285714286,154.14285714285714,221,13,0
16926,280,1,230.25,35,230.25,35.0,14,1,1
16927,25,3,543.05,993,181.01666666666665,331.0,5,3,1
16928,3,15,2370.65,1751,158.04333333333335,116.73333333333333,66,15,0
16929,37,2,428.88,326,214.44,163.0,23,2,0
16931,12,14,2897.33,1967,206.95214285714286,140.5,345,14,0
16933,148,1,224.73,127,224.73,127.0,19,1,0
16938,89,3,2386.05,2318,795.35,772.6666666666666,205,3,0
16940,78,2,1868.36,1236,934.18,618.0,162,2,0
16942,45,7,1439.44,593,205.6342857142857,84.71428571428571,115,6,0
16943,121,3,816.73,145,272.24333333333334,48.333333333333336,23,3,1
16945,8,13,3007.06,1921,231.31230769230768,147.76923076923077,102,9,0
16947,145,1,406.48,312,406.48,312.0,21,1,1
16948,48,3,435.02,1614,145.00666666666666,538.0,15,3,1
16949,95,4,893.75,386,223.4375,96.5,32,4,0
16950,33,2,778.41,337,389.205,168.5,26,2,0
16951,44,3,1277.75,1318,425.9166666666667,439.3333333333333,73,3,1
16952,18,2,167.61,92,83.805,46.0,16,1,1
16954,34,4,1245.3799999999999,744,311.34499999999997,186.0,34,4,0
16955,94,4,518.67,266,129.6675,66.5,18,4,1
16957,148,2,416.64,172,208.32,86.0,15,2,1
16960,162,1,201.53,95,201.53,95.0,45,1,0
16961,25,1,234.17,125,234.17,125.0,14,1,1
16963,96,1,110.55000000000001,35,110.55000000000001,35.0,7,1,1
16965,136,1,201.19,291,201.19,291.0,26,1,1
16966,79,4,1486.56,1320,371.64,330.0,8,4,0
16967,98,1,319.02,333,319.02,333.0,21,1,1
16968,17,1,253.31,98,253.31,98.0,15,1,0
16969,43,2,478.96000000000004,740,239.48000000000002,370.0,32,2,0
16976,176,1,251.51999999999998,88,251.51999999999998,88.0,2,1,1
16979,57,2,555.65,135,277.825,67.5,19,2,0
16980,164,2,1028.46,739,514.23,369.5,71,2,1
16983,6,5,1185.35,731,237.07,146.2,87,5,0
16984,39,1,3213.19,1594,3213.19,1594.0,262,1,0
16985,67,7,3578.54,1287,511.21999999999997,183.85714285714286,50,5,0
16987,79,3,629.45,103,209.8166666666667,34.333333333333336,29,3,0
16989,7,2,890.7,1086,445.35,543.0,7,2,0
16990,128,1,179.0,100,179.0,100.0,1,1,1
16992,8,3,972.35,630,324.1166666666667,210.0,57,3,0
16996,30,5,1041.78,390,208.356,78.0,11,4,0
16997,197,3,702.0,360,234.0,120.0,7,3,1
16998,59,4,295.0,76,73.75,19.0,1,3,1
17001,1,8,2793.49,1566,349.18625,195.75,60,8,0
17002,125,2,993.52,422,496.76,211.0,24,2,0
17004,2,1,905.6,554,905.6,554.0,25,1,0
17007,64,5,575.44,346,115.08800000000001,69.2,33,4,0
17015,94,1,520.55,546,520.55,546.0,116,1,0
17017,71,14,5431.28,4311,387.9485714285714,307.92857142857144,81,10,0
17018,235,1,405.0,60,405.0,60.0,6,1,0
17019,171,3,995.93,658,331.97666666666663,219.33333333333334,114,3,0
17024,8,2,56.25,45,28.125,22.5,1,2,0
17025,282,2,160.97,139,80.485,69.5,5,1,0
17026,94,2,154.82999999999998,97,77.41499999999999,48.5,4,2,1
17027,88,4,645.23,284,161.3075,71.0,95,4,0
17029,20,2,716.0,400,358.0,200.0,1,2,1
17031,64,1,225.95,125,225.95,125.0,13,1,0
17033,123,2,608.1,190,304.05,95.0,12,2,0
17034,197,1,141.79999999999998,98,141.79999999999998,98.0,6,1,0
17035,155,2,433.53000000000003,229,216.76500000000001,114.5,27,2,1
17040,47,1,449.73,181,449.73,181.0,15,1,1
17041,18,2,750.89,539,375.445,269.5,45,2,0
17042,30,4,915.02,888,228.755,222.0,69,4,0
17043,87,2,324.96999999999997,357,162.48499999999999,178.5,27,2,0
17045,22,3,339.44,106,113.14666666666666,35.333333333333336,20,3,1
17046,66,1,642.02,510,642.02,510.0,22,1,1
17047,114,2,749.4300000000001,352,374.71500000000003,176.0,40,1,0
17048,27,3,925.35,485,308.45,161.66666666666666,41,3,1
17049,27,5,2606.65,1083,521.33,216.6,105,4,0
17050,5,6,3185.64,1595,530.9399999999999,265.8333333333333,169,6,1
17051,103,1,240.89000000000001,179,240.89000000000001,179.0,40,1,1
17053,40,1,498.48,122,498.48,122.0,13,1,1
17054,47,4,1207.32,739,301.83,184.75,58,4,0
17058,108,2,819.66,455,409.83,227.5,42,2,0
17059,19,4,2237.1,1279,559.275,319.75,232,4,0
17060,175,1,234.24,216,234.24,216.0,5,1,1
17061,20,10,4658.83,1408,465.883,140.8,48,8,0
17062,223,4,533.33,418,133.3325,104.5,52,4,1
17063,72,4,671.87,309,167.9675,77.25,35,2,0
17064,92,2,457.40000000000003,187,228.70000000000002,93.5,36,2,0
17068,4,16,3539.29,1648,221.205625,103.0,89,16,0
17069,64,5,1495.79,712,299.158,142.4,68,5,0
17070,23,1,304.24,131,304.24,131.0,62,1,1
17071,43,6,1402.42,622,233.73666666666668,103.66666666666667,65,5,0
17073,18,1,453.79,307,453.79,307.0,56,1,0
17075,162,3,696.07,241,232.02333333333334,80.33333333333333,49,3,0
17076,183,2,334.2,112,167.1,56.0,11,2,0
17080,179,1,76.32000000000001,72,76.32000000000001,72.0,1,1,0
17082,227,1,636.94,316,636.94,316.0,24,1,0
17083,18,3,1405.78,772,468.5933333333333,257.3333333333333,24,3,1
17085,32,5,1562.4,785,312.48,157.0,115,5,1
17088,92,2,1399.1100000000001,525,699.5550000000001,262.5,72,2,0
17090,7,4,811.77,361,202.9425,90.25,14,4,0
17091,7,7,2692.0,1290,384.57142857142856,184.28571428571428,108,5,0
17092,35,2,629.32,390,314.66,195.0,42,2,0
17094,231,1,302.0,152,302.0,152.0,14,1,1
17095,208,2,543.96,234,271.98,117.0,33,2,0
17096,52,2,443.94,178,221.97,89.0,22,2,0
17097,9,6,639.53,250,106.58833333333332,41.666666666666664,103,5,0
17101,87,1,230.57999999999998,158,230.57999999999998,158.0,17,1,0
17102,171,1,25.5,2,25.5,2.0,1,1,1
17105,68,2,665.78,693,332.89,346.5,80,2,1
17107,64,3,6332.61,2431,2110.87,810.3333333333334,179,3,0
17109,141,2,464.59000000000003,248,232.29500000000002,124.0,52,1,0
17110,74,1,163.29999999999998,50,163.29999999999998,50.0,12,1,1
17114,48,6,601.9399999999999,156,100.32333333333332,26.0,66,6,0
17115,92,2,612.82,260,306.41,130.0,28,2,0
17117,197,1,116.19999999999999,68,116.19999999999999,68.0,9,1,1
17118,227,1,157.02,154,157.02,154.0,10,1,1
17120,142,1,307.46,120,307.46,120.0,18,1,1
17122,28,1,138.32,80,138.32,80.0,7,1,1
17123,71,1,345.29999999999995,246,345.29999999999995,246.0,9,1,1
17124,94,1,294.24,129,294.24,129.0,31,1,1
17126,61,5,989.45,780,197.89000000000001,156.0,187,3,1
17128,244,1,157.09,76,157.09,76.0,14,1,1
17133,99,3,2478.79,1125,826.2633333333333,375.0,9,3,0
17134,16,2,413.2,98,206.6,49.0,21,2,1
17135,199,2,500.55,420,250.275,210.0,19,2,0
17138,185,1,380.5,126,380.5,126.0,24,1,1
17139,32,7,6851.82,3200,978.8314285714285,457.14285714285717,208,5,0
17140,156,1,454.12,296,454.12,296.0,16,1,1
17142,148,1,579.0,81,579.0,81.0,15,1,1
17146,15,3,749.78,212,249.92666666666665,70.66666666666667,33,3,1
17147,116,2,973.11,517,486.555,258.5,42,2,0
17152,104,3,1689.5,517,563.1666666666666,172.33333333333334,9,2,1
17155,87,1,143.3,154,143.3,154.0,9,1,0
17157,85,1,161.46,102,161.46,102.0,8,1,0
17158,142,2,698.55,461,349.275,230.5,36,2,0
17159,81,1,528.45,305,528.45,305.0,30,1,0
17160,18,5,3001.18,2417,600.236,483.4,85,5,0
17162,40,9,1463.66,865,162.6288888888889,96.11111111111111,75,5,0
17164,61,3,1270.42,802,423.47333333333336,267.3333333333333,53,3,0
17165,193,1,158.68,100,158.68,100.0,10,1,1
17166,113,1,127.59,57,127.59,57.0,10,1,0
17169,92,1,308.68,102,308.68,102.0,18,1,0
17171,198,1,224.91,185,224.91,185.0,16,1,1
17173,26,2,961.26,238,480.63,119.0,13,2,0
17174,127,1,59.9,41,59.9,41.0,4,1,1
17175,50,3,1132.6299999999999,644,377.5433333333333,214.66666666666666,42,3,0
17176,111,1,306.13,170,306.13,170.0,15,1,1
17179,87,3,711.79,290,237.26333333333332,96.66666666666667,56,3,1
17180,150,3,552.8,516,184.26666666666665,172.0,77,2,0
17181,283,1,155.52,216,155.52,216.0,2,1,0
17183,14,1,329.67,141,329.67,141.0,9,1,0
17187,136,1,203.95,144,203.95,144.0,10,1,1
17188,73,5,1815.09,971,363.018,194.2,51,4,0
17189,15,2,383.75,226,191.875,113.0,52,2,1
17190,116,1,195.0,1,195.0,1.0,1,1,0
17191,4,6,1561.51,859,260.25166666666667,143.16666666666666,130,4,0
17193,86,2,448.56000000000006,144,224.28000000000003,72.0,4,1,0
17194,183,2,262.62,119,131.31,59.5,26,2,1
17198,274,2,521.66,242,260.83,121.0,73,2,0
17204,84,4,1564.56,646,391.14,161.5,44,3,1
17211,89,6,1464.89,793,244.14833333333334,132.16666666666666,106,6,0
17212,162,1,226.85,147,226.85,147.0,4,1,1
17213,50,5,1780.01,758,356.002,151.6,67,5,0
17214,158,4,611.97,177,152.9925,44.25,56,4,0
17217,143,1,113.5,24,113.5,24.0,9,1,1
17218,123,5,943.58,394,188.716,78.8,85,5,0
17220,8,10,2288.08,1341,228.808,134.1,233,7,0
17223,219,2,416.89,110,208.445,55.0,43,2,1
17226,218,1,393.49,406,393.49,406.0,21,1,1
17227,82,3,473.75,296,157.91666666666666,98.66666666666667,17,3,0
17228,117,4,687.58,611,171.895,152.75,69,4,0
17229,5,2,318.76,185,159.38,92.5,39,2,1
17230,173,8,3638.41,1651,454.80125,206.375,51,4,1
17231,35,7,1905.82,1033,272.26,147.57142857142858,209,7,0
17234,92,1,149.89000000000001,55,149.89000000000001,55.0,14,1,1
17235,281,1,341.9,126,341.9,126.0,10,1,0
17236,88,5,697.73,400,139.546,80.0,62,5,0
17238,45,11,1943.57,898,176.68818181818182,81.63636363636364,212,9,0
17239,222,1,382.5,150,382.5,150.0,15,1,1
17242,17,2,1135.04,611,567.52,305.5,30,2,1
17243,2,16,4332.36,1495,270.7725,93.4375,127,16,0
17245,114,1,171.45,75,171.45,75.0,9,1,1
17248,29,1,318.65,213,318.65,213.0,68,1,1
17250,170,1,162.65,70,162.65,70.0,23,1,0
17251,272,1,269.83,108,269.83,108.0,37,1,1
17252,26,2,348.91,192,174.455,96.0,86,2,1
17255,208,1,108.26,73,108.26,73.0,36,1,0
17256,16,2,240.0,141,120.0,70.5,12,2,1
17259,57,2,581.23,388,290.615,194.0,104,2,1
17262,136,4,955.3600000000001,327,238.84000000000003,81.75,7,3,0
17263,117,1,63.440000000000005,36,63.440000000000005,36.0,23,1,1
17265,48,2,550.01,389,275.005,194.5,106,2,1
17266,57,1,113.06,27,113.06,27.0,17,1,0
17267,36,2,317.2,158,158.6,79.0,37,1,1
17268,17,4,763.64,844,190.91,211.0,3,4,1
17272,108,2,1409.44,1161,704.72,580.5,59,2,0
17277,137,2,1065.3500000000001,430,532.6750000000001,215.0,67,2,1
17278,150,1,246.04,179,246.04,179.0,15,1,1
17282,39,3,1685.46,1866,561.82,622.0,79,3,1
17284,30,5,1489.04,1238,297.808,247.6,219,5,0
17287,52,5,702.41,350,140.482,70.0,61,5,0
17288,116,5,663.7,662,132.74,132.4,13,5,0
17289,89,1,164.45,132,164.45,132.0,30,1,0
17291,217,1,550.8000000000001,72,550.8000000000001,72.0,1,1,1
17293,28,5,867.03,517,173.406,103.4,45,4,0
17298,10,2,498.42,387,249.21,193.5,30,2,1
17299,9,2,268.19,280,134.095,140.0,24,2,0
17302,32,3,661.61,345,220.53666666666666,115.0,48,3,0
17303,270,1,250.04,144,250.04,144.0,53,1,1
17306,9,15,6700.06,9258,446.6706666666667,617.2,9,12,0
17309,4,1,82.75,41,82.75,41.0,11,1,1
17311,226,1,556.46,410,556.46,410.0,24,1,0
17312,48,3,644.3,372,214.76666666666665,124.0,11,3,1
17314,58,5,1506.92,1018,301.384,203.6,57,5,0
17315,9,30,4368.09,2998,145.603,99.93333333333334,233,27,0
17320,9,3,1200.6200000000001,634,400.2066666666667,211.33333333333334,57,3,1
17323,34,4,530.95,495,132.7375,123.75,98,4,0
17324,241,2,702.23,606,351.115,303.0,17,2,0
17325,189,1,96.8,60,96.8,60.0,6,1,1
17329,224,1,243.36,67,243.36,67.0,16,1,0
17331,33,1,175.2,16,175.2,16.0,1,1,1
17334,211,2,307.02,315,153.51,157.5,11,2,1
17337,60,4,1981.06,1247,495.265,311.75,421,4,1
17338,23,7,5163.92,2339,737.7028571428572,334.14285714285717,320,7,0
17339,3,2,243.36,152,121.68,76.0,9,2,1
17340,29,7,7593.65,4008,1084.8071428571427,572.5714285714286,157,6,0
17341,66,3,682.29,443,227.42999999999998,147.66666666666666,147,2,1
17343,264,1,193.64,56,193.64,56.0,17,1,1
17345,2,3,281.18,177,93.72666666666667,59.0,32,2,0
17346,12,8,1228.78,923,153.5975,115.375,170,8,0
17348,207,1,160.15,199,160.15,199.0,36,1,0
17349,88,1,98.25,102,98.25,102.0,8,1,1
17351,78,2,427.3,92,213.65,46.0,17,2,0
17353,38,2,1740.0,1200,870.0,600.0,5,2,1
17356,221,1,178.22,166,178.22,166.0,19,1,1
17358,212,2,360.81,190,180.405,95.0,55,2,1
17360,93,1,320.9,164,320.9,164.0,53,1,0
17361,95,2,263.92,63,131.96,31.5,16,2,0
17362,148,2,312.23,191,156.115,95.5,30,2,1
17364,46,6,2617.41,1494,436.23499999999996,249.0,153,6,0
17365,79,5,2336.81,2534,467.36199999999997,506.8,172,4,0
17367,147,1,167.55,149,167.55,149.0,33,1,1
17368,2,6,1605.07,1280,267.51166666666666,213.33333333333334,56,6,0
17370,1,2,228.06,218,114.03,109.0,16,2,0
17371,270,1,92.14,39,92.14,39.0,7,1,0
17372,75,6,1055.63,592,175.93833333333336,98.66666666666667,177,6,0
17373,43,2,287.3,200,143.65,100.0,26,2,0
17374,128,2,495.77,85,247.885,42.5,24,2,1
17375,108,3,400.1,367,133.36666666666667,122.33333333333333,63,3,1
17376,220,1,105.85,35,105.85,35.0,13,1,0
17377,35,9,2040.34,1082,226.70444444444445,120.22222222222223,91,9,0
17381,8,24,18261.65,22851,760.9020833333334,952.125,40,17,0
17384,128,1,227.65,43,227.65,43.0,3,1,0
17386,8,5,1697.3400000000001,1022,339.468,204.4,8,3,0
17388,41,3,953.0300000000001,779,317.6766666666667,259.6666666666667,12,3,0
17389,5,25,9504.08,1942,380.1632,77.68,37,24,0
17391,73,2,508.8,480,254.4,240.0,2,2,1
17392,216,2,417.27,277,208.635,138.5,53,2,1
17394,128,1,203.86999999999998,241,203.86999999999998,241.0,4,1,1
17396,58,6,4801.8,1105,800.3000000000001,184.16666666666666,18,2,0
17398,24,3,653.38,310,217.79333333333332,103.33333333333333,30,3,1
17400,35,5,2097.84,1088,419.56800000000004,217.6,175,5,1
17402,11,8,1732.45,420,216.55625,52.5,29,7,0
17404,32,10,21004.3,21623,2100.43,2162.3,93,10,0
17405,59,1,393.31,334,393.31,334.0,41,1,0
17406,242,3,2184.42,780,728.14,260.0,99,2,1
17408,72,1,32.65,3,32.65,3.0,2,1,1
17409,94,2,771.85,105,385.925,52.5,13,2,1
17410,5,2,419.55,149,209.775,74.5,22,2,0
17411,170,1,285.58,126,285.58,126.0,16,1,0
17412,105,4,709.82,358,177.455,89.5,30,4,0
17414,94,1,598.0,1380,598.0,1380.0,5,1,0
17416,19,5,5294.49,3283,1058.898,656.6,153,5,0
17418,233,1,167.39000000000001,139,167.39000000000001,139.0,12,1,0
17419,53,8,2660.0,1213,332.5,151.625,107,7,0
17420,80,2,391.51,169,195.755,84.5,19,2,0
17422,2,5,1698.97,1749,339.794,349.8,80,5,0
17423,127,1,449.42,314,449.42,314.0,11,1,0
17426,0,4,4280.59,2541,1070.1475,635.25,153,3,0
17428,20,20,10661.09,6739,533.0545,336.95,205,15,0
17429,37,3,524.9200000000001,624,174.97333333333336,208.0,36,3,1
17430,274,1,112.6,60,112.6,60.0,5,1,0
17431,222,1,403.3,292,403.3,292.0,41,1,1
17436,136,1,122.39999999999999,48,122.39999999999999,48.0,4,1,0
17438,163,1,388.45000000000005,103,388.45000000000005,103.0,17,1,1
17440,66,3,186.42000000000002,246,62.14000000000001,82.0,3,2,1
17442,3,5,1921.69,1260,384.338,252.0,86,5,0
17443,129,1,534.24,504,534.24,504.0,1,1,1
17444,57,3,2940.04,2119,980.0133333333333,706.3333333333334,132,3,1
17446,86,2,120.9,198,60.45,99.0,6,2,1
17449,4,4,1497.55,708,374.3875,177.0,119,4,0
17450,4,23,86301.54,32160,3752.240869565217,1398.2608695652175,107,17,0
17451,15,1,346.01,267,346.01,267.0,23,1,0
17454,101,4,517.53,243,129.3825,60.75,57,4,1
17455,113,1,131.7,66,131.7,66.0,8,1,1
17456,274,1,249.86,222,249.86,222.0,17,1,1
17457,36,5,1737.7,826,347.54,165.2,14,5,1
17460,3,6,622.4300000000001,236,103.73833333333334,39.333333333333336,18,6,1
17462,193,1,463.40999999999997,155,463.40999999999997,155.0,14,1,0
17463,85,3,1227.59,718,409.19666666666666,239.33333333333334,103,3,0
17464,67,1,289.96000000000004,220,289.96000000000004,220.0,9,1,1
17469,18,3,1050.27,443,350.09,147.66666666666666,44,3,0
17470,36,4,816.47,1275,204.1175,318.75,54,4,0
17472,100,3,697.54,455,232.51333333333332,151.66666666666666,142,3,1
17481,3,1,260.63,149,260.63,149.0,19,1,0
17483,43,2,274.74,98,137.37,49.0,13,2,0
17486,170,1,396.87,191,396.87,191.0,24,1,1
17489,122,1,208.56,232,208.56,232.0,16,1,0
17490,86,1,305.2,140,305.2,140.0,18,1,0
17491,5,6,2118.11,1247,353.0183333333334,207.83333333333334,58,6,0
17492,157,1,374.57,155,374.57,155.0,12,1,1
17496,268,1,271.05,79,271.05,79.0,10,1,1
17499,199,1,622.88,711,622.88,711.0,40,1,1
17501,130,2,288.6,160,144.3,80.0,18,1,1
17504,115,9,2997.0299999999997,1664,333.00333333333333,184.88888888888889,112,6,1
17505,71,2,1145.84,556,572.92,278.0,48,2,1
17507,171,2,605.58,359,302.79,179.5,79,2,1
17508,190,1,387.31,289,387.31,289.0,22,1,1
17511,3,21,59375.75,40277,2827.4166666666665,1917.952380952381,357,20,0
17512,30,8,1891.9,1834,236.4875,229.25,40,8,0
17514,37,1,208.65,135,208.65,135.0,40,1,1
17515,115,3,571.37,220,190.45666666666668,73.33333333333333,47,3,0
17516,28,4,605.65,373,151.4125,93.25,95,3,0
17517,218,1,153.94,102,153.94,102.0,11,1,1
17519,43,5,1488.0,1042,297.6,208.4,50,5,0
17521,108,1,159.56,116,159.56,116.0,8,1,0
17522,48,4,912.25,932,228.0625,233.0,54,4,0
17524,270,1,145.0,90,145.0,90.0,6,1,1
17525,269,1,422.70000000000005,82,422.70000000000005,82.0,9,1,1
17526,200,3,872.8,140,290.93333333333334,46.666666666666664,9,3,0
17527,19,2,606.62,206,303.31,103.0,25,2,0
17530,115,6,1365.26,792,227.54333333333332,132.0,216,5,0
17531,99,1,296.7,136,296.7,136.0,14,1,1
17535,189,1,164.4,136,164.4,136.0,13,1,1
17536,86,1,76.5,6,76.5,6.0,3,1,1
17537,212,1,620.75,369,620.75,369.0,60,1,0
17540,225,1,268.8,64,268.8,64.0,8,1,0
17542,179,1,170.75,134,170.75,134.0,24,1,1
17548,143,1,103.3,58,103.3,58.0,5,1,1
17550,106,3,267.16,86,89.05333333333334,28.666666666666668,42,2,1
17551,268,1,290.34,142,290.34,142.0,39,1,1
17552,281,2,298.52,144,149.26,72.0,13,1,0
17553,39,1,1487.6,1048,1487.6,1048.0,2,1,1
17554,32,2,1249.89,1409,624.945,704.5,51,2,0
17555,244,1,195.45,156,195.45,156.0,48,1,0
17556,115,1,157.9,101,157.9,101.0,6,1,1
17560,4,4,854.95,635,213.7375,158.75,22,4,1
17562,19,4,661.1,601,165.275,150.25,35,4,0
17567,2,6,2925.45,1761,487.575,293.5,83,6,0
17569,241,1,344.14,159,344.14,159.0,29,1,1
17571,55,3,559.55,485,186.51666666666665,161.66666666666666,72,3,0
17572,9,3,196.0,80,65.33333333333333,26.666666666666668,7,3,0
17573,3,1,174.71,177,174.71,177.0,11,1,0
17574,152,1,185.65,77,185.65,77.0,8,1,1
17576,8,14,2266.25,1388,161.875,99.14285714285714,173,13,0
17578,127,1,143.45999999999998,138,143.45999999999998,138.0,5,1,1
17579,47,2,270.86,130,135.43,65.0,15,2,0
17580,162,3,215.72,88,71.90666666666667,29.333333333333332,43,3,1
17581,19,17,6522.29,3495,383.66411764705884,205.58823529411765,181,7,0
17582,145,1,175.27,123,175.27,123.0,28,1,1
17584,36,1,749.45,245,749.45,245.0,16,1,0
17585,18,4,1116.68,1650,279.17,412.5,176,4,1
17588,9,3,1240.2,676,413.40000000000003,225.33333333333334,19,3,1
17589,60,3,1843.07,1307,614.3566666666667,435.6666666666667,124,3,0
17591,31,6,1840.8700000000001,876,306.81166666666667,146.0,81,6,0
17593,1,4,3245.66,2249,811.415,562.25,149,4,0
17594,164,1,315.0,220,315.0,220.0,14,1,0
17596,45,4,1737.08,2846,434.27,711.5,112,4,0
17597,123,1,2044.3700000000001,1176,2044.3700000000001,1176.0,55,1,1
17601,148,1,116.00999999999999,103,116.00999999999999,103.0,9,1,1
17602,33,2,909.5500000000001,901,454.77500000000003,450.5,108,2,0
17604,126,2,309.36,169,154.68,84.5,57,2,1
17609,211,2,531.25,267,265.625,133.5,103,2,0
17611,33,9,2701.15,1861,300.1277777777778,206.77777777777777,389,9,0
17612,4,5,1682.94,1341,336.588,268.2,95,5,0
17613,27,9,2976.69,1667,330.74333333333334,185.22222222222223,173,8,0
17615,39,3,329.6,140,109.86666666666667,46.666666666666664,13,3,1
17616,83,3,571.1999999999999,224,190.39999999999998,74.66666666666667,1,3,1
17618,157,2,625.48,235,312.74,117.5,48,2,0
17619,221,1,214.37,124,214.37,124.0,71,1,1
17621,221,2,901.78,310,450.89,155.0,15,2,0
17624,127,1,400.3,312,400.3,312.0,25,1,0
17625,49,2,1227.13,838,613.565,419.0,161,2,0
17629,29,5,798.38,665,159.676,133.0,66,5,0
17630,79,2,503.59999999999997,158,251.79999999999998,79.0,24,2,1
17631,46,2,416.5,185,208.25,92.5,29,2,0
17633,12,2,648.61,275,324.305,137.5,30,2,0
17634,1,7,2077.07,650,296.7242857142857,92.85714285714286,177,7,0
17637,24,1,338.95,215,338.95,215.0,24,1,0
17639,185,1,108.5,49,108.5,49.0,7,1,1
17642,29,2,712.29,474,356.145,237.0,34,2,1
17643,282,1,101.55,71,101.55,71.0,8,1,1
17644,29,7,1625.63,898,232.23285714285717,128.28571428571428,64,5,0
17646,128,3,1008.39,323,336.13,107.66666666666667,46,3,1
17648,102,3,1107.39,289,369.13000000000005,96.33333333333333,62,2,0
17649,47,1,868.49,399,868.49,399.0,52,1,1
17651,65,4,1148.01,682,287.0025,170.5,52,3,0
17652,53,6,2713.57,1469,452.2616666666667,244.83333333333334,101,6,0
17653,9,2,343.34,687,171.67,343.5,9,2,0
17654,186,1,117.55,41,117.55,41.0,22,1,1
17655,26,5,1903.3300000000002,833,380.66600000000005,166.6,54,5,0
17656,15,3,927.65,463,309.21666666666664,154.33333333333334,35,3,0
17658,120,1,317.59999999999997,216,317.59999999999997,216.0,9,1,0
17659,9,9,1653.03,821,183.67,91.22222222222223,68,9,0
17660,50,1,178.75,121,178.75,121.0,37,1,1
17663,64,4,1016.53,425,254.1325,106.25,33,4,0
17664,121,1,326.19,409,326.19,409.0,23,1,0
17667,71,4,1751.01,903,437.7525,225.75,81,3,0
17669,31,5,2433.22,1398,486.64399999999995,279.6,38,5,0
17670,137,1,205.7,110,205.7,110.0,11,1,1
17671,67,3,1098.55,524,366.18333333333334,174.66666666666666,38,3,0
17672,218,1,1177.8400000000001,643,1177.8400000000001,643.0,41,1,0
17673,71,4,1175.62,1062,293.905,265.5,110,4,0
17674,278,1,300.66,349,300.66,349.0,11,1,0
17675,10,23,14074.19,5555,611.9213043478261,241.52173913043478,179,22,0
17676,18,4,730.84,468,182.71,117.0,31,4,0
17677,9,20,11666.5,7045,583.325,352.25,125,11,0
17678,173,1,298.11,207,298.11,207.0,16,1,1
17682,24,5,1899.3500000000001,989,379.87,197.8,39,5,0
17685,176,5,1512.72,888,302.544,177.6,39,5,0
17686,30,5,4589.35,1960,917.8700000000001,392.0,174,3,0
17690,11,11,3495.53,1250,317.7754545454546,113.63636363636364,144,10,0
17691,267,2,290.40000000000003,134,145.20000000000002,67.0,18,2,1
17692,36,4,740.9399999999999,672,185.23499999999999,168.0,34,4,1
17693,46,1,200.47,231,200.47,231.0,16,1,1
17694,51,1,283.12,184,283.12,184.0,15,1,1
17695,41,2,765.34,779,382.67,389.5,30,2,1
17696,17,7,1915.5900000000001,1323,273.6557142857143,189.0,71,6,0
17697,145,1,338.95,93,338.95,93.0,19,1,1
17698,170,1,154.95,93,154.95,93.0,8,1,1
17700,4,3,1681.83,825,560.61,275.0,78,3,0
17701,162,1,417.95,109,417.95,109.0,24,1,1
17702,18,3,1338.77,1051,446.25666666666666,350.3333333333333,46,3,0
17703,18,2,490.96,376,245.48,188.0,32,2,0
17704,78,2,885.19,343,442.595,171.5,27,2,1
17705,16,6,968.0,551,161.33333333333334,91.83333333333333,42,6,0
17706,9,12,8027.5,3049,668.9583333333334,254.08333333333334,246,9,0
17707,94,2,152.4,144,76.2,72.0,3,2,1
17708,97,2,263.33,90,131.665,45.0,28,2,1
17709,79,1,137.45,17,137.45,17.0,7,1,1
17711,199,1,220.53000000000003,107,220.53000000000003,107.0,13,1,0
17714,230,1,153.0,92,153.0,92.0,10,1,1
17715,110,1,326.4,384,326.4,384.0,1,1,1
17716,4,7,4136.66,2323,590.9514285714286,331.85714285714283,137,5,0
17718,141,1,139.35,83,139.35,83.0,6,1,1
17719,15,12,4477.4,2118,373.1166666666666,176.5,100,12,0
17720,22,3,887.6,418,295.8666666666667,139.33333333333334,32,3,0
17722,5,4,2424.04,1595,606.01,398.75,111,4,1
17723,36,6,3276.4000000000005,792,546.0666666666667,132.0,4,6,1
17724,47,1,373.1,78,373.1,78.0,11,1,0
17725,10,8,2507.12,1610,313.39,201.25,94,8,0
17730,15,8,3055.77,2152,381.97125,269.0,86,8,0
17731,37,3,963.74,350,321.24666666666667,116.66666666666667,38,2,0
17732,282,1,303.97,93,303.97,93.0,18,1,1
17733,171,1,216.95000000000002,87,216.95000000000002,87.0,12,1,0
17734,46,2,540.21,343,270.105,171.5,31,2,0
17735,3,16,11091.24,6817,693.2025,426.0625,270,15,0
17736,22,1,307.49,213,307.49,213.0,23,1,0
17738,58,3,1571.49,711,523.83,237.0,72,2,0
17739,106,3,1070.77,411,356.92333333333335,137.0,16,3,0
17742,22,2,355.11,89,177.555,44.5,13,2,1
17744,160,4,1288.96,1686,322.24,421.5,50,4,0
17746,149,1,110.25,29,110.25,29.0,6,1,1
17747,22,1,71.4,12,71.4,12.0,1,1,1
17749,87,2,674.52,320,337.26,160.0,33,2,1
17750,8,5,1204.5,2616,240.9,523.2,93,5,0
17752,268,1,80.64,192,80.64,192.0,1,1,1
17754,51,2,575.06,844,287.53,422.0,38,2,0
17757,23,20,3308.55,1801,165.4275,90.05,190,20,0
17758,61,4,1433.25,906,358.3125,226.5,172,3,0
17759,78,2,167.15,77,83.575,38.5,18,1,0
17760,282,1,172.54,165,172.54,165.0,9,1,0
17763,172,1,15.0,12,15.0,12.0,1,1,1
17764,120,1,230.67000000000002,113,230.67000000000002,113.0,17,1,0
17765,68,3,367.63,143,122.54333333333334,47.666666666666664,51,3,1
17768,75,1,385.83,123,385.83,123.0,22,1,0
17769,48,4,1817.88,1069,454.47,267.25,129,4,0
17770,108,5,1143.27,365,228.654,73.0,33,4,1
17771,232,1,115.8,110,115.8,110.0,22,1,0
17774,6,4,1213.73,508,303.4325,127.0,123,4,1
17775,164,1,56.4,72,56.4,72.0,3,1,1
17777,9,1,189.79999999999998,161,189.79999999999998,161.0,63,1,0
17779,53,1,323.09,248,323.09,248.0,34,1,0
17781,68,2,188.02,34,94.01,17.0,12,2,1
17783,157,1,112.41,53,112.41,53.0,30,1,0
17786,226,1,103.35,52,103.35,52.0,24,1,0
17787,62,4,1817.54,896,454.385,224.0,94,4,1
17788,39,1,16.7,3,16.7,3.0,3,1,0
17789,190,1,225.9,74,225.9,74.0,14,1,1
17790,29,12,1363.51,595,113.62583333333333,49.583333333333336,79,10,0
17795,89,2,342.83,305,171.415,152.5,43,2,1
17796,223,3,614.1,158,204.70000000000002,52.666666666666664,60,3,0
17797,92,1,272.41,249,272.41,249.0,44,1,0
17799,8,9,2514.99,1344,279.4433333333333,149.33333333333334,245,8,0
17800,0,7,904.8000000000001,560,129.25714285714287,80.0,41,7,0
17802,89,2,632.4200000000001,407,316.21000000000004,203.5,66,2,0
17809,38,8,2856.71,743,357.08875,92.875,33,7,0
17811,1,24,4834.31,2311,201.42958333333334,96.29166666666667,244,24,0
17812,277,1,193.29999999999998,127,193.29999999999998,127.0,27,1,0
17816,178,2,21.31,22,10.655,11.0,11,2,0
17817,186,2,269.7,26,134.85,13.0,12,1,0
17819,92,6,3468.47,991,578.0783333333333,165.16666666666666,36,6,0
17827,151,4,1580.47,957,395.1175,239.25,140,2,0
17828,19,3,1076.66,481,358.8866666666667,160.33333333333334,51,3,0
17829,208,1,889.24,496,889.24,496.0,30,1,1
17830,171,2,287.65000000000003,65,143.82500000000002,32.5,15,2,0
17837,57,3,376.51,102,125.50333333333333,34.0,23,3,0
17838,201,3,1655.0,1022,551.6666666666666,340.6666666666667,64,3,0
17841,1,81,23327.59,12688,287.99493827160495,156.64197530864197,1053,76,0
17843,212,1,205.48,113,205.48,113.0,36,1,1
17844,16,1,51.559999999999995,52,51.559999999999995,52.0,5,1,1
17848,37,8,821.5999999999999,390,102.69999999999999,48.75,41,8,0
17849,127,4,605.8000000000001,114,151.45000000000002,28.5,14,4,1
17850,281,34,5391.21,1733,158.565,50.970588235294116,21,2,1
17854,94,2,311.26,84,155.63,42.0,15,2,1
17855,282,1,208.97,197,208.97,197.0,17,1,1
17856,142,3,1142.63,577,380.8766666666667,192.33333333333334,6,3,0
17857,8,14,14254.52,7712,1018.1800000000001,550.8571428571429,13,13,0
17858,25,9,3641.25,2386,404.5833333333333,265.1111111111111,65,9,0
17859,214,1,141.92000000000002,102,141.92000000000002,102.0,23,1,1
17860,278,1,226.45000000000002,93,226.45000000000002,93.0,49,1,1
17861,45,5,1299.49,1052,259.898,210.4,114,4,0
17862,233,1,330.9,100,330.9,100.0,11,1,1
17863,54,4,1785.28,1617,446.32,404.25,60,4,0
17864,185,1,200.85,347,200.85,347.0,29,1,0
17865,17,12,7017.34,3533,584.7783333333333,294.4166666666667,145,11,0
17866,52,1,329.65,174,329.65,174.0,9,1,1
17867,53,4,957.48,374,239.37,93.5,8,3,0
17869,16,5,428.18,111,85.636,22.2,37,4,1
17870,1,7,745.37,515,106.48142857142857,73.57142857142857,83,4,0
17871,114,1,155.9,182,155.9,182.0,10,1,1
17873,93,4,1576.92,915,394.23,228.75,23,4,0
17874,94,6,683.46,221,113.91000000000001,36.833333333333336,37,3,1
17877,79,1,237.61,98,237.61,98.0,12,1,1
17879,83,1,178.51999999999998,45,178.51999999999998,45.0,6,1,1
17880,274,1,458.92,314,458.92,314.0,26,1,1
17881,213,1,133.35000000000002,32,133.35000000000002,32.0,8,1,1
17883,155,1,119.35,48,119.35,48.0,19,1,0
17884,221,3,590.54,542,196.84666666666666,180.66666666666666,86,3,0
17886,120,2,377.71,218,188.855,109.0,44,2,0
17887,38,1,111.35,30,111.35,30.0,10,1,1
17888,70,4,297.0,538,74.25,134.5,32,4,0
17889,121,2,201.37,77,100.685,38.5,20,2,1
17890,232,2,586.89,402,293.445,201.0,88,2,1
17891,71,1,203.85999999999999,393,203.85999999999999,393.0,34,1,1
17892,64,1,142.1,69,142.1,69.0,26,1,0
17893,134,1,107.21,149,107.21,149.0,15,1,1
17894,5,7,995.9,354,142.27142857142857,50.57142857142857,108,7,0
17897,82,3,541.8100000000001,222,180.60333333333335,74.0,100,3,1
17898,116,1,99.84,124,99.84,124.0,20,1,0
17899,68,1,154.55,170,154.55,170.0,29,1,1
17900,99,2,112.19999999999999,73,56.099999999999994,36.5,4,1,1
17905,66,3,617.74,281,205.91333333333333,93.66666666666667,32,3,0
17906,156,1,72.9,26,72.9,26.0,12,1,1
17908,283,1,232.03,169,232.03,169.0,51,1,1
17912,219,5,310.06,184,62.012,36.8,35,4,1
17913,265,1,218.05,100,218.05,100.0,31,1,0
17917,165,2,226.71,130,113.355,65.0,57,2,0
17920,14,9,2328.8,1531,258.7555555555556,170.11111111111111,229,9,0
17921,57,3,595.47,288,198.49,96.0,82,3,0
17923,191,1,207.50000000000003,50,207.50000000000003,50.0,1,1,1
17924,211,2,502.20000000000005,108,251.10000000000002,54.0,2,2,0
17925,282,1,244.08,72,244.08,72.0,1,1,1
17926,42,2,397.29,306,198.645,153.0,17,2,1
17928,155,1,78.25999999999999,46,78.25999999999999,46.0,17,1,0
17929,22,3,707.0,92,235.66666666666666,30.666666666666668,4,3,0
17930,71,2,694.14,521,347.07,260.5,19,2,0
17931,43,2,408.36,249,204.18,124.5,63,2,1
17932,83,2,934.51,593,467.255,296.5,63,2,0
17935,47,2,145.79,82,72.895,41.0,28,2,1
17937,24,5,3614.52,1416,722.904,283.2,19,5,0
17939,69,1,99.14,40,99.14,40.0,12,1,1
17940,17,9,3828.04,8723,425.3377777777778,969.2222222222222,6,8,0
17941,40,1,304.56,252,304.56,252.0,2,1,1
17946,142,2,149.57999999999998,75,74.78999999999999,37.5,18,2,1
17948,56,1,358.56000000000006,144,358.56000000000006,144.0,1,1,1
17949,2,33,48209.2,20778,1460.8848484848484,629.6363636363636,26,22,0
17950,274,2,263.17,186,131.585,93.0,36,1,0
17951,267,2,409.50000000000006,220,204.75000000000003,110.0,9,2,0
17954,32,10,1885.21,1831,188.52100000000002,183.1,269,10,0
17955,108,4,557.3,273,139.325,68.25,14,3,1
17956,158,1,12.75,1,12.75,1.0,1,1,1
17958,26,1,508.4599999999999,84,508.4599999999999,84.0,7,1,1
17960,80,1,73.78,41,73.78,41.0,26,1,1
17961,33,31,1179.62,469,38.052258064516124,15.129032258064516,195,28,0
17962,51,1,102.41,127,102.41,127.0,33,1,1
17964,281,1,261.76,195,261.76,195.0,35,1,0
17965,1,12,2251.41,1366,187.61749999999998,113.83333333333333,238,11,0
17966,60,4,594.43,1171,148.6075,292.75,52,3,0
17967,281,1,112.27,73,112.27,73.0,41,1,1
17968,283,1,265.1,151,265.1,151.0,74,1,1
17969,75,2,228.2,152,114.1,76.0,14,2,1
17970,120,1,562.79,513,562.79,513.0,27,1,1
17972,151,1,135.19,36,135.19,36.0,30,1,1
17974,129,1,164.07,85,164.07,85.0,18,1,0
17975,24,11,3950.4500000000003,1364,359.13181818181823,124.0,170,11,0
17976,281,1,321.79,93,321.79,93.0,56,1,1
17978,274,1,300.91999999999996,499,300.91999999999996,499.0,12,1,1
17979,78,3,494.54,272,164.84666666666666,90.66666666666667,84,2,0
17980,75,3,811.45,682,270.48333333333335,227.33333333333334,23,3,1
17984,54,1,152.68,98,152.68,98.0,48,1,1
17987,94,1,198.57,261,198.57,261.0,13,1,1
17988,26,5,146.0,27,29.2,5.4,25,3,0
17990,146,3,630.84,414,210.28,138.0,27,3,1
17991,134,2,93.35,25,46.675,12.5,4,2,1
17994,31,4,674.89,495,168.7225,123.75,63,4,1
17995,191,1,76.1,133,76.1,133.0,2,1,1
17997,1,6,1711.75,2035,285.2916666666667,339.1666666666667,118,6,0
17999,275,1,190.34,94,190.34,94.0,37,1,0
18004,271,1,157.92,75,157.92,75.0,32,1,1
18008,112,7,2065.41,1517,295.0585714285714,216.71428571428572,22,6,0
18009,144,1,247.39,125,247.39,125.0,31,1,1
18010,166,1,174.8,60,174.8,60.0,14,1,1
18011,282,1,102.78999999999999,71,102.78999999999999,71.0,28,1,1
18013,64,2,187.29,285,93.645,142.5,31,1,1
18016,95,3,482.86,205,160.95333333333335,68.33333333333333,49,3,0
18017,78,2,344.0,200,172.0,100.0,1,2,0
18018,17,2,122.14,55,61.07,27.5,29,2,1
18024,62,2,389.78,184,194.89,92.0,21,1,1
18027,8,1,115.31,78,115.31,78.0,21,1,1
18032,243,1,73.5,42,73.5,42.0,5,1,1
18036,14,2,253.69,153,126.845,76.5,54,2,0
18037,63,6,70.02,20,11.67,3.3333333333333335,19,6,1
18040,155,1,239.0,96,239.0,96.0,12,1,0
18041,13,16,2998.11,2716,187.381875,169.75,227,15,0
18043,116,2,421.59,229,210.795,114.5,87,2,0
18044,75,7,1105.53,651,157.93285714285713,93.0,63,7,0
18048,112,2,172.29000000000002,127,86.14500000000001,63.5,6,1,1
18050,268,1,74.4,40,74.4,40.0,5,1,1
18055,37,7,3672.86,1226,524.6942857142857,175.14285714285714,122,7,0
18056,197,1,363.65,211,363.65,211.0,19,1,1
18061,17,8,1793.51,901,224.18875,112.625,18,8,0
18062,82,3,720.52,396,240.17333333333332,132.0,23,3,1
18064,42,2,814.0,384,407.0,192.0,7,2,1
18065,93,8,1412.15,591,176.51875,73.875,71,4,0
18068,198,1,101.69999999999999,6,101.69999999999999,6.0,1,1,1
18069,89,3,978.32,626,326.1066666666667,208.66666666666666,199,3,0
18071,167,2,453.0,260,226.5,130.0,23,2,1
18072,95,1,247.44,288,247.44,288.0,18,1,1
18073,23,12,3859.82,3102,321.6516666666667,258.5,23,10,1
18074,283,1,489.6,190,489.6,190.0,13,1,1
18075,15,8,1957.75,1015,244.71875,126.875,74,8,0
18077,13,7,1622.34,1272,231.76285714285714,181.71428571428572,82,7,0
18078,126,2,336.13,145,168.065,72.5,27,2,1
18079,36,2,2206.18,5075,1103.09,2537.5,59,2,0
18080,152,1,841.4999999999999,330,841.4999999999999,330.0,1,1,0
18081,22,2,208.05,55,104.025,27.5,7,2,0
18085,239,2,689.95,265,344.975,132.5,25,2,1
18086,183,1,101.34,106,101.34,106.0,7,1,1
18087,7,2,4055.7199999999993,3907,2027.8599999999997,1953.5,2,2,1
18092,29,8,5851.48,3280,731.435,410.0,21,7,0
18093,2,4,2106.52,1392,526.63,348.0,31,4,1
18094,45,5,2402.3,2194,480.46000000000004,438.8,35,4,0
18095,222,2,580.0500000000001,419,290.02500000000003,209.5,20,2,1
18097,36,5,1986.2,1406,397.24,281.2,56,4,0
18099,36,1,168.31,149,168.31,149.0,19,1,1
18101,52,1,110.23,25,110.23,25.0,13,1,0
18102,8,27,135450.75,31473,5016.694444444444,1165.6666666666667,54,16,0
18106,239,1,421.9,126,421.9,126.0,33,1,1
18108,163,1,271.0,84,271.0,84.0,17,1,1
18109,0,18,4826.87,3405,268.15944444444443,189.16666666666666,114,18,0
18112,75,1,196.64,110,196.64,110.0,12,1,0
18113,278,1,76.32000000000001,72,76.32000000000001,72.0,1,1,1
18114,199,1,220.1,55,220.1,55.0,28,1,1
18116,143,7,1239.55,667,177.07857142857142,95.28571428571429,220,7,0
18118,1,19,4222.94,2156,222.26,113.47368421052632,367,19,0
18119,277,1,180.7,124,180.7,124.0,29,1,1
18120,123,1,111.15,31,111.15,31.0,17,1,1
18121,58,2,653.3,438,326.65,219.0,28,2,1
18122,60,1,119.19,69,119.19,69.0,23,1,0
18125,111,3,933.9,691,311.3,230.33333333333334,146,3,0
18127,43,1,139.6,28,139.6,28.0,8,1,0
18129,152,1,112.55000000000001,48,112.55000000000001,48.0,13,1,1
18133,121,1,931.4999999999999,1350,931.4999999999999,1350.0,1,1,1
18135,99,1,109.82000000000001,88,109.82000000000001,88.0,9,1,0
18136,121,2,600.85,295,300.425,147.5,30,2,0
18138,204,1,152.65,38,152.65,38.0,8,1,1
18142,66,2,1019.52,1276,509.76,638.0,9,2,1
18143,26,2,1000.16,570,500.08,285.0,59,2,1
18144,19,9,2165.55,1064,240.61666666666667,118.22222222222223,24,8,0
18145,114,2,1023.78,863,511.89,431.5,60,2,0
18146,50,2,160.35000000000002,153,80.17500000000001,76.5,10,2,1
18147,18,1,98.88,80,98.88,80.0,4,1,0
18149,125,2,549.68,280,274.84,140.0,9,2,0
18150,49,2,413.28,236,206.64,118.0,22,2,0
18151,44,2,653.35,355,326.675,177.5,38,2,1
18155,80,2,266.56,196,133.28,98.0,14,2,0
18156,279,1,186.88,68,186.88,68.0,50,1,0
18159,210,1,530.15,139,530.15,139.0,23,1,1
18160,109,1,318.55,147,318.55,147.0,19,1,0
18161,49,3,771.26,387,257.08666666666664,129.0,24,3,0
18165,86,1,302.46000000000004,254,302.46000000000004,254.0,10,1,1
18167,15,1,498.48,122,498.48,122.0,13,1,0
18168,85,6,1160.04,592,193.34,98.66666666666667,97,6,1
18170,21,2,655.51,249,327.755,124.5,27,2,0
18171,8,4,994.3100000000001,331,248.57750000000001,82.75,35,4,0
18172,8,11,5635.28,2280,512.2981818181818,207.27272727272728,96,9,0
18173,108,3,1728.8400000000001,1028,576.2800000000001,342.6666666666667,20,3,0
18176,267,1,476.35,283,476.35,283.0,30,1,1
18177,67,5,1037.27,543,207.454,108.6,43,5,0
18178,38,4,1590.81,983,397.7025,245.75,80,4,1
18179,161,4,1103.16,729,275.79,182.25,54,4,0
18180,46,2,601.85,553,300.925,276.5,42,2,0
18183,136,2,632.07,371,316.035,185.5,36,2,1
18185,158,1,304.25,183,304.25,183.0,17,1,1
18188,199,1,426.6,164,426.6,164.0,16,1,0
18189,177,1,633.1,352,633.1,352.0,40,1,0
18190,101,2,284.46000000000004,140,142.23000000000002,70.0,14,2,1
18191,171,1,207.79999999999998,140,207.79999999999998,140.0,7,1,1
18193,74,1,243.76,124,243.76,124.0,16,1,1
18196,4,2,686.63,431,343.315,215.5,131,2,1
18198,10,14,4427.39,3491,316.2421428571429,249.35714285714286,64,14,0
18200,15,1,150.35,104,150.35,104.0,29,1,1
18202,109,3,1396.99,581,465.66333333333336,193.66666666666666,55,2,1
18203,66,1,160.42000000000002,43,160.42000000000002,43.0,19,1,1
18204,19,2,1358.87,907,679.435,453.5,113,2,0
18210,176,1,142.4,62,142.4,62.0,5,1,0
18211,46,2,268.7,152,134.35,76.0,15,2,0
18212,235,1,216.07,92,216.07,92.0,30,1,1
18213,146,1,232.48000000000002,232,232.48000000000002,232.0,15,1,1
18218,120,2,641.92,536,320.96,268.0,17,2,1
18219,58,8,1367.13,596,170.89125,74.5,49,7,0
18220,136,1,305.28000000000003,288,305.28000000000003,288.0,2,1,1
18221,25,3,706.86,446,235.62,148.66666666666666,40,3,0
18222,2,1,443.0,335,443.0,335.0,19,1,1
18223,6,11,4036.34,1774,366.94,161.27272727272728,87,10,0
18224,173,1,158.95000000000002,69,158.95000000000002,69.0,10,1,1
18225,22,7,2730.78,1582,390.1114285714286,226.0,99,7,0
18226,30,9,4251.03,2946,472.33666666666664,327.3333333333333,107,9,0
18227,127,1,93.75,21,93.75,21.0,5,1,1
18229,3,14,5212.06,1704,372.29,121.71428571428571,58,14,0
18230,3,5,2146.36,1030,429.27200000000005,206.0,32,5,0
18231,101,5,2071.77,819,414.354,163.8,106,5,1
18232,67,3,500.62,277,166.87333333333333,92.33333333333333,29,3,0
18233,235,1,440.0,4,440.0,4.0,1,1,1
18235,29,2,749.8,706,374.9,353.0,49,2,0
18236,38,4,641.19,310,160.2975,77.5,31,4,0
18237,1,3,725.55,465,241.85,155.0,37,3,0
18239,128,5,1561.6100000000001,795,312.322,159.0,80,5,1
18241,8,11,1349.58,720,122.68909090909091,65.45454545454545,44,11,0
18242,105,2,694.08,408,347.04,204.0,26,2,0
18245,58,6,1672.81,1328,278.8016666666667,221.33333333333334,103,4,0
18246,142,1,232.9,70,232.9,70.0,2,1,0
18248,32,2,804.02,511,402.01,255.5,39,2,1
18250,219,1,349.27,199,349.27,199.0,21,1,1
18252,81,1,69.89999999999999,18,69.89999999999999,18.0,3,1,0
18257,23,5,1562.8700000000001,721,312.574,144.2,66,5,0
18259,275,1,376.30000000000007,116,376.30000000000007,116.0,7,1,0
18260,82,6,2628.35,1475,438.05833333333334,245.83333333333334,86,6,1
18261,5,1,224.8,102,224.8,102.0,15,1,0
18262,49,1,149.48,182,149.48,182.0,13,1,1
18263,65,2,811.4,1048,405.7,524.0,45,2,0
18265,67,1,488.55,224,488.55,224.0,29,1,0
18268,43,1,25.5,2,25.5,2.0,1,1,1
18269,275,1,168.6,76,168.6,76.0,7,1,1
18270,176,1,111.95,41,111.95,41.0,5,1,0
18272,23,4,2106.45,1465,526.6125,366.25,76,4,0
18273,5,2,153.0,60,76.5,30.0,1,2,0
18280,187,1,180.60000000000002,45,180.60000000000002,45.0,10,1,1
18281,90,1,80.82,54,80.82,54.0,7,1,1
18282,35,1,100.21000000000001,75,100.21000000000001,75.0,7,1,0
18283,5,10,1086.83,719,108.68299999999999,71.9,192,9,0
18287,111,1,765.28,488,765.28,488.0,27,1,0
