customer_unique_id,Recency,Frequency,Monetary,TotalItems,TotalProducts,TotalSellers,AverageFreight,AverageInstallments,AverageOrderValue,Tenure,ActiveDays,AverageGap,Churn,snapshot
00cc12a6d8b578b8ebd21ea4e2ae8b27,285,2,126.2,2.0,2.0,2.0,13.2,1.0,63.1,0,1,0.0,1,train
013f4353d26bb05dc6652f1269458d8d,33,2,356.39,3.0,2.0,2.0,39.745000000000005,3.0,178.195,3,2,3.0,1,train
015557c9912277312b9073947804a7ba,244,2,315.12,2.0,2.0,2.0,12.61,2.0,157.56,38,2,38.0,1,train
01c289bb06354cdc7e6549570f20ada4,5,2,242.5,3.0,3.0,2.0,51.260000000000005,2.0,121.25,206,2,206.0,1,train
02168ea18740a0fdaaa15f11bebba5db,83,2,264.04,4.0,2.0,2.0,32.22,1.0,132.02,50,2,50.0,1,train
027803eb28cc01fbdf5da72b109fabee,75,2,101.43,2.0,2.0,2.0,18.22,3.0,50.715,0,1,0.0,1,train
031ea691b99fc101dcad357d1a83573f,174,2,73.04,2.0,2.0,2.0,8.025,2.0,36.52,55,2,55.0,1,train
0333b2fc6ba7014702e08ef613850270,55,2,93.0,3.0,2.0,2.0,21.15,1.5,46.5,73,2,73.0,1,train
0396c443fdda5498c7e9ed5b34871c5a,240,2,120.84,2.0,2.0,2.0,17.475,1.0,60.42,0,1,0.0,1,train
03dabd77cb0ed7a26fafe19e36b67742,230,2,99.44999999999999,2.0,2.0,2.0,25.235,1.0,49.724999999999994,33,2,33.0,1,train
041caba6a63ace5818387698ea85cdb2,44,2,81.67999999999999,2.0,2.0,2.0,11.345,1.0,40.839999999999996,246,2,246.0,0,train
043aee247e71edff7045664609f4d806,167,2,405.40999999999997,3.0,2.0,2.0,22.88,3.0,202.70499999999998,117,2,117.0,1,train
0451ef5a31cea3e14ce02d768d7c9943,196,2,387.39,2.0,2.0,2.0,20.955,5.0,193.695,65,2,65.0,1,train
0488328f0b499963e32a37fa42a20ca0,115,2,384.16999999999996,2.0,2.0,2.0,17.634999999999998,10.0,192.08499999999998,6,2,6.0,1,train
048dbdf8f9bbd1be87b25868d1408311,55,2,178.95,2.0,2.0,2.0,17.025,1.0,89.475,19,2,19.0,1,train
04d3c2795b83634312bf3f86f41f7901,145,2,596.39,2.0,2.0,2.0,19.2,2.0,298.195,60,2,60.0,1,train
053b7090271ed4dacbfe0afd6382bbab,94,2,115.49,5.0,2.0,2.0,22.814999999999998,3.0,57.745,59,2,59.0,1,train
053f7850c3ffd9726cff61c7e42af797,185,2,61.54,2.0,2.0,2.0,9.27,1.0,30.77,0,1,0.0,1,train
05669445931c028d97b7c0637b5a2359,85,2,210.78,2.0,2.0,2.0,15.39,2.0,105.39,41,2,41.0,1,train
05e52c1f96f8b83dd66dcdce679ff58d,160,2,239.16,2.0,2.0,2.0,14.579999999999998,8.5,119.58,71,2,71.0,1,train
0621c2a5979d3e887ae519620cbe2926,143,2,514.49,3.0,3.0,2.0,23.395,1.0,257.245,61,2,61.0,1,train
065dcef61d5f66b30d2ee51b5343d023,31,2,188.51999999999998,2.0,2.0,2.0,11.809999999999999,5.5,94.25999999999999,230,2,230.0,1,train
06a52782a04f0086d16b9c22d0e29438,239,3,153.32999999999998,3.0,3.0,3.0,16.11,1.0,51.10999999999999,0,1,0.0,1,train
07342638d0e0aad32c3cf0efc1a37ba5,95,2,619.38,4.0,2.0,2.0,34.8,1.0,309.69,39,2,39.0,1,train
0751ebe1c05ef7a632934adae06c6d4a,161,2,188.79,2.0,2.0,2.0,17.945,1.0,94.395,51,2,51.0,1,train
075c38f7a650b0dc822712c7a58e93d4,73,2,126.02000000000001,2.0,2.0,2.0,15.11,6.0,63.010000000000005,0,1,0.0,1,train
076b7055bea51da430d6a6fa054e5075,205,2,113.96000000000001,2.0,2.0,2.0,13.03,1.0,56.980000000000004,0,1,0.0,1,train
07b28cf1d8515d08ccca505e273fffaf,282,2,637.01,2.0,2.0,2.0,16.560000000000002,10.0,318.505,0,1,0.0,1,train
07f61caa1c9e850c14e94854cec87545,148,2,99.41,2.0,2.0,2.0,9.305,2.0,49.705,0,1,0.0,1,train
0802a1a217680f13264a70ddb7220823,317,2,192.7,2.0,2.0,2.0,17.85,1.0,96.35,10,2,10.0,1,train
083ca1aa470c280236380973a48f77c6,137,3,214.97,3.0,3.0,3.0,26.03,6.666666666666667,71.65666666666667,19,3,9.5,1,train
08f7cf00ed9ff3e0a08fc136ec272974,121,2,355.84000000000003,5.0,2.0,2.0,40.625,1.0,177.92000000000002,0,1,0.0,1,train
096e351116755fe4c3c1e48eaf301a41,229,2,217.49,2.0,2.0,2.0,10.845,1.0,108.745,0,1,0.0,1,train
0981a271500799427cdf345e9121e20b,258,2,162.28,2.0,2.0,2.0,16.15,8.0,81.14,13,2,13.0,1,train
09bc7afc3e8d8dccaffd0b16944a91fe,152,2,609.87,3.0,3.0,2.0,35.085,2.0,304.935,174,2,174.0,1,train
09d7c538023c2c4fb0553c831c12f084,223,2,846.12,2.0,2.0,2.0,106.065,15.0,423.06,0,1,0.0,1,train
0a5df23b922b9998bb7378f1ac03c98a,93,2,193.82999999999998,2.0,2.0,2.0,11.925,1.0,96.91499999999999,0,1,0.0,1,train
0a609db8d244100909a15d65eadf8539,74,3,501.15999999999997,4.0,4.0,4.0,21.093333333333334,4.0,167.0533333333333,71,2,35.5,1,train
0a61b571f594b6919601bcf3380da7f7,142,2,347.72999999999996,2.0,2.0,2.0,33.47,6.0,173.86499999999998,0,1,0.0,0,train
0aadc1d26d1c8b88a52c39a533ccea93,33,2,1218.6999999999998,6.0,2.0,2.0,60.370000000000005,10.0,609.3499999999999,230,2,230.0,1,train
0abee71cd257861a0944e2a81cea4a50,35,2,423.86,4.0,4.0,2.0,32.129999999999995,1.5,211.93,258,2,258.0,1,train
0ac10a57d07e3d38b11f66283c44672b,212,2,209.66,2.0,2.0,2.0,14.885,2.0,104.83,0,1,0.0,1,train
0b18593e033697810a62a987e77f4b8c,200,2,127.83000000000001,2.0,2.0,2.0,16.515,1.0,63.915000000000006,11,2,11.0,0,train
0b3dc7efaafb0cf78a4796d42fa8d74c,156,2,620.06,2.0,2.0,2.0,15.579999999999998,3.0,310.03,296,2,296.0,1,train
0b402d6dd50694a118c642448e2cb086,35,2,230.84,2.0,2.0,2.0,25.43,3.5,115.42,216,2,216.0,1,train
0b8ed32525608a907c7331b613b5b67e,31,2,99.87,2.0,2.0,2.0,12.015,1.0,49.935,0,1,0.0,1,train
0bc9c245cd69735af23eefdd89d74e7e,109,2,210.8,2.0,2.0,2.0,15.45,5.5,105.4,69,2,69.0,1,train
0bf1278577a2acf8532a031d98cd517c,17,2,284.6,2.0,2.0,2.0,18.275,5.5,142.3,66,2,66.0,1,train
0c4c416f1f9844e6805b074f8f96f52c,141,2,174.48,2.0,2.0,2.0,15.25,2.5,87.24,14,2,14.0,1,train
0c8ac932c65f67489929f9164a86606d,73,2,306.53999999999996,2.0,2.0,2.0,17.32,3.0,153.26999999999998,45,2,45.0,1,train
0cbcf91ef2dd6dfcce9ee63c8772dc97,138,2,196.18,2.0,2.0,2.0,12.115,2.0,98.09,0,1,0.0,1,train
0cc2ee1112a11a1094eff52fa2e87150,89,3,839.62,3.0,3.0,3.0,26.606666666666666,3.0,279.87333333333333,141,2,70.5,1,train
0cf46588cd3f5a23002166b5a1945820,73,2,273.0,2.0,2.0,2.0,16.6,10.0,136.5,34,2,34.0,1,train
0cfd915db480acd7d9a954409cabfb1c,130,2,118.15,2.0,2.0,2.0,15.675,4.5,59.075,8,2,8.0,1,train
0d4644eff058d75937ca1eec574bf87d,31,2,230.75,2.0,2.0,2.0,17.93,4.0,115.375,68,2,68.0,1,train
0d57344e9e4e9d16dc699cb417e50cb0,40,2,268.77,3.0,2.0,2.0,19.634999999999998,1.0,134.385,3,2,3.0,1,train
0d997d092f93b5c58d0f9b4bd0643d16,30,2,132.24,2.0,2.0,2.0,8.72,4.5,66.12,5,2,5.0,1,train
0dd933d1e0253343083013791bf5d5e9,37,2,204.9,2.0,2.0,2.0,21.0,5.0,102.45,164,2,164.0,1,train
0e06af8004ffd01a3461e768f9f659aa,42,2,495.53,2.0,2.0,2.0,33.765,3.0,247.765,75,2,75.0,1,train
0e37a80826485260170d428b06df0ab6,110,2,344.09,2.0,2.0,2.0,32.099999999999994,2.0,172.045,0,1,0.0,1,train
0e3c753956e35026b965d9ac3590c5af,145,2,314.12,2.0,2.0,2.0,19.384999999999998,9.0,157.06,0,1,0.0,1,train
0e4cb268bd62da7db135af6349b4fc2a,37,3,195.46,3.0,3.0,3.0,12.49,1.0,65.15333333333334,0,1,0.0,1,train
0ea353565cdde00e1d8352a08290a352,128,2,292.76,2.0,2.0,2.0,28.98,1.0,146.38,185,2,185.0,1,train
0ecc403ec5d6ce000fd84f00cd5efb0a,31,2,312.43,2.0,2.0,2.0,12.215,1.0,156.215,0,1,0.0,1,train
0ecf7f65b5ff3b9e61b637e59f495e0a,447,2,180.82,4.0,2.0,2.0,27.064999999999998,7.5,90.41,0,1,0.0,1,train
0f0e48a91c9c285404572b095bcb373c,164,2,204.54000000000002,2.0,2.0,2.0,22.825,1.5,102.27000000000001,112,2,112.0,1,train
0f38a44168ec569a3f783ebf98d79095,39,2,119.88,2.0,2.0,2.0,15.945,2.0,59.94,0,1,0.0,1,train
0f5ac8d5c31de21d2f25e24be15bbffb,34,2,1544.8200000000002,18.0,2.0,2.0,146.23499999999999,5.5,772.4100000000001,3,2,3.0,1,train
0fd475edfa0b61c59ecde6f89c21dedb,4,2,334.74,4.0,2.0,2.0,57.57,1.0,167.37,133,2,133.0,1,train
0ffc908947e1f0c9f17647058b9a58c2,182,2,477.68,2.0,2.0,2.0,28.845,1.0,238.84,16,2,16.0,1,train
100f480d33281b45b97c07395968e56c,98,2,175.28,2.0,2.0,2.0,17.74,1.0,87.64,0,1,0.0,1,train
1015173479527a15ccb63606a74f404e,117,2,371.85,2.0,2.0,2.0,20.03,8.0,185.925,0,2,0.0,1,train
1118bbd6c82a824ebc677b12e525864f,64,2,537.72,2.0,2.0,2.0,28.96,8.0,268.86,0,1,0.0,1,train
11395124061744bf276aefd8073f3105,84,2,125.75,2.0,2.0,2.0,16.925,3.0,62.875,0,1,0.0,1,train
118be57d1b7de439453a0c6625ad7934,134,2,87.38,2.0,2.0,2.0,16.29,2.5,43.69,6,2,6.0,1,train
1197ba886110324a1519fff17dd8d1d2,132,2,118.1,2.0,2.0,2.0,21.65,3.5,59.05,13,2,13.0,1,train
11ebea68a1046fa3268cb278df2c4f31,19,2,254.59,2.0,2.0,2.0,18.345,6.0,127.295,0,1,0.0,1,train
120a6e1875940fe48a44d6cf30706230,42,2,495.7,2.0,2.0,2.0,18.85,10.0,247.85,0,1,0.0,1,train
121b5a0ae9d09a2ca5e8090fd2a00a58,253,2,146.26999999999998,2.0,2.0,2.0,14.684999999999999,3.5,73.13499999999999,51,2,51.0,1,train
12328d63390726821fdcd8e8b77f10b5,33,2,166.39,2.0,2.0,2.0,18.295,7.5,83.195,0,1,0.0,1,train
125740359669fa63858476105a5d523d,160,2,584.56,3.0,2.0,2.0,67.43,1.0,292.28,137,2,137.0,1,train
1291474366a550ebc251d9187e763d62,182,2,156.85,2.0,2.0,2.0,10.5,2.0,78.425,112,2,112.0,1,train
12ab9334b1240d6d037f2b0102a49571,18,2,1297.47,3.0,2.0,2.0,31.775,1.0,648.735,0,1,0.0,1,train
12b62a8d3c4911b9a80b935037842fc0,54,2,210.62,2.0,2.0,2.0,10.815,4.0,105.31,0,1,0.0,1,train
12c54f6dfd4b723a6c76c4c989494422,101,2,322.49,2.0,2.0,2.0,26.345,3.0,161.245,49,2,49.0,1,train
12f5d6e1cbf93dafd9dcc19095df0b3d,360,6,110.72,6.0,6.0,6.0,8.72,1.0,18.453333333333333,0,1,0.0,1,train
131b8a51429529f4e57e8faa1b87ff4f,268,2,141.70999999999998,2.0,2.0,2.0,8.855,1.0,70.85499999999999,0,1,0.0,1,train
133e20311ec257bda38f1798250d38c5,237,2,782.4300000000001,2.0,2.0,2.0,61.315,5.5,391.21500000000003,5,2,5.0,1,train
13613cae6e3bfea8327a916246c96cc9,6,2,114.75,2.0,2.0,2.0,10.43,1.0,57.375,0,1,0.0,1,train
13abc50b97af7425b5066e405d7cd760,238,2,148.31,2.0,2.0,2.0,26.705000000000002,1.5,74.155,6,2,6.0,1,train
13aec51202205c662b24202760e93a92,333,2,100.46000000000001,2.0,2.0,2.0,17.78,4.5,50.230000000000004,0,1,0.0,1,train
1477c54a1abe3610e3e9ab411801cecb,78,2,258.67,2.0,2.0,2.0,14.435,3.0,129.335,21,2,21.0,1,train
149c19901ddcd1057deaabc003004a12,125,2,439.44,3.0,3.0,3.0,39.735,2.0,219.72,0,1,0.0,1,train
1590457b4be348b165ff7030a6f94dce,179,2,177.75,2.0,2.0,2.0,9.425,3.0,88.875,113,2,113.0,1,train
15eb6c5aa4aa23cbdb42e119220d23ec,73,2,436.88,2.0,2.0,2.0,22.939999999999998,10.0,218.44,26,2,26.0,1,train
1605a6c5d93d3488fb621c5323930795,285,2,614.72,5.0,2.0,2.0,61.010000000000005,1.0,307.36,0,1,0.0,1,train
161b2eb506dd664bb5d23dc701a14b59,165,2,314.39,2.0,2.0,2.0,27.745,8.0,157.195,0,1,0.0,1,train
1647c6dc2941bd075dc5dd3448807bed,133,2,239.62,3.0,2.0,2.0,22.81,2.0,119.81,2,2,2.0,1,train
164ba50c15bd1157975375a75bbde58e,224,2,95.1,2.0,2.0,2.0,15.1,1.0,47.55,0,1,0.0,1,train
165d93a9d1da194b47da42c9cf810ebd,119,2,604.79,2.0,2.0,2.0,13.525,13.5,302.395,78,2,78.0,1,train
16bd767d18bf82bb09fc51520f7ea5ab,27,2,131.42,2.0,2.0,2.0,8.72,2.0,65.71,48,2,48.0,1,train
177c725937ae5f96171bb8b43f196dfa,247,2,220.32999999999998,2.0,2.0,2.0,26.265,2.0,110.16499999999999,39,2,39.0,1,train
178a58ded2b9be43b90300e0e0e8e66c,51,2,163.85,2.0,2.0,2.0,16.475,1.5,81.925,34,2,34.0,1,train
179f496c6c02a7640d09f0843452e0fc,37,2,228.97,2.0,2.0,2.0,19.990000000000002,1.0,114.485,0,1,0.0,1,train
17a2d93cb1aab45e3d21d5eba7daaed2,13,2,380.44,2.0,2.0,2.0,16.47,1.0,190.22,174,2,174.0,1,train
17dcb8c62667824b3e3755a5b680ebc6,37,2,313.78,2.0,2.0,2.0,12.89,1.0,156.89,0,1,0.0,1,train
17e873c00e3fef97c9f1347c6681bd1a,99,2,794.6,2.0,2.0,2.0,67.4,1.0,397.3,5,2,5.0,1,train
1803287d1e7138aec6ea9d3c963ed87d,113,2,129.64000000000001,2.0,2.0,2.0,7.83,1.0,64.82000000000001,0,1,0.0,1,train
186e4b97d2704e8b76235b8d7c5d38ab,199,2,126.96,2.0,2.0,2.0,10.535,3.0,63.48,0,1,0.0,1,train
18e3d276253780b44b5b7bf83f6785ec,33,3,168.85,3.0,3.0,3.0,12.383333333333333,1.3333333333333333,56.28333333333333,209,3,104.5,1,train
18f17efd50fd7e9595cc1a40205c937c,121,2,162.85,2.0,2.0,2.0,14.675,1.0,81.425,57,2,57.0,1,train
191e0f453bea7f50ce1fcd514af38835,49,2,110.93,2.0,2.0,2.0,16.37,1.0,55.465,96,2,96.0,1,train
194be31520cde5c527bad17720119e85,139,2,277.25,3.0,3.0,2.0,21.275,10.0,138.625,129,2,129.0,1,train
19c60787f1a478ec7345d03bc4298398,38,2,693.67,2.0,2.0,2.0,37.835,1.0,346.835,0,1,0.0,1,train
19da55454167240f3a4a39430007d074,98,2,263.28,2.0,2.0,2.0,20.645000000000003,2.0,131.64,0,1,0.0,1,train
19f8fcd23ed70e29220a6a2f13ecd911,28,2,225.68,3.0,3.0,3.0,20.395000000000003,1.0,112.84,30,2,30.0,1,train
1a15eecd72a08e1134ba406c7a7998e6,195,2,415.79,2.0,2.0,2.0,18.655,1.0,207.895,0,1,0.0,1,train
1a68c22c23a52a35f499dbd3c5a020a6,119,2,250.57,3.0,2.0,2.0,25.335,9.0,125.285,25,2,25.0,1,train
1ae30e98d81bdf991fa25b52b8142308,181,2,228.56,3.0,3.0,2.0,25.795,3.0,114.28,0,1,0.0,1,train
1b2db8ab2d8e7b84b5455736fc9713f2,227,2,196.48000000000002,4.0,2.0,2.0,40.894999999999996,6.0,98.24000000000001,7,2,7.0,1,train
1b5720c7b0ee7183c2eafe3dba65111b,37,2,66.01,2.0,2.0,2.0,8.56,2.5,33.005,33,2,33.0,1,train
1b6c7548a2a1f9037c1fd3ddfed95f33,11,5,605.39,7.0,7.0,5.0,23.634,1.0,121.078,36,5,9.0,0,train
1b765716e166ca699d20c4adc8bb0f7c,273,2,209.6,3.0,2.0,2.0,17.305,2.0,104.8,9,2,9.0,1,train
1b7733821d1e0ec8907bbb441271f80b,86,2,147.01,2.0,2.0,2.0,13.105,7.0,73.505,0,1,0.0,1,train
1b95e3fe033836c787689ae4b9516aa3,232,2,393.61,2.0,2.0,2.0,10.405,8.0,196.805,37,2,37.0,1,train
1bbf6de8bbe287cb474e57d437d72969,88,2,377.76,3.0,2.0,2.0,31.03,1.0,188.88,0,1,0.0,1,train
1c4531b533d17f3b316de441268e513c,97,2,85.71,2.0,2.0,2.0,9.755,1.0,42.855,116,2,116.0,1,train
1cc48564488184883cc7923b82c7b3f9,163,2,338.86,4.0,4.0,4.0,61.459999999999994,1.0,169.43,0,1,0.0,1,train
1d2435aa3b858d45c707c9fc25e18779,348,2,147.58,2.0,2.0,2.0,16.39,1.0,73.79,0,1,0.0,1,train
1d627d8a6e1e33ea8eeeb7a17d998660,120,2,254.35,2.0,2.0,2.0,16.775,1.0,127.175,0,1,0.0,1,train
1d72aaec15863f7532b2dbf4a5c4247d,122,2,479.56,2.0,2.0,2.0,14.83,4.0,239.78,150,2,150.0,1,train
1d95a47c2206919e1de2f8ff91065d20,310,2,101.72,2.0,2.0,2.0,10.96,1.0,50.86,10,2,10.0,1,train
1da09dd64e235e7c2f29a4faff33535c,164,2,1333.76,6.0,2.0,2.0,55.18000000000001,1.0,666.88,71,2,71.0,0,train
1e433d2aca7584032f8f56d51643e605,24,2,190.75,2.0,2.0,2.0,14.925,1.5,95.375,33,2,33.0,1,train
1e6dc17adde78e52b6fa5e634f4454e0,179,2,226.67000000000002,2.0,2.0,2.0,15.934999999999999,1.0,113.33500000000001,0,1,0.0,1,train
1ed1f7f1679bee0089061c9db1bd783a,153,2,108.03,2.0,2.0,2.0,11.015,1.0,54.015,0,1,0.0,1,train
1fe11e8f0fa5bea7416ec09d6e8d2b4d,314,2,326.24,2.0,2.0,2.0,15.719999999999999,1.0,163.12,10,2,10.0,1,train
20001d07954025179c613496803181a6,16,2,287.21,2.0,2.0,2.0,29.155,2.0,143.605,0,1,0.0,1,train
204fa49efb5913a76287284d6e096f69,138,2,114.8,2.0,2.0,2.0,12.975,1.0,57.4,27,2,27.0,1,train
21560f93adbd9ada040a40909ac8619d,45,2,434.27,4.0,3.0,2.0,32.82,3.0,217.135,87,2,87.0,1,train
216fd197a786370ce9601ee2f6b5a31a,327,2,63.72,2.0,2.0,2.0,10.96,1.0,31.86,0,1,0.0,1,train
21bde4e982c4681021edabb899bcebfe,14,2,1304.3600000000001,2.0,2.0,2.0,71.72999999999999,6.5,652.1800000000001,22,2,22.0,1,train
21c3cb2e65b7575d9e079f7be7987d3c,74,2,123.99000000000001,2.0,2.0,2.0,15.995,6.0,61.995000000000005,0,1,0.0,1,train
21c8aa0cb27943cbf33d75985e28da67,63,2,209.18,2.0,2.0,2.0,17.855,1.5,104.59,20,2,20.0,1,train
21d3f0a4bf0cccf65dcfe93b8325d250,223,2,147.19,3.0,2.0,2.0,15.095,1.0,73.595,53,2,53.0,1,train
2271b98c96ef2dbe4241cbbde7c8c12b,21,2,340.22999999999996,4.0,4.0,2.0,51.269999999999996,8.5,170.11499999999998,0,1,0.0,1,train
2280ecb8db2591c39d1c7d3e9caa115c,126,2,107.2,2.0,2.0,2.0,10.655,2.0,53.6,59,2,59.0,1,train
233c8f191c45cef30af148a82ac70020,191,2,215.31,2.0,2.0,2.0,32.655,4.0,107.655,1,2,1.0,1,train
23dc3a062c6c097bcb3940a909e7730f,265,2,93.84,2.0,2.0,2.0,14.52,1.0,46.92,27,2,27.0,1,train
2410195f6521688005612363835a2671,116,2,166.01,2.0,2.0,2.0,13.055,1.0,83.005,0,1,0.0,1,train
24cad6db9c734bd4f0edc6a314735880,113,2,187.36,2.0,2.0,2.0,17.78,8.0,93.68,0,1,0.0,1,train
24d27f115e367d9129a0e7a7a5d36866,46,2,754.23,2.0,2.0,2.0,17.770000000000003,4.5,377.115,16,2,16.0,1,train
24fb2954f8c6cdb4b900ed8db6dc88e2,36,2,223.81,3.0,2.0,2.0,30.009999999999998,1.0,111.905,177,2,177.0,1,train
24fc2d6f4c3339820a1a3746a125f8c5,39,2,604.05,2.0,2.0,2.0,17.25,9.0,302.025,0,1,0.0,1,train
251e658613a224723f8a077946183b20,42,2,355.19,2.0,2.0,2.0,10.145,1.0,177.595,11,2,11.0,1,train
255ac312f5ceb97163ec60f0db2eee11,26,2,344.93,2.0,2.0,2.0,20.73,7.5,172.465,42,2,42.0,1,train
256b3e7a939dddf3e40608cac69e88c7,256,2,174.68,2.0,2.0,2.0,15.71,1.0,87.34,0,1,0.0,1,train
25a560b9a6006157838aab1bdbd68624,266,4,131.8,4.0,4.0,4.0,16.05,1.0,32.95,1,2,0.3333333333333333,1,train
25bd804c580bc1ee0c93d073fae09a84,10,2,123.64999999999999,3.0,3.0,2.0,12.775,1.0,61.824999999999996,26,2,26.0,1,train
26d1b63e9b8478f84f87188c4877049e,145,2,597.22,3.0,3.0,3.0,20.71,9.5,298.61,32,2,32.0,1,train
27259fad9054fce994a70f1d117bc402,37,2,334.74,2.0,2.0,2.0,39.22,1.0,167.37,241,2,241.0,1,train
27517ed34c0406fe07b3a806e33cbc10,75,2,182.8,2.0,2.0,2.0,18.950000000000003,1.0,91.4,14,2,14.0,1,train
27e86d2ae0db33b8d242c9251067d97e,170,2,125.53,2.0,2.0,2.0,19.82,2.0,62.765,84,2,84.0,1,train
281e1e72207e518c29b249a1361a775d,157,2,437.66999999999996,2.0,2.0,2.0,22.39,6.0,218.83499999999998,80,2,80.0,1,train
282dc4abbf2759fb9bb77217f5cd6c4c,26,2,311.86,2.0,2.0,2.0,30.985,6.5,155.93,139,2,139.0,1,train
28989ef45087c96e5a4346e88216c2ba,344,2,723.15,4.0,3.0,2.0,66.77,4.0,361.575,0,1,0.0,1,train
289dcfbdf9ce2f94565a76800eb71157,45,2,256.4,3.0,2.0,2.0,25.95,8.0,128.2,0,1,0.0,1,train
28ad66c8baf13c85d2a936d0b06e73f6,6,2,154.59,2.0,2.0,2.0,14.595,4.0,77.295,266,2,266.0,1,train
28c7e3fb75d7ce1e496dc539443b71da,156,2,345.09,3.0,3.0,2.0,42.56,1.0,172.545,0,1,0.0,1,train
28da99e178f274876e3052c1740c6c87,122,2,67.0,2.0,2.0,2.0,15.1,1.0,33.5,19,2,19.0,1,train
294e0922aa06792eea5094656727c0bd,225,2,374.15,2.0,2.0,2.0,17.13,1.0,187.075,16,2,16.0,1,train
2a3d4df1de5c9feee497328298916d41,3,2,233.53,2.0,2.0,2.0,14.364999999999998,2.0,116.765,29,2,29.0,1,train
2a3f4536e732a04cfad59b6e50c2e925,50,2,103.5,2.0,2.0,2.0,11.85,1.0,51.75,58,2,58.0,1,train
2ac6f6d09c75bb721defa2eb7a4f52a1,61,2,78.50999999999999,2.0,2.0,2.0,17.355,1.0,39.254999999999995,49,2,49.0,1,train
2b100d3737ff053e5003640064ee6ad8,67,2,110.85000000000001,2.0,2.0,2.0,15.98,1.0,55.425000000000004,0,1,0.0,1,train
2b174670dbec666bbc68b6e2a4062740,174,2,331.94000000000005,2.0,2.0,2.0,17.05,6.5,165.97000000000003,63,2,63.0,1,train
2b19910e856b2ba3e7257e63a093a3df,96,2,262.96000000000004,2.0,2.0,2.0,39.480000000000004,10.0,131.48000000000002,0,2,0.0,1,train
2b4871f788b44ee004ec2c7fc7cd420b,61,2,289.84000000000003,2.0,2.0,2.0,16.994999999999997,1.0,144.92000000000002,105,2,105.0,1,train
2b5c14b7e1a3d88ff7e0c46e15851f5f,167,2,121.06,2.0,2.0,2.0,23.04,2.0,60.53,0,1,0.0,1,train
2b775b75afa0be08220fb73a7e68df3b,62,2,126.72,2.0,2.0,2.0,16.365,1.5,63.36,128,2,128.0,1,train
2b952792a20f6076f6e7a9c6a27ade02,36,2,130.14,3.0,2.0,2.0,16.63,2.5,65.07,172,2,172.0,1,train
2bd9d2f3cc5d99b1b3d9ff5acd81bd5e,55,2,103.11,2.0,2.0,2.0,15.605,4.5,51.555,173,2,173.0,1,train
2ca8ef8560c5cd0f9ddb65d1b1b51380,22,2,206.73000000000002,2.0,2.0,2.0,28.92,8.0,103.36500000000001,0,1,0.0,1,train
2cf396c9e24e7627ff042cccb209b9e6,104,2,429.29999999999995,2.0,2.0,2.0,24.66,4.0,214.64999999999998,39,2,39.0,1,train
2d7a88002fb4c6073fbef4f59707a0e0,346,2,258.95,2.0,2.0,2.0,14.575,4.0,129.475,0,1,0.0,1,train
2d7c6bd64b139f0f40968dd19c629532,152,2,232.76,2.0,2.0,2.0,20.685000000000002,2.5,116.38,9,2,9.0,1,train
2dc7f51f05ba1b1a92608e45e55d1fe1,10,2,105.14000000000001,2.0,2.0,2.0,9.33,2.0,52.57000000000001,294,2,294.0,1,train
2dcbfb99d95c7ba6eb992a98627f45b8,28,2,285.23,3.0,3.0,3.0,29.675,9.5,142.615,5,2,5.0,1,train
2ddc001b620bd90d0f4378cfde1db887,45,3,378.46,3.0,3.0,3.0,15.156666666666666,1.6666666666666667,126.15333333333332,47,3,23.5,0,train
2e0a2166aa23da2472c6a60c4af6f7a6,63,2,299.53,2.0,2.0,2.0,13.415,4.5,149.765,252,2,252.0,1,train
2e366b0c6451864364bab2e7917ca1bb,214,2,113.56,2.0,2.0,2.0,7.78,1.0,56.78,2,2,2.0,1,train
2e43e031f10de28e557c35ef668f9396,339,3,350.97,5.0,5.0,4.0,27.25,1.0,116.99000000000001,0,1,0.0,1,train
2e9399fc2fe209771a6f719e14bdb6fe,36,2,190.01999999999998,4.0,2.0,2.0,31.21,9.0,95.00999999999999,0,2,0.0,1,train
2f41863e0922b8d1fbb756691b5c315b,269,2,272.64,2.0,2.0,2.0,13.44,8.0,136.32,0,1,0.0,1,train
2f679a526d3b619beccc26a3d1435de4,28,2,163.29,2.0,2.0,2.0,17.700000000000003,2.5,81.645,17,2,17.0,1,train
2f7c8c8386941ce0ef458ca7ff304123,134,2,247.93,2.0,2.0,2.0,29.064999999999998,8.5,123.965,37,2,37.0,1,train
2fc5e667ccf2a1c87a798be23f1c920a,57,2,437.40999999999997,2.0,2.0,2.0,39.21,4.0,218.70499999999998,0,1,0.0,1,train
2fe074ea3cc24b8fd57d29effc995f8b,30,2,1043.06,2.0,2.0,2.0,31.585,2.0,521.53,229,2,229.0,1,train
2ff1b818fb048c44dc6629f013cceae6,149,2,289.92,3.0,2.0,2.0,26.060000000000002,9.5,144.96,0,1,0.0,1,train
301a6d74a3eb7cd8e3508a045b8fa2e1,130,2,591.1700000000001,2.0,2.0,2.0,18.585,5.0,295.58500000000004,9,2,9.0,1,train
30a81e307f19e822e7199139fe52b1b0,60,2,75.09,2.0,2.0,2.0,15.1,1.0,37.545,8,2,8.0,0,train
310647380793836bfa5b7b6b3f518423,74,3,385.27,10.0,6.0,4.0,40.78666666666666,1.0,128.42333333333332,183,3,91.5,1,train
3110339155d740dc64b31e1666952100,207,2,116.89999999999999,2.0,2.0,2.0,10.5,4.5,58.449999999999996,0,1,0.0,1,train
3170ebd8b32a5e2102c9d75e0a7f6d74,128,2,276.48,2.0,2.0,2.0,11.89,1.5,138.24,3,2,3.0,1,train
318b8659483e12e9cbe1e6550d97f9d9,305,2,635.4,2.0,2.0,2.0,17.8,1.0,317.7,20,2,20.0,1,train
31aa2034dc4b34b06487e22a53b4a07a,93,2,379.28,2.0,2.0,2.0,35.64,1.5,189.64,15,2,15.0,1,train
31bfa97f1ea0663a50ebc5c811ebdf4d,59,2,937.36,2.0,2.0,2.0,26.685000000000002,1.0,468.68,23,2,23.0,1,train
31d4b05ef830a7347b8f43640eb6511e,312,2,323.35,2.0,2.0,2.0,19.275,1.0,161.675,0,1,0.0,1,train
31d958dffbf0b744375b5ff0393e6fb3,102,2,213.74,2.0,2.0,2.0,12.92,6.0,106.87,126,2,126.0,1,train
31e0eb64c5eb715aab04433200ea4ed5,102,2,200.06,2.0,2.0,2.0,10.04,5.0,100.03,9,2,9.0,1,train
31f49e069c399db9c3a0bdf8653e4e8f,114,2,528.77,2.0,2.0,2.0,29.935,1.0,264.385,0,1,0.0,1,train
320e13a9e22b4e4cda8c17ed1c140ce0,26,2,100.17,2.0,2.0,2.0,14.235,2.5,50.085,8,2,8.0,1,train
323f8f14acb90e50f86f1885b6b53c6d,335,2,279.79,3.0,3.0,2.0,18.0,8.0,139.895,0,1,0.0,1,train
325e19085f3017b73be3d9fd98a93301,334,2,130.1,2.0,2.0,2.0,16.05,1.0,65.05,11,2,11.0,1,train
32c3312cd5a2dddfdcbd359694cd7ae8,8,2,255.11,2.0,2.0,2.0,15.11,5.5,127.555,148,2,148.0,1,train
32e93651fbc6d641cffdc40c50d982a3,279,2,382.51,2.0,2.0,2.0,56.36,10.0,191.255,0,1,0.0,1,train
32ea3bdedab835c3aa6cb68ce66565ef,95,2,102.24000000000001,2.0,2.0,2.0,11.67,1.0,51.120000000000005,358,2,358.0,1,train
334293c291f43a6aa85020f8597a171f,86,2,295.38,4.0,2.0,2.0,23.865000000000002,1.0,147.69,66,2,66.0,1,train
335be0ca4b7aa8578e364a76efd4da52,195,2,293.7,2.0,2.0,2.0,17.35,5.0,146.85,0,1,0.0,1,train
336421b86cc4259a58106da261e0e000,236,2,562.8199999999999,4.0,2.0,2.0,84.81,1.0,281.40999999999997,68,2,68.0,1,train
339c527109c4c03e8e09bd4b593dab5f,95,2,403.99,2.0,2.0,2.0,22.025,4.5,201.995,184,2,184.0,1,train
33aa371b7512b6a9fede4f231e212226,106,2,303.12,3.0,3.0,2.0,23.06,6.5,151.56,47,2,47.0,1,train
33aca86429de0f71ff7118b93bb09712,20,2,193.76,2.0,2.0,2.0,7.88,1.0,96.88,60,2,60.0,1,train
33b239671c1c878914ed922a0dacd607,208,2,115.94,2.0,2.0,2.0,15.98,1.0,57.97,0,1,0.0,1,train
3443f8095ad309eebbdc8caa8b2bf936,201,2,164.9,2.0,2.0,2.0,10.5,2.0,82.45,4,2,4.0,1,train
346534c8088852932d947f4b8fea3959,158,2,540.8199999999999,2.0,2.0,2.0,37.965,6.5,270.40999999999997,49,2,49.0,1,train
3504bea0c72ad9e945b63f889702d2d4,12,2,160.19,2.0,2.0,2.0,14.145,1.0,80.095,203,2,203.0,1,train
355ae139c8a163fb77c065a2d1403ed9,236,2,330.55,2.0,2.0,2.0,25.375,6.5,165.275,25,2,25.0,1,train
359bacb2b5c52b4287667a7bc6c7bc63,230,2,580.9,3.0,2.0,2.0,24.95,1.0,290.45,28,2,28.0,1,train
35de25c73544f00e8adde226a4d1bdcc,91,2,347.38,2.0,2.0,2.0,16.29,2.5,173.69,132,2,132.0,1,train
35e146c985a9cf989c91edb4c0c156fa,350,2,338.46,2.0,2.0,2.0,19.33,1.0,169.23,0,1,0.0,1,train
35e9d2caa31b87cc3d1ad10d72271140,173,2,89.99,2.0,2.0,2.0,10.0,1.0,44.995,11,2,11.0,1,train
35ecdf6858edc6427223b64804cf028e,46,4,514.96,5.0,5.0,4.0,40.269999999999996,9.0,128.74,101,3,33.666666666666664,0,train
362928c8cd61df2e6951751dffb4be85,68,2,494.75,4.0,4.0,2.0,27.575,6.0,247.375,0,1,0.0,1,train
36445bb429c8bb13c3f8cd6794723647,229,2,193.66,4.0,4.0,2.0,33.84,7.5,96.83,1,2,1.0,1,train
3648f9e5f51f679ed24deff1f031a093,24,2,228.35,2.0,2.0,2.0,16.68,1.5,114.175,25,2,25.0,1,train
367f4686d7112d69feed92b02a1775ed,226,2,205.5,5.0,5.0,2.0,37.75,7.0,102.75,0,1,0.0,1,train
36be413fe0f4a74eee7b764e758730ed,30,2,215.56,2.0,2.0,2.0,17.88,1.0,107.78,0,1,0.0,1,train
370cd3b09ea745fe047fd11db7430441,34,2,176.55,2.0,2.0,2.0,23.33,6.0,88.275,0,1,0.0,1,train
3724bfc68569cc4df876284536b8add9,125,2,647.0699999999999,2.0,2.0,2.0,48.635000000000005,9.0,323.53499999999997,100,2,100.0,1,train
37545efd489b0b7c9aa20690f344271d,104,2,897.68,2.0,2.0,2.0,68.84,7.0,448.84,0,1,0.0,1,train
37cc3e75e39bb11d75a1982ac0d07c17,310,2,108.48,2.0,2.0,2.0,19.29,1.0,54.24,20,2,20.0,1,train
37d0b647301742b1b17d627e4c10aeae,26,2,191.9,2.0,2.0,2.0,11.05,8.0,95.95,0,1,0.0,1,train
37f8e7062a53c1a0fca4f59f4c6b1429,76,2,164.87,2.0,2.0,2.0,15.434999999999999,1.0,82.435,200,2,200.0,1,train
382ad79426068e4ba6ed73491d4441cb,210,2,149.18,2.0,2.0,2.0,9.64,4.0,74.59,0,1,0.0,1,train
3871b0ab0166a2f441fa762f5206cacc,112,2,333.15000000000003,2.0,2.0,2.0,11.675,4.0,166.57500000000002,84,2,84.0,1,train
38dd3f4e8a4cc5e32dd0a4426a1961fa,123,2,97.98,2.0,2.0,2.0,9.09,4.0,48.99,0,1,0.0,1,train
38e74ef4e3bcf3019fd22b84649bf90d,174,2,168.49,2.0,2.0,2.0,14.745000000000001,4.0,84.245,0,1,0.0,1,train
39104edef5e46d7b8c61848cc95e6d97,91,3,126.27,3.0,3.0,3.0,9.93,2.3333333333333335,42.089999999999996,80,3,40.0,1,train
39ae2ab725be4a0db66896735a49dac7,174,2,125.64,2.0,2.0,2.0,7.83,5.5,62.82,0,1,0.0,1,train
39ce02a045b8e7b0329984df3109957b,95,2,113.56,2.0,2.0,2.0,7.78,1.0,56.78,99,2,99.0,1,train
39d28c99c5382bfc238c047203595443,41,2,56.0,2.0,2.0,2.0,15.1,1.0,28.0,34,2,34.0,1,train
3a131e6c88849b1d0b28020c3809ea29,56,2,198.81,3.0,3.0,2.0,22.205,1.0,99.405,0,1,0.0,1,train
3a2d236fc85fdf338f179ca0cd725433,153,2,89.63,2.0,2.0,2.0,16.79,1.0,44.815,58,2,58.0,1,train
3a502a4d1e63887120fdc3b323224d70,53,2,153.17000000000002,3.0,3.0,3.0,11.83,5.0,76.58500000000001,0,1,0.0,1,train
3a649b3c6b379a427fa6f4a5f646a43d,142,2,183.56,2.0,2.0,2.0,12.33,3.0,91.78,0,1,0.0,1,train
3aa71d539bb760f054b280604391602a,29,2,157.88,2.0,2.0,2.0,16.445,4.0,78.94,0,1,0.0,1,train
3ae522de6b23a3699ef105d4c4b3b82d,89,2,82.19,2.0,2.0,2.0,14.1,3.5,41.095,41,2,41.0,1,train
3b6f5d22fb32e6ac2fbbb944b18cf1bb,160,2,263.96000000000004,4.0,2.0,2.0,30.990000000000002,1.0,131.98000000000002,0,1,0.0,1,train
3bab949ef05da8e9b3cfd541b6af0ffd,203,3,746.28,3.0,3.0,3.0,25.459999999999997,1.0,248.76,41,2,20.5,1,train
3bfda42ef722cb59c430e6be0b68628c,162,2,189.07999999999998,2.0,2.0,2.0,16.545,1.0,94.53999999999999,16,2,16.0,1,train
3c25f47ab68536a1d3d6b29b9c8b7e63,33,2,117.14,2.0,2.0,2.0,10.620000000000001,1.0,58.57,69,2,69.0,1,train
3d4cd13fd525234c1c4a2304fbe769e0,19,2,204.0,2.0,2.0,2.0,17.1,4.0,102.0,0,1,0.0,1,train
3d71bc3ae0c9f857ffe17636e0d59aab,205,2,99.56,2.0,2.0,2.0,16.79,4.5,49.78,15,2,15.0,1,train
3d740e7cbf7e5b18027f204bd01b0be4,141,2,116.91999999999999,2.0,2.0,2.0,15.61,5.5,58.459999999999994,0,1,0.0,1,train
3db6e5afa8e8178a29afc729855315e2,37,3,779.34,3.0,3.0,3.0,19.88,1.0,259.78000000000003,169,3,84.5,1,train
3e43e6105506432c953e165fb2acf44c,30,4,643.4,8.0,7.0,5.0,22.86,8.25,160.85,74,2,24.666666666666668,0,train
3e5306add1209e5ba184092dd1587282,46,2,109.45,2.0,2.0,2.0,16.825000000000003,5.0,54.725,304,2,304.0,0,train
3ea4185126195c34ed9949d8e406d570,124,2,726.36,2.0,2.0,2.0,16.68,10.0,363.18,57,2,57.0,1,train
3f36fa15a16c4850992aa0f33561906e,213,2,204.82,3.0,2.0,2.0,25.435000000000002,1.0,102.41,115,2,115.0,1,train
3f5534bf8c9378ee05b7dd684cb20e8a,54,2,146.3,2.0,2.0,2.0,16.16,2.5,73.15,35,2,35.0,1,train
3f6ac9a49767899814866524054ba779,268,2,186.39,2.0,2.0,2.0,11.57,9.0,93.195,0,1,0.0,1,train
4067ba7df47a2bcb753ae5f7530fc7cc,215,2,176.21,2.0,2.0,2.0,13.205,3.5,88.105,7,2,7.0,1,train
40730ca1af9742bd0bdbcef270ff4c76,33,2,179.98,2.0,2.0,2.0,15.44,3.0,89.99,146,2,146.0,1,train
407a6773db6e845737d04a6e27e653b4,105,2,244.77999999999997,2.0,2.0,2.0,19.39,7.0,122.38999999999999,4,2,4.0,1,train
4127cb95c20254485869d698037a3dfd,205,2,160.57999999999998,4.0,4.0,2.0,22.439999999999998,4.5,80.28999999999999,0,1,0.0,1,train
41348c09a551501117e31f8a4149950c,19,2,289.11,2.0,2.0,2.0,16.655,1.5,144.555,29,2,29.0,1,train
418ee6e3b8f19158d67d5039f19783b9,230,2,84.22,2.0,2.0,2.0,16.11,4.0,42.11,0,1,0.0,1,train
4191bcfd448dc07138d2951ea4d10008,55,2,178.01,2.0,2.0,2.0,16.105,3.5,89.005,154,2,154.0,1,train
41b3ab6b1f95cbd2afb361e852a56917,109,2,131.12,4.0,2.0,2.0,15.56,2.0,65.56,6,2,6.0,1,train
42398dee8f2098eec5579129cc1a6f5e,33,2,292.73,2.0,2.0,2.0,10.865,1.0,146.365,72,2,72.0,1,train
425634deb94b1080fc7d283f3a644941,79,2,145.35,2.0,2.0,2.0,25.685,2.0,72.675,2,2,2.0,1,train
434825743a3426c100c479f571816a81,166,2,74.5,2.0,2.0,2.0,11.85,1.5,37.25,0,1,0.0,1,train
4377c22228de511d013c6a7560d58a2d,29,2,261.14,2.0,2.0,2.0,25.57,1.0,130.57,17,2,17.0,1,train
439624e26bc73309799fd718773bdb8a,27,2,150.14,2.0,2.0,2.0,15.625,1.0,75.07,122,2,122.0,1,train
43c73f9043398f0dd2163fc5f825e61a,52,2,243.37,2.0,2.0,2.0,16.740000000000002,3.0,121.685,15,2,15.0,1,train
43f9d5ace80c6d3c5c09544bc2fa8484,19,2,107.75999999999999,2.0,2.0,2.0,11.879999999999999,5.0,53.879999999999995,16,2,16.0,1,train
44a22a3351d7f1bb3d337d1be11b41fb,14,2,118.48,2.0,2.0,2.0,8.25,2.5,59.24,42,2,42.0,1,train
44b6bbfea26596437062a38c8e6bcec1,222,2,346.87,3.0,2.0,2.0,69.495,8.0,173.435,6,2,6.0,1,train
44ed2c2de63bfe22f6596547584d7372,106,2,145.31,2.0,2.0,2.0,25.655,5.0,72.655,19,2,19.0,1,train
455c17b35969ca198c17f2fc9e8eba1b,108,2,446.38,4.0,2.0,2.0,38.19,2.0,223.19,188,2,188.0,0,train
459759c02362af7a218dd2fe035b3c07,137,2,781.19,4.0,3.0,3.0,64.145,10.0,390.595,0,1,0.0,1,train
45df9d71b80f651fcfd26763eebd027a,30,2,204.0,2.0,2.0,2.0,17.1,1.0,102.0,0,1,0.0,1,train
4666e7be827bb14bf746a56f740e62c5,224,2,152.32999999999998,2.0,2.0,2.0,15.175,6.0,76.16499999999999,0,1,0.0,1,train
46958f708ade6b6a88b2e5aca1e66de5,123,3,156.03,3.0,3.0,3.0,16.11,1.0,52.01,0,1,0.0,1,train
4702945c3b363dd3a5d1cbe913cc95d2,81,2,105.99,3.0,3.0,2.0,22.645,1.0,52.995,0,1,0.0,1,train
4754e3b66497719a91b36268ed9c5718,23,2,881.11,2.0,2.0,2.0,29.43,1.0,440.555,0,1,0.0,1,train
4757b4d81eaab4d270e585126410dc5c,244,2,91.72,2.0,2.0,2.0,10.96,2.0,45.86,23,2,23.0,1,train
475cab480951109dec3ad6f770167fa5,153,2,170.89999999999998,2.0,2.0,2.0,10.805,2.5,85.44999999999999,28,2,28.0,1,train
477f7f182e8da105ba6713c0d5a24f15,312,2,271.11,2.0,2.0,2.0,15.625,6.5,135.555,0,1,0.0,1,train
479085be6190cd4a8e610b4fcce5f29c,163,2,186.14000000000001,2.0,2.0,2.0,14.37,2.5,93.07000000000001,0,1,0.0,1,train
47a71b49f98984efd3c62cb213f977e8,56,2,146.68,2.0,2.0,2.0,13.44,1.0,73.34,10,2,10.0,1,train
47c1a3033b8b77b3ab6e109eb4d5fdf3,34,5,883.49,6.0,6.0,5.0,19.778,1.0,176.698,111,4,27.75,0,train
487b72af97cd4e1dcdfae25627f3ea8a,23,2,703.38,2.0,2.0,2.0,11.79,1.0,351.69,14,2,14.0,1,train
4897a3c64a635a703a71dd2d9189bffa,93,2,419.47,2.0,2.0,2.0,16.330000000000002,3.5,209.735,167,2,167.0,1,train
48fd7dec70f2b104a1d5e8c5c639102b,120,2,166.29000000000002,3.0,2.0,2.0,24.285,7.0,83.14500000000001,124,2,124.0,1,train
4962136f755981b83b03f476e66eea7d,50,2,208.02,4.0,2.0,2.0,31.46,4.5,104.01,398,2,398.0,1,train
49afeec74ee36fc6e5582ccd16111a14,44,2,395.83,2.0,2.0,2.0,16.465,2.0,197.915,0,1,0.0,1,train
49bf911a5666e781425b4fe91495454d,27,2,317.71000000000004,2.0,2.0,2.0,31.355,3.0,158.85500000000002,0,1,0.0,1,train
49cee01774f85ef576192e1038cf9cc6,117,2,225.51,3.0,2.0,2.0,24.255000000000003,4.0,112.755,32,2,32.0,1,train
49d1599dd80dedc213037342bbe43fd7,14,2,118.57,3.0,2.0,2.0,18.99,4.5,59.285,197,2,197.0,1,train
49d602890c664bcee124fa70e94d9fb1,17,2,73.06,3.0,2.0,2.0,13.23,1.0,36.53,88,2,88.0,1,train
49e6749fd8bf4a9218457eb19a92e200,26,2,497.84000000000003,2.0,2.0,2.0,39.475,2.0,248.92000000000002,232,2,232.0,1,train
4a2ef0b951aa7bdda04470d961d5e755,84,2,170.69,2.0,2.0,2.0,29.66,6.5,85.345,0,1,0.0,1,train
4b384b778ebc0449d0244902bfce7beb,42,2,187.4,2.0,2.0,2.0,25.049999999999997,4.0,93.7,149,2,149.0,1,train
4b979b432abe14a88cd0cde893952677,88,2,293.36,4.0,2.0,2.0,26.88,1.0,146.68,29,2,29.0,1,train
4bbaf6f7a10a7e26a8777aa5cb6d5864,47,2,504.9,6.0,3.0,3.0,59.57,3.5,252.45,281,2,281.0,0,train
4bbba2a307995c25e9d635cc1a9700d0,35,2,346.62,2.0,2.0,2.0,20.86,17.0,173.31,0,1,0.0,1,train
4bf3d072dcf303280e82dc697b516c6f,17,2,115.7,2.0,2.0,2.0,9.605,1.0,57.85,6,2,6.0,1,train
4c112bdeac93a04155c340b65b35c232,208,2,87.8,3.0,2.0,2.0,17.775,3.0,43.9,7,2,7.0,1,train
4c116f8ddec984371284ab7bc860001a,159,2,70.18,2.0,2.0,2.0,15.1,1.0,35.09,26,2,26.0,1,train
4c3d123168c78dcca6cde5a7274430a5,202,2,40.56,2.0,2.0,2.0,7.78,1.0,20.28,28,2,28.0,1,train
4c45ebf94ecf4107850d91bc326851c3,118,2,529.56,2.0,2.0,2.0,35.28,10.0,264.78,0,1,0.0,1,train
4c5ae17e8984ca0916543b159eac0f2c,133,2,577.96,3.0,3.0,2.0,23.979999999999997,8.0,288.98,4,2,4.0,1,train
4c93744516667ad3b8f1fb645a3116a4,77,2,565.88,2.0,2.0,2.0,29.68,1.0,282.94,30,2,30.0,1,train
4ced1b9f8668a9792e5484da6d97b229,74,2,59.4,2.0,2.0,2.0,14.1,1.0,29.7,0,2,0.0,1,train
4d98a16aebfef3772cc4d547bcae8761,44,2,382.59000000000003,3.0,2.0,2.0,23.294999999999998,5.0,191.29500000000002,23,2,23.0,1,train
4df9aee56fa602c72756abb22ee60b17,20,2,291.54,4.0,2.0,2.0,26.869999999999997,2.0,145.77,28,2,28.0,1,train
4e1cce07cd5937c69dacac3c8b13d965,36,2,1230.6100000000001,2.0,2.0,2.0,29.505,6.5,615.3050000000001,0,1,0.0,1,train
4e39429218dac10ad4e57dafee3d92d4,36,2,190.24,2.0,2.0,2.0,15.175,5.5,95.12,173,2,173.0,1,train
4e3b6c25502ef69e5c5e54616bf67ed7,297,2,110.88,3.0,3.0,2.0,16.439999999999998,5.0,55.44,0,1,0.0,1,train
4e4b787733d41ea0cb9b69a192bb285e,29,2,417.02,2.0,2.0,2.0,18.61,2.0,208.51,5,2,5.0,1,train
4e65032f1f574189fb793bac5a867bbc,168,4,438.75,5.0,4.0,4.0,19.345,4.75,109.6875,111,4,37.0,1,train
4e78d9253ba5cc1d990eb09ea45a3a2c,283,2,82.0,2.0,2.0,2.0,16.15,3.5,41.0,0,1,0.0,1,train
4eda116add853323e439c104b7d0824c,38,2,135.78,2.0,2.0,2.0,13.44,5.5,67.89,22,2,22.0,1,train
4ef6c02126b21225e011b242f9f79c6f,18,2,528.29,2.0,2.0,2.0,56.645,1.5,264.145,206,2,206.0,1,train
4f011f45db425dcd3be79d4c11e9ad05,203,2,218.0,2.0,2.0,2.0,16.505000000000003,6.5,109.0,112,2,112.0,1,train
4f2029f4e7aea8455f5c1cb9de0b7ccd,101,2,491.63,2.0,2.0,2.0,21.365,7.0,245.815,47,2,47.0,1,train
4f88e6285f805c9a823ba23291a65ca3,36,2,133.31,2.0,2.0,2.0,14.205,2.5,66.655,12,2,12.0,1,train
4fe67915d44791a5deab2957c2641048,302,2,40.47,2.0,2.0,2.0,9.84,1.0,20.235,0,1,0.0,1,train
4ffd7cf05f22d7a320750a2f9e73f665,60,2,276.23,2.0,2.0,2.0,15.114999999999998,5.5,138.115,55,2,55.0,1,train
5036f4227f2e546879f581d8fd3e6ec6,155,2,173.79999999999998,3.0,3.0,3.0,18.96,4.5,86.89999999999999,0,1,0.0,1,train
507dc9becd4fc65635d90682dfa9d3a3,37,2,204.46,2.0,2.0,2.0,18.83,6.0,102.23,83,2,83.0,1,train
50a662e7d7e7e2a94112a4f15a37464e,187,2,448.38,2.0,2.0,2.0,24.240000000000002,2.0,224.19,4,2,4.0,1,train
50ad9fb3ba7f8cf336529fe94a182996,91,2,391.16999999999996,3.0,2.0,2.0,35.735,8.0,195.58499999999998,147,2,147.0,1,train
50cd97d731f3f5e3f321673c2671a23d,12,3,416.39,3.0,3.0,3.0,15.53,2.6666666666666665,138.79666666666665,96,2,48.0,1,train
5126071e8e67f61789f6ce9f3af56143,11,2,450.22,2.0,2.0,2.0,13.61,10.0,225.11,0,1,0.0,1,train
51378a8908cdc12c6545fdf842383c97,289,2,922.19,2.0,2.0,2.0,21.645,3.5,461.095,12,2,12.0,1,train
518199e5f36305bffce18e38aa2642aa,86,2,148.06,2.0,2.0,2.0,14.13,3.0,74.03,0,1,0.0,1,train
51838d41add414a0b1b989b7d251d9ee,210,3,310.86,3.0,3.0,3.0,12.086666666666666,1.0,103.62,82,2,41.0,1,train
51c2f039f08424330a6bbba4c9949d98,189,2,312.02,2.0,2.0,2.0,16.064999999999998,8.0,156.01,0,1,0.0,1,train
51d121ddc025c1b70f8f62a1b727aecf,123,2,391.23,6.0,3.0,2.0,103.215,8.0,195.615,85,2,85.0,1,train
51d91326ffc0688da14a001de38c264b,127,3,735.72,3.0,3.0,3.0,36.91,5.333333333333333,245.24,10,2,5.0,1,train
51dc56123336c573f2977f5da81b17b9,94,2,769.24,2.0,2.0,2.0,34.72,10.5,384.62,153,2,153.0,1,train
523730e4b2ef7654c243699b81763112,238,2,229.83,2.0,2.0,2.0,22.515,1.0,114.915,102,2,102.0,1,train
52597838f6c178b19b961b068d048c71,123,2,425.54,4.0,2.0,2.0,30.77,1.0,212.77,98,2,98.0,1,train
526126c9f6a2a58d226b574d4d6c2278,311,2,578.75,4.0,2.0,2.0,90.03,10.0,289.375,0,1,0.0,1,train
5275b2f97b9c995d3d05a58610c0bb67,28,2,237.94,2.0,2.0,2.0,19.27,1.0,118.97,6,2,6.0,1,train
5277f2c18bae9ff7f93aa8118ace6e03,38,2,270.57,5.0,2.0,2.0,40.31,1.0,135.285,0,1,0.0,1,train
528553785a32652e5b1f5dc33899f754,20,2,256.04,2.0,2.0,2.0,18.02,1.5,128.02,47,2,47.0,1,train
52e05f52b2ccd1945aafaae6ceff7ba1,37,2,242.70000000000002,2.0,2.0,2.0,12.405000000000001,5.5,121.35000000000001,32,2,32.0,1,train
53b30ca78efb2b7efcd3f9e461587eb2,114,2,300.46999999999997,3.0,3.0,2.0,26.735,2.0,150.23499999999999,21,2,21.0,1,train
53beace9d0aa08b64d759d5f5a66550c,26,2,290.53999999999996,2.0,2.0,2.0,10.73,2.0,145.26999999999998,238,2,238.0,1,train
53c84ac43bbfafb7a6b5d9076ab423c7,130,2,144.6,2.0,2.0,2.0,16.93,1.0,72.3,0,1,0.0,1,train
53f34954c078f5034197993c0e109b95,244,2,158.19,3.0,2.0,2.0,31.200000000000003,7.5,79.095,0,1,0.0,1,train
5416f8ad5bc33953624084ebc8738307,37,2,402.74,2.0,2.0,2.0,21.92,2.5,201.37,46,2,46.0,1,train
544bd839b4e7f92a077c7bf2410f8b02,132,2,188.3,2.0,2.0,2.0,22.705,6.5,94.15,116,2,116.0,1,train
5461338ea772177374bcf3f23665178f,69,2,278.38,5.0,5.0,4.0,24.395,1.0,139.19,73,2,73.0,1,train
54b716ecf36f372ca6a585a68025e8a1,270,2,269.18,3.0,2.0,2.0,16.74,11.0,134.59,0,1,0.0,1,train
54c7b4f48fb9e911bf328bf9884ca61d,152,2,184.74,2.0,2.0,2.0,42.38,1.0,92.37,50,2,50.0,1,train
552fc05a13d28356a38e8b13f64cbe4f,62,2,180.31,2.0,2.0,2.0,17.755,8.5,90.155,48,2,48.0,1,train
565448508b44312e8489ca1bc1f5d09e,255,2,210.16,2.0,2.0,2.0,20.08,6.0,105.08,0,1,0.0,1,train
56b088f218c6c02cd6e86bb9814271cb,123,2,159.08,3.0,2.0,2.0,29.6,4.5,79.54,0,1,0.0,1,train
57017bffe1b59c7da66267b6d3fcd44d,81,2,196.36,2.0,2.0,2.0,16.28,2.0,98.18,183,2,183.0,1,train
570eb70ff97166b85ea96be3bfb65fef,52,2,224.57999999999998,6.0,5.0,2.0,45.805,1.0,112.28999999999999,15,2,15.0,1,train
5735fac0e3e12fee0b0545828a977acd,184,2,380.76,2.0,2.0,2.0,46.595,5.5,190.38,129,2,129.0,1,train
578035514ad8238fa724f24b4aabc1df,162,2,154.7,2.0,2.0,2.0,14.85,1.0,77.35,0,1,0.0,1,train
57b5d9f9fa4f1ff41befbfbf0fcbc3ca,65,2,234.07000000000002,2.0,2.0,2.0,17.54,4.0,117.03500000000001,142,2,142.0,1,train
58075e17e770fc08571c3e0f452f6a11,179,2,227.26999999999998,3.0,2.0,2.0,25.015,4.5,113.63499999999999,16,2,16.0,1,train
582183483d33018384b309d31c45f353,252,2,216.82999999999998,2.0,2.0,2.0,15.754999999999999,1.0,108.41499999999999,0,2,0.0,1,train
582413ee5c9cf48218666c6fd967a221,20,2,149.47,2.0,2.0,2.0,14.235,1.0,74.735,0,1,0.0,1,train
58498d9dec038f925f6406ebdfdc36bb,45,2,419.17,2.0,2.0,2.0,16.85,3.5,209.585,190,2,190.0,1,train
585ba6a115792c0b0483d65e5ab1f4b6,23,2,101.69,2.0,2.0,2.0,15.350000000000001,1.0,50.845,2,2,2.0,1,train
58812bfc80ed972fa2e7f3614c0cd22e,195,2,111.56,2.0,2.0,2.0,15.79,2.0,55.78,0,1,0.0,1,train
589211c7448e6c3b58b0ba98ce089ee7,3,2,122.57,2.0,2.0,2.0,18.295,5.5,61.285,2,2,2.0,1,train
5908f8630bbd5a8d5984b25f85588168,124,2,291.32,2.0,2.0,2.0,15.66,5.5,145.66,71,2,71.0,1,train
59268ee5dc0cd98a36ea808010826cc8,12,2,181.5,3.0,3.0,3.0,11.755,1.0,90.75,3,2,3.0,1,train
593cb774409e5239a1946d1c88e0813d,179,3,265.5,7.0,5.0,3.0,35.233333333333334,5.333333333333333,88.5,59,3,29.5,1,train
59bba92de9b8f6be0808e4d9d64b4b43,190,2,213.15,2.0,2.0,2.0,16.63,2.5,106.575,0,1,0.0,1,train
59d66d72939bc9497e19d89c61a96d5f,143,2,3559.9900000000002,2.0,2.0,2.0,50.495000000000005,10.0,1779.9950000000001,161,2,161.0,1,train
5a21363c92f912e70cb482c96bc03af3,203,2,246.57,2.0,2.0,2.0,15.66,6.0,123.285,3,2,3.0,1,train
5a2e847dd085d36e3ba8916b75e794ed,238,2,237.86,2.0,2.0,2.0,19.93,8.0,118.93,0,1,0.0,1,train
5a85f706b2059c3cd55287e105d8d5ea,34,2,464.01,4.0,3.0,3.0,41.705,1.0,232.005,0,1,0.0,1,train
5ad31e19d737a51f803e6986bbd119ff,173,2,451.34,2.0,2.0,2.0,26.67,4.0,225.67,0,1,0.0,1,train
5ad96d7a95788923e8ff455366a90015,197,2,626.1800000000001,2.0,2.0,2.0,19.59,5.5,313.09000000000003,78,2,78.0,1,train
5af103d3f12fd83434cb97578a1e8d49,302,2,278.93,2.0,2.0,2.0,37.82,3.0,139.465,0,1,0.0,1,train
5b07d855f3356e33b1434dfb5a035cd7,126,2,307.8,2.0,2.0,2.0,14.0,1.0,153.9,30,2,30.0,1,train
5b09c620db60411b0be6f1817c6cbe71,131,2,123.31,2.0,2.0,2.0,16.11,2.0,61.655,0,1,0.0,0,train
5b1ae94194ff6e974356063557746e47,225,2,185.87,3.0,2.0,2.0,26.185000000000002,1.0,92.935,31,2,31.0,1,train
5b2c2b2a8d9e890debe309928d321f20,188,2,179.49,2.0,2.0,2.0,14.844999999999999,3.0,89.745,0,1,0.0,1,train
5b3186d7cf904f2f9369aec26faba4d2,37,3,418.21000000000004,3.0,3.0,3.0,16.47,6.0,139.40333333333334,64,2,32.0,1,train
5b52858bcdab75cfc4593b13ea32db62,163,2,92.5,2.0,2.0,2.0,8.25,1.0,46.25,0,1,0.0,1,train
5b65c2693d8103d23aa910cd33d68daa,61,2,420.5,5.0,3.0,2.0,21.065,1.0,210.25,0,1,0.0,1,train
5b71ca52f13f79c2be72b2aad8755c0a,149,2,199.39999999999998,2.0,2.0,2.0,8.71,3.0,99.69999999999999,5,2,5.0,1,train
5b8a75e77489899ad9e6d57273aafd7f,166,2,432.93,3.0,2.0,2.0,22.465,6.0,216.465,0,1,0.0,1,train
5bc94b60050224af3dfdd2377c7e93e6,334,2,231.19,2.0,2.0,2.0,18.73,8.0,115.595,0,1,0.0,1,train
5c117c579cb98a9c6c50e1301a349f3a,212,2,153.76,2.0,2.0,2.0,16.89,6.5,76.88,0,1,0.0,1,train
5c4b7aa014e584d78525c38717510f01,235,2,433.44,3.0,2.0,2.0,25.32,10.0,216.72,0,1,0.0,1,train
5c8b41ba21631ca0432de4a10a56fcf1,265,2,254.84,2.0,2.0,2.0,11.42,1.0,127.42,21,2,21.0,1,train
5cb8c9998e51269d6c8c983def687414,11,2,275.81,2.0,2.0,2.0,18.455,2.0,137.905,93,2,93.0,1,train
5cfc9643603c095fd7ed86a50fa17887,32,2,194.99,3.0,2.0,2.0,16.38,1.0,97.495,0,1,0.0,1,train
5dcc06236098340b984e6865ba850593,278,2,84.42,2.0,2.0,2.0,10.96,1.0,42.21,0,1,0.0,1,train
5e24610c5a55f0b6ffdaf9e846d02362,137,2,244.21999999999997,2.0,2.0,2.0,25.71,2.5,122.10999999999999,10,2,10.0,1,train
5e3e9e897d07a80fc2af58088a84812a,58,2,91.35,2.0,2.0,2.0,13.475,3.5,45.675,47,2,47.0,1,train
5e492797fbeb54fb3e96629a55cdd480,208,2,148.41,2.0,2.0,2.0,15.205,1.0,74.205,0,1,0.0,1,train
5e85d75d3e3df197f08b89a2cbaad54b,296,2,201.22,2.0,2.0,2.0,20.71,2.0,100.61,0,1,0.0,1,train
5e8f38a9a1c023f3db718edcf926a2db,93,3,823.72,3.0,3.0,3.0,18.606666666666666,5.666666666666667,274.5733333333333,38,3,19.0,0,train
5ec4c90f549177a8cbbbc7419353e66a,150,2,322.01,2.0,2.0,2.0,11.555,7.5,161.005,138,2,138.0,1,train
5ed4db82a99daa916b5a11e6c48df670,291,2,297.69,2.0,2.0,2.0,19.9,8.0,148.845,0,1,0.0,1,train
5edb5e94dde197f8fd914eec2975b891,221,2,49.36,2.0,2.0,2.0,7.78,1.0,24.68,3,2,3.0,1,train
5ee1a7e84a17bcddc784977557a7a186,88,2,192.69,2.0,2.0,2.0,16.994999999999997,2.0,96.345,0,1,0.0,1,train
5efcc46e1fee22373a28eb2b0f26a6fc,229,2,150.78,2.0,2.0,2.0,16.49,1.0,75.39,0,1,0.0,1,train
5f2a213343d506264f78cb82dd914434,206,2,430.13,2.0,2.0,2.0,17.615,2.0,215.065,113,2,113.0,1,train
5f45aa4ef9b8fb99b95d33a970bb64a7,104,2,117.56,2.0,2.0,2.0,11.93,1.0,58.78,46,2,46.0,0,train
5f66ee1b2e030748fdb83ab9b01a7064,102,2,243.85999999999999,2.0,2.0,2.0,19.585,2.0,121.92999999999999,69,2,69.0,1,train
5f7f2f316d856064acee6f1db7c9f63f,126,2,249.04000000000002,2.0,2.0,2.0,14.52,1.0,124.52000000000001,0,1,0.0,1,train
5fb5bf48cd408d971f873069e5178898,68,2,237.71,2.0,2.0,2.0,13.86,1.5,118.855,170,2,170.0,1,train
5fd82666f1e64606820d24e3fbb5d160,51,2,176.16,2.0,2.0,2.0,13.08,1.0,88.08,0,1,0.0,1,train
5ffbc70da7ad1808b6899421caa84fbe,244,2,77.06,2.0,2.0,2.0,24.55,3.5,38.53,0,1,0.0,1,train
601bf929b8d0a8feecab068a2110ae1f,14,2,168.95,2.0,2.0,2.0,25.025000000000002,1.0,84.475,0,1,0.0,1,train
606441378b517f9eeb89f9154a1c4d4f,204,2,207.61,2.0,2.0,2.0,16.86,9.0,103.805,0,1,0.0,1,train
608646d3514cc48a27d666e313cfe0cc,170,2,469.37,2.0,2.0,2.0,17.685000000000002,1.0,234.685,0,1,0.0,1,train
609adc68db390a15fd21648c496f50b7,294,2,213.01,2.0,2.0,2.0,16.605,1.0,106.505,0,1,0.0,1,train
609b7feab0f0c9726929ec4891447b02,2,2,212.65,2.0,2.0,2.0,31.380000000000003,1.5,106.325,163,2,163.0,1,train
615922c430abddd368735199c38e735d,77,3,383.99,4.0,4.0,3.0,23.763333333333335,4.333333333333333,127.99666666666667,173,3,86.5,1,train
61b6a01709e3d754942803765b85eea6,136,2,257.8,2.0,2.0,2.0,20.0,1.0,128.9,0,1,0.0,1,train
6204c4e582a95b6a350adf6988623bfb,74,2,212.04,4.0,3.0,2.0,31.035,5.5,106.02,30,2,30.0,0,train
6222ef69df52b4ed71be551725551cc0,360,3,56.86,3.0,3.0,3.0,8.72,1.0,18.953333333333333,0,1,0.0,1,train
6292600f71fe592f716a3e542f184d18,143,2,109.4,2.0,2.0,2.0,15.1,1.0,54.7,0,1,0.0,1,train
62a25a159f9fd2ab7c882d9407f49aa9,24,2,395.55,2.0,2.0,2.0,15.325,2.0,197.775,100,2,100.0,1,train
630331e73a79ae9a2ba821bd326ea298,179,2,233.07,5.0,5.0,3.0,37.76,8.0,116.535,0,1,0.0,1,train
636f22218f8430a8463c5ddc5f68fc62,175,2,204.36,2.0,2.0,2.0,12.235,5.5,102.18,40,2,40.0,1,train
63cfc61cee11cbe306bff5857d00bfe4,75,4,620.98,7.0,4.0,4.0,44.5175,7.25,155.245,159,4,53.0,0,train
63df651d5e8adb6a0e4baeb66a0eea37,121,2,337.22,3.0,2.0,2.0,19.865,5.5,168.61,0,1,0.0,1,train
640e0d867e85601bd8e64029df6034b5,25,2,98.63,2.0,2.0,2.0,9.815,1.0,49.315,0,1,0.0,1,train
641584b3ec3027aaf8fa9c088f1a1a00,56,2,61.730000000000004,2.0,2.0,2.0,14.675,1.0,30.865000000000002,130,2,130.0,1,train
6419a1be8feac26ec793667b71cbaeb4,5,3,841.98,5.0,3.0,3.0,44.126666666666665,7.333333333333333,280.66,204,3,102.0,1,train
6457b2cb5462c1217e8e6d36b0ff39d2,43,2,171.0,5.0,5.0,2.0,27.35,2.0,85.5,0,1,0.0,1,train
6469f99c1f9dfae7733b25662e7f1782,6,5,579.9,6.0,5.0,5.0,13.080000000000002,3.0,115.97999999999999,97,4,24.25,0,train
64a5301ff6bdaf1baa00058672402d7a,149,2,160.20999999999998,2.0,2.0,2.0,15.205,7.5,80.10499999999999,0,1,0.0,1,train
64e9a736591627c469dae6f3d1592a61,206,2,603.16,2.0,2.0,2.0,27.825,10.0,301.58,0,1,0.0,1,train
64fbafb2935c7a2588d6a26a9d750487,338,2,674.64,3.0,3.0,3.0,18.0,8.0,337.32,0,1,0.0,1,train
65663adf8c7a498b79e57ff84ab2b654,37,2,200.07,2.0,2.0,2.0,14.665,1.0,100.035,215,2,215.0,1,train
6576977872dd65f5b680e944afe3a724,114,2,188.78,3.0,3.0,2.0,34.445,7.0,94.39,0,1,0.0,1,train
657dec397f46d84dbe64df2b0389b3cc,11,2,193.19,2.0,2.0,2.0,15.82,1.0,96.595,49,2,49.0,1,train
65ab3020e6a929e4e9a4b61e643da832,168,2,159.49,2.0,2.0,2.0,19.295,6.0,79.745,179,2,179.0,1,train
65d7c0904b51f5b432e71a14b25121dc,53,2,108.26,2.0,2.0,2.0,12.64,2.0,54.13,0,1,0.0,1,train
65e2735427dedd6a787e5b065b3cc41e,40,2,145.46,2.0,2.0,2.0,11.24,2.0,72.73,54,2,54.0,1,train
664fe7916cb8709c6b848383c6361dcc,67,2,409.33000000000004,2.0,2.0,2.0,15.215,3.5,204.66500000000002,222,2,222.0,1,train
6668e1ae499e2e9be475b7f708580232,203,3,281.18,3.0,3.0,3.0,28.129999999999995,1.3333333333333333,93.72666666666667,20,2,10.0,1,train
668ddbdd3ee99d4339eadfef21531d45,155,2,222.83999999999997,2.0,2.0,2.0,33.425000000000004,8.5,111.41999999999999,0,1,0.0,1,train
67466b5877fad6f2279c1fb634c9aa5c,113,3,636.53,3.0,3.0,3.0,15.61,1.0,212.17666666666665,82,3,41.0,1,train
67626c49069bdf05ff127d59a6649948,22,2,86.18,2.0,2.0,2.0,15.1,1.0,43.09,0,1,0.0,1,train
67fcfe4915b93624867d350b8191ff7b,189,2,106.24,2.0,2.0,2.0,25.63,4.5,53.12,0,1,0.0,1,train
6814507660c72078cbada9b3660683dd,157,2,105.65,3.0,3.0,2.0,17.775,5.0,52.825,0,1,0.0,1,train
6856178ce177496369e3a83fd143e621,36,2,134.66,2.0,2.0,2.0,14.335,1.0,67.33,236,2,236.0,1,train
6894b2a8a74e1c7fb9452d0cb861e634,14,2,162.73,2.0,2.0,2.0,39.215,7.0,81.365,0,1,0.0,1,train
68ab9bfe2388b0b36614c7000b8b1cf8,38,2,81.56,2.0,2.0,2.0,15.79,1.0,40.78,0,1,0.0,1,train
692074726678229d1fe1887a9f0abb14,37,2,310.81,4.0,4.0,2.0,25.604999999999997,1.0,155.405,0,1,0.0,1,train
693b3203dcd4cef5288c5fd8d53f0efe,100,2,81.34,2.0,2.0,2.0,12.27,1.0,40.67,0,1,0.0,1,train
6940e424e41600ef36c79b6d8b4a2ecd,125,2,82.45,2.0,2.0,2.0,7.78,3.0,41.225,14,2,14.0,1,train
699003f10173022740145aa4aaeaccd5,36,2,511.21999999999997,2.0,2.0,2.0,21.16,6.0,255.60999999999999,0,1,0.0,1,train
69e333213f390c27d001d415de206697,83,2,109.23,2.0,2.0,2.0,15.169999999999998,1.0,54.615,0,1,0.0,1,train
6a56e8e6c20175d122a962a5e5dfcf5e,118,2,303.93,2.0,2.0,2.0,37.019999999999996,1.0,151.965,0,1,0.0,1,train
6a5b2a807a2aca962c4badc649cb40b2,327,2,142.04,2.0,2.0,2.0,11.03,7.0,71.02,0,1,0.0,1,train
6a64e2cf94a5779760698c1e25a2852a,96,2,113.49000000000001,2.0,2.0,2.0,9.755,1.0,56.745000000000005,0,1,0.0,1,train
6a80a86f478a93a5f4c7ba8db6441a6b,158,3,342.75,4.0,4.0,4.0,22.786666666666665,3.0,114.25,0,1,0.0,1,train
6abc999251612920bec93b3be616fa1d,202,2,139.07,2.0,2.0,2.0,10.535,1.0,69.535,35,2,35.0,1,train
6b1b676621a55a12546f8eeeaa12d4a7,58,2,324.8,4.0,2.0,2.0,24.4,1.0,162.4,44,2,44.0,1,train
6bb535b0906b43e0041916897667aeed,105,3,1195.23,5.0,3.0,3.0,78.25,8.666666666666666,398.41,100,2,50.0,1,train
6be28ae15cd1e7b3f3f36ac483512822,37,2,500.41999999999996,4.0,4.0,3.0,36.865,8.0,250.20999999999998,0,1,0.0,1,train
6c2f6983a60ac0dc8a9ee65579959538,75,2,251.49,2.0,2.0,2.0,12.295,1.5,125.745,18,2,18.0,1,train
6c45a9350eb05fba53a297c2491a32c5,239,2,150.92,2.0,2.0,2.0,15.56,1.5,75.46,0,1,0.0,1,train
6c70bee45f245a4ebeddb2ece21b567d,181,2,586.37,2.0,2.0,2.0,22.185000000000002,10.0,293.185,60,2,60.0,1,train
6c722fdc0ca8a586dcfa980f2f1278eb,121,2,238.04,3.0,3.0,3.0,24.285,5.0,119.02,47,2,47.0,1,train
6d3d5771a12f5e7d00729f940bb28fd2,158,2,347.78000000000003,8.0,3.0,3.0,76.08500000000001,1.0,173.89000000000001,33,2,33.0,1,train
6d97028799b1d0a91160e11d45cfeb7b,217,2,134.7,2.0,2.0,2.0,15.37,4.5,67.35,42,2,42.0,1,train
6d983c87bdeb0ca15734c8bdaa79a2ea,44,2,348.03,3.0,3.0,3.0,30.115,1.0,174.015,0,1,0.0,1,train
6e0d94e83bae00a64c12c9497158ee1c,98,2,80.4,2.0,2.0,2.0,15.1,1.0,40.2,51,2,51.0,1,train
6e1512c1c3221bd24fa4848202727ab3,21,2,194.54,2.0,2.0,2.0,17.325,1.0,97.27,166,2,166.0,1,train
6e1550b8966f327f29bc06b18972dbec,215,2,1039.8799999999999,2.0,2.0,2.0,50.005,5.5,519.9399999999999,10,2,10.0,1,train
6e968652933d10e7a77047574d87e54a,203,2,154.77,2.0,2.0,2.0,27.715000000000003,7.5,77.385,0,1,0.0,1,train
6ee2f345f4f2fbd1cafb6447a6b37642,206,2,387.59000000000003,2.0,2.0,2.0,18.845,9.0,193.79500000000002,7,2,7.0,1,train
6eefa309faab7725bf4b9dce147e4ae6,14,2,56.75,2.0,2.0,2.0,13.475,2.5,28.375,137,2,137.0,0,train
6f22857001b77949eb8110295fced3ff,41,2,109.24,2.0,2.0,2.0,8.72,1.0,54.62,34,2,34.0,1,train
6f302f15a62c56b3100b67a81bfef328,13,2,735.39,3.0,2.0,2.0,53.095,6.5,367.695,153,2,153.0,1,train
6f64406ed5cfa4a2d9bd35e91bfd6587,20,2,201.16,2.0,2.0,2.0,14.629999999999999,2.0,100.58,0,1,0.0,0,train
6faa792efdf7c9c6eb7cfdf68aa5e581,83,2,296.43,2.0,2.0,2.0,28.72,1.0,148.215,208,2,208.0,1,train
6fc92189a4d83f8f8eb046b050ce8687,176,2,308.49,2.0,2.0,2.0,21.97,8.5,154.245,0,1,0.0,1,train
7063b55fee699193fd5e44253a7e4a98,226,2,789.24,3.0,3.0,2.0,21.12,5.0,394.62,0,1,0.0,1,train
706cdc310c7f626d1d2bc95c396202e5,110,2,163.32,2.0,2.0,2.0,15.265,1.0,81.66,0,1,0.0,1,train
70755e5b9df5988f592f3dec6279f1be,100,2,144.46,2.0,2.0,2.0,15.24,5.0,72.23,0,1,0.0,1,train
70f0fca2435f0fa72fe85699630791fc,325,2,381.39,3.0,2.0,2.0,32.695,8.0,190.695,0,1,0.0,1,train
70ffda7e4167ce87ac620ab2c572ac4f,100,2,118.36000000000001,3.0,2.0,2.0,21.445,5.5,59.18000000000001,0,1,0.0,1,train
712c4abfd9b054e7872aad2021a4aee3,44,2,446.28,2.0,2.0,2.0,14.14,1.0,223.14,11,2,11.0,1,train
718d5855edf637b8e2f213db87dab93d,76,2,79.09,2.0,2.0,2.0,14.1,1.0,39.545,144,2,144.0,1,train
71b14aca95bfbedbc5746d2c0a92d8e2,39,2,383.36,2.0,2.0,2.0,21.68,3.0,191.68,2,2,2.0,1,train
71d2dbb6d2f52d568ca9d69c815a4331,197,2,386.59000000000003,2.0,2.0,2.0,9.344999999999999,8.5,193.29500000000002,80,2,80.0,1,train
71df425cb9aec3337bc969df451d663a,93,2,861.81,3.0,2.0,2.0,56.05499999999999,5.0,430.905,7,2,7.0,1,train
71f5d6c0cf885d0b2b52836a4c469bc3,264,2,81.9,2.0,2.0,2.0,10.96,1.0,40.95,18,2,18.0,1,train
72061fff095d8325b311ea24e2f4a2b5,19,2,699.8000000000001,8.0,7.0,2.0,65.03,5.0,349.90000000000003,7,2,7.0,1,train
7263bdaf8bd8ca9e023f521f8ae50970,293,2,180.37,3.0,2.0,2.0,31.285,2.0,90.185,0,1,0.0,1,train
728e4a7d0db4845270091ded0923c71f,360,3,46.86,3.0,3.0,3.0,8.72,1.0,15.62,0,1,0.0,1,train
729089b44985b34915decf7117d8fc2c,32,2,103.38,2.0,2.0,2.0,12.69,1.0,51.69,5,2,5.0,1,train
72e79d08a90aa4e10f7e5aa76e65b258,56,2,172.3,2.0,2.0,2.0,16.25,2.0,86.15,0,1,0.0,1,train
7305430719d715992b00be82af4a6aa8,38,2,281.88,2.0,2.0,2.0,18.689999999999998,3.5,140.94,134,2,134.0,0,train
730e4b7ede33b484516435d39ab4dc49,207,2,413.97,2.0,2.0,2.0,36.995000000000005,2.5,206.985,112,2,112.0,1,train
731ea3afd190908a9cbed04f42aa51e2,34,2,306.69,3.0,3.0,2.0,18.495,7.0,153.345,0,1,0.0,1,train
73601b1eec55943e90ce8d61253d5c09,60,2,2068.68,2.0,2.0,2.0,29.35,1.0,1034.34,35,2,35.0,1,train
7379b57a7a2b9aa2741a1c564138b99a,25,2,207.99,3.0,3.0,2.0,14.01,1.5,103.995,77,2,77.0,1,train
738ffcf1017b584e9d2684b36e07469c,60,2,401.06,3.0,3.0,2.0,61.58,9.0,200.53,18,2,18.0,0,train
7395a64f37a30f9827ca4d8292b484e8,117,2,153.37,2.0,2.0,2.0,14.24,1.0,76.685,76,2,76.0,1,train
73daba56d88fe2ed55fd098a179646d0,36,2,322.58000000000004,2.0,2.0,2.0,24.89,7.0,161.29000000000002,0,1,0.0,1,train
73de7b7b976fc6b75283b05f67fd6b5b,47,2,408.2,2.0,2.0,2.0,30.15,5.0,204.1,0,1,0.0,1,train
73fa628b0fc190639f48da2667eb1381,68,2,201.07999999999998,2.0,2.0,2.0,15.594999999999999,8.0,100.53999999999999,115,2,115.0,1,train
740b9a28b39035534bf3425b19016263,42,2,266.88,2.0,2.0,2.0,33.589999999999996,2.0,133.44,0,1,0.0,1,train
743b6b21edcc4f0a9be82e591187e0a8,58,2,131.29,2.0,2.0,2.0,13.195,1.0,65.645,0,1,0.0,1,train
7441ce776af8da3b9df3d3f3c1e13ab1,169,2,93.55,2.0,2.0,2.0,7.78,2.5,46.775,11,2,11.0,1,train
74cb1ad7e6d5674325c1f99b5ea30d82,125,3,221.36,3.0,3.0,3.0,26.786666666666665,4.0,73.78666666666668,0,1,0.0,0,train
754f0aa37a9a58685e42e70973bc511c,138,2,122.2,2.0,2.0,2.0,15.149999999999999,4.0,61.1,0,1,0.0,1,train
7588c20c457369de8caad958afc1cc06,105,2,172.14,2.0,2.0,2.0,23.17,2.0,86.07,233,2,233.0,0,train
75a398e43d9757a4f7d6f622aeb22c47,104,2,77.2,2.0,2.0,2.0,14.700000000000001,1.0,38.6,10,2,10.0,1,train
75b45ab225bf88fdd7f432507030a4b8,109,2,161.2,2.0,2.0,2.0,16.25,4.0,80.6,181,2,181.0,1,train
75e750a6279d55f7137bb9e9bb8662cf,31,2,138.8,2.0,2.0,2.0,15.95,2.5,69.4,66,2,66.0,1,train
75fe145e64986de933b893642277d8a9,294,2,210.29000000000002,2.0,2.0,2.0,17.200000000000003,3.0,105.14500000000001,0,1,0.0,1,train
75ff587e87e047a7e00f75bbcab17c00,60,2,284.8,2.0,2.0,2.0,22.950000000000003,3.0,142.4,270,2,270.0,1,train
76d1df67cfa34a2c4606537d54aea0f8,64,2,558.3399999999999,2.0,2.0,2.0,11.72,3.0,279.16999999999996,0,1,0.0,1,train
770c6c524fc389b4cab878d19703745d,143,2,521.07,2.0,2.0,2.0,16.535,3.0,260.535,0,1,0.0,1,train
771f344c1ac13d8ccdf2d14c48e2c6c3,165,2,93.55,2.0,2.0,2.0,11.875,1.0,46.775,166,2,166.0,1,train
77479db0fa60ddc453f3743abc02be23,215,2,131.18,2.0,2.0,2.0,20.14,1.0,65.59,114,2,114.0,1,train
7779fdf670bfe673e064b9aa5447674e,150,3,159.57,3.0,3.0,3.0,10.193333333333333,2.0,53.19,70,2,35.0,1,train
7784447c90f683e4775f7c1f02c04fbf,160,2,160.01999999999998,2.0,2.0,2.0,16.105,1.0,80.00999999999999,0,1,0.0,1,train
788a2f679187362222b67dfe89da6c1a,37,2,119.0,4.0,4.0,2.0,23.7,1.0,59.5,0,1,0.0,1,train
78c5f76b60a3a2588635aadc70e34df7,81,2,145.47,2.0,2.0,2.0,15.745000000000001,5.5,72.735,0,1,0.0,1,train
78d665ab97fb0bfd754a20a48476c4e7,178,2,677.83,2.0,2.0,2.0,39.919999999999995,7.0,338.915,0,1,0.0,1,train
78fb70b5aa609b4b55c6ef3d0cb51faf,33,2,63.629999999999995,2.0,2.0,2.0,8.415,1.0,31.814999999999998,125,2,125.0,1,train
78fcceb499ec9008fcecbaad21efefc6,106,2,222.26999999999998,2.0,2.0,2.0,15.235000000000001,1.0,111.13499999999999,17,2,17.0,1,train
793c14202ef7966472e9246fd83b0ae8,91,2,109.4,2.0,2.0,2.0,12.71,2.0,54.7,0,1,0.0,1,train
794307f7c4fd6c8325655fb3f7b89895,71,2,132.07999999999998,2.0,2.0,2.0,16.89,6.0,66.03999999999999,0,1,0.0,1,train
7973a6ba9c81ecaeb3d628c33c7c7c48,103,2,115.74000000000001,2.0,2.0,2.0,16.38,5.0,57.870000000000005,0,1,0.0,1,train
798c34ffa9047399853eab8ca7c0b9a0,27,2,1812.19,2.0,2.0,2.0,20.945,4.0,906.095,0,1,0.0,1,train
79b9e9b310f3094c2cad708eb17508c2,121,2,67.8,2.0,2.0,2.0,11.405000000000001,1.5,33.9,185,2,185.0,1,train
79c3ef46b89f10777f5604a5e1ee22b5,137,2,266.90999999999997,2.0,2.0,2.0,29.755000000000003,3.0,133.45499999999998,0,1,0.0,1,train
79fa3eb416c3933311c949121225649f,25,2,83.18,2.0,2.0,2.0,15.1,2.5,41.59,14,2,14.0,1,train
7a1751f98e25f665fc0130c7b001e18f,165,2,165.11,3.0,2.0,2.0,28.07,1.0,82.555,0,1,0.0,1,train
7a176e5d88c7acb6000a055e008c055d,449,2,627.3,3.0,2.0,2.0,23.755000000000003,10.0,313.65,0,1,0.0,1,train
7a1de9bde89aedca8c5fbad489c5571c,29,2,467.0,3.0,3.0,3.0,60.65,3.5,233.5,100,2,100.0,1,train
7a311d62282fa63be12b02aef2fd21d1,16,2,215.46,2.0,2.0,2.0,8.73,3.0,107.73,208,2,208.0,0,train
7a443ff6dbc48349835cb18a9355ea1b,159,2,68.6,2.0,2.0,2.0,15.1,3.0,34.3,0,1,0.0,1,train
7a6b4947e01039432cac229435d058ee,105,2,452.24,2.0,2.0,2.0,16.22,3.0,226.12,0,1,0.0,1,train
7acf19ddc75a0935581845e1c89edb3c,223,2,390.97,2.0,2.0,2.0,15.585,5.0,195.485,0,1,0.0,1,train
7afc250f9d980ea3ee0ce3b0245f1b04,36,2,136.57,2.0,2.0,2.0,16.425,4.5,68.285,174,2,174.0,1,train
7b32049d8495d56c8b27eae575921a60,113,2,121.41999999999999,2.0,2.0,2.0,19.22,1.0,60.709999999999994,0,1,0.0,1,train
7b53ce3d0ba1f84b0ebcef52fffb110d,20,2,226.88,2.0,2.0,2.0,15.44,1.0,113.44,48,2,48.0,1,train
7bada66424f46ce9a766b94974849e09,62,2,277.81,2.0,2.0,2.0,16.455,2.0,138.905,21,2,21.0,1,train
7bf1c59401206e31a78523077f3a1144,73,2,231.01999999999998,2.0,2.0,2.0,11.11,3.0,115.50999999999999,76,2,76.0,1,train
7bff4fff725edd40fde6f0ac1eb0e2dc,37,2,431.12,4.0,4.0,2.0,35.76,10.0,215.56,0,1,0.0,1,train
7c1cfb3c097e0f1caa90bb17675a63e5,64,2,129.6,2.0,2.0,2.0,13.05,1.0,64.8,0,1,0.0,1,train
7c396fd4830fd04220f754e42b4e5bff,90,2,82.82,2.0,2.0,2.0,8.72,1.0,41.41,27,2,27.0,1,train
7c4b40bb2b820e20b226a5a615e357aa,32,2,120.19999999999999,3.0,3.0,2.0,22.65,1.0,60.099999999999994,34,2,34.0,1,train
7c67f115342d01560cd438fad6346a3c,216,2,223.99,2.0,2.0,2.0,17.095,3.0,111.995,55,2,55.0,1,train
7c763d069eb3926fc65593030d5c99a3,51,2,133.2,3.0,3.0,3.0,21.65,4.0,66.6,102,2,102.0,1,train
7c8f8d3ff715607148146c64ecb64b11,297,2,72.74000000000001,2.0,2.0,2.0,14.52,3.0,36.370000000000005,0,1,0.0,1,train
7c927c2454a57a0e02fcaceb99750523,274,2,198.43,2.0,2.0,2.0,21.735,1.0,99.215,0,1,0.0,1,train
7cb20dd79b4b5bfda52b712000a30de5,30,2,158.64,3.0,3.0,2.0,33.47,3.0,79.32,0,1,0.0,1,train
7cc23ec3506e4e1e67d0702da04a734c,179,2,248.91,2.0,2.0,2.0,13.555,2.5,124.455,100,2,100.0,1,train
7d19f93ed7e2ea8211975b68525b0598,35,2,374.8,2.0,2.0,2.0,17.950000000000003,2.0,187.4,0,1,0.0,1,train
7d2e246c38946e89eda0c9c1288fc0e3,35,2,133.31,2.0,2.0,2.0,17.655,2.0,66.655,0,1,0.0,1,train
7d3d94b4740895a17760e976797f9f0e,130,2,131.61,2.0,2.0,2.0,18.005,1.0,65.805,100,2,100.0,0,train
7e050832e2248c400621f6b22315d4bb,21,2,90.19,2.0,2.0,2.0,15.1,1.0,45.095,0,1,0.0,1,train
7e1681f9bb31800364869a2cdbe289db,40,2,231.76,2.0,2.0,2.0,17.935,1.0,115.88,0,1,0.0,0,train
7e75aeef30d7e9d4ac860fcc8eaa8812,152,2,86.63,2.0,2.0,2.0,12.27,4.0,43.315,1,2,1.0,1,train
7e82fd8a6c26147a8797d761fa68c497,37,2,195.73000000000002,3.0,2.0,2.0,23.225,7.0,97.86500000000001,0,1,0.0,1,train
7e91ec540af718ab375b1d13271e9543,233,2,321.52,2.0,2.0,2.0,36.260000000000005,8.0,160.76,0,1,0.0,1,train
7ea3dc64a652d699ace3048e904c561b,25,2,624.95,2.0,2.0,2.0,27.575,1.0,312.475,0,1,0.0,1,train
7ec0077665fe9020e7dfdb05b2be0162,50,2,219.26999999999998,2.0,2.0,2.0,13.14,5.5,109.63499999999999,13,2,13.0,1,train
7ed57df0e6ae22a4f9e0250d52608ad5,144,2,365.12,2.0,2.0,2.0,20.009999999999998,3.0,182.56,19,2,19.0,1,train
7ee9e6c80bf1b7ec4a52639eab6c128c,246,2,373.67,2.0,2.0,2.0,11.835,1.5,186.835,62,2,62.0,1,train
7f50c43baa66aae590aa1a067427cce5,73,2,83.1,2.0,2.0,2.0,14.6,1.0,41.55,48,2,48.0,0,train
8004f80e361a5ee23aadb7418a685fc2,21,2,338.12,4.0,4.0,4.0,21.17,7.0,169.06,0,1,0.0,1,train
809ea1c56f165109936fe5c51003fbfb,98,2,227.24,2.0,2.0,2.0,13.72,3.0,113.62,0,1,0.0,1,train
81865792a5df52436b4e759b4ba21412,166,2,1069.77,2.0,2.0,2.0,18.685,1.0,534.885,0,1,0.0,1,train
818a54422350b38d3fb1cb3a1553889f,199,2,70.93,2.0,2.0,2.0,13.475,1.0,35.465,0,1,0.0,1,train
81b133c3f4e30a14a6585a2f20ff150f,191,2,170.36,2.0,2.0,2.0,15.28,1.0,85.18,0,1,0.0,1,train
81ede855f58f99b76014d66d161e7a23,9,2,388.0,2.0,2.0,2.0,15.0,9.0,194.0,3,2,3.0,1,train
821e4e781313d2eb18711efe7a50d66a,95,2,273.25,3.0,3.0,3.0,26.775,3.0,136.625,16,2,16.0,1,train
822d25972056ef51050804f1e0446f40,232,2,77.89,4.0,4.0,3.0,15.56,1.0,38.945,0,1,0.0,1,train
8241424764e0bfa6bfcb3c6cda391ac8,223,2,525.17,2.0,2.0,2.0,19.09,6.5,262.585,0,1,0.0,1,train
827f51bdaa8e37bf31ff413e0a7699a4,302,2,228.3,2.0,2.0,2.0,20.25,6.0,114.15,0,1,0.0,1,train
82c173abf4679049bd8628bfe89a9f2c,117,2,218.82,2.0,2.0,2.0,15.42,1.0,109.41,25,2,25.0,1,train
82fb46292a999e7db9e2391c407f76e4,212,2,143.34,2.0,2.0,2.0,16.23,1.0,71.67,21,2,21.0,1,train
8329519e31cb1b89bd44c3c6ae417ad6,265,2,134.16,2.0,2.0,2.0,11.135000000000002,2.5,67.08,182,2,182.0,1,train
83424549593093baf504ac260d4615e7,226,2,254.88,2.0,2.0,2.0,16.54,1.5,127.44,6,2,6.0,1,train
83935d750c83951d7d0211a3c60e78fd,169,2,252.44,2.0,2.0,2.0,16.275,2.5,126.22,40,2,40.0,1,train
83e7958a94bd7f74a9414d8782f87628,360,4,73.48,4.0,4.0,4.0,8.72,1.0,18.37,0,1,0.0,1,train
84514f009b40220330a5e42b102437bd,76,2,295.03000000000003,2.0,2.0,2.0,18.695,3.0,147.51500000000001,96,2,96.0,1,train
846e4612bebdefeb3a65aa63fee59e3a,150,2,550.86,3.0,2.0,2.0,18.03,10.0,275.43,0,1,0.0,1,train
84ad62f33ddb6b13553a850fd3dc2b08,43,2,165.47,2.0,2.0,2.0,27.294999999999998,1.0,82.735,0,1,0.0,1,train
84af029e54a6f659f7ace6f7cf0daa68,159,2,177.64,2.0,2.0,2.0,11.879999999999999,4.0,88.82,0,1,0.0,1,train
8505734f21396405b5477c75a45734fe,24,2,155.78,4.0,4.0,2.0,18.09,1.0,77.89,31,2,31.0,1,train
851eefea71a07755f017e75fae31f2fd,54,2,79.45,2.0,2.0,2.0,7.78,1.0,39.725,78,2,78.0,1,train
8555a17ba20435f173a230c3ced133fd,30,2,127.34,2.0,2.0,2.0,18.27,2.0,63.67,0,1,0.0,1,train
857104e1bfb81cb14e88ff07d1b22c70,29,2,360.21000000000004,2.0,2.0,2.0,20.655,4.0,180.10500000000002,261,2,261.0,1,train
85730e226e2f3a1608433546133793e1,56,2,85.09,2.0,2.0,2.0,17.645,1.0,42.545,0,1,0.0,1,train
8597b390850fe72e108d53f42ca64846,192,2,431.97,2.0,2.0,2.0,49.989999999999995,1.0,215.985,32,2,32.0,1,train
85b33fdcff5e20584ac9ec8e3c559ea3,112,2,235.16,2.0,2.0,2.0,35.135000000000005,1.0,117.58,63,2,63.0,1,train
85ed7212fe192ab02ab44c95ba87868e,31,2,174.43,2.0,2.0,2.0,15.379999999999999,5.5,87.215,74,2,74.0,1,train
861e2a5848de1a3e8fa544236a8369f9,16,2,390.02000000000004,2.0,2.0,2.0,15.51,10.0,195.01000000000002,117,2,117.0,1,train
862bcdd9344546914b93a16397a78791,19,2,763.5999999999999,2.0,2.0,2.0,17.299999999999997,1.0,381.79999999999995,136,2,136.0,1,train
8689b3e15d4b16cfd05ecf597a523453,31,2,199.37,4.0,2.0,2.0,29.885,1.0,99.685,245,2,245.0,0,train
869be6f00b4c49e72f9a1e2033baa9f0,221,2,173.51999999999998,2.0,2.0,2.0,22.31,1.0,86.75999999999999,64,2,64.0,1,train
86a78c9e5114f4ed30887d4fd8153d9e,221,2,223.23000000000002,2.0,2.0,2.0,16.665,8.5,111.61500000000001,0,1,0.0,1,train
86b59358310b208f822e416e59c96672,19,2,245.36,2.0,2.0,2.0,17.73,9.0,122.68,124,2,124.0,1,train
86df00dc5fd68f4dd5d5945ca19f3ed6,79,3,2400.48,12.0,3.0,3.0,66.82666666666667,10.0,800.16,127,3,63.5,1,train
87315ceb47e77d03a1c90474e228db6c,252,2,244.29,2.0,2.0,2.0,28.7,6.0,122.145,0,1,0.0,1,train
8746f1ba2e19bcf8bc03a946a0923d78,29,2,425.13,2.0,2.0,2.0,59.084999999999994,5.5,212.565,42,2,42.0,1,train
87603dde65ee7120467ddda1a883bb24,98,2,118.86,2.0,2.0,2.0,15.985,2.0,59.43,6,2,6.0,1,train
876a8881e182fb3a64af97b737cfe889,255,2,78.84,2.0,2.0,2.0,14.52,1.0,39.42,0,1,0.0,1,train
87a7c3090f96d9da963125a0d7f8193a,202,2,250.46,2.0,2.0,2.0,30.785,5.5,125.23,123,2,123.0,1,train
87ae4c644c15d9c6b6f826dfec33b340,47,2,180.03,2.0,2.0,2.0,17.57,3.0,90.015,90,2,90.0,1,train
87cbc22f48d2542614a44cd025238a35,42,2,47.05,2.0,2.0,2.0,10.535,2.0,23.525,0,1,0.0,1,train
8816ea7c1592bcab312eae9352996067,219,2,91.06,2.0,2.0,2.0,25.63,2.0,45.53,0,1,0.0,1,train
88388502f20df20b31ccd1a4aca9e898,31,2,112.18,2.0,2.0,2.0,21.19,1.5,56.09,8,2,8.0,1,train
88a8f123107a063acbdd1c90f3d8adea,39,2,198.95,2.0,2.0,2.0,35.730000000000004,6.5,99.475,132,2,132.0,1,train
88ecb91d6d5e47ebdc2129cd046b0935,226,2,266.56,4.0,3.0,2.0,29.48,5.5,133.28,0,1,0.0,1,train
894382535eef1ce243ec19088626be0e,66,2,200.99,2.0,2.0,2.0,15.89,1.0,100.495,35,2,35.0,0,train
8a3e2983c35b5d2fb78686794986f7da,104,2,259.35,3.0,3.0,3.0,11.725,1.0,129.675,0,1,0.0,1,train
8ac0c45f8e89a3d25738b3700ee9e132,159,2,167.29,2.0,2.0,2.0,15.745000000000001,3.5,83.645,44,2,44.0,1,train
8ae601304ff0d1de9280c32bd2e26e3b,37,2,154.66,2.0,2.0,2.0,9.34,4.0,77.33,0,1,0.0,1,train
8b160faff469868625c7c82cbd310636,171,2,871.53,3.0,3.0,2.0,85.95,1.0,435.765,0,1,0.0,1,train
8ba03ea7a871bdaebd65e7a4ced27c2d,84,2,173.59,2.0,2.0,2.0,19.345,1.0,86.795,4,2,4.0,1,train
8bab3162259edfaadd1ea2e1fe7f58dc,63,2,281.64,3.0,3.0,2.0,25.97,1.0,140.82,0,1,0.0,1,train
8bb910cd8c3b29e4acf2e94e3aaffbbf,23,2,1131.08,2.0,2.0,2.0,43.089999999999996,5.5,565.54,7,2,7.0,1,train
8bc85b1061383d0dcd4e995a726da763,42,2,332.5,3.0,2.0,2.0,26.85,1.0,166.25,159,2,159.0,1,train
8c21dd8c37144807c601f99f2a209dfb,235,2,752.6800000000001,3.0,3.0,3.0,33.894999999999996,5.0,376.34000000000003,0,1,0.0,0,train
8c532c86e424b28e85997dd891e26d5d,58,2,118.09,2.0,2.0,2.0,14.1,1.0,59.045,163,2,163.0,1,train
8ca8b8dc60280d1f97c1c6817655ab63,25,2,302.13,2.0,2.0,2.0,42.065,10.0,151.065,0,1,0.0,1,train
8d50f5eadf50201ccdcedfb9e2ac8455,39,8,455.18,8.0,8.0,8.0,10.4525,1.625,56.8975,156,8,22.285714285714285,0,train
8d6512fa0e1c5cdbd789b956de79fe2f,212,2,446.49,2.0,2.0,2.0,41.5,1.0,223.245,53,2,53.0,1,train
8dcf2096a68ce8212a3f534ab31ee23e,10,2,261.72,2.0,2.0,2.0,13.91,7.0,130.86,247,2,247.0,1,train
8dfbc9064378d19ac99a21ac353072d7,72,2,584.6800000000001,3.0,3.0,2.0,56.584999999999994,7.0,292.34000000000003,43,2,43.0,1,train
8e0275b5c7fb6f05e312a1079a674410,24,2,425.46000000000004,3.0,3.0,2.0,28.78,4.5,212.73000000000002,170,2,170.0,1,train
8e2055281d566229b5926cb77be54f81,174,2,102.38,2.0,2.0,2.0,13.79,3.0,51.19,52,2,52.0,1,train
8e2c92b2442298bd653b0e9aadf4c313,109,2,254.61,3.0,2.0,2.0,35.864999999999995,4.5,127.305,2,2,2.0,1,train
8e78f2e8305481c8b0f285670de4829b,37,2,611.54,2.0,2.0,2.0,16.77,4.0,305.77,24,2,24.0,1,train
8e84222ad36cb6ab528b745ae6e18d11,37,2,133.34,2.0,2.0,2.0,17.67,4.5,66.67,0,1,0.0,1,train
8ef9add628931053f28350c0ad4bc7f7,123,2,142.46,2.0,2.0,2.0,14.24,5.5,71.23,0,1,0.0,1,train
8f24365a46f82ddd0cef7893319a40d5,89,2,311.27,2.0,2.0,2.0,16.735,3.0,155.635,0,1,0.0,1,train
8f3dca4306d5a89e4ae2c65c110603a2,33,2,58.44,2.0,2.0,2.0,15.575,1.5,29.22,269,2,269.0,1,train
8f42e9cb526d4a8ea42877dac8c86453,44,2,146.68,2.0,2.0,2.0,13.44,5.0,73.34,35,2,35.0,1,train
8f710f0d7e8dab5c8c1135e63b44de7a,83,2,132.64999999999998,2.0,2.0,2.0,11.43,1.5,66.32499999999999,193,2,193.0,1,train
8f891a5f40cb72bf5fabda4997b4a625,92,2,266.1,2.0,2.0,2.0,18.055,3.0,133.05,43,2,43.0,1,train
8f9c0dc510c12654a35d2add7a6c5d34,52,2,133.57999999999998,2.0,2.0,2.0,16.89,1.5,66.78999999999999,162,2,162.0,1,train
8f9f1a0464f6ab0e25650be9849b086d,187,2,433.84000000000003,2.0,2.0,2.0,29.520000000000003,1.0,216.92000000000002,126,2,126.0,1,train
9066d003674f53303ec2ac527e940a5d,180,2,63.88,2.0,2.0,2.0,16.945,1.0,31.94,146,2,146.0,1,train
9077449283dc1319d5e51fb3159b28e2,150,3,299.43,4.0,4.0,3.0,24.063333333333333,4.333333333333333,99.81,67,3,33.5,1,train
90c205b0bed658a20ba141d2960d6811,69,2,97.62,2.0,2.0,2.0,15.315,1.0,48.81,182,2,182.0,1,train
90e28a883386c71de943515d91f72a39,37,2,248.72,2.0,2.0,2.0,21.87,2.0,124.36,17,2,17.0,1,train
90f323e9f0948ddd96c6f6a8ecc75830,209,3,245.2,3.0,3.0,3.0,15.44,1.0,81.73333333333333,81,2,40.5,1,train
911be3f21248d465d1e6d9993bca60a8,69,2,118.0,2.0,2.0,2.0,14.1,1.0,59.0,34,2,34.0,1,train
9146de9c43fa373c4ce8af26c8db8336,130,2,931.19,2.0,2.0,2.0,21.595,10.0,465.595,0,1,0.0,1,train
917de9fb824d070a7f1f4db097cbea8d,226,2,139.73000000000002,2.0,2.0,2.0,15.415,1.0,69.86500000000001,1,2,1.0,1,train
91b4cc37bd28118ddabe8e7692c78f2e,303,2,149.56,2.0,2.0,2.0,15.08,2.0,74.78,0,1,0.0,1,train
91def939002d33dcbf6a038b5c879f7b,25,2,216.69,2.0,2.0,2.0,30.894999999999996,1.5,108.345,180,2,180.0,1,train
91ffaf5eb7f4bd6a48b07f3546fb7a99,118,2,473.55,3.0,2.0,2.0,83.875,1.0,236.775,0,1,0.0,1,train
928616c185852cc998407c716a6f69bc,108,2,335.52,2.0,2.0,2.0,23.310000000000002,5.0,167.76,155,2,155.0,1,train
929b8bad532f969fc414b7831ff3360d,148,2,277.97,2.0,2.0,2.0,17.355,1.0,138.985,61,2,61.0,1,train
92b0705c6923fe44dd71b2b737687a7c,334,2,213.1,2.0,2.0,2.0,16.605,8.0,106.55,0,1,0.0,1,train
92fc4892f11581ee802e8e2fa4296433,198,2,140.46,2.0,2.0,2.0,15.24,1.0,70.23,0,1,0.0,1,train
93360190b9375a40b65720ee99387a4a,98,2,44.1,2.0,2.0,2.0,15.1,1.5,22.05,126,2,126.0,0,train
93dabd0fb48bfbc6e14aca0432ed0717,156,2,124.02,2.0,2.0,2.0,16.11,2.0,62.01,11,2,11.0,1,train
9403bc2d1bc24edda854c1c389c14da1,36,2,115.77000000000001,2.0,2.0,2.0,16.89,4.5,57.885000000000005,0,1,0.0,1,train
941254873ba3ece63e297277436e4c36,27,2,106.1,2.0,2.0,2.0,16.05,1.0,53.05,11,2,11.0,1,train
94522b20d09262256d0ef263adf3ff78,26,2,206.32999999999998,2.0,2.0,2.0,21.215,3.5,103.16499999999999,10,2,10.0,1,train
9475b70c3d9add279a65672fca348944,45,2,291.54999999999995,2.0,2.0,2.0,8.895,6.0,145.77499999999998,42,2,42.0,1,train
947c249c7f31f3eae2bd05454e1b2040,233,2,465.07,4.0,2.0,2.0,49.04,5.0,232.535,1,2,1.0,1,train
947e93a9bb28256adebe49f78cff07ad,214,2,195.0,2.0,2.0,2.0,15.100000000000001,1.0,97.5,82,2,82.0,1,train
94a19681bf6faa3c6ce3e2df1c2d97cb,98,3,201.72,3.0,3.0,3.0,18.01,1.0,67.24,77,3,38.5,1,train
94b27f5cb0276a9d149375e24de840d2,128,2,186.39999999999998,2.0,2.0,2.0,17.04,3.0,93.19999999999999,0,1,0.0,1,train
95160caf14611a705759de6bf13555b6,168,2,251.65,2.0,2.0,2.0,40.88,1.0,125.825,49,2,49.0,1,train
95a3ac562ffc17755618fb67ce57ef9a,216,2,103.52000000000001,2.0,2.0,2.0,15.08,1.0,51.760000000000005,0,1,0.0,1,train
95cfb39a7e263160308a934e42cfc4e0,42,2,122.05000000000001,2.0,2.0,2.0,11.08,1.0,61.025000000000006,65,2,65.0,1,train
95d47153b9bc4d0fe3b9c714c4b19c3b,149,2,114.21000000000001,2.0,2.0,2.0,15.149999999999999,3.0,57.105000000000004,0,1,0.0,1,train
95ec7fc6a1605502060075958c3f9852,110,2,150.91,2.0,2.0,2.0,15.555,1.5,75.455,123,2,123.0,1,train
960118b2d734220509690e16787f955e,274,2,62.019999999999996,2.0,2.0,2.0,10.96,2.5,31.009999999999998,0,1,0.0,1,train
9620e26af0dfec5a16a52cd2afa81717,146,2,274.65,2.0,2.0,2.0,17.335,1.0,137.325,139,2,139.0,1,train
967eb85deeab5124df2165cdada917f3,25,2,178.48000000000002,2.0,2.0,2.0,17.75,1.0,89.24000000000001,160,2,160.0,1,train
967ee07cb69460a7e1d42c7747142572,35,2,222.63,2.0,2.0,2.0,21.215,6.0,111.315,311,2,311.0,1,train
969e62a47aec03c735127e6f11ad6564,181,2,446.32,4.0,2.0,2.0,38.675,8.5,223.16,55,2,55.0,1,train
970e5961383615662043afa2d9c68802,196,2,239.94,2.0,2.0,2.0,15.475,8.0,119.97,0,1,0.0,1,train
971e2252d557c5f6b2de810f6fcd52eb,173,2,446.28,2.0,2.0,2.0,18.14,8.5,223.14,0,2,0.0,1,train
974148f722b785f187ae13ec0040abcf,167,2,413.01,2.0,2.0,2.0,17.055,2.5,206.505,107,2,107.0,1,train
97981245c3257ea9b14befffd560177b,108,2,246.99,2.0,2.0,2.0,19.6,1.0,123.495,32,2,32.0,1,train
97bc08e526795b17e1d4f642f77ae304,146,3,269.97,4.0,4.0,3.0,13.656666666666666,2.6666666666666665,89.99000000000001,6,3,3.0,1,train
97c0d90b4d37062c75b5f836ce3ab957,115,2,604.06,2.0,2.0,2.0,32.69,10.0,302.03,0,1,0.0,1,train
97f0fce3f9d7aad1b12499a4e4b10d07,174,2,636.14,2.0,2.0,2.0,30.07,9.0,318.07,115,2,115.0,1,train
9832ae2f7d3e5fa4c7a1a06e9551bc61,163,2,526.5899999999999,3.0,2.0,2.0,23.805,1.5,263.29499999999996,7,2,7.0,0,train
984503860d8d8dea530666eec07de95c,48,2,128.73,2.0,2.0,2.0,17.615000000000002,1.0,64.365,33,2,33.0,1,train
9846c216ee14a40400f4aae954eaeb59,43,2,255.51,3.0,2.0,2.0,27.905,3.0,127.755,0,1,0.0,1,train
98758d88bf4b8eef1372ddee45d63178,105,2,997.96,2.0,2.0,2.0,39.43,10.0,498.98,163,2,163.0,1,train
987fadd385777d8f27edac709bc9fb61,38,2,502.25,7.0,2.0,2.0,44.625,4.5,251.125,49,2,49.0,1,train
9895459a777c96d1f180c344fc5fdefe,303,2,80.26,3.0,3.0,2.0,13.080000000000002,1.0,40.13,0,1,0.0,1,train
989ff17eed965d5e5949b4d9a6f6af67,8,2,183.91,2.0,2.0,2.0,14.955,7.0,91.955,0,1,0.0,1,train
98b69c34f0422d2e025280b55531166e,133,2,211.88,4.0,2.0,2.0,18.39,5.0,105.94,0,1,0.0,1,train
98d2fc070f4afbd02c5788eacc6949c5,242,2,623.98,3.0,3.0,2.0,63.489999999999995,3.0,311.99,6,2,6.0,1,train
98e3117841a2431959d17808f04bf23c,2,2,320.8,3.0,2.0,2.0,23.0,6.0,160.4,121,2,121.0,1,train
9910e92c18776a14048773cef6592b91,158,2,266.15999999999997,2.0,2.0,2.0,12.41,4.0,133.07999999999998,68,2,68.0,1,train
9947c0ed8bf41cd508a78da36abc1d41,67,3,191.32999999999998,4.0,4.0,4.0,13.943333333333333,2.6666666666666665,63.776666666666664,68,3,34.0,1,train
996fdddf8cd5bbb99b221fcaf5ba1359,164,2,194.09,2.0,2.0,2.0,19.6,1.0,97.045,56,2,56.0,1,train
999bf1d2709dc80fcf55a92805ecc34f,220,2,108.42,2.0,2.0,2.0,14.309999999999999,1.5,54.21,22,2,22.0,1,train
99b026061fefe9ff09cdd0e745a9233e,97,2,361.09000000000003,2.0,2.0,2.0,20.645,5.5,180.54500000000002,111,2,111.0,1,train
99d1962d736052c7b8793ba94126c377,37,2,162.51,2.0,2.0,2.0,7.805,5.0,81.255,0,1,0.0,1,train
99da196553d9b67b1c762a712a8caaf6,37,2,515.12,2.0,2.0,2.0,10.94,1.0,257.56,4,2,4.0,1,train
9a736b248f67d166d2fbb006bcb877c3,145,2,233.49,4.0,3.0,3.0,39.254999999999995,1.0,116.745,12,2,12.0,1,train
9ab9e6724cc65e59593099f18081fd35,70,2,198.82,2.0,2.0,2.0,19.51,5.0,99.41,0,1,0.0,1,train
9af2c271654a36a48beefe342ba6208a,10,2,162.64,2.0,2.0,2.0,14.719999999999999,2.5,81.32,87,2,87.0,1,train
9afb61455d41afffa3ea550d1cfd832c,234,2,65.54,2.0,2.0,2.0,7.78,1.0,32.77,0,1,0.0,1,train
9b76c588a7a8d495bce4f71d2559d3ee,262,2,250.01,2.0,2.0,2.0,15.454999999999998,2.0,125.005,0,1,0.0,1,train
9bc158770d28e135f48b0c3fb2c21d27,108,2,92.02,2.0,2.0,2.0,16.11,1.0,46.01,22,2,22.0,1,train
9bff551dd73fdb455a7c2ceb6bed2d39,135,2,163.44,2.0,2.0,2.0,15.445,1.5,81.72,190,2,190.0,1,train
9c760a39c48113c1450dd5b65958d7fa,118,2,152.20999999999998,2.0,2.0,2.0,17.66,6.5,76.10499999999999,85,2,85.0,1,train
9c9372efb0eaba42664210e312fe38c4,50,2,344.61,2.0,2.0,2.0,32.315,3.0,172.305,0,1,0.0,1,train
9cc5a07f169a1606fd347a56683e6ea6,18,3,357.83,3.0,3.0,3.0,12.71,1.0,119.27666666666666,0,1,0.0,1,train
9d2b062dc07734a1d7053478a7e83280,39,2,83.03999999999999,3.0,3.0,2.0,11.67,1.5,41.519999999999996,6,2,6.0,1,train
9d31457a03125fc870787a251760315a,123,3,320.17,4.0,4.0,3.0,20.189999999999998,1.0,106.72333333333334,214,3,107.0,1,train
9d4dad0a5382a8d234d0ad979dc594f2,277,2,200.87,2.0,2.0,2.0,13.21,2.0,100.435,0,1,0.0,1,train
9d8130e675ce6c1f24cd519444f7642b,172,2,233.6,2.0,2.0,2.0,17.4,3.5,116.8,76,2,76.0,1,train
9dc44558922ff57d14d99f20d37f440f,196,2,176.24,4.0,2.0,2.0,25.22,1.0,88.12,0,1,0.0,1,train
9e174aadbc877e3c42ca03babfd157f8,153,2,181.94,2.0,2.0,2.0,16.025,7.0,90.97,0,1,0.0,1,train
9e527c9bc89a4228e5d8e136712ec63e,83,2,312.18,4.0,2.0,2.0,31.74,3.0,156.09,55,2,55.0,1,train
9f5e91d56f3c3c192a0ee7fa88de7113,24,2,193.68,2.0,2.0,2.0,33.94,5.5,96.84,84,2,84.0,1,train
9fe8cb705d35cf54025160f9f01b7cc4,19,2,196.16,3.0,3.0,2.0,16.63,2.5,98.08,172,2,172.0,1,train
9ff6787921b9aecefdb9c8212ebd8679,75,2,126.84,2.0,2.0,2.0,18.475,6.0,63.42,0,1,0.0,1,train
a00a13ac36037d575bb016caf8f50d53,268,2,116.14,3.0,2.0,2.0,23.830000000000002,4.5,58.07,9,2,9.0,1,train
a06f383add4d40457f1909b67ce6b7fb,286,2,321.98,3.0,3.0,2.0,39.59,1.0,160.99,0,1,0.0,1,train
a0b4713c96aeb3aff3b23412e63d5f75,24,2,183.60999999999999,2.0,2.0,2.0,19.52,1.0,91.80499999999999,0,1,0.0,1,train
a0e0770d529c5da6dd71d5be8620aa3b,207,2,149.34,2.0,2.0,2.0,17.68,5.0,74.67,23,2,23.0,1,train
a0ef77ac3d3662b055dc12b045da37ed,2,2,196.43,2.0,2.0,2.0,14.765,4.5,98.215,156,2,156.0,1,train
a0f0a2082b269a9715ba874c94b592f3,37,2,492.74,6.0,2.0,2.0,44.67,1.0,246.37,0,1,0.0,1,train
a1044dd75b74fbc485b040575a14acf0,11,2,1737.88,3.0,2.0,2.0,37.44,5.5,868.94,8,2,8.0,1,train
a10fe3c477989c968aa284bd448b1d5b,246,2,332.65,3.0,2.0,2.0,26.384999999999998,1.5,166.325,25,2,25.0,1,train
a124666e823bbd5fb77a72afc8c1360c,241,2,71.44,2.0,2.0,2.0,8.72,3.0,35.72,0,1,0.0,1,train
a1bb96820529725c3c79a77c69e7e792,206,2,79.69,2.0,2.0,2.0,13.395,1.0,39.845,0,1,0.0,1,train
a2370b590b2453d5a748d4c4c35f900b,48,2,76.46000000000001,2.0,2.0,2.0,15.33,3.5,38.230000000000004,201,2,201.0,1,train
a239b8e2fbce33780f1f1912e2ee5275,317,4,518.5,4.0,4.0,4.0,29.700000000000003,5.5,129.625,11,2,3.6666666666666665,1,train
a2c15de05ef380b5a7eaf915898926db,30,2,210.56,2.0,2.0,2.0,15.38,2.0,105.28,13,2,13.0,1,train
a3021c629bd1d99347a8e75a9ab035d8,53,3,277.4,5.0,3.0,3.0,25.936666666666667,1.0,92.46666666666665,108,2,54.0,1,train
a327e19095ffb086d25f7ee477c9d3c6,336,2,175.8,2.0,2.0,2.0,18.0,1.0,87.9,0,1,0.0,1,train
a38b86dce31f7c014a0c958b548f6a64,202,2,180.66,2.0,2.0,2.0,16.34,1.0,90.33,72,2,72.0,1,train
a3c22bbd3ae5d6200ac82078b67eec2a,19,2,262.62,3.0,2.0,2.0,11.81,7.5,131.31,5,2,5.0,1,train
a40096fc0a3862e9e12bc55b5f8e6ab2,81,3,457.18,8.0,7.0,5.0,31.546666666666663,1.0,152.39333333333335,0,2,0.0,1,train
a43931660f8bbcc1c64db8ddf4b10dff,86,2,128.73,2.0,2.0,2.0,11.965,2.5,64.365,104,2,104.0,1,train
a44636f3316d0114566918bd02ef58bd,70,2,118.92,2.0,2.0,2.0,11.91,5.5,59.46,0,1,0.0,1,train
a484d6a80277ccf24d9980cf34c47546,107,2,124.04,2.0,2.0,2.0,10.620000000000001,1.0,62.02,0,1,0.0,1,train
a4e71a98a7a1490fff07e7a65cf06be2,82,2,301.94,2.0,2.0,2.0,20.57,9.0,150.97,168,2,168.0,1,train
a518c60e2e7f3a2820b4ef5cf5107189,76,2,232.69,3.0,3.0,2.0,19.049999999999997,10.0,116.345,25,2,25.0,1,train
a5c62e7e896b7e6ed95d39714f51304a,180,2,92.68,2.0,2.0,2.0,15.945,1.0,46.34,0,1,0.0,1,train
a5c806ebe5b25d0ab1e7f0da0e17d6bc,262,2,257.24,2.0,2.0,2.0,14.175,3.0,128.62,70,2,70.0,1,train
a5c9660af607788526f45b6774ac2594,162,2,273.25,2.0,2.0,2.0,15.175,5.0,136.625,8,2,8.0,1,train
a5d3bfee5b23b430b95c4ae295e1028a,342,2,213.7,11.0,3.0,2.0,52.41,1.0,106.85,2,2,2.0,1,train
a72a2d4e19868dba726c0e6f49198c7e,47,2,447.1,2.0,2.0,2.0,54.555,8.0,223.55,38,2,38.0,1,train
a7657330b1c135f3acd420326e335b2c,54,4,667.12,7.0,6.0,5.0,24.41,9.25,166.78,172,4,57.333333333333336,1,train
a79f018f214e99a7551fd6efea6e2c4d,67,2,296.76,2.0,2.0,2.0,18.380000000000003,1.0,148.38,0,1,0.0,1,train
a7a6d8b62390ec8014d5a46ee36644c4,281,2,62.42,2.0,2.0,2.0,14.52,2.5,31.21,0,1,0.0,1,train
a7bbfaf8a288c45dc38d4693535dd63f,327,2,127.32000000000001,2.0,2.0,2.0,16.259999999999998,1.0,63.660000000000004,9,2,9.0,1,train
a7d9a3e447614288937ad2bba991676c,142,2,344.11,4.0,4.0,3.0,25.29,10.0,172.055,0,1,0.0,1,train
a7f8b23aaf522616c6c7daa2a3753247,27,2,504.82,2.0,2.0,2.0,32.915,5.5,252.41,11,2,11.0,1,train
a82d9e16794b2921f600796767322a9f,228,2,387.53999999999996,2.0,2.0,2.0,31.07,4.5,193.76999999999998,21,2,21.0,1,train
a8cb771f0d1d230407948d4ce2af5c3e,172,2,349.28,2.0,2.0,2.0,15.58,9.5,174.64,68,2,68.0,1,train
a8df4001abe77cf8473902c2b7efe418,73,2,62.61,2.0,2.0,2.0,8.86,1.5,31.305,80,2,80.0,1,train
a944a93bfa1d65b1523c45f9ccb01ec0,32,2,138.16000000000003,2.0,2.0,2.0,16.134999999999998,1.0,69.08000000000001,46,2,46.0,1,train
a97d43b24d76819903192611aca17914,2,2,175.31,2.0,2.0,2.0,15.254999999999999,2.5,87.655,12,2,12.0,1,train
aa2630ebac79aa0c7749370b705121bc,89,2,432.59999999999997,4.0,2.0,2.0,69.30000000000001,8.0,216.29999999999998,0,1,0.0,1,train
aa819ffd42a7a52ddfaee53f024fafdd,36,2,157.28,2.0,2.0,2.0,19.689999999999998,7.0,78.64,0,1,0.0,1,train
aaad6d68de5490cba508e4203ddc87de,185,2,351.15999999999997,2.0,2.0,2.0,17.13,1.0,175.57999999999998,60,2,60.0,1,train
aaf97f99c731d8d84810ff16e6ded10d,115,2,381.53,2.0,2.0,2.0,40.864999999999995,1.0,190.765,48,2,48.0,1,train
ab0f956f72812ae4636be4e15b58031e,187,2,123.35,2.0,2.0,2.0,16.45,1.5,61.675,16,2,16.0,1,train
ab2833d17fa6bccadb045eaf458e7e5e,36,2,91.25,3.0,3.0,2.0,17.775,4.0,45.625,0,1,0.0,1,train
ab744045d2445f5bae53b57a4b99bfbf,14,3,246.51,3.0,3.0,3.0,7.836666666666666,1.6666666666666667,82.17,76,3,38.0,1,train
abfe742e782fb10f5c824fcb849e5cd1,135,2,147.73000000000002,2.0,2.0,2.0,13.93,7.0,73.86500000000001,0,1,0.0,1,train
ac64c33e439eba6713e1743e070ef50e,238,2,73.34,2.0,2.0,2.0,12.27,1.0,36.67,0,1,0.0,1,train
ac987d464574ee0f743f9b630f937a27,91,3,515.37,3.0,3.0,3.0,21.89,3.3333333333333335,171.79,106,3,53.0,1,train
acea6bd29b8c1e3c6a8b266a8fb4475e,101,2,289.3,4.0,3.0,2.0,42.349999999999994,1.5,144.65,22,2,22.0,0,train
ad42aaf1833e2a64136a9d9f823d77ab,17,2,224.98,2.0,2.0,2.0,22.5,1.0,112.49,0,1,0.0,1,train
ad7072317d373de9bdc9b4ed5b6c5a85,80,2,195.10000000000002,2.0,2.0,2.0,22.15,4.0,97.55000000000001,0,1,0.0,1,train
ae207cf8119fd10e3b9ac24570089fad,119,2,281.5,2.0,2.0,2.0,15.899999999999999,9.5,140.75,75,2,75.0,1,train
ae20947231d4d44dde1680a7ab14d90a,111,3,335.15,3.0,3.0,3.0,19.386666666666667,3.0,111.71666666666665,8,2,4.0,1,train
ae52fa61f27bd494a25bc4c101fa29d0,208,2,123.28,2.0,2.0,2.0,14.149999999999999,4.0,61.64,0,1,0.0,1,train
ae53a87a257f8e54795af6ff434e443b,108,2,1019.41,2.0,2.0,2.0,107.39000000000001,8.0,509.705,0,1,0.0,1,train
ae74c314b9c383e5d7bcd99d54ffbc71,207,2,177.76999999999998,2.0,2.0,2.0,14.985,6.5,88.88499999999999,30,2,30.0,1,train
ae7b79796d47ab59f417a154efcdbb77,99,2,232.23000000000002,2.0,2.0,2.0,16.22,2.5,116.11500000000001,196,2,196.0,1,train
aef5b3dd086be507c3dd70e07aa6bb94,143,2,118.91,2.0,2.0,2.0,15.305,3.0,59.455,0,1,0.0,1,train
afd7854781ccdc3222b69421f9c7c6ee,301,2,303.97999999999996,3.0,2.0,2.0,27.14,4.0,151.98999999999998,0,1,0.0,1,train
b045295488236fa73d8d9c37dc4b03e7,109,2,1247.1299999999999,3.0,3.0,2.0,36.075,1.0,623.5649999999999,105,2,105.0,1,train
b088bc1ec6539752bf408ac1d9c694da,81,2,111.63999999999999,2.0,2.0,2.0,20.875,1.0,55.81999999999999,0,1,0.0,1,train
b08fab27d47a1eb6deda07bfd965ad43,103,4,477.34000000000003,4.0,4.0,4.0,18.134999999999998,1.0,119.33500000000001,14,3,4.666666666666667,1,train
b09f1bff1aff13c997af071602bc048b,199,2,352.88,7.0,7.0,2.0,41.474999999999994,2.0,176.44,0,1,0.0,1,train
b0b057559c54c99e41a21c40c08f7780,209,2,257.09000000000003,2.0,2.0,2.0,28.049999999999997,1.0,128.54500000000002,91,2,91.0,1,train
b0bc6de4a99007470bbdbbf5cc502ea9,351,2,76.72,2.0,2.0,2.0,10.96,3.5,38.36,0,1,0.0,1,train
b0c5e02d315f15318e37d7aab7ebb289,56,2,124.8,3.0,3.0,3.0,22.655,1.0,62.4,0,1,0.0,1,train
b0f47d39f0e55621071ec1e93ca6b74d,204,2,135.19,2.0,2.0,2.0,27.65,6.5,67.595,13,2,13.0,1,train
b10ad793f6d2cc31b08a3b8366f3d251,281,2,84.49000000000001,2.0,2.0,2.0,20.8,1.0,42.245000000000005,0,1,0.0,1,train
b157d45094580a4a5a90af5331351c13,126,2,233.1,2.0,2.0,2.0,11.649999999999999,8.0,116.55,0,1,0.0,1,train
b197f4af65829575f2f333bd0e9fd204,78,2,227.78,2.0,2.0,2.0,28.99,2.0,113.89,28,2,28.0,1,train
b1c936c1a71a46cf4b840a9851486d86,46,2,84.93,3.0,2.0,2.0,13.475,4.0,42.465,0,1,0.0,1,train
b2664990a1ac9e250d98ff5c615c3276,131,2,146.39,2.0,2.0,2.0,21.01,7.0,73.195,0,1,0.0,1,train
b26fa76ddf33e534491e4ec46f51bc64,139,2,278.72,4.0,3.0,2.0,34.56,1.0,139.36,76,2,76.0,1,train
b29bd5c2f25523fa4754d058fd513707,41,2,137.54,2.0,2.0,2.0,11.370000000000001,1.0,68.77,0,1,0.0,1,train
b2a35fdfe13998540dc5fdda95e35ceb,179,2,154.71,2.0,2.0,2.0,13.91,1.0,77.355,0,1,0.0,1,train
b3806e7118d02476c96b3dd8578dd07f,249,2,183.70999999999998,2.0,2.0,2.0,16.955,3.0,91.85499999999999,43,2,43.0,1,train
b39dde6dd619943190a8cc9aa6db38a4,193,3,719.13,3.0,3.0,3.0,26.810000000000002,4.333333333333333,239.71,90,3,45.0,0,train
b3ccfe9606744e8b2757954a125ea1a6,200,2,140.23000000000002,2.0,2.0,2.0,15.17,3.0,70.11500000000001,0,1,0.0,1,train
b4afb55d2d38d9bbe0b83ec108c3e77e,69,2,373.35,2.0,2.0,2.0,11.36,5.0,186.675,104,2,104.0,1,train
b525fc8cce07342fb00ab3b2667c8eb9,35,2,263.5,5.0,2.0,2.0,42.510000000000005,1.0,131.75,0,1,0.0,1,train
b530945168f12f82a3f9be3a5e243afa,79,2,81.37,2.0,2.0,2.0,12.69,1.5,40.685,55,2,55.0,1,train
b56c60ed244eed72ff5640a41bf254d5,40,2,154.88,2.0,2.0,2.0,16.515,1.0,77.44,280,2,280.0,1,train
b593353aa4c093b71235ece9689ce7e4,13,2,271.0,2.0,2.0,2.0,20.6,2.0,135.5,20,2,20.0,1,train
b59e4bb4efe81ba0f7d30cff6734f9a2,27,3,342.48,3.0,3.0,3.0,30.62,6.333333333333333,114.16000000000001,0,1,0.0,1,train
b5b46581465f851df3529a30d2503f59,89,2,496.38,4.0,2.0,2.0,42.21,6.5,248.19,7,2,7.0,1,train
b62777d3969196b3329205b4d8e1ba0a,143,2,87.2,2.0,2.0,2.0,16.11,1.5,43.6,2,2,2.0,1,train
b64ebaf3d11b7209fe566364cc359a51,167,3,198.14000000000001,3.0,3.0,3.0,9.42,6.0,66.04666666666667,0,1,0.0,1,train
b68a98377d20140feaa17eeb61687459,185,2,69.51,2.0,2.0,2.0,14.809999999999999,1.0,34.755,116,2,116.0,1,train
b698379306c3fad0ab64d82a63a770a2,30,2,107.74000000000001,2.0,2.0,2.0,11.870000000000001,2.5,53.870000000000005,14,2,14.0,1,train
b6aa5a87f6c08e2510324edca009810f,82,2,101.1,2.0,2.0,2.0,14.6,1.0,50.55,27,2,27.0,1,train
b6bb8e4780df00a25fa34335d3dc1330,107,2,105.56,2.0,2.0,2.0,7.78,4.5,52.78,2,2,2.0,1,train
b6c083700ca8c135ba9f0f132930d4e8,34,2,156.95,2.0,2.0,2.0,13.575,1.0,78.475,82,2,82.0,1,train
b7b162291adff744d6f3c6450557ffee,161,2,200.05,2.0,2.0,2.0,16.6,5.0,100.025,0,1,0.0,1,train
b7d4cab5dd11b238da97b01eaf657293,137,2,119.93,2.0,2.0,2.0,19.015,5.5,59.965,0,1,0.0,1,train
b7d8524e14913b79fe082a5fc2efffd7,125,2,189.41,2.0,2.0,2.0,11.215,4.0,94.705,0,1,0.0,1,train
b7f170888469e5332e43c92edd77793f,286,2,137.12,2.0,2.0,2.0,14.66,1.0,68.56,0,1,0.0,1,train
b824f6981f2ee1c30533c4138572428c,158,2,223.64000000000001,2.0,2.0,2.0,18.42,6.5,111.82000000000001,186,2,186.0,1,train
b896655e2083a1d76b7b85df8fc86e40,49,2,218.15999999999997,2.0,2.0,2.0,14.23,1.0,109.07999999999998,47,2,47.0,0,train
b8b3c435a58aebd788a477bed8342910,129,3,919.34,4.0,4.0,4.0,101.82666666666667,12.0,306.44666666666666,111,3,55.5,1,train
b8d31a82b1bb71983bbc08e4751baeab,14,2,522.9300000000001,2.0,2.0,2.0,21.465,2.0,261.46500000000003,0,1,0.0,1,train
b8f9ecc7915ce653a1d7ee6dbfe8f54d,143,2,119.36,2.0,2.0,2.0,12.69,1.0,59.68,0,1,0.0,1,train
b918da4934c7eabcda6e45b4e18aba53,237,2,215.67000000000002,2.0,2.0,2.0,14.39,1.0,107.83500000000001,13,2,13.0,1,train
b9fc2d4c90bdadc7052fabe8353084ed,13,2,146.13,2.0,2.0,2.0,16.075,2.0,73.065,0,1,0.0,1,train
ba54ee5be417c0558c060a3186451248,153,2,401.27,2.0,2.0,2.0,20.135,5.5,200.635,37,2,37.0,1,train
ba77e9b6506636dcbd03e463d4786f24,182,3,269.64,3.0,3.0,3.0,15.586666666666668,4.0,89.88,79,2,39.5,1,train
bb4d84a2b45b22ed710ac8c0dec63d1a,154,2,133.05,2.0,2.0,2.0,11.58,6.0,66.525,0,1,0.0,1,train
bb58670190dba4e9b320f84cb98317a3,200,3,126.33,3.0,3.0,3.0,16.11,1.0,42.11,0,1,0.0,1,train
bb656eab01a34ac497457c5a92f5bd07,116,2,373.09000000000003,2.0,2.0,2.0,21.645,2.0,186.54500000000002,116,2,116.0,1,train
bb8486cad0e431659227f6fb18fc6a72,36,2,202.81,2.0,2.0,2.0,17.805,1.5,101.405,4,2,4.0,1,train
bb9de7a757d93065939c7da2a3cd8ce4,139,2,125.06,2.0,2.0,2.0,17.63,3.0,62.53,0,1,0.0,1,train
bbe8686a830c0caaf68452997d73d396,120,2,605.83,4.0,2.0,2.0,68.065,1.0,302.915,25,2,25.0,1,train
bc0d7bb032bbf422fc74bb279c47de1e,109,2,144.46,2.0,2.0,2.0,10.785,1.0,72.23,41,2,41.0,1,train
bc2387c48428a2e128eaa3d5b18b3591,297,2,143.94,2.0,2.0,2.0,14.57,1.0,71.97,46,2,46.0,1,train
bc27afa44f5b67b080ab4ba3851a162d,139,2,213.33999999999997,3.0,2.0,2.0,22.72,1.0,106.66999999999999,0,1,0.0,1,train
bc7b9e0d078c0c01f622b38cfcd7ee9c,55,2,384.31,2.0,2.0,2.0,16.255,7.0,192.155,230,2,230.0,1,train
bcc9a08b533971412be737fd5bd918b3,33,2,404.2,2.0,2.0,2.0,24.07,6.5,202.1,184,2,184.0,1,train
bcf0a5f0f3ec8639f940749aab360d8f,88,2,451.72,3.0,3.0,3.0,24.42,5.5,225.86,91,2,91.0,1,train
bd0512ab6c631a62fdc974a682600f56,97,2,357.76,2.0,2.0,2.0,36.435,1.0,178.88,31,2,31.0,1,train
bd0f8d6b6bc185debdf79f91ba30fdc6,305,2,249.06,2.0,2.0,2.0,14.53,1.0,124.53,9,2,9.0,1,train
bd8bee2d841f2573c7c4f2d49dfdcaf0,296,2,174.09,2.0,2.0,2.0,12.504999999999999,4.0,87.045,0,1,0.0,1,train
bd8ee6a65c4d647953792da821444580,31,2,413.60999999999996,4.0,2.0,2.0,26.96,6.0,206.80499999999998,0,1,0.0,1,train
bdde9ce1c27b88a7fe3ef13ad6a80b5f,36,2,102.3,3.0,2.0,2.0,17.775,3.0,51.15,32,2,32.0,1,train
be08ef2ebaeb41941a53aa75db874099,35,2,76.47,2.0,2.0,2.0,13.79,3.0,38.235,4,2,4.0,1,train
befed7f0bf7fc3d0262b0f95989a36ae,305,2,251.87,2.0,2.0,2.0,26.034999999999997,4.0,125.935,0,1,0.0,1,train
bf59acdae64e9900fd93e4847baa1978,85,2,142.98,2.0,2.0,2.0,10.504999999999999,3.0,71.49,0,1,0.0,1,train
bf6504419e536f7c4c2461ebb0689d48,185,2,257.58,3.0,2.0,2.0,14.8,4.5,128.79,31,2,31.0,1,train
bf6656ef50e6fd00e7517b01d615b4f3,127,3,294.83,3.0,3.0,3.0,19.03,8.0,98.27666666666666,177,3,88.5,1,train
bf79e2be560481b2e6014798b4331a18,266,2,99.32,2.0,2.0,2.0,10.96,1.0,49.66,0,1,0.0,1,train
bfb33fedf91eb21f6d32ad5345989a6e,74,2,260.49,2.0,2.0,2.0,14.294999999999998,1.0,130.245,112,2,112.0,1,train
bfc84496b1100cbbd83a6f8087526168,194,2,320.87,5.0,2.0,2.0,34.955,5.0,160.435,44,2,44.0,1,train
bfca7a9e3e07df51447510ede80822ec,91,2,572.72,4.0,2.0,2.0,40.01,10.0,286.36,0,1,0.0,1,train
bfcdddab5a2fe5dd1d1b8330795f4061,6,2,252.36,2.0,2.0,2.0,13.440000000000001,4.0,126.18,189,2,189.0,1,train
bfe1ecef0f01ad67e5e0cf1860e94e60,103,2,209.62,2.0,2.0,2.0,28.86,1.0,104.81,123,2,123.0,1,train
c0118e2c0a037c31aeca71d0b81f66a1,146,2,114.80000000000001,2.0,2.0,2.0,19.5,1.0,57.400000000000006,0,1,0.0,0,train
c0378e9280a6e9401f2b0fd4a288496b,132,2,200.98,2.0,2.0,2.0,21.24,3.0,100.49,0,1,0.0,1,train
c0536ee7a009264e0f1bf1c8f4c54ad3,37,2,1029.3600000000001,3.0,2.0,2.0,25.25,1.0,514.6800000000001,0,1,0.0,1,train
c0779cfb3d6695eb9a6c14772852e10e,316,2,168.4,2.0,2.0,2.0,17.21,2.0,84.2,0,1,0.0,1,train
c0ab0c71f36879a7e904700157a6d88c,255,2,169.76,2.0,2.0,2.0,12.98,1.0,84.88,0,1,0.0,1,train
c0fc2e3595c750de75d36e7db9399e83,114,2,426.5,2.0,2.0,2.0,20.799999999999997,1.0,213.25,59,2,59.0,1,train
c0fcb07a9959ae14f01bad208e445cc4,77,2,372.52,2.0,2.0,2.0,16.36,1.0,186.26,241,2,241.0,1,train
c130bf40aa6d3bdb444b04a8d78adf5a,213,2,170.68,2.0,2.0,2.0,12.39,1.0,85.34,0,1,0.0,1,train
c169c9937db997a267f749cdd64c161f,236,2,1675.68,8.0,2.0,2.0,82.24,1.0,837.84,0,1,0.0,1,train
c17db1418a98b4a6d1dcad61cc579c70,229,2,262.66999999999996,2.0,2.0,2.0,18.630000000000003,9.5,131.33499999999998,0,1,0.0,1,train
c1977e8e3ea0900e70cd1dd70123d382,27,2,417.17,4.0,4.0,2.0,28.75,5.0,208.585,39,2,39.0,1,train
c1a57f5222ef4a8987b8477784809637,110,2,141.29,2.0,2.0,2.0,16.955,1.0,70.645,0,1,0.0,1,train
c1d43ef6f70aff50201a1b882176a346,246,2,484.29999999999995,3.0,3.0,2.0,27.65,10.0,242.14999999999998,25,2,25.0,1,train
c2551ea089b7ebbc67a2ea8757152514,218,2,168.22,2.0,2.0,2.0,20.71,2.5,84.11,12,2,12.0,1,train
c25d2fb6d22e04ce43c3652e3cacadad,117,3,178.56,3.0,3.0,3.0,14.526666666666666,4.666666666666667,59.52,43,2,21.5,1,train
c2919fbdb45366551c1e80d5cb35cd3f,60,2,128.07,3.0,2.0,2.0,19.035,1.0,64.035,55,2,55.0,0,train
c2b85086965c0fed46df434ddd474a9a,14,2,124.7,2.0,2.0,2.0,15.855,5.0,62.35,1,2,1.0,1,train
c2e9a50bcf76b5783bc96f906f95bceb,107,2,328.78,2.0,2.0,2.0,14.49,3.0,164.39,45,2,45.0,1,train
c2f7ac13c2e0937f956659002e5d5783,75,2,175.26999999999998,2.0,2.0,2.0,25.689999999999998,2.5,87.63499999999999,27,2,27.0,1,train
c35ffdd9679e194c3673533720b5e00c,136,2,450.70000000000005,2.0,2.0,2.0,15.399999999999999,4.5,225.35000000000002,132,2,132.0,1,train
c3733cbdb41f37b5477b2c01c523e220,106,2,399.6,2.0,2.0,2.0,26.060000000000002,1.0,199.8,0,1,0.0,1,train
c37449d8b51eefa148cd87b2c605a1c1,241,2,136.51,2.0,2.0,2.0,11.81,3.0,68.255,28,2,28.0,1,train
c37cc6c1a59d81460a3059744f7ada1c,124,3,505.90999999999997,3.0,3.0,3.0,20.44666666666667,4.333333333333333,168.63666666666666,57,3,28.5,1,train
c3a1aa867de7bbc426695e756107ed38,167,2,301.28,2.0,2.0,2.0,18.15,7.0,150.64,3,2,3.0,1,train
c3efecdc2ca34416d845120af0bfca09,66,2,93.78,3.0,2.0,2.0,22.65,1.0,46.89,29,2,29.0,1,train
c400a61d8b936f7d10930fc142a39407,316,2,222.34,2.0,2.0,2.0,13.27,1.0,111.17,0,1,0.0,1,train
c40388c86f0334d1d69f33fc43322a8c,339,2,259.6,3.0,3.0,2.0,29.9,6.0,129.8,0,1,0.0,1,train
c40b4a21d854ab194280dadc8998061f,185,2,255.84,2.0,2.0,2.0,18.02,3.5,127.92,10,2,10.0,1,train
c4536b58064f144d0538c9cc69c2765d,73,2,607.55,3.0,2.0,2.0,66.325,6.5,303.775,0,1,0.0,1,train
c45ece361aab055ea6c55b61eb2d99c0,90,2,459.05,3.0,3.0,2.0,20.375,6.5,229.525,127,2,127.0,1,train
c4cf9b10d2668bfabb498d93004ab4a0,29,2,230.84,2.0,2.0,2.0,17.93,3.5,115.42,14,2,14.0,1,train
c4d9ec8c227594222eedd980cb28a6f4,189,2,247.20999999999998,2.0,2.0,2.0,21.205,10.0,123.60499999999999,0,1,0.0,1,train
c4fe9fc8b5e1b4f9992db983d0429854,239,3,364.86,3.0,3.0,3.0,16.62,5.333333333333333,121.62,15,3,7.5,1,train
c51a1ea9fa9851c70f89d1178c861150,271,2,118.26,3.0,3.0,2.0,21.78,1.0,59.13,55,2,55.0,1,train
c51a1f42780144ae12d0e529abc3f83f,31,2,641.22,4.0,2.0,2.0,90.675,1.0,320.61,13,2,13.0,1,train
c55821f6a2a59a93d4cde13a2ec14661,137,2,400.95,6.0,4.0,2.0,54.0,10.0,200.475,0,1,0.0,1,train
c5b58e89d4e287e453b4a0bffcf7a025,156,2,264.28,2.0,2.0,2.0,15.190000000000001,3.0,132.14,0,1,0.0,1,train
c5f6047fb345ffd234cf5b26268988be,208,2,383.45,4.0,4.0,2.0,24.174999999999997,6.5,191.725,24,2,24.0,1,train
c6df3869c263531ebd51f0454a353605,282,3,88.85,3.0,3.0,3.0,16.05,1.0,29.616666666666664,19,2,9.5,1,train
c731a46dd44dfe456ccfa8968206943d,160,2,158.98,2.0,2.0,2.0,13.54,3.0,79.49,13,2,13.0,1,train
c76762dfb642ac154475239639f7f8f4,326,3,256.86,3.0,3.0,3.0,20.143333333333334,1.0,85.62,8,2,4.0,1,train
c7c19110042036e6266adc998cbf1289,36,2,372.51,3.0,3.0,2.0,53.905,6.5,186.255,30,2,30.0,1,train
c7fb8ec1ea35af7e89f989b6e17e2bd8,57,2,972.97,3.0,3.0,2.0,14.185,2.5,486.485,0,2,0.0,1,train
c803385049057260f738c18c12749747,220,2,195.36,4.0,4.0,2.0,23.7,8.0,97.68,0,1,0.0,1,train
c85df1c6ef6f7bb605e1c49d34f172ee,22,2,237.77,3.0,2.0,2.0,29.485,1.0,118.885,34,2,34.0,1,train
c902f3ef39179b58e803da196af3467a,35,2,124.46000000000001,2.0,2.0,2.0,17.630000000000003,5.5,62.230000000000004,0,1,0.0,1,train
c90610b4cd15ff318841445c558c41fb,226,2,183.73000000000002,4.0,3.0,2.0,31.715,1.0,91.86500000000001,0,1,0.0,1,train
c957b57bcaff0ed3a494d95c865de4a1,45,2,262.5,2.0,2.0,2.0,24.849999999999998,1.0,131.25,21,2,21.0,1,train
c968cdb924339d7a42e0c448153b72cc,76,2,788.16,2.0,2.0,2.0,69.585,6.0,394.08,18,2,18.0,1,train
c9b3b24308b1a4587ffa3e60fafc2b1f,56,3,553.15,3.0,3.0,3.0,16.72,2.3333333333333335,184.38333333333333,228,3,114.0,1,train
c9c6d353f4101827b3dbc83b093b2fe6,269,2,182.95,2.0,2.0,2.0,24.03,5.5,91.475,42,2,42.0,1,train
c9c7f143771017a9c61af26f7291f7a5,33,2,199.11,3.0,2.0,2.0,12.45,1.0,99.555,0,1,0.0,1,train
c9ec7638cb8f2dd8e4439fa8374d89e4,0,2,176.79,2.0,2.0,2.0,20.009999999999998,8.5,88.395,113,2,113.0,1,train
ca0cd77819a2427d6ca0e0d0e92de58b,61,2,197.65,2.0,2.0,2.0,16.425,2.0,98.825,195,2,195.0,1,train
ca6d9bc2e717c2a0aa19d77a3bfa5398,178,2,1237.39,2.0,2.0,2.0,19.695,8.0,618.695,78,2,78.0,1,train
ca994abc57b0bd7981d91d0061b3d8d6,132,3,586.3000000000001,3.0,3.0,3.0,32.13999999999999,1.0,195.43333333333337,38,2,19.0,1,train
caa3d56b7a6777daaa2793053bdf2309,28,2,82.11,2.0,2.0,2.0,8.56,1.5,41.055,104,2,104.0,1,train
cb57be427d5e8c06c10cdd1540df1e00,27,2,485.23,2.0,2.0,2.0,42.715,9.0,242.615,126,2,126.0,1,train
cb5c545d96f39390b7f372aaa88c4a7e,60,2,108.2,2.0,2.0,2.0,15.1,5.0,54.1,5,2,5.0,1,train
cb6eb4e06104e8902288c07ff4224c28,47,2,159.95,2.0,2.0,2.0,11.975000000000001,1.0,79.975,0,1,0.0,1,train
cbd08b04b3f301152b7570da5e9c8cc4,106,3,1249.87,3.0,3.0,3.0,20.05666666666667,1.0,416.6233333333333,3,2,1.5,1,train
cbebce165db72a2bfba9e81a3411bdf7,236,2,388.35,3.0,2.0,2.0,35.975,5.5,194.175,65,2,65.0,1,train
cc14ea7099959d91a17c9d7c3a46721d,226,2,242.0,2.0,2.0,2.0,23.35,6.0,121.0,7,2,7.0,1,train
ccac5680eab564a88f301f59030b448b,227,2,187.64,2.0,2.0,2.0,31.42,1.0,93.82,0,1,0.0,1,train
ccd2f7d983d761b9c7520a266bfcfc81,45,2,91.27000000000001,3.0,3.0,2.0,21.15,1.0,45.635000000000005,0,1,0.0,1,train
cd04cd9aa9eb0b51b40a2b124f3a93f3,75,2,249.16,2.0,2.0,2.0,15.129999999999999,2.5,124.58,26,2,26.0,1,train
cd11a0920c498edb1da9ecd2d31aa599,70,2,146.72,2.0,2.0,2.0,12.46,3.0,73.36,0,1,0.0,0,train
ce60a50b73f7934a7d4caa92f2f05bbf,121,2,200.29000000000002,2.0,2.0,2.0,36.195,8.0,100.14500000000001,0,1,0.0,1,train
cecc19ff12c206e6368dd1e9c22a848d,269,2,713.9300000000001,2.0,2.0,2.0,34.02,4.0,356.96500000000003,36,2,36.0,0,train
cee4e6509d99d45518c65d26971c1cbb,166,2,221.8,2.0,2.0,2.0,12.955,1.0,110.9,6,2,6.0,1,train
cef29e793e232d30250331804cdb7000,219,2,1846.8600000000001,2.0,2.0,2.0,88.87,1.0,923.4300000000001,77,2,77.0,0,train
cf26c0ed98d29abab5c9fe2643f88d19,276,2,65.54,2.0,2.0,2.0,17.78,1.0,32.77,18,2,18.0,1,train
cf32aeb4e8a323e6499a573ac5c90326,138,2,224.57,3.0,2.0,2.0,17.585,1.5,112.285,38,2,38.0,1,train
cf7d5df4ee5ebe39ed41f0c5c1584b1c,156,2,199.7,2.0,2.0,2.0,15.350000000000001,5.0,99.85,25,2,25.0,1,train
cfb025f193db116549c9c23e4d58e3e3,4,2,112.00999999999999,2.0,2.0,2.0,10.605,3.5,56.004999999999995,0,2,0.0,1,train
cfdaaa0caea59b06efb4b0fb8c700684,303,2,197.49,2.0,2.0,2.0,13.845,1.5,98.745,1,2,1.0,1,train
cfe96f24bd8c36325e0d92e44324cf66,95,2,158.87,2.0,2.0,2.0,16.205,4.0,79.435,0,1,0.0,1,train
d045537cf9bd29e415334af5a6cb8ff5,162,2,231.55,3.0,3.0,2.0,38.875,4.0,115.775,0,1,0.0,1,train
d059a0ec4c911c7abb10602099670325,154,2,276.82,4.0,3.0,3.0,25.385,1.5,138.41,186,2,186.0,1,train
d0813c57df04369487ff42ab24dd0ac7,40,2,106.43,2.0,2.0,2.0,16.08,5.0,53.215,213,2,213.0,1,train
d0af5dec42f3bf160195f5bcb704fd01,122,2,39.34,2.0,2.0,2.0,8.27,1.0,19.67,0,1,0.0,1,train
d0b2f9c9f13d9048969517d02237b432,313,2,72.19999999999999,2.0,2.0,2.0,14.11,2.0,36.099999999999994,5,2,5.0,1,train
d0c8fa169b9f2995d6a1692a0e3aae32,2,2,379.71000000000004,2.0,2.0,2.0,38.97,3.0,189.85500000000002,0,1,0.0,1,train
d0e4eb7f19326cba84b20949f1c90393,21,2,76.93,2.0,2.0,2.0,13.475,3.5,38.465,0,1,0.0,1,train
d1085381045ea6f88be5cc3e14c61e55,224,2,132.07,3.0,3.0,2.0,23.685,1.0,66.035,0,1,0.0,1,train
d2560fea402745a0f20f542f829c6109,202,2,62.67,2.0,2.0,2.0,15.1,2.0,31.335,3,2,3.0,1,train
d270eb25f6d487d94778d358b01c651f,133,2,53.6,2.0,2.0,2.0,10.375,1.5,26.8,65,2,65.0,1,train
d2787622df9fd933c164f7cf696a4e2a,95,2,342.61,2.0,2.0,2.0,31.405,1.0,171.305,0,1,0.0,1,train
d2d3ed262b31f2bb50932fd0b1ab5df7,241,2,309.17,2.0,2.0,2.0,29.61,9.5,154.585,0,1,0.0,1,train
d2ecc28fac1b377eefe7b209a895626a,27,2,1183.46,8.0,3.0,2.0,59.73,7.5,591.73,10,2,10.0,1,train
d2f38262a9f66d15aa9fc2b60ea873d9,212,2,170.47,2.0,2.0,2.0,10.29,1.0,85.235,133,2,133.0,1,train
d3359a56d96666ac0c21bb01e7a61c95,129,2,149.57999999999998,2.0,2.0,2.0,12.31,6.0,74.78999999999999,0,1,0.0,0,train
d375c3a3a6bff030c08c6d4109b3f226,50,2,166.84,2.0,2.0,2.0,15.97,4.0,83.42,119,2,119.0,1,train
d393419796111dfaf317ca354f6c30e6,20,2,96.38,2.0,2.0,2.0,9.94,1.5,48.19,9,2,9.0,1,train
d3efd0ae3bee9c35f302e336aef87b99,266,2,190.93,2.0,2.0,2.0,28.065,3.0,95.465,0,1,0.0,1,train
d44ccec15f5f86d14d6a2cfa67da1975,51,3,352.35,3.0,3.0,3.0,20.516666666666666,3.3333333333333335,117.45,164,3,82.0,1,train
d451891847b64bb4cf9a40e9cfe1c7a2,329,2,809.5699999999999,4.0,4.0,2.0,76.305,10.0,404.78499999999997,0,1,0.0,1,train
d4bfdb188411b1d1fdd0a66e8017e8b4,188,2,301.35,2.0,2.0,2.0,13.225,1.0,150.675,0,1,0.0,1,train
d5419994a02a55d4b7cd00e77fabdbae,25,2,1229.43,2.0,2.0,2.0,44.300000000000004,7.0,614.715,32,2,32.0,1,train
d567f29ec5fa447c99e949f337f3a35c,16,2,164.34,2.0,2.0,2.0,15.725000000000001,1.0,82.17,114,2,114.0,1,train
d56ded4569dd9821b2f83710a56afbde,136,2,189.99,2.0,2.0,2.0,12.5,8.0,94.995,0,1,0.0,1,train
d5f79f616536f08c3946ee6ac810a43a,89,2,168.12,2.0,2.0,2.0,16.945,4.0,84.06,160,2,160.0,1,train
d66f438b3fcdcf22e7224aaeaf525443,37,2,170.34,3.0,3.0,2.0,11.67,1.5,85.17,86,2,86.0,1,train
d753459418d268407f19b64be28e3c5a,360,2,38.24,2.0,2.0,2.0,8.72,1.0,19.12,0,1,0.0,1,train
d7624d219b6ffad980e91412174db310,270,3,87.75,3.0,3.0,3.0,11.22,2.3333333333333335,29.25,0,1,0.0,1,train
d77aa95864ae5b42160937615628723a,124,2,2450.1,2.0,2.0,2.0,25.05,15.0,1225.05,0,1,0.0,1,train
d7a86208b8dd2e697ddf825c386a0402,14,2,279.8,2.0,2.0,2.0,14.004999999999999,1.0,139.9,93,2,93.0,1,train
d7b402c756be57180fa0df36f58d8b7f,174,2,131.17000000000002,2.0,2.0,2.0,15.115,3.0,65.58500000000001,0,1,0.0,1,train
d7b4f3c9c89ba771ef099693c61d7085,18,2,110.63,2.0,2.0,2.0,16.365,1.0,55.315,299,2,299.0,1,train
d7c6335139cb055ed0ce1125ddc788d8,33,2,378.96,3.0,2.0,2.0,21.07,2.0,189.48,155,2,155.0,1,train
d7c6bdf20c4ec9c9cda815dde58e778a,199,2,110.25,2.0,2.0,2.0,15.135,5.0,55.125,0,1,0.0,1,train
d8079e13179a4ba20a2d06c42e713ff9,63,2,191.01,2.0,2.0,2.0,15.559999999999999,1.0,95.505,0,1,0.0,1,train
d815021b4d2400e191b912e96d494b2a,156,2,159.22,2.0,2.0,2.0,14.71,3.0,79.61,0,1,0.0,1,train
d821b0981be9795c42ff1b2dece149cb,7,2,226.6,2.0,2.0,2.0,13.355,6.5,113.3,1,2,1.0,1,train
d87cd982d4b793abe00c75c000c89237,20,2,164.82,2.0,2.0,2.0,16.965,3.0,82.41,0,1,0.0,1,train
d8a89dc47bde7dc0b83a3434cc017ee1,55,2,504.5,2.0,2.0,2.0,34.76,10.0,252.25,241,2,241.0,1,train
d8e4bf349af9df104faeef494ad2c6de,89,2,154.49,2.0,2.0,2.0,17.3,1.0,77.245,28,2,28.0,1,train
d8f979fcfc0ce686f6abf5af5f5217d4,73,2,372.62,2.0,2.0,2.0,43.41,5.0,186.31,160,2,160.0,1,train
d92462d83762d5e5c112bccc344119e6,39,2,156.76,2.0,2.0,2.0,34.93,7.5,78.38,0,1,0.0,1,train
d927267e54f07b9e0fd408d2f840024c,230,2,276.73,2.0,2.0,2.0,17.009999999999998,1.0,138.365,0,1,0.0,1,train
d97b3cfb22b0d6b25ac9ed4e9c2d481b,75,2,1044.13,13.0,7.0,3.0,83.02000000000001,3.0,522.065,0,1,0.0,1,train
d9d038353abdad5717e9d11c1748736d,147,2,148.14,2.0,2.0,2.0,14.17,7.0,74.07,0,1,0.0,1,train
d9e6c750121d4d84ba6f2cdc6cc80008,6,2,155.93,2.0,2.0,2.0,28.470000000000002,1.5,77.965,30,2,30.0,1,train
da0440138fea4368af70b5cb01126a9c,129,2,184.94,2.0,2.0,2.0,14.025,4.0,92.47,0,1,0.0,1,train
da122df9eeddfedc1dc1f5349a1a690c,274,2,7571.63,2.0,2.0,2.0,91.815,10.0,3785.815,0,1,0.0,1,train
da1e7179b9c5a1494d78528cbcf05aa0,52,2,1467.87,2.0,2.0,2.0,33.985,4.0,733.935,173,2,173.0,1,train
da29b8a3970adddb9ed2dc8a492065af,104,2,145.42000000000002,2.0,2.0,2.0,15.26,3.0,72.71000000000001,89,2,89.0,1,train
da2b78576894a7f95d45bfd20250cc54,27,3,408.7,3.0,3.0,3.0,11.516666666666666,6.666666666666667,136.23333333333332,292,3,146.0,1,train
da5bbfd583efb762f6fda762f1aaf4a9,250,2,133.72,2.0,2.0,2.0,14.61,4.5,66.86,96,2,96.0,1,train
da938ecdfde4d90f6c247bfa5233c66a,170,2,235.07,3.0,3.0,2.0,18.075,5.5,117.535,25,2,25.0,1,train
daa7bbf7016cc30bf64f97d1db63e5e6,170,2,83.21000000000001,2.0,2.0,2.0,10.13,1.5,41.605000000000004,0,1,0.0,1,train
daf8072197465eabacb942e6f644585a,141,2,60.510000000000005,2.0,2.0,2.0,9.755,1.0,30.255000000000003,0,1,0.0,1,train
db03954a9a1cc5e71f6e0f73e81a628c,87,3,575.94,3.0,3.0,3.0,30.98,5.0,191.98000000000002,17,3,8.5,1,train
db07fd2ad9869f8356b1fbeefdac31e8,10,2,171.12,4.0,2.0,2.0,15.56,1.0,85.56,4,2,4.0,0,train
db539c729198334582efc7b53c803c79,271,2,100.09,2.0,2.0,2.0,15.6,1.5,50.045,1,2,1.0,1,train
dbdfcd1e9de47452f3c9b0229bc0edc3,83,2,287.8,2.0,2.0,2.0,19.0,5.0,143.9,0,1,0.0,1,train
dc1dac999319e4de0009df7ad0d02104,221,2,125.14,2.0,2.0,2.0,15.17,3.0,62.57,0,1,0.0,1,train
dc450fdb03562a6d52752858f7855348,318,2,526.85,3.0,3.0,2.0,30.025000000000002,7.0,263.425,6,2,6.0,1,train
dc48b0a1b0e6abb6586f322c189f6b93,33,2,193.76999999999998,2.0,2.0,2.0,13.985000000000001,8.0,96.88499999999999,194,2,194.0,1,train
dc813062e0fc23409cd255f7f53c7074,36,5,972.55,10.0,5.0,5.0,59.736000000000004,11.0,194.51,147,5,36.75,1,train
dcae10a371a35e87b7e88b8724a7bbea,74,2,142.66,2.0,2.0,2.0,16.88,1.0,71.33,13,2,13.0,1,train
dcc9c0fd8dbf091ca2965710ef45c16c,162,2,120.51,2.0,2.0,2.0,12.26,1.0,60.255,9,2,9.0,1,train
dcee1e44ded6f1bfc5b4988d771243da,27,2,793.5699999999999,2.0,2.0,2.0,37.835,6.0,396.78499999999997,6,2,6.0,1,train
dd6ca4bccbd21803d32139af5b908fd7,19,2,156.22,2.0,2.0,2.0,15.71,1.0,78.11,89,2,89.0,1,train
dd6e665621eca3de5e37b072f7d50f0c,95,2,193.96,3.0,2.0,2.0,37.23,4.5,96.98,53,2,53.0,1,train
dd8c586651f9232e473ad86cf89c143f,255,2,111.97,2.0,2.0,2.0,14.535,5.0,55.985,0,1,0.0,1,train
de34b16117594161a6a89c50b289d35a,46,3,400.82,3.0,3.0,3.0,9.606666666666667,2.0,133.60666666666665,12,3,6.0,0,train
de7cad0a39eabfa2285ef0b891ef404a,153,2,76.58,2.0,2.0,2.0,9.815,3.5,38.29,0,1,0.0,1,train
dec8632530ce2c58e688e63cbc5105e6,21,2,326.36,2.0,2.0,2.0,20.33,4.0,163.18,119,2,119.0,1,train
df1f61c43368a8ed99dc76b43594fc4b,66,2,241.56,3.0,3.0,2.0,25.43,3.0,120.78,0,1,0.0,1,train
df946ef265626b1e0a425292815ddead,152,3,152.41,3.0,3.0,3.0,7.8133333333333335,1.0,50.803333333333335,10,2,5.0,1,train
df9bd60da4a8f8945d2b862aebd3d418,178,2,94.49,2.0,2.0,2.0,9.755,1.0,47.245,0,1,0.0,1,train
dff41d762e4e7b68b73af7203a429072,128,2,114.0,3.0,2.0,2.0,21.15,1.0,57.0,0,1,0.0,1,train
dff5ff8f411dd1d77875f7e17a3eb512,95,2,144.45999999999998,2.0,2.0,2.0,12.780000000000001,2.0,72.22999999999999,46,2,46.0,1,train
e0233c751408137ec5cdde0c37e6a61a,15,2,295.16,2.0,2.0,2.0,23.085,2.5,147.58,211,2,211.0,1,train
e031118eb65330b4c180522f2743cf51,213,2,280.33,2.0,2.0,2.0,15.265,1.0,140.165,0,1,0.0,1,train
e06e62694cd8ce637a1c3f4a624c647e,123,2,663.88,2.0,2.0,2.0,21.95,3.5,331.94,133,2,133.0,1,train
e079b18794454de9d2be5c12b4392294,200,2,437.78,6.0,6.0,3.0,49.964999999999996,8.0,218.89,0,1,0.0,1,train
e0a435b6106cae0bc42a2cef0565b622,82,2,103.24,2.0,2.0,2.0,8.72,1.0,51.62,57,2,57.0,1,train
e0c99ffdcd8891130985ac90cd2d8eec,96,3,588.71,3.0,3.0,3.0,45.94,1.3333333333333333,196.23666666666668,68,3,34.0,1,train
e0ec2e3c3f6e06839e8fb986be65c7c5,63,2,131.20000000000002,2.0,2.0,2.0,8.61,3.0,65.60000000000001,0,1,0.0,1,train
e11a1b428e150830944b665cb6b2d5da,13,2,421.47,3.0,2.0,2.0,75.75,6.0,210.735,52,2,52.0,1,train
e12f7f1e96f1f9f6361572028a1fad5a,62,3,729.74,3.0,3.0,3.0,16.68,1.0,243.24666666666667,71,3,35.5,1,train
e14705d2e06ab8ee7c665f21c72f874f,44,2,307.43,2.0,2.0,2.0,15.715,1.0,153.715,190,2,190.0,1,train
e1b59a2032b34097d0c1c8d320f40832,28,2,318.41999999999996,2.0,2.0,2.0,19.76,4.0,159.20999999999998,311,2,311.0,1,train
e1cf735f320c9870c2046dbbc634fcec,311,2,157.95,3.0,3.0,2.0,16.490000000000002,1.0,78.975,0,1,0.0,1,train
e2226f481eef03f2876d1a27f0f4b1b0,125,2,711.89,2.0,2.0,2.0,16.495,1.0,355.945,0,1,0.0,1,train
e226254ce0c6d5b7a7ef7218c9b5b518,26,2,244.36,2.0,2.0,2.0,24.78,5.5,122.18,184,2,184.0,0,train
e23daf58ce481f3d38066e654ef610cb,305,2,99.04,2.0,2.0,2.0,14.52,1.5,49.52,15,2,15.0,1,train
e2889baccec81ed3bed4d66c1c675cb2,34,2,221.61,2.0,2.0,2.0,24.205000000000002,5.5,110.805,188,2,188.0,1,train
e2af42f42a86805055a8e71af58ee71e,57,2,108.09,2.0,2.0,2.0,15.1,1.5,54.045,161,2,161.0,1,train
e2c483395f5aa739622936a3e826921d,320,2,710.69,3.0,2.0,2.0,25.494999999999997,8.0,355.345,0,1,0.0,1,train
e2ce734f0bd635b4b82317b5e5fcd152,60,2,160.3,2.0,2.0,2.0,16.205,2.0,80.15,0,1,0.0,1,train
e30b83af13d6ff0b0f427b2a67c43b39,33,3,841.15,5.0,5.0,3.0,25.916666666666668,7.666666666666667,280.3833333333333,312,3,156.0,1,train
e325e139452a1ca05f5a33acedd7d94f,34,2,191.9,2.0,2.0,2.0,11.05,2.0,95.95,0,1,0.0,0,train
e3301490c373db9263c15a73172d0c6f,255,3,443.51,4.0,3.0,3.0,18.576666666666668,10.0,147.83666666666667,21,2,10.5,1,train
e38a9d13896946501404c6d82790728c,20,2,364.16,2.0,2.0,2.0,24.585,4.5,182.08,234,2,234.0,1,train
e395de53a61a2f8fa96ea1ca399c3ff5,105,2,438.92,2.0,2.0,2.0,39.51,9.0,219.46,0,1,0.0,1,train
e3cf594a99e810f58af53ed4820f25e5,105,2,191.61,2.0,2.0,2.0,15.815000000000001,4.5,95.805,10,2,10.0,1,train
e424731f7e9ccc9f3384b8b71378cbf7,128,2,169.98000000000002,3.0,2.0,2.0,20.490000000000002,4.0,84.99000000000001,0,1,0.0,1,train
e44110c2ff342e5bbda6c2224d94bbe6,232,2,617.97,3.0,3.0,2.0,22.635,1.0,308.985,7,2,7.0,1,train
e4419ca71e493f57fce5809d2039e9ba,88,2,116.83,3.0,3.0,3.0,21.02,1.0,58.415,1,2,1.0,1,train
e47e3ecbe9ae12ecbfc5651bd62d7733,27,2,195.74,2.0,2.0,2.0,17.97,1.0,97.87,145,2,145.0,1,train
e4b98eebb8983cade8610c0def59f705,243,3,760.01,4.0,4.0,4.0,25.673333333333332,1.0,253.33666666666667,38,2,19.0,1,train
e53821a413d5b137cd9005b41f09dfe0,72,2,195.25,3.0,3.0,3.0,17.224999999999998,2.5,97.625,13,2,13.0,1,train
e58e049eea2419a34274619f798d0cd4,33,2,362.89,3.0,2.0,2.0,28.995,2.0,181.445,0,1,0.0,1,train
e5bdbd18812e42788e7cbad7058fc0ab,250,2,242.5,2.0,2.0,2.0,19.3,1.0,121.25,80,2,80.0,1,train
e5eed5d0afc1ee8620468918995df9f6,56,2,182.03,2.0,2.0,2.0,21.57,6.0,91.015,0,1,0.0,1,train
e64ab18890c89066fe47f8abbbf180de,204,2,177.91,2.0,2.0,2.0,17.505,4.5,88.955,34,2,34.0,1,train
e65862da4f9f183565831cf7e1cbb7a5,258,2,166.25,2.0,2.0,2.0,11.5,1.0,83.125,5,2,5.0,1,train
e67af1efd445becc5019902668fe3218,195,2,156.07,2.0,2.0,2.0,13.135,1.0,78.035,0,1,0.0,1,train
e68365f0fec5a377bd6f49cb444e453c,88,2,361.02,2.0,2.0,2.0,20.61,1.0,180.51,33,2,33.0,1,train
e68856e8450afe7390b02d1b2bcefb29,37,2,191.47,5.0,2.0,2.0,36.885,5.5,95.735,79,2,79.0,1,train
e69e2b2ce493d7d2307b2588fd1614bd,303,2,243.93,2.0,2.0,2.0,17.47,1.0,121.965,0,1,0.0,1,train
e702e8b7b2a4233b4a1c21f457a1030e,227,2,315.44,2.0,2.0,2.0,30.73,10.0,157.72,0,1,0.0,1,train
e7039843c54c69530bbf70d926baaab6,45,2,388.37,3.0,3.0,2.0,17.939999999999998,2.5,194.185,68,2,68.0,1,train
e73ccd01efa72e05476abdfa25f36208,36,2,227.39,2.0,2.0,2.0,19.7,11.0,113.695,0,1,0.0,1,train
e7688fef5438be571d0c39bbb3e8e998,64,2,72.01,2.0,2.0,2.0,8.56,2.5,36.005,77,2,77.0,1,train
e77723abebdc6d6b95814047f75c2aab,15,2,333.93,3.0,2.0,2.0,21.965,4.5,166.965,14,2,14.0,1,train
e78838df9c44e102b6ac84cc5eea7d5c,327,3,205.96,5.0,5.0,3.0,19.453333333333333,1.0,68.65333333333334,0,1,0.0,1,train
e7aa3fbe88423a0132e45578023bac50,185,2,102.1,2.0,2.0,2.0,21.15,1.0,51.05,0,1,0.0,1,train
e7ba27eaa7692a165b91ba35a41da310,284,2,225.61,4.0,2.0,2.0,36.800000000000004,7.0,112.805,0,1,0.0,1,train
e7e84072c5730f21d38aea4e37d531f0,37,2,73.01,2.0,2.0,2.0,16.51,2.0,36.505,113,2,113.0,1,train
e8569c57efe3adf347b3e92ec04d1f91,67,2,124.74000000000001,2.0,2.0,2.0,15.379999999999999,5.0,62.370000000000005,0,1,0.0,1,train
e87c2e2e5985c5996ec20651a3d50fe7,101,2,375.87,2.0,2.0,2.0,35.935,10.0,187.935,34,2,34.0,1,train
e89bab624ed1d8c75012bf52bacc654c,18,2,131.20000000000002,2.0,2.0,2.0,8.61,4.0,65.60000000000001,0,1,0.0,1,train
e89bf89e2621b5aeb4c181e69a8c6952,167,2,418.51,3.0,3.0,3.0,25.860000000000003,5.0,209.255,14,2,14.0,1,train
e8bab621313ad2a3c0ce8e3a023ff9bb,102,2,492.26,2.0,2.0,2.0,13.129999999999999,3.0,246.13,127,2,127.0,1,train
e8fee231a8a4901e2b0b5a2324eb1405,112,2,115.74000000000001,2.0,2.0,2.0,16.38,1.0,57.870000000000005,28,2,28.0,1,train
e9b87dccd9c326a3325385087eb0150c,87,3,451.83000000000004,4.0,4.0,3.0,24.146666666666665,2.3333333333333335,150.61,133,3,66.5,1,train
ea2a4a14c49ad9a9d64d2b7f91f0c293,84,2,152.48000000000002,2.0,2.0,2.0,12.795,1.0,76.24000000000001,88,2,88.0,1,train
ea4dce18a6994b1e69f0bc8093cfe869,192,2,137.98,3.0,2.0,2.0,21.34,6.0,68.99,0,1,0.0,1,train
eaa604ab9f816252edb7a8d297f932e5,29,2,1432.21,2.0,2.0,2.0,22.105,2.0,716.105,24,2,24.0,1,train
eac6dbc8ecd0a2f08ed8e53d18f0e0d0,110,2,257.52,2.0,2.0,2.0,13.309999999999999,6.0,128.76,214,2,214.0,1,train
ead394416d4f85207932cc124eb145e2,27,2,416.36,2.0,2.0,2.0,17.18,2.5,208.18,33,2,33.0,1,train
eaf8b1aa185199a62be13fe370e82ad1,27,2,99.7,2.0,2.0,2.0,11.85,3.5,49.85,17,2,17.0,1,train
eb28e67c4c0b83846050ddfb8a35d051,104,2,284.56,2.0,2.0,2.0,15.89,2.0,142.28,145,2,145.0,1,train
eb5d7d093a080f6b02d4b1ed626db0ff,296,2,141.63,2.0,2.0,2.0,11.415,2.0,70.815,0,1,0.0,1,train
eb8367e178d144706a4ff3da62d284cb,80,2,112.88,2.0,2.0,2.0,15.945,2.0,56.44,116,2,116.0,1,train
eb89ecac165940c95a05cb77e89a789d,28,2,123.75,2.0,2.0,2.0,11.175,3.5,61.875,200,2,200.0,1,train
eb8ace0670e08632f5fe8977b669530e,39,2,75.92,2.0,2.0,2.0,12.465,2.5,37.96,140,2,140.0,1,train
ebad8517c448bbd20ca1910bf1a33819,64,2,271.53999999999996,2.0,2.0,2.0,17.869999999999997,10.0,135.76999999999998,217,2,217.0,1,train
ec6a85d8bf9c7a514c411a1287643d1d,25,2,560.1800000000001,2.0,2.0,2.0,25.189999999999998,7.5,280.09000000000003,14,2,14.0,1,train
ec7f1811826ab04a27a92197bc40c888,12,4,556.94,5.0,4.0,4.0,17.2625,4.75,139.235,46,4,15.333333333333334,1,train
ec99f30f38afadbfbae32d5883734ded,165,2,125.64,2.0,2.0,2.0,7.83,4.5,62.82,0,1,0.0,1,train
ecb43665c8c390857cabf385d918da87,128,2,207.48000000000002,2.0,2.0,2.0,17.11,3.0,103.74000000000001,0,1,0.0,1,train
ecdbc4bf2201c807294c7d8c4b777032,75,2,1294.09,2.0,2.0,2.0,17.095,4.5,647.045,198,2,198.0,1,train
ed05a1bbf9f8816af23fcc68084bb87d,349,2,509.58000000000004,5.0,2.0,2.0,32.04,1.0,254.79000000000002,0,1,0.0,1,train
ed2e7c127faf8aacf910fb4ecb881966,99,2,159.49,3.0,2.0,2.0,16.395,7.5,79.745,0,1,0.0,1,train
ed7ecb1bd52fef9f35d06b0f09c79539,23,2,103.62,2.0,2.0,2.0,11.41,2.0,51.81,247,2,247.0,1,train
ed873efbae1f165689d2e836f7a45a20,212,2,40.7,2.0,2.0,2.0,8.25,1.0,20.35,35,2,35.0,1,train
edb73fb9e9c6e283badde40e37f5c9e5,31,2,208.85999999999999,3.0,3.0,2.0,17.08,7.5,104.42999999999999,6,2,6.0,1,train
eddc1407b097ef7952deb24806c9059b,87,2,276.72,2.0,2.0,2.0,23.46,1.0,138.36,208,2,208.0,1,train
ee2e40e31211c5c36ebf28b78316542e,233,2,210.43,2.0,2.0,2.0,15.385,7.5,105.215,0,1,0.0,1,train
ee5c5d0ff3ff8e904b5c2b66dd471b01,299,2,454.6,2.0,2.0,2.0,14.350000000000001,5.0,227.3,0,1,0.0,1,train
ee9d97a7d28183a3d93aefb807e48524,139,2,137.96,2.0,2.0,2.0,11.99,4.0,68.98,0,1,0.0,1,train
ef1d0f1922417f396a0aa0a03296c572,37,2,190.75,2.0,2.0,2.0,11.93,1.0,95.375,113,2,113.0,1,train
ef7ccf8e6acbf1ac71af305967e708c3,160,2,294.71999999999997,2.0,2.0,2.0,16.91,1.5,147.35999999999999,9,2,9.0,1,train
ef89c781d27561d99c4b90783fde3c57,9,2,221.93,2.0,2.0,2.0,28.064999999999998,6.0,110.965,5,2,5.0,1,train
f043529722a354cd3f185270e0c6aa15,90,2,66.97,2.0,2.0,2.0,13.535,1.0,33.485,192,2,192.0,1,train
f0996ee6e59d10ac46fd0b9c632e759d,180,2,228.0,3.0,2.0,2.0,24.27,4.0,114.0,0,1,0.0,1,train
f0daba1cfcc18d5a3229e1a911313e3e,234,2,1398.18,3.0,3.0,2.0,27.595,5.5,699.09,16,2,16.0,1,train
f0e310a6839dce9de1638e0fe5ab282a,79,4,445.07,4.0,4.0,4.0,17.317500000000003,2.0,111.2675,145,4,48.333333333333336,0,train
f11821d908830e74ad782532ebed897a,132,3,191.10000000000002,3.0,3.0,3.0,17.77,1.0,63.70000000000001,95,2,47.5,1,train
f1a325803dd4c341c5a946ac84c71973,121,2,351.07000000000005,4.0,4.0,2.0,34.69,1.0,175.53500000000003,122,2,122.0,1,train
f216de65ece42736f341247dcba60ccb,34,2,294.40999999999997,4.0,4.0,3.0,28.905,7.5,147.20499999999998,96,2,96.0,1,train
f2655a0ca53cad79e713d1a21b2328b7,230,2,192.22,2.0,2.0,2.0,13.21,3.0,96.11,0,1,0.0,1,train
f34cd7fd85a1f8baff886edf09567be3,99,4,1236.76,4.0,4.0,4.0,47.44,5.0,309.19,32,2,10.666666666666666,1,train
f37bd405972a0229ec900f3743f5bca6,73,2,94.41,2.0,2.0,2.0,20.630000000000003,3.5,47.205,0,1,0.0,1,train
f3d176999f9c1273045f770712608944,146,2,221.58,3.0,3.0,3.0,18.495,4.5,110.79,21,2,21.0,1,train
f46971f1ac7b376b668114a027c98e78,221,2,337.85,2.0,2.0,2.0,17.525,5.5,168.925,8,2,8.0,1,train
f497801658db70e1b18c76268001e944,13,2,157.35,2.0,2.0,2.0,15.73,1.0,78.675,117,2,117.0,1,train
f4af0b3f627879bf6801db96949b1e71,132,2,342.23,3.0,3.0,2.0,20.215,8.0,171.115,0,1,0.0,1,train
f50ca6544a0ed8a52cc964e15cbe9cf9,82,2,320.64,2.0,2.0,2.0,23.619999999999997,8.0,160.32,0,1,0.0,1,train
f526077dd7bdfdb1a6e10cd6b194b548,98,2,62.0,2.0,2.0,2.0,15.1,2.5,31.0,0,1,0.0,1,train
f5344c7feb209d1e8a9de5d60ed79331,153,2,244.58,3.0,3.0,2.0,19.575,3.0,122.29,0,1,0.0,1,train
f565c1cbc438d2561d40d780f1da28c5,35,2,107.38,2.0,2.0,2.0,16.79,2.5,53.69,32,2,32.0,1,train
f596242db91986b554f25768577cd5be,196,2,731.08,2.0,2.0,2.0,80.545,6.5,365.54,13,2,13.0,1,train
f62d6572c9c25b3796d058d7b833f8b7,204,2,193.94,2.0,2.0,2.0,12.07,4.5,96.97,82,2,82.0,1,train
f63e56138ee7885ffc3b7e56933446e6,112,2,261.1,2.0,2.0,2.0,20.6,4.0,130.55,0,1,0.0,1,train
f64ec6d8dd29940264cd0bbb5ecade8a,40,4,359.0,4.0,4.0,4.0,17.75,4.0,89.75,45,4,15.0,1,train
f79c969a1665f477201e86ae6e036c30,209,2,290.0,2.0,2.0,2.0,18.505000000000003,1.0,145.0,0,1,0.0,1,train
f7ac7452ae241a5a36aaf9542c2428d5,158,2,659.2,3.0,3.0,3.0,66.75,10.0,329.6,0,1,0.0,1,train
f7b62c75467e8ce080b201667cbbc274,450,2,168.05,3.0,2.0,2.0,34.45,3.0,84.025,0,2,0.0,1,train
f7b981e8a280e455ac3cbe0d5d171bd1,360,2,39.24,2.0,2.0,2.0,8.72,1.0,19.62,12,2,12.0,1,train
f7be9bec658c62ab6240b44cd26c0b84,360,2,38.24,2.0,2.0,2.0,8.72,1.0,19.12,0,1,0.0,1,train
f7d2fc6f0a2778f53d2a6bfc27bd0e8c,73,2,370.19000000000005,2.0,2.0,2.0,22.195,1.5,185.09500000000003,155,2,155.0,1,train
f7d319c00224031393f1ba82343db3d6,34,2,115.36,2.0,2.0,2.0,7.78,1.0,57.68,19,2,19.0,1,train
f7f7c86a6751896d012ebbe10e3fc6f3,32,2,99.75,2.0,2.0,2.0,13.475,1.0,49.875,15,2,15.0,1,train
f801278dc42ce9d4773cb91ad0e21ab8,344,2,129.79000000000002,2.0,2.0,2.0,21.495,4.5,64.89500000000001,0,1,0.0,1,train
f804ed90360900357b6db9d7635d275d,225,2,630.37,2.0,2.0,2.0,15.285,10.0,315.185,19,2,19.0,1,train
f8308de7370e6293120c537a031f4cff,70,2,225.63,2.0,2.0,2.0,17.915,1.0,112.815,14,2,14.0,1,train
f87108f2ff59f6cbc898ca230483c0ab,46,2,120.43,2.0,2.0,2.0,12.27,1.5,60.215,121,2,121.0,1,train
f8777c0c5c96632fe9ded01856cb8c82,79,2,435.56000000000006,2.0,2.0,2.0,51.665,1.0,217.78000000000003,0,1,0.0,1,train
f92fd2c87375f957ece022972b16849b,26,2,222.8,2.0,2.0,2.0,17.905,6.0,111.4,114,2,114.0,1,train
f93ea08ded32a5b926f9dd98c1dbd61d,218,2,934.6600000000001,4.0,3.0,2.0,32.43,10.0,467.33000000000004,0,1,0.0,1,train
f944ee56d8467517955c2ddc7b0d486a,60,2,307.7,2.0,2.0,2.0,20.25,1.5,153.85,107,2,107.0,1,train
f99fa0c7b369bde9c53edc9e6f6c4a58,37,2,104.74,2.0,2.0,2.0,11.375,1.0,52.37,0,1,0.0,1,train
f9ae226291893fda10af7965268fb7f6,295,2,521.0699999999999,3.0,2.0,2.0,30.685000000000002,2.0,260.53499999999997,1,2,1.0,1,train
fa0cf5b25732a933725b83d2f716000a,109,2,113.49000000000001,2.0,2.0,2.0,9.755,5.5,56.745000000000005,0,1,0.0,1,train
fafbc4ecb15933633821dfd530c9263b,224,2,364.21000000000004,2.0,2.0,2.0,17.155,10.0,182.10500000000002,0,1,0.0,1,train
fb4accbcbcd54672a8a8b195d9ff0ec8,137,2,173.62,2.0,2.0,2.0,34.17,1.5,86.81,22,2,22.0,1,train
fb5e89c121d9569d1a58e0afb54da971,110,2,142.46,2.0,2.0,2.0,14.24,6.5,71.23,0,1,0.0,1,train
fbdd85f919749a8e7a1290c6452024e3,194,2,160.34,3.0,3.0,2.0,11.67,3.0,80.17,15,2,15.0,1,train
fc685f5d020dbc22ef7dae7822f336dc,114,2,145.75,2.0,2.0,2.0,16.925,1.5,72.875,2,2,2.0,1,train
fc719c11b4dce594f47e1f9aa739a3a2,5,3,273.1,5.0,5.0,4.0,17.37,7.666666666666667,91.03333333333335,40,3,20.0,1,train
fccfbf734a92029859c4fe58eff05114,277,2,333.17,2.0,2.0,2.0,17.595,5.5,166.585,57,2,57.0,1,train
fd09c64a101e3eff4adbca1b28552514,15,2,88.72,2.0,2.0,2.0,12.61,3.0,44.36,121,2,121.0,1,train
fd47af963b760f05fbc357474509905e,89,2,142.28,2.0,2.0,2.0,14.15,2.5,71.14,19,2,19.0,1,train
fda3a3eb3370c1295a4fc3f6cd3d7604,118,2,113.74000000000001,2.0,2.0,2.0,15.379999999999999,1.0,56.870000000000005,0,1,0.0,1,train
fdb1f3e0dd15b657acc64314ce89688f,138,2,184.32999999999998,3.0,2.0,2.0,22.175,3.0,92.16499999999999,21,2,21.0,1,train
fdb2f8a871f180fefdf3ba06bf7ab179,208,2,322.43,2.0,2.0,2.0,16.27,8.0,161.215,0,1,0.0,1,train
fdb47f6659321662dce6524a8c629d0b,25,2,407.56,2.0,2.0,2.0,13.46,4.0,203.78,0,1,0.0,1,train
fe59d5878cd80080edbd29b5a0a4e1cf,131,3,185.09,3.0,3.0,3.0,19.103333333333335,2.0,61.696666666666665,75,3,37.5,1,train
fe613188d4d20ea3e3dc1290549c3ad1,41,2,196.2,2.0,2.0,2.0,14.155000000000001,3.0,98.1,0,1,0.0,1,train
fe81bb32c243a86b2f86fbf053fe6140,61,2,127.56,2.0,2.0,2.0,7.78,1.0,63.78,9,2,9.0,0,train
fed2005ccab4fcf1a40ebdaff032a148,197,2,101.1,3.0,3.0,2.0,20.240000000000002,1.0,50.55,0,1,0.0,1,train
ff44401d0d8f5b9c54a47374eb48c1b8,226,2,68.0,2.0,2.0,2.0,14.1,1.0,34.0,0,1,0.0,1,train
ff8892f7c26aa0446da53d01b18df463,35,2,330.14,2.0,2.0,2.0,26.095,8.0,165.07,186,2,186.0,1,train
ff922bdd6bafcdf99cb90d7f39cea5b3,108,3,139.6,3.0,3.0,3.0,14.936666666666667,2.0,46.53333333333333,204,3,102.0,1,train
ffe254cc039740e17dd15a5305035928,273,2,80.12,2.0,2.0,2.0,14.52,2.0,40.06,0,1,0.0,1,train
004288347e5e88a27ded2bb23747066c,76,2,354.37,2.0,2.0,2.0,18.240000000000002,2.0,177.185,170,2,170.0,1,test
00cc12a6d8b578b8ebd21ea4e2ae8b27,375,2,126.2,2.0,2.0,2.0,13.2,1.0,63.1,0,1,0.0,1,test
011b4adcd54683b480c4d841250a987f,44,2,236.3,3.0,2.0,2.0,26.435,8.0,118.15,176,2,176.0,1,test
013f4353d26bb05dc6652f1269458d8d,123,2,356.39,3.0,2.0,2.0,39.745000000000005,3.0,178.195,3,2,3.0,1,test
015557c9912277312b9073947804a7ba,334,2,315.12,2.0,2.0,2.0,12.61,2.0,157.56,38,2,38.0,1,test
01886ef98f995e4f2dd75a1d04c97397,22,2,75.31,2.0,2.0,2.0,17.025,2.0,37.655,101,2,101.0,1,test
01a22e2079ea71e17313b88e5811e54a,68,2,165.34,3.0,3.0,2.0,11.67,1.0,82.67,0,1,0.0,1,test
01c289bb06354cdc7e6549570f20ada4,95,2,242.5,3.0,3.0,2.0,51.260000000000005,2.0,121.25,206,2,206.0,1,test
02168ea18740a0fdaaa15f11bebba5db,173,2,264.04,4.0,2.0,2.0,32.22,1.0,132.02,50,2,50.0,1,test
027803eb28cc01fbdf5da72b109fabee,165,2,101.43,2.0,2.0,2.0,18.22,3.0,50.715,0,1,0.0,1,test
029b457bd01199c39136f89e0eddcd3a,86,2,347.55,2.0,2.0,2.0,34.775000000000006,1.0,173.775,235,2,235.0,1,test
02b20b7c813efede140142ac610e36dc,12,2,194.57,2.0,2.0,2.0,10.84,2.0,97.285,0,1,0.0,1,test
02e4c56fefa30628768ffe326d332e2f,79,2,96.63,2.0,2.0,2.0,16.325000000000003,4.5,48.315,287,2,287.0,1,test
02fbe4db886eb98774c8ba300d39fa79,42,2,192.63,2.0,2.0,2.0,15.315000000000001,1.0,96.315,0,1,0.0,1,test
031ea691b99fc101dcad357d1a83573f,264,2,73.04,2.0,2.0,2.0,8.025,2.0,36.52,55,2,55.0,1,test
0333b2fc6ba7014702e08ef613850270,145,2,93.0,3.0,2.0,2.0,21.15,1.5,46.5,73,2,73.0,1,test
0396c443fdda5498c7e9ed5b34871c5a,330,2,120.84,2.0,2.0,2.0,17.475,1.0,60.42,0,1,0.0,1,test
03dabd77cb0ed7a26fafe19e36b67742,320,2,99.44999999999999,2.0,2.0,2.0,25.235,1.0,49.724999999999994,33,2,33.0,1,test
041caba6a63ace5818387698ea85cdb2,134,2,81.67999999999999,2.0,2.0,2.0,11.345,1.0,40.839999999999996,246,2,246.0,0,test
043aee247e71edff7045664609f4d806,257,2,405.40999999999997,3.0,2.0,2.0,22.88,3.0,202.70499999999998,117,2,117.0,1,test
0451ef5a31cea3e14ce02d768d7c9943,286,2,387.39,2.0,2.0,2.0,20.955,5.0,193.695,65,2,65.0,1,test
0488328f0b499963e32a37fa42a20ca0,205,2,384.16999999999996,2.0,2.0,2.0,17.634999999999998,10.0,192.08499999999998,6,2,6.0,1,test
048dbdf8f9bbd1be87b25868d1408311,145,2,178.95,2.0,2.0,2.0,17.025,1.0,89.475,19,2,19.0,1,test
04be500031efe43d2defff8c41810543,58,2,255.79000000000002,2.0,2.0,2.0,18.445,4.0,127.89500000000001,25,2,25.0,1,test
04d3c2795b83634312bf3f86f41f7901,235,2,596.39,2.0,2.0,2.0,19.2,2.0,298.195,60,2,60.0,1,test
04e495a3f45df8b41be2e934bbc16961,67,2,199.76,2.0,2.0,2.0,19.435000000000002,3.0,99.88,258,2,258.0,1,test
04fc637963fe982dd25ac58e4f4770c1,6,2,127.59,2.0,2.0,2.0,19.32,1.0,63.795,0,1,0.0,1,test
053b7090271ed4dacbfe0afd6382bbab,184,2,115.49,5.0,2.0,2.0,22.814999999999998,3.0,57.745,59,2,59.0,1,test
053f7850c3ffd9726cff61c7e42af797,275,2,61.54,2.0,2.0,2.0,9.27,1.0,30.77,0,1,0.0,1,test
05669445931c028d97b7c0637b5a2359,175,2,210.78,2.0,2.0,2.0,15.39,2.0,105.39,41,2,41.0,1,test
059d1f5650f05d9fed9a6d941593f9b4,13,2,131.94,2.0,2.0,2.0,15.985,4.0,65.97,74,2,74.0,1,test
05e52c1f96f8b83dd66dcdce679ff58d,250,2,239.16,2.0,2.0,2.0,14.579999999999998,8.5,119.58,71,2,71.0,1,test
05edb10f73fe7d03959ff26540913b3a,87,2,231.49,2.0,2.0,2.0,15.544999999999998,2.5,115.745,147,2,147.0,1,test
05ef855308303397f1427f29470bb6ab,12,2,87.5,2.0,2.0,2.0,21.805,3.0,43.75,45,2,45.0,1,test
060f9ea0a180843fb91d4923b6d01bea,21,2,628.63,2.0,2.0,2.0,25.915,9.0,314.315,0,1,0.0,1,test
0621c2a5979d3e887ae519620cbe2926,233,2,514.49,3.0,3.0,2.0,23.395,1.0,257.245,61,2,61.0,1,test
065938485846aa5adc196cb536de42e0,36,2,442.19,2.0,2.0,2.0,28.645000000000003,6.5,221.095,261,2,261.0,1,test
065dcef61d5f66b30d2ee51b5343d023,121,2,188.51999999999998,2.0,2.0,2.0,11.809999999999999,5.5,94.25999999999999,230,2,230.0,1,test
06a52782a04f0086d16b9c22d0e29438,329,3,153.32999999999998,3.0,3.0,3.0,16.11,1.0,51.10999999999999,0,1,0.0,1,test
0710e0c85fe7cb494d624e0863782e46,10,2,239.24,2.0,2.0,2.0,22.47,1.0,119.62,0,1,0.0,1,test
071fb07419a29c8ba143831082e0320a,80,2,475.11,2.0,2.0,2.0,12.629999999999999,6.0,237.555,299,2,299.0,1,test
07342638d0e0aad32c3cf0efc1a37ba5,185,2,619.38,4.0,2.0,2.0,34.8,1.0,309.69,39,2,39.0,1,test
0751ebe1c05ef7a632934adae06c6d4a,251,2,188.79,2.0,2.0,2.0,17.945,1.0,94.395,51,2,51.0,1,test
075c38f7a650b0dc822712c7a58e93d4,163,2,126.02000000000001,2.0,2.0,2.0,15.11,6.0,63.010000000000005,0,1,0.0,1,test
076b7055bea51da430d6a6fa054e5075,295,2,113.96000000000001,2.0,2.0,2.0,13.03,1.0,56.980000000000004,0,1,0.0,1,test
07abcea6f64399366559afee336a7fd2,26,2,198.49,2.0,2.0,2.0,14.32,3.0,99.245,0,1,0.0,1,test
07b1b60bca2b6326fa2adb259ea4a55f,1,2,170.3,3.0,3.0,2.0,22.9,1.5,85.15,3,2,3.0,0,test
07b28cf1d8515d08ccca505e273fffaf,372,2,637.01,2.0,2.0,2.0,16.560000000000002,10.0,318.505,0,1,0.0,1,test
07f61caa1c9e850c14e94854cec87545,238,2,99.41,2.0,2.0,2.0,9.305,2.0,49.705,0,1,0.0,1,test
0802a1a217680f13264a70ddb7220823,407,2,192.7,2.0,2.0,2.0,17.85,1.0,96.35,10,2,10.0,1,test
083ca1aa470c280236380973a48f77c6,227,3,214.97,3.0,3.0,3.0,26.03,6.666666666666667,71.65666666666667,19,3,9.5,1,test
089bc915af34d9041b3a88a1aa84292b,76,2,123.47,2.0,2.0,2.0,15.16,3.0,61.735,60,2,60.0,1,test
08c07c761592a71b85136aa4fe76a6f4,64,2,214.14,2.0,2.0,2.0,17.07,2.5,107.07,168,2,168.0,0,test
08f7cf00ed9ff3e0a08fc136ec272974,211,2,355.84000000000003,5.0,2.0,2.0,40.625,1.0,177.92000000000002,0,1,0.0,1,test
0942eedfe0e865b2a80419a14672286f,69,2,244.23,2.0,2.0,2.0,22.215,1.0,122.115,347,2,347.0,1,test
096e351116755fe4c3c1e48eaf301a41,319,2,217.49,2.0,2.0,2.0,10.845,1.0,108.745,0,1,0.0,1,test
0981a271500799427cdf345e9121e20b,348,2,162.28,2.0,2.0,2.0,16.15,8.0,81.14,13,2,13.0,1,test
09831ff6ab667f42521bcd4c22dc755c,6,2,317.83,3.0,2.0,2.0,25.265,1.5,158.915,8,2,8.0,1,test
0994750c9c22a140010ed86aad2d044b,33,2,175.41000000000003,2.0,2.0,2.0,16.595,5.5,87.70500000000001,21,2,21.0,1,test
09ab36a420b5c87c5c9772bdb494f2e3,35,2,222.56,2.0,2.0,2.0,27.58,7.5,111.28,0,1,0.0,1,test
09bc7afc3e8d8dccaffd0b16944a91fe,242,2,609.87,3.0,3.0,2.0,35.085,2.0,304.935,174,2,174.0,1,test
09d74edf20acb4f9523fb1cf19a18456,26,2,312.49,2.0,2.0,2.0,18.535,1.0,156.245,109,2,109.0,1,test
09d7c538023c2c4fb0553c831c12f084,313,2,846.12,2.0,2.0,2.0,106.065,15.0,423.06,0,1,0.0,1,test
0a5df23b922b9998bb7378f1ac03c98a,183,2,193.82999999999998,2.0,2.0,2.0,11.925,1.0,96.91499999999999,0,1,0.0,1,test
0a609db8d244100909a15d65eadf8539,164,3,501.15999999999997,4.0,4.0,4.0,21.093333333333334,4.0,167.0533333333333,71,2,35.5,1,test
0a61b571f594b6919601bcf3380da7f7,78,3,518.02,3.0,3.0,3.0,27.409999999999997,7.333333333333333,172.67333333333332,154,2,77.0,1,test
0aa1ab39ff2b837c05d7c9ff85b6d983,20,2,211.2,3.0,3.0,2.0,26.400000000000002,6.0,105.6,64,2,64.0,1,test
0aadc1d26d1c8b88a52c39a533ccea93,123,2,1218.6999999999998,6.0,2.0,2.0,60.370000000000005,10.0,609.3499999999999,230,2,230.0,1,test
0abee71cd257861a0944e2a81cea4a50,125,2,423.86,4.0,4.0,2.0,32.129999999999995,1.5,211.93,258,2,258.0,1,test
0ac10a57d07e3d38b11f66283c44672b,302,2,209.66,2.0,2.0,2.0,14.885,2.0,104.83,0,1,0.0,1,test
0b18593e033697810a62a987e77f4b8c,18,3,190.96,3.0,3.0,3.0,17.086666666666666,1.0,63.653333333333336,283,3,141.5,1,test
0b3dc7efaafb0cf78a4796d42fa8d74c,246,2,620.06,2.0,2.0,2.0,15.579999999999998,3.0,310.03,296,2,296.0,1,test
0b402d6dd50694a118c642448e2cb086,125,2,230.84,2.0,2.0,2.0,25.43,3.5,115.42,216,2,216.0,1,test
0b6d4f036c07e10854affe43fc4e718c,9,2,227.10999999999999,3.0,3.0,2.0,19.485,2.0,113.55499999999999,0,1,0.0,1,test
0b8ed32525608a907c7331b613b5b67e,121,2,99.87,2.0,2.0,2.0,12.015,1.0,49.935,0,1,0.0,1,test
0bc9c245cd69735af23eefdd89d74e7e,199,2,210.8,2.0,2.0,2.0,15.45,5.5,105.4,69,2,69.0,1,test
0bdb6ad22574bad5202df1e92a9aa403,44,2,168.99,2.0,2.0,2.0,12.004999999999999,2.0,84.495,0,1,0.0,1,test
0be7af6c16fbca7eff244788f89146a3,5,2,309.24,2.0,2.0,2.0,28.17,6.0,154.62,0,1,0.0,1,test
0bf1278577a2acf8532a031d98cd517c,107,2,284.6,2.0,2.0,2.0,18.275,5.5,142.3,66,2,66.0,1,test
0c4c416f1f9844e6805b074f8f96f52c,231,2,174.48,2.0,2.0,2.0,15.25,2.5,87.24,14,2,14.0,1,test
0c8286526be3a0fc8f50b7267db95035,1,2,345.52,4.0,2.0,2.0,35.51,6.5,172.76,335,2,335.0,1,test
0c8ac932c65f67489929f9164a86606d,163,2,306.53999999999996,2.0,2.0,2.0,17.32,3.0,153.26999999999998,45,2,45.0,1,test
0c9abfaffa0ae7587cebfdf0d680e3b7,53,2,80.2,2.0,2.0,2.0,15.1,1.0,40.1,144,2,144.0,1,test
0cbcf91ef2dd6dfcce9ee63c8772dc97,228,2,196.18,2.0,2.0,2.0,12.115,2.0,98.09,0,1,0.0,1,test
0cc2ee1112a11a1094eff52fa2e87150,179,3,839.62,3.0,3.0,3.0,26.606666666666666,3.0,279.87333333333333,141,2,70.5,1,test
0cf46588cd3f5a23002166b5a1945820,163,2,273.0,2.0,2.0,2.0,16.6,10.0,136.5,34,2,34.0,1,test
0cfd915db480acd7d9a954409cabfb1c,220,2,118.15,2.0,2.0,2.0,15.675,4.5,59.075,8,2,8.0,1,test
0d4644eff058d75937ca1eec574bf87d,121,2,230.75,2.0,2.0,2.0,17.93,4.0,115.375,68,2,68.0,1,test
0d52f8cd8892f109a15803df169113b6,48,2,174.3,2.0,2.0,2.0,15.25,1.0,87.15,0,1,0.0,1,test
0d57344e9e4e9d16dc699cb417e50cb0,130,2,268.77,3.0,2.0,2.0,19.634999999999998,1.0,134.385,3,2,3.0,1,test
0d997d092f93b5c58d0f9b4bd0643d16,120,2,132.24,2.0,2.0,2.0,8.72,4.5,66.12,5,2,5.0,1,test
0dd933d1e0253343083013791bf5d5e9,127,2,204.9,2.0,2.0,2.0,21.0,5.0,102.45,164,2,164.0,1,test
0ddba04798f1c085d0ca93af0e91f6c1,45,2,168.06,2.0,2.0,2.0,12.629999999999999,2.0,84.03,0,1,0.0,1,test
0df55f5accedda71bda8f4c7f590951f,45,2,501.44,3.0,2.0,2.0,43.32,5.0,250.72,72,2,72.0,1,test
0e06af8004ffd01a3461e768f9f659aa,132,2,495.53,2.0,2.0,2.0,33.765,3.0,247.765,75,2,75.0,1,test
0e37a80826485260170d428b06df0ab6,200,2,344.09,2.0,2.0,2.0,32.099999999999994,2.0,172.045,0,1,0.0,1,test
0e3c753956e35026b965d9ac3590c5af,235,2,314.12,2.0,2.0,2.0,19.384999999999998,9.0,157.06,0,1,0.0,1,test
0e4cb268bd62da7db135af6349b4fc2a,127,3,195.46,3.0,3.0,3.0,12.49,1.0,65.15333333333334,0,1,0.0,1,test
0e730550dfc5d7f1cea73484bb2e0249,25,2,199.42000000000002,2.0,2.0,2.0,20.26,2.0,99.71000000000001,12,2,12.0,1,test
0ea353565cdde00e1d8352a08290a352,218,2,292.76,2.0,2.0,2.0,28.98,1.0,146.38,185,2,185.0,1,test
0ecc403ec5d6ce000fd84f00cd5efb0a,121,2,312.43,2.0,2.0,2.0,12.215,1.0,156.215,0,1,0.0,1,test
0ecf7f65b5ff3b9e61b637e59f495e0a,537,2,180.82,4.0,2.0,2.0,27.064999999999998,7.5,90.41,0,1,0.0,1,test
0f0b49d45120fcb28bda56e94bc85673,52,2,812.72,2.0,2.0,2.0,16.36,15.0,406.36,0,1,0.0,1,test
0f0e48a91c9c285404572b095bcb373c,254,2,204.54000000000002,2.0,2.0,2.0,22.825,1.5,102.27000000000001,112,2,112.0,1,test
0f10d99ee99ca3d0489f2f2169b41ec3,30,2,207.09,2.0,2.0,2.0,17.045,3.0,103.545,0,1,0.0,1,test
0f187f58097c5431d5244e1fe1383884,83,2,151.27,3.0,2.0,2.0,19.294999999999998,2.0,75.635,120,2,120.0,1,test
0f38a44168ec569a3f783ebf98d79095,129,2,119.88,2.0,2.0,2.0,15.945,2.0,59.94,0,1,0.0,1,test
0f5ac8d5c31de21d2f25e24be15bbffb,124,2,1544.8200000000002,18.0,2.0,2.0,146.23499999999999,5.5,772.4100000000001,3,2,3.0,1,test
0f6371fc9c2e78818a6e7aa33022a506,63,2,151.41,2.0,2.0,2.0,12.71,3.0,75.705,0,1,0.0,1,test
0f9349a9da479b7e02c4cb4a0c73fb47,48,2,91.4,3.0,2.0,2.0,18.51,4.0,45.7,305,2,305.0,1,test
0fd39b61ec94864f92e18e5d7144bc6c,5,2,342.1,3.0,3.0,3.0,34.05,7.0,171.05,139,2,139.0,1,test
0fd475edfa0b61c59ecde6f89c21dedb,94,2,334.74,4.0,2.0,2.0,57.57,1.0,167.37,133,2,133.0,1,test
0ffc908947e1f0c9f17647058b9a58c2,272,2,477.68,2.0,2.0,2.0,28.845,1.0,238.84,16,2,16.0,1,test
100f480d33281b45b97c07395968e56c,188,2,175.28,2.0,2.0,2.0,17.74,1.0,87.64,0,1,0.0,1,test
1015173479527a15ccb63606a74f404e,207,2,371.85,2.0,2.0,2.0,20.03,8.0,185.925,0,2,0.0,1,test
10867a902e32dd54061b2cda9c55b0b6,33,2,253.72000000000003,2.0,2.0,2.0,17.205,3.0,126.86000000000001,0,1,0.0,1,test
10a4b9f45f67e6bc9ca4032b9203272c,36,2,135.07,2.0,2.0,2.0,11.885,5.0,67.535,0,1,0.0,1,test
10b58cbd6607267fd41812614367439e,83,2,323.96,2.0,2.0,2.0,17.055,3.0,161.98,342,2,342.0,1,test
10bf8afdd66da75c386fbacf04c85710,8,2,449.0,3.0,2.0,2.0,29.65,1.5,224.5,52,2,52.0,1,test
1118a7bb7ba893f10740e22a23aa5bd9,74,2,88.42,2.0,2.0,2.0,14.605,2.0,44.21,158,2,158.0,1,test
1118bbd6c82a824ebc677b12e525864f,154,2,537.72,2.0,2.0,2.0,28.96,8.0,268.86,0,1,0.0,1,test
11395124061744bf276aefd8073f3105,174,2,125.75,2.0,2.0,2.0,16.925,3.0,62.875,0,1,0.0,1,test
1175e95fb47ddff9de6b2b06188f7e0d,72,2,83.19,2.0,2.0,2.0,14.1,1.0,41.595,0,1,0.0,1,test
118be57d1b7de439453a0c6625ad7934,224,2,87.38,2.0,2.0,2.0,16.29,2.5,43.69,6,2,6.0,1,test
1197ba886110324a1519fff17dd8d1d2,222,2,118.1,2.0,2.0,2.0,21.65,3.5,59.05,13,2,13.0,1,test
11b47516f8f6a42105b9807903ede333,39,2,235.3,3.0,3.0,3.0,23.835,7.0,117.65,285,2,285.0,1,test
11ebea68a1046fa3268cb278df2c4f31,109,2,254.59,2.0,2.0,2.0,18.345,6.0,127.295,0,1,0.0,1,test
120a6e1875940fe48a44d6cf30706230,132,2,495.7,2.0,2.0,2.0,18.85,10.0,247.85,0,1,0.0,1,test
121b5a0ae9d09a2ca5e8090fd2a00a58,343,2,146.26999999999998,2.0,2.0,2.0,14.684999999999999,3.5,73.13499999999999,51,2,51.0,1,test
1225c9614c5129a3085416d30d50e143,24,2,392.28,2.0,2.0,2.0,16.14,12.5,196.14,0,1,0.0,1,test
12328d63390726821fdcd8e8b77f10b5,123,2,166.39,2.0,2.0,2.0,18.295,7.5,83.195,0,1,0.0,1,test
125740359669fa63858476105a5d523d,250,2,584.56,3.0,2.0,2.0,67.43,1.0,292.28,137,2,137.0,1,test
1291474366a550ebc251d9187e763d62,272,2,156.85,2.0,2.0,2.0,10.5,2.0,78.425,112,2,112.0,1,test
12ab9334b1240d6d037f2b0102a49571,108,2,1297.47,3.0,2.0,2.0,31.775,1.0,648.735,0,1,0.0,1,test
12b62a8d3c4911b9a80b935037842fc0,144,2,210.62,2.0,2.0,2.0,10.815,4.0,105.31,0,1,0.0,1,test
12c54f6dfd4b723a6c76c4c989494422,191,2,322.49,2.0,2.0,2.0,26.345,3.0,161.245,49,2,49.0,1,test
12d8b5ed661190a3a08183644dfc504d,18,3,710.47,4.0,4.0,4.0,40.809999999999995,6.0,236.82333333333335,351,3,175.5,0,test
12f5d6e1cbf93dafd9dcc19095df0b3d,450,6,110.72,6.0,6.0,6.0,8.72,1.0,18.453333333333333,0,1,0.0,1,test
131b8a51429529f4e57e8faa1b87ff4f,358,2,141.70999999999998,2.0,2.0,2.0,8.855,1.0,70.85499999999999,0,1,0.0,1,test
133e20311ec257bda38f1798250d38c5,327,2,782.4300000000001,2.0,2.0,2.0,61.315,5.5,391.21500000000003,5,2,5.0,1,test
13607978e0686d841deb64954c023495,86,2,119.87,3.0,2.0,2.0,26.445,2.0,59.935,179,2,179.0,1,test
13613cae6e3bfea8327a916246c96cc9,96,2,114.75,2.0,2.0,2.0,10.43,1.0,57.375,0,1,0.0,1,test
1372bab98f9966bcd4a6fa3e6df6dde8,75,2,245.29000000000002,2.0,2.0,2.0,12.745000000000001,1.0,122.64500000000001,147,2,147.0,1,test
13abc50b97af7425b5066e405d7cd760,328,2,148.31,2.0,2.0,2.0,26.705000000000002,1.5,74.155,6,2,6.0,1,test
13aec51202205c662b24202760e93a92,423,2,100.46000000000001,2.0,2.0,2.0,17.78,4.5,50.230000000000004,0,1,0.0,1,test
1412559410af5e92c35e053fd6acd006,60,2,197.16000000000003,2.0,2.0,2.0,11.379999999999999,4.0,98.58000000000001,0,1,0.0,1,test
142575266950512b56af193f3962270a,42,2,254.38,2.0,2.0,2.0,28.740000000000002,3.5,127.19,161,2,161.0,1,test
1477c54a1abe3610e3e9ab411801cecb,168,2,258.67,2.0,2.0,2.0,14.435,3.0,129.335,21,2,21.0,1,test
14843983d4a159080f6afe4b7f346e7c,29,2,77.8,2.0,2.0,2.0,15.1,3.0,38.9,0,1,0.0,1,test
149c19901ddcd1057deaabc003004a12,215,2,439.44,3.0,3.0,3.0,39.735,2.0,219.72,0,1,0.0,1,test
14a188558af6cd5bc222ca773d395a7f,24,2,245.14999999999998,2.0,2.0,2.0,21.125,3.5,122.57499999999999,40,2,40.0,1,test
155af62b6c947689a67af5c16acd5c55,45,2,463.72,2.0,2.0,2.0,21.96,1.5,231.86,65,2,65.0,1,test
158ff08f9b1aeebfa96820580f3877a6,59,2,305.76,3.0,2.0,2.0,23.03,1.0,152.88,0,1,0.0,1,test
1590457b4be348b165ff7030a6f94dce,269,2,177.75,2.0,2.0,2.0,9.425,3.0,88.875,113,2,113.0,1,test
159306b86e782097be9a4e29e3d294d3,71,2,157.47,2.0,2.0,2.0,15.745000000000001,7.5,78.735,0,1,0.0,1,test
15a38a0c1bf789e06ec42d24e485e794,76,2,231.88,3.0,2.0,2.0,23.09,1.0,115.94,171,2,171.0,1,test
15eb6c5aa4aa23cbdb42e119220d23ec,163,2,436.88,2.0,2.0,2.0,22.939999999999998,10.0,218.44,26,2,26.0,1,test
1605a6c5d93d3488fb621c5323930795,375,2,614.72,5.0,2.0,2.0,61.010000000000005,1.0,307.36,0,1,0.0,1,test
161b2eb506dd664bb5d23dc701a14b59,255,2,314.39,2.0,2.0,2.0,27.745,8.0,157.195,0,1,0.0,1,test
1647c6dc2941bd075dc5dd3448807bed,223,2,239.62,3.0,2.0,2.0,22.81,2.0,119.81,2,2,2.0,1,test
164ba50c15bd1157975375a75bbde58e,314,2,95.1,2.0,2.0,2.0,15.1,1.0,47.55,0,1,0.0,1,test
1650819cd492bbf4b9d189c7d4126475,71,2,362.84000000000003,2.0,2.0,2.0,47.47,1.0,181.42000000000002,73,2,73.0,1,test
165d93a9d1da194b47da42c9cf810ebd,209,2,604.79,2.0,2.0,2.0,13.525,13.5,302.395,78,2,78.0,1,test
16a909e83380bb2ae4676ca69ac30886,26,2,243.54,2.0,2.0,2.0,16.869999999999997,8.0,121.77,211,2,211.0,1,test
16bd767d18bf82bb09fc51520f7ea5ab,117,2,131.42,2.0,2.0,2.0,8.72,2.0,65.71,48,2,48.0,1,test
16c8e42089546fde55ed3caa46478e7a,1,2,176.13,2.0,2.0,2.0,24.064999999999998,7.0,88.065,139,2,139.0,1,test
175b8225bdd99e95a64e07a6c06e8746,64,2,425.24,2.0,2.0,2.0,15.219999999999999,10.0,212.62,6,2,6.0,1,test
177c725937ae5f96171bb8b43f196dfa,337,2,220.32999999999998,2.0,2.0,2.0,26.265,2.0,110.16499999999999,39,2,39.0,1,test
178a58ded2b9be43b90300e0e0e8e66c,141,2,163.85,2.0,2.0,2.0,16.475,1.5,81.925,34,2,34.0,1,test
179f496c6c02a7640d09f0843452e0fc,127,2,228.97,2.0,2.0,2.0,19.990000000000002,1.0,114.485,0,1,0.0,1,test
17a2d93cb1aab45e3d21d5eba7daaed2,103,2,380.44,2.0,2.0,2.0,16.47,1.0,190.22,174,2,174.0,1,test
17c7da60a0690728119612a54035452d,80,2,244.02,2.0,2.0,2.0,23.01,7.0,122.01,40,2,40.0,1,test
17dcb8c62667824b3e3755a5b680ebc6,127,2,313.78,2.0,2.0,2.0,12.89,1.0,156.89,0,1,0.0,1,test
17e873c00e3fef97c9f1347c6681bd1a,189,2,794.6,2.0,2.0,2.0,67.4,1.0,397.3,5,2,5.0,1,test
1803287d1e7138aec6ea9d3c963ed87d,203,2,129.64000000000001,2.0,2.0,2.0,7.83,1.0,64.82000000000001,0,1,0.0,1,test
186e4b97d2704e8b76235b8d7c5d38ab,289,2,126.96,2.0,2.0,2.0,10.535,3.0,63.48,0,1,0.0,1,test
18a65d67bb184e736656cc017f09f7b8,38,2,168.56,2.0,2.0,2.0,14.74,1.0,84.28,0,1,0.0,0,test
18e1192f2a6be73c4365dbc29eb7a6f7,45,2,158.07,2.0,2.0,2.0,9.045,1.0,79.035,0,2,0.0,1,test
18e3d276253780b44b5b7bf83f6785ec,123,3,168.85,3.0,3.0,3.0,12.383333333333333,1.3333333333333333,56.28333333333333,209,3,104.5,1,test
18f17efd50fd7e9595cc1a40205c937c,211,2,162.85,2.0,2.0,2.0,14.675,1.0,81.425,57,2,57.0,1,test
191e0f453bea7f50ce1fcd514af38835,139,2,110.93,2.0,2.0,2.0,16.37,1.0,55.465,96,2,96.0,1,test
194be31520cde5c527bad17720119e85,229,2,277.25,3.0,3.0,2.0,21.275,10.0,138.625,129,2,129.0,1,test
198ba72088fecd3caeaf2dca0addcfb9,50,2,349.3,2.0,2.0,2.0,35.65,10.0,174.65,8,2,8.0,1,test
19be5923f7d998e76b9f3b1eb87c32af,71,2,177.81,2.0,2.0,2.0,17.205,1.0,88.905,198,2,198.0,1,test
19c60787f1a478ec7345d03bc4298398,128,2,693.67,2.0,2.0,2.0,37.835,1.0,346.835,0,1,0.0,1,test
19cb65cc7310ae4eef4f15bb70539d01,26,2,138.26,2.0,2.0,2.0,16.13,4.0,69.13,56,2,56.0,1,test
19da55454167240f3a4a39430007d074,188,2,263.28,2.0,2.0,2.0,20.645000000000003,2.0,131.64,0,1,0.0,1,test
19f8fcd23ed70e29220a6a2f13ecd911,118,2,225.68,3.0,3.0,3.0,20.395000000000003,1.0,112.84,30,2,30.0,1,test
1a15eecd72a08e1134ba406c7a7998e6,285,2,415.79,2.0,2.0,2.0,18.655,1.0,207.895,0,1,0.0,1,test
1a24445f0e6006e4336ecba4ba576e4b,77,2,142.04,2.0,2.0,2.0,15.17,6.5,71.02,9,2,9.0,1,test
1a29e9f39d667f12684910a8edc4b56c,45,2,400.51,2.0,2.0,2.0,30.355,3.0,200.255,0,1,0.0,1,test
1a68c22c23a52a35f499dbd3c5a020a6,209,2,250.57,3.0,2.0,2.0,25.335,9.0,125.285,25,2,25.0,1,test
1ae30e98d81bdf991fa25b52b8142308,271,2,228.56,3.0,3.0,2.0,25.795,3.0,114.28,0,1,0.0,1,test
1b270bd97f6e1d9af2d5d06f0d4a80e8,33,2,213.36,2.0,2.0,2.0,16.73,2.0,106.68,0,1,0.0,1,test
1b2db8ab2d8e7b84b5455736fc9713f2,317,2,196.48000000000002,4.0,2.0,2.0,40.894999999999996,6.0,98.24000000000001,7,2,7.0,1,test
1b5720c7b0ee7183c2eafe3dba65111b,127,2,66.01,2.0,2.0,2.0,8.56,2.5,33.005,33,2,33.0,1,test
1b6c7548a2a1f9037c1fd3ddfed95f33,45,7,959.01,9.0,9.0,7.0,21.400000000000002,1.0,137.00142857142856,92,7,15.333333333333334,1,test
1b6e96ed99cb8d135efe220d761bbd67,76,2,53.629999999999995,2.0,2.0,2.0,9.370000000000001,1.0,26.814999999999998,298,2,298.0,0,test
1b765716e166ca699d20c4adc8bb0f7c,363,2,209.6,3.0,2.0,2.0,17.305,2.0,104.8,9,2,9.0,1,test
1b7733821d1e0ec8907bbb441271f80b,176,2,147.01,2.0,2.0,2.0,13.105,7.0,73.505,0,1,0.0,1,test
1b95e3fe033836c787689ae4b9516aa3,322,2,393.61,2.0,2.0,2.0,10.405,8.0,196.805,37,2,37.0,1,test
1bbf6de8bbe287cb474e57d437d72969,178,2,377.76,3.0,2.0,2.0,31.03,1.0,188.88,0,1,0.0,1,test
1c4531b533d17f3b316de441268e513c,187,2,85.71,2.0,2.0,2.0,9.755,1.0,42.855,116,2,116.0,1,test
1c98969880c8c7c522bc4677dfce9384,9,2,231.40999999999997,3.0,3.0,3.0,35.215,5.0,115.70499999999998,185,2,185.0,1,test
1cc48564488184883cc7923b82c7b3f9,253,2,338.86,4.0,4.0,4.0,61.459999999999994,1.0,169.43,0,1,0.0,1,test
1ce1097b476f97ea37d805251c5c74ba,81,2,336.21000000000004,3.0,3.0,2.0,12.205,5.0,168.10500000000002,126,2,126.0,1,test
1d2435aa3b858d45c707c9fc25e18779,438,2,147.58,2.0,2.0,2.0,16.39,1.0,73.79,0,1,0.0,1,test
1d627d8a6e1e33ea8eeeb7a17d998660,210,2,254.35,2.0,2.0,2.0,16.775,1.0,127.175,0,1,0.0,1,test
1d72aaec15863f7532b2dbf4a5c4247d,212,2,479.56,2.0,2.0,2.0,14.83,4.0,239.78,150,2,150.0,1,test
1d95a47c2206919e1de2f8ff91065d20,400,2,101.72,2.0,2.0,2.0,10.96,1.0,50.86,10,2,10.0,1,test
1da09dd64e235e7c2f29a4faff33535c,79,3,2164.4,10.0,4.0,4.0,61.373333333333335,1.0,721.4666666666667,245,3,122.5,1,test
1e05761e47e6a4968ac2ee128b0d42a4,59,2,252.34,2.0,2.0,2.0,14.17,3.0,126.17,0,1,0.0,1,test
1e433d2aca7584032f8f56d51643e605,114,2,190.75,2.0,2.0,2.0,14.925,1.5,95.375,33,2,33.0,1,test
1e6dc17adde78e52b6fa5e634f4454e0,269,2,226.67000000000002,2.0,2.0,2.0,15.934999999999999,1.0,113.33500000000001,0,1,0.0,1,test
1ed1f7f1679bee0089061c9db1bd783a,243,2,108.03,2.0,2.0,2.0,11.015,1.0,54.015,0,1,0.0,1,test
1f2c5059dad2c277b3b338163b49ca73,42,2,264.63,2.0,2.0,2.0,18.33,4.0,132.315,379,2,379.0,1,test
1f90117a847636892e3c5bf569f2ac68,77,2,133.01,2.0,2.0,2.0,11.605,6.0,66.505,152,2,152.0,1,test
1f98e3467d2b48dfb44fc12b137d3447,84,2,473.97,2.0,2.0,2.0,45.735,6.5,236.985,454,2,454.0,1,test
1fbd81e4d0a0cf9125ca038b43533b7f,44,3,195.60000000000002,3.0,3.0,3.0,15.266666666666666,5.666666666666667,65.2,286,3,143.0,1,test
1fe11e8f0fa5bea7416ec09d6e8d2b4d,404,2,326.24,2.0,2.0,2.0,15.719999999999999,1.0,163.12,10,2,10.0,1,test
1fea3244d38e951f0196b2728aee3bdf,30,2,230.9,2.0,2.0,2.0,18.549999999999997,5.5,115.45,145,2,145.0,1,test
20001d07954025179c613496803181a6,106,2,287.21,2.0,2.0,2.0,29.155,2.0,143.605,0,1,0.0,1,test
200d8b1f16d0cc9600022fdc99987a7f,46,2,168.06,2.0,2.0,2.0,12.629999999999999,2.0,84.03,0,1,0.0,1,test
20282afdbe6cf22d5f5a956d8b5a3f78,60,2,220.09,2.0,2.0,2.0,36.55,5.5,110.045,217,2,217.0,1,test
204fa49efb5913a76287284d6e096f69,228,2,114.8,2.0,2.0,2.0,12.975,1.0,57.4,27,2,27.0,1,test
208ed8bf578938c97d49b3429358a424,55,2,182.83,2.0,2.0,2.0,8.97,1.5,91.415,58,2,58.0,1,test
209e5691e2cda59cd71e45417d7f95a2,82,2,215.78,2.0,2.0,2.0,19.490000000000002,1.0,107.89,0,1,0.0,1,test
21421ba1bd92005a3b48e6a745e9b8bb,58,2,557.45,4.0,2.0,2.0,34.255,1.0,278.725,17,2,17.0,1,test
21560f93adbd9ada040a40909ac8619d,135,2,434.27,4.0,3.0,2.0,32.82,3.0,217.135,87,2,87.0,1,test
216fd197a786370ce9601ee2f6b5a31a,417,2,63.72,2.0,2.0,2.0,10.96,1.0,31.86,0,1,0.0,1,test
21a2d9dc71459dbd3dad219cb9681964,40,2,608.39,2.0,2.0,2.0,34.7,9.0,304.195,197,2,197.0,1,test
21bde4e982c4681021edabb899bcebfe,104,2,1304.3600000000001,2.0,2.0,2.0,71.72999999999999,6.5,652.1800000000001,22,2,22.0,1,test
21c3cb2e65b7575d9e079f7be7987d3c,164,2,123.99000000000001,2.0,2.0,2.0,15.995,6.0,61.995000000000005,0,1,0.0,1,test
21c8aa0cb27943cbf33d75985e28da67,153,2,209.18,2.0,2.0,2.0,17.855,1.5,104.59,20,2,20.0,1,test
21d3f0a4bf0cccf65dcfe93b8325d250,313,2,147.19,3.0,2.0,2.0,15.095,1.0,73.595,53,2,53.0,1,test
21effa61d72771ba8315ab56ce7fb7ac,79,2,113.69,2.0,2.0,2.0,11.85,1.0,56.845,0,1,0.0,1,test
2271b98c96ef2dbe4241cbbde7c8c12b,111,2,340.22999999999996,4.0,4.0,2.0,51.269999999999996,8.5,170.11499999999998,0,1,0.0,1,test
2280ecb8db2591c39d1c7d3e9caa115c,216,2,107.2,2.0,2.0,2.0,10.655,2.0,53.6,59,2,59.0,1,test
22f6af8201369f9eb96592db3142b9c2,45,2,805.12,8.0,2.0,2.0,137.04,1.0,402.56,62,2,62.0,1,test
232007f7d8c26eb8d7daaacb46501783,85,2,217.74,3.0,3.0,2.0,23.97,1.0,108.87,0,1,0.0,1,test
233c8f191c45cef30af148a82ac70020,281,2,215.31,2.0,2.0,2.0,32.655,4.0,107.655,1,2,1.0,1,test
23539ab2fa3d6e255f96114be5d2dbd3,49,2,331.38,2.0,2.0,2.0,26.24,1.0,165.69,0,1,0.0,1,test
23b2d37ef78f3c8dcb31f5eefc30190a,38,2,55.7,2.0,2.0,2.0,11.85,1.0,27.85,177,2,177.0,1,test
23dc3a062c6c097bcb3940a909e7730f,355,2,93.84,2.0,2.0,2.0,14.52,1.0,46.92,27,2,27.0,1,test
2410195f6521688005612363835a2671,206,2,166.01,2.0,2.0,2.0,13.055,1.0,83.005,0,1,0.0,1,test
24115a0c9fc9115c586e54fd5f42e8d1,82,2,219.82,2.0,2.0,2.0,32.165,4.5,109.91,129,2,129.0,1,test
24259224caf748993c177ebf964c2e6e,75,2,213.07,2.0,2.0,2.0,13.095,3.0,106.535,39,2,39.0,1,test
247e0dcd20596bee51bd2b07f633fa04,77,2,175.27,2.0,2.0,2.0,30.335,5.0,87.635,66,2,66.0,1,test
24cad6db9c734bd4f0edc6a314735880,203,2,187.36,2.0,2.0,2.0,17.78,8.0,93.68,0,1,0.0,1,test
24d27f115e367d9129a0e7a7a5d36866,136,2,754.23,2.0,2.0,2.0,17.770000000000003,4.5,377.115,16,2,16.0,1,test
24d9e83fe11e4390b69e1afb2b93f5ee,85,2,349.49,2.0,2.0,2.0,15.86,1.0,174.745,87,2,87.0,1,test
24fb2954f8c6cdb4b900ed8db6dc88e2,126,2,223.81,3.0,2.0,2.0,30.009999999999998,1.0,111.905,177,2,177.0,1,test
24fc2d6f4c3339820a1a3746a125f8c5,129,2,604.05,2.0,2.0,2.0,17.25,9.0,302.025,0,1,0.0,1,test
2516f43838c4892e066fec28143efa64,48,2,815.4300000000001,2.0,2.0,2.0,30.715,1.0,407.71500000000003,0,2,0.0,1,test
251e658613a224723f8a077946183b20,132,2,355.19,2.0,2.0,2.0,10.145,1.0,177.595,11,2,11.0,1,test
255ac312f5ceb97163ec60f0db2eee11,116,2,344.93,2.0,2.0,2.0,20.73,7.5,172.465,42,2,42.0,1,test
256b3e7a939dddf3e40608cac69e88c7,346,2,174.68,2.0,2.0,2.0,15.71,1.0,87.34,0,1,0.0,1,test
257a0a891aa05c945617ad8f097645bd,84,2,454.72,4.0,4.0,4.0,43.46,2.5,227.36,0,1,0.0,1,test
25a560b9a6006157838aab1bdbd68624,356,4,131.8,4.0,4.0,4.0,16.05,1.0,32.95,1,2,0.3333333333333333,1,test
25bd804c580bc1ee0c93d073fae09a84,100,2,123.64999999999999,3.0,3.0,2.0,12.775,1.0,61.824999999999996,26,2,26.0,1,test
25cac425f64ae1b78c60c2afae3ec384,74,2,140.81,2.0,2.0,2.0,16.03,1.0,70.405,0,1,0.0,1,test
25f24493ded5ebebc26a69b5db344e35,34,2,210.76,2.0,2.0,2.0,15.39,1.0,105.38,105,2,105.0,1,test
25f3cf83109f636d52d288fa4e797111,34,3,126.33,3.0,3.0,3.0,16.11,1.0,42.11,0,1,0.0,1,test
26d1b63e9b8478f84f87188c4877049e,235,2,597.22,3.0,3.0,3.0,20.71,9.5,298.61,32,2,32.0,1,test
26f06401a5374fd3d26b6eed06af675f,23,2,302.94,4.0,4.0,3.0,40.52,6.0,151.47,0,1,0.0,1,test
271d3cdd872021b1b6669ad93e8b856b,46,2,388.71,3.0,3.0,2.0,20.035,5.0,194.355,0,1,0.0,1,test
27259fad9054fce994a70f1d117bc402,127,2,334.74,2.0,2.0,2.0,39.22,1.0,167.37,241,2,241.0,1,test
27517ed34c0406fe07b3a806e33cbc10,165,2,182.8,2.0,2.0,2.0,18.950000000000003,1.0,91.4,14,2,14.0,1,test
27d59fe7ff2ed894f826fd4a7e5466ea,23,2,99.13,2.0,2.0,2.0,14.665,1.5,49.565,68,2,68.0,1,test
27e86d2ae0db33b8d242c9251067d97e,260,2,125.53,2.0,2.0,2.0,19.82,2.0,62.765,84,2,84.0,1,test
280c34dc057ff9f3cd17360673d4b87c,74,2,171.2,3.0,3.0,2.0,27.75,7.0,85.6,112,2,112.0,1,test
281e1e72207e518c29b249a1361a775d,247,2,437.66999999999996,2.0,2.0,2.0,22.39,6.0,218.83499999999998,80,2,80.0,1,test
282dc4abbf2759fb9bb77217f5cd6c4c,116,2,311.86,2.0,2.0,2.0,30.985,6.5,155.93,139,2,139.0,1,test
286d8f01f94a8061cef05c7c49efd8a9,69,2,116.11,2.0,2.0,2.0,8.56,4.5,58.055,75,2,75.0,1,test
2878289928927b75d078057c8d91405f,82,2,348.6,2.0,2.0,2.0,24.4,5.5,174.3,302,2,302.0,1,test
28989ef45087c96e5a4346e88216c2ba,434,2,723.15,4.0,3.0,2.0,66.77,4.0,361.575,0,1,0.0,1,test
289dcfbdf9ce2f94565a76800eb71157,135,2,256.4,3.0,2.0,2.0,25.95,8.0,128.2,0,1,0.0,1,test
28ad66c8baf13c85d2a936d0b06e73f6,96,2,154.59,2.0,2.0,2.0,14.595,4.0,77.295,266,2,266.0,1,test
28c7e3fb75d7ce1e496dc539443b71da,246,2,345.09,3.0,3.0,2.0,42.56,1.0,172.545,0,1,0.0,1,test
28cfa4471fab15695744e57ce3036694,62,2,150.31,2.0,2.0,2.0,10.254999999999999,6.5,75.155,0,1,0.0,1,test
28da99e178f274876e3052c1740c6c87,212,2,67.0,2.0,2.0,2.0,15.1,1.0,33.5,19,2,19.0,1,test
28dd1607a5e16ed5458919c2afca6476,36,2,166.62,2.0,2.0,2.0,23.41,4.0,83.31,0,1,0.0,1,test
2947c03745112e23dced5a2ab3f8c568,26,2,133.84,2.0,2.0,2.0,15.120000000000001,6.5,66.92,0,1,0.0,1,test
294e0922aa06792eea5094656727c0bd,315,2,374.15,2.0,2.0,2.0,17.13,1.0,187.075,16,2,16.0,1,test
298c3e1a698283a45f1c94df3942bb3b,3,2,136.89,2.0,2.0,2.0,10.95,1.0,68.445,25,2,25.0,1,test
2a34af7c4b1b83d78b14cf6b9c32c3b9,6,2,222.91,2.0,2.0,2.0,9.004999999999999,8.0,111.455,137,2,137.0,1,test
2a3d4df1de5c9feee497328298916d41,93,2,233.53,2.0,2.0,2.0,14.364999999999998,2.0,116.765,29,2,29.0,1,test
2a3f4536e732a04cfad59b6e50c2e925,140,2,103.5,2.0,2.0,2.0,11.85,1.0,51.75,58,2,58.0,1,test
2a532e879c1278727d9d7001890cd333,66,2,205.11,2.0,2.0,2.0,15.36,1.0,102.555,0,1,0.0,1,test
2aba7239448982a76a0a79666419e3a3,70,2,267.74,2.0,2.0,2.0,57.97,6.5,133.87,0,1,0.0,1,test
2ac4312997e09e6770fd4c3d52adf77a,82,2,157.93,3.0,3.0,3.0,21.07,1.0,78.965,4,2,4.0,1,test
2ac6f6d09c75bb721defa2eb7a4f52a1,151,2,78.50999999999999,2.0,2.0,2.0,17.355,1.0,39.254999999999995,49,2,49.0,1,test
2ae3c67452283d5a0d30b32e0d33296e,62,2,105.25,2.0,2.0,2.0,17.625,1.0,52.625,36,2,36.0,1,test
2ae6a57dcdd2f1424598fc480cbf698a,41,2,421.41,2.0,2.0,2.0,17.855,7.0,210.705,0,2,0.0,1,test
2b100d3737ff053e5003640064ee6ad8,157,2,110.85000000000001,2.0,2.0,2.0,15.98,1.0,55.425000000000004,0,1,0.0,1,test
2b161eaf4956b131691842e87b3c39c7,18,3,225.17000000000002,3.0,3.0,3.0,10.043333333333333,1.0,75.05666666666667,13,2,6.5,1,test
2b174670dbec666bbc68b6e2a4062740,264,2,331.94000000000005,2.0,2.0,2.0,17.05,6.5,165.97000000000003,63,2,63.0,1,test
2b19910e856b2ba3e7257e63a093a3df,186,2,262.96000000000004,2.0,2.0,2.0,39.480000000000004,10.0,131.48000000000002,0,2,0.0,1,test
2b4871f788b44ee004ec2c7fc7cd420b,151,2,289.84000000000003,2.0,2.0,2.0,16.994999999999997,1.0,144.92000000000002,105,2,105.0,1,test
2b4efa2bb0d9e62ee5e197cacd93c0d6,62,2,396.02000000000004,2.0,2.0,2.0,20.525,9.0,198.01000000000002,133,2,133.0,1,test
2b5c14b7e1a3d88ff7e0c46e15851f5f,257,2,121.06,2.0,2.0,2.0,23.04,2.0,60.53,0,1,0.0,1,test
2b6ce149982204423f4efac29701255a,83,2,626.82,2.0,2.0,2.0,17.91,6.5,313.41,118,2,118.0,1,test
2b775b75afa0be08220fb73a7e68df3b,152,2,126.72,2.0,2.0,2.0,16.365,1.5,63.36,128,2,128.0,1,test
2b952792a20f6076f6e7a9c6a27ade02,126,2,130.14,3.0,2.0,2.0,16.63,2.5,65.07,172,2,172.0,1,test
2bd9d2f3cc5d99b1b3d9ff5acd81bd5e,145,2,103.11,2.0,2.0,2.0,15.605,4.5,51.555,173,2,173.0,1,test
2c6a91479a7dc00d8c9d650d8dee88ca,74,2,399.53,2.0,2.0,2.0,15.315,4.0,199.765,70,2,70.0,1,test
2c961ee955abb3ac9a80babd54ed4156,63,2,160.44,2.0,2.0,2.0,14.77,1.0,80.22,6,2,6.0,1,test
2ca8ef8560c5cd0f9ddb65d1b1b51380,112,2,206.73000000000002,2.0,2.0,2.0,28.92,8.0,103.36500000000001,0,1,0.0,1,test
2ccc5d0620e07e3b54b83848c31a08fa,15,2,180.35000000000002,2.0,2.0,2.0,16.174999999999997,1.0,90.17500000000001,22,2,22.0,1,test
2cf396c9e24e7627ff042cccb209b9e6,194,2,429.29999999999995,2.0,2.0,2.0,24.66,4.0,214.64999999999998,39,2,39.0,1,test
2d0aa39055b967248bf551e220b55f59,33,2,56.46,2.0,2.0,2.0,12.61,2.0,28.23,0,1,0.0,1,test
2d7a88002fb4c6073fbef4f59707a0e0,436,2,258.95,2.0,2.0,2.0,14.575,4.0,129.475,0,1,0.0,1,test
2d7c6bd64b139f0f40968dd19c629532,242,2,232.76,2.0,2.0,2.0,20.685000000000002,2.5,116.38,9,2,9.0,1,test
2dacd79aa5d1a86240b37b6c588de551,31,2,389.49,2.0,2.0,2.0,44.745000000000005,1.0,194.745,0,1,0.0,1,test
2dc7f51f05ba1b1a92608e45e55d1fe1,100,2,105.14000000000001,2.0,2.0,2.0,9.33,2.0,52.57000000000001,294,2,294.0,1,test
2dcbfb99d95c7ba6eb992a98627f45b8,118,2,285.23,3.0,3.0,3.0,29.675,9.5,142.615,5,2,5.0,1,test
2dd7f52683f631651a5d94056935e1e1,47,2,171.14,2.0,2.0,2.0,10.620000000000001,1.0,85.57,5,2,5.0,1,test
2ddc001b620bd90d0f4378cfde1db887,135,3,378.46,3.0,3.0,3.0,15.156666666666666,1.6666666666666667,126.15333333333332,47,3,23.5,0,test
2e08911037fe7ec67377711eee1fdbf3,30,2,357.78000000000003,3.0,2.0,2.0,23.79,4.5,178.89000000000001,94,2,94.0,1,test
2e0a2166aa23da2472c6a60c4af6f7a6,153,2,299.53,2.0,2.0,2.0,13.415,4.5,149.765,252,2,252.0,1,test
2e366b0c6451864364bab2e7917ca1bb,304,2,113.56,2.0,2.0,2.0,7.78,1.0,56.78,2,2,2.0,1,test
2e43e031f10de28e557c35ef668f9396,429,3,350.97,5.0,5.0,4.0,27.25,1.0,116.99000000000001,0,1,0.0,1,test
2e9399fc2fe209771a6f719e14bdb6fe,126,2,190.01999999999998,4.0,2.0,2.0,31.21,9.0,95.00999999999999,0,2,0.0,1,test
2f1ae2ed6bbc4661d04c271560570c54,0,2,111.28999999999999,2.0,2.0,2.0,13.2,1.0,55.644999999999996,119,2,119.0,1,test
2f41863e0922b8d1fbb756691b5c315b,359,2,272.64,2.0,2.0,2.0,13.44,8.0,136.32,0,1,0.0,1,test
2f679a526d3b619beccc26a3d1435de4,118,2,163.29,2.0,2.0,2.0,17.700000000000003,2.5,81.645,17,2,17.0,1,test
2f7c8c8386941ce0ef458ca7ff304123,224,2,247.93,2.0,2.0,2.0,29.064999999999998,8.5,123.965,37,2,37.0,1,test
2f87ccd8d2d676d667a844ee5c6a17bd,73,2,405.52,2.0,2.0,2.0,21.76,1.0,202.76,117,2,117.0,1,test
2fc5e667ccf2a1c87a798be23f1c920a,147,2,437.40999999999997,2.0,2.0,2.0,39.21,4.0,218.70499999999998,0,1,0.0,1,test
2fe074ea3cc24b8fd57d29effc995f8b,120,2,1043.06,2.0,2.0,2.0,31.585,2.0,521.53,229,2,229.0,1,test
2ff1b818fb048c44dc6629f013cceae6,239,2,289.92,3.0,2.0,2.0,26.060000000000002,9.5,144.96,0,1,0.0,1,test
301a6d74a3eb7cd8e3508a045b8fa2e1,220,2,591.1700000000001,2.0,2.0,2.0,18.585,5.0,295.58500000000004,9,2,9.0,1,test
30a81e307f19e822e7199139fe52b1b0,15,3,131.31,3.0,3.0,3.0,16.143333333333334,1.0,43.77,144,3,72.0,1,test
30d2d6693d77801c2bcdfafbba202462,19,2,174.92,2.0,2.0,2.0,15.355,4.0,87.46,17,2,17.0,1,test
310647380793836bfa5b7b6b3f518423,164,3,385.27,10.0,6.0,4.0,40.78666666666666,1.0,128.42333333333332,183,3,91.5,1,test
3110339155d740dc64b31e1666952100,297,2,116.89999999999999,2.0,2.0,2.0,10.5,4.5,58.449999999999996,0,1,0.0,1,test
314259ece6a9207c6fc02d925fc996b9,11,2,196.92000000000002,3.0,3.0,2.0,14.510000000000002,1.0,98.46000000000001,22,2,22.0,1,test
3170ebd8b32a5e2102c9d75e0a7f6d74,218,2,276.48,2.0,2.0,2.0,11.89,1.5,138.24,3,2,3.0,1,test
317f563ca3576550955f39a346b15be5,39,2,330.27,3.0,2.0,2.0,18.285,7.0,165.135,27,2,27.0,1,test
318b8659483e12e9cbe1e6550d97f9d9,395,2,635.4,2.0,2.0,2.0,17.8,1.0,317.7,20,2,20.0,1,test
319aed7fd576c317a96b55a991befb3e,7,2,65.77000000000001,2.0,2.0,2.0,7.895,1.5,32.885000000000005,17,2,17.0,1,test
31aa2034dc4b34b06487e22a53b4a07a,183,2,379.28,2.0,2.0,2.0,35.64,1.5,189.64,15,2,15.0,1,test
31bfa97f1ea0663a50ebc5c811ebdf4d,149,2,937.36,2.0,2.0,2.0,26.685000000000002,1.0,468.68,23,2,23.0,1,test
31d4b05ef830a7347b8f43640eb6511e,402,2,323.35,2.0,2.0,2.0,19.275,1.0,161.675,0,1,0.0,1,test
31d958dffbf0b744375b5ff0393e6fb3,192,2,213.74,2.0,2.0,2.0,12.92,6.0,106.87,126,2,126.0,1,test
31e0eb64c5eb715aab04433200ea4ed5,192,2,200.06,2.0,2.0,2.0,10.04,5.0,100.03,9,2,9.0,1,test
31e2e13cc64f2a3bd9dbde22bbad06b2,65,2,350.2,4.0,4.0,2.0,69.1,7.5,175.1,1,2,1.0,1,test
31f49e069c399db9c3a0bdf8653e4e8f,204,2,528.77,2.0,2.0,2.0,29.935,1.0,264.385,0,1,0.0,1,test
320e13a9e22b4e4cda8c17ed1c140ce0,116,2,100.17,2.0,2.0,2.0,14.235,2.5,50.085,8,2,8.0,1,test
323f8f14acb90e50f86f1885b6b53c6d,425,2,279.79,3.0,3.0,2.0,18.0,8.0,139.895,0,1,0.0,1,test
32539c368b3b9fa70283a7bce0f23909,38,2,88.18,2.0,2.0,2.0,15.1,4.0,44.09,0,1,0.0,1,test
325e19085f3017b73be3d9fd98a93301,424,2,130.1,2.0,2.0,2.0,16.05,1.0,65.05,11,2,11.0,1,test
32c3312cd5a2dddfdcbd359694cd7ae8,98,2,255.11,2.0,2.0,2.0,15.11,5.5,127.555,148,2,148.0,1,test
32cbbf7b9770feb67a514300686f5485,51,2,190.47,2.0,2.0,2.0,17.79,3.0,95.235,0,1,0.0,1,test
32e93651fbc6d641cffdc40c50d982a3,369,2,382.51,2.0,2.0,2.0,56.36,10.0,191.255,0,1,0.0,1,test
32ea3bdedab835c3aa6cb68ce66565ef,185,2,102.24000000000001,2.0,2.0,2.0,11.67,1.0,51.120000000000005,358,2,358.0,0,test
33176de67c05eeed870fd49f234387a0,37,2,965.07,9.0,2.0,2.0,71.785,1.0,482.535,0,1,0.0,0,test
334293c291f43a6aa85020f8597a171f,176,2,295.38,4.0,2.0,2.0,23.865000000000002,1.0,147.69,66,2,66.0,1,test
335be0ca4b7aa8578e364a76efd4da52,285,2,293.7,2.0,2.0,2.0,17.35,5.0,146.85,0,1,0.0,1,test
336421b86cc4259a58106da261e0e000,326,2,562.8199999999999,4.0,2.0,2.0,84.81,1.0,281.40999999999997,68,2,68.0,1,test
339c527109c4c03e8e09bd4b593dab5f,185,2,403.99,2.0,2.0,2.0,22.025,4.5,201.995,184,2,184.0,1,test
33aa371b7512b6a9fede4f231e212226,196,2,303.12,3.0,3.0,2.0,23.06,6.5,151.56,47,2,47.0,1,test
33aca86429de0f71ff7118b93bb09712,110,2,193.76,2.0,2.0,2.0,7.88,1.0,96.88,60,2,60.0,1,test
33b239671c1c878914ed922a0dacd607,298,2,115.94,2.0,2.0,2.0,15.98,1.0,57.97,0,1,0.0,1,test
340d924858c395848c127b3e772b6bfd,30,2,261.25,3.0,2.0,2.0,24.189999999999998,5.5,130.625,244,2,244.0,1,test
3442a61b2d5bfd9d605d6943701ad650,5,2,1214.78,4.0,4.0,3.0,63.03,5.0,607.39,14,2,14.0,1,test
3443f8095ad309eebbdc8caa8b2bf936,291,2,164.9,2.0,2.0,2.0,10.5,2.0,82.45,4,2,4.0,1,test
345817899c325d8b41c9e88011a8ab43,17,2,125.66,2.0,2.0,2.0,17.43,2.5,62.83,246,2,246.0,1,test
346534c8088852932d947f4b8fea3959,248,2,540.8199999999999,2.0,2.0,2.0,37.965,6.5,270.40999999999997,49,2,49.0,1,test
346fce1712054d4339be023a27c38f13,33,2,147.97000000000003,2.0,2.0,2.0,27.835,3.0,73.98500000000001,0,1,0.0,1,test
34fbeb535f3ba8b34bb0f919b0ad36bb,41,2,95.18,2.0,2.0,2.0,15.1,4.5,47.59,0,1,0.0,1,test
3504bea0c72ad9e945b63f889702d2d4,102,2,160.19,2.0,2.0,2.0,14.145,1.0,80.095,203,2,203.0,1,test
355ae139c8a163fb77c065a2d1403ed9,326,2,330.55,2.0,2.0,2.0,25.375,6.5,165.275,25,2,25.0,1,test
3578707d5fbfaaad05a3862a179bf76d,61,2,211.24,2.0,2.0,2.0,16.225,1.0,105.62,0,1,0.0,1,test
35825208c1a9b2d7cccd2eee08d8cbc6,35,2,89.54,2.0,2.0,2.0,7.78,1.0,44.77,0,1,0.0,1,test
359bacb2b5c52b4287667a7bc6c7bc63,320,2,580.9,3.0,2.0,2.0,24.95,1.0,290.45,28,2,28.0,1,test
35de25c73544f00e8adde226a4d1bdcc,181,2,347.38,2.0,2.0,2.0,16.29,2.5,173.69,132,2,132.0,1,test
35e146c985a9cf989c91edb4c0c156fa,440,2,338.46,2.0,2.0,2.0,19.33,1.0,169.23,0,1,0.0,1,test
35e9d2caa31b87cc3d1ad10d72271140,263,2,89.99,2.0,2.0,2.0,10.0,1.0,44.995,11,2,11.0,1,test
35ecdf6858edc6427223b64804cf028e,0,5,603.9,7.0,6.0,5.0,42.007999999999996,8.8,120.78,238,4,59.5,1,test
362928c8cd61df2e6951751dffb4be85,158,2,494.75,4.0,4.0,2.0,27.575,6.0,247.375,0,1,0.0,1,test
36445bb429c8bb13c3f8cd6794723647,319,2,193.66,4.0,4.0,2.0,33.84,7.5,96.83,1,2,1.0,1,test
3648f9e5f51f679ed24deff1f031a093,114,2,228.35,2.0,2.0,2.0,16.68,1.5,114.175,25,2,25.0,1,test
3660e33bc132658a08c234cc82e6d0cc,81,2,620.37,3.0,3.0,2.0,17.53,10.0,310.185,0,1,0.0,1,test
367f4686d7112d69feed92b02a1775ed,316,2,205.5,5.0,5.0,2.0,37.75,7.0,102.75,0,1,0.0,1,test
36be413fe0f4a74eee7b764e758730ed,120,2,215.56,2.0,2.0,2.0,17.88,1.0,107.78,0,1,0.0,1,test
370cd3b09ea745fe047fd11db7430441,124,2,176.55,2.0,2.0,2.0,23.33,6.0,88.275,0,1,0.0,1,test
3724bfc68569cc4df876284536b8add9,215,2,647.0699999999999,2.0,2.0,2.0,48.635000000000005,9.0,323.53499999999997,100,2,100.0,1,test
37545efd489b0b7c9aa20690f344271d,194,2,897.68,2.0,2.0,2.0,68.84,7.0,448.84,0,1,0.0,1,test
377860a7242c2e503c926b76ab6e0a65,82,2,103.1,2.0,2.0,2.0,27.65,1.0,51.55,229,2,229.0,1,test
378c06babf08c70f32e748ac24ea33e0,74,2,88.9,2.0,2.0,2.0,11.85,1.0,44.45,0,1,0.0,1,test
379a5698aeca26ff55abca9bc7fcaa4f,31,2,204.17000000000002,3.0,2.0,2.0,24.235,7.0,102.08500000000001,96,2,96.0,1,test
37cc3e75e39bb11d75a1982ac0d07c17,400,2,108.48,2.0,2.0,2.0,19.29,1.0,54.24,20,2,20.0,1,test
37d0b647301742b1b17d627e4c10aeae,116,2,191.9,2.0,2.0,2.0,11.05,8.0,95.95,0,1,0.0,1,test
37d2d1ac62901f9a36cff32ca86c9337,66,2,181.76,2.0,2.0,2.0,20.98,1.0,90.88,59,2,59.0,1,test
37f8e7062a53c1a0fca4f59f4c6b1429,166,2,164.87,2.0,2.0,2.0,15.434999999999999,1.0,82.435,200,2,200.0,1,test
382ad79426068e4ba6ed73491d4441cb,300,2,149.18,2.0,2.0,2.0,9.64,4.0,74.59,0,1,0.0,1,test
384d6654ad80e9f1426b7a4ef9e40997,11,2,417.53,3.0,3.0,2.0,24.425,1.0,208.765,0,1,0.0,1,test
3871b0ab0166a2f441fa762f5206cacc,202,2,333.15000000000003,2.0,2.0,2.0,11.675,4.0,166.57500000000002,84,2,84.0,1,test
388661387449408a9ab88ea55c9f1a0f,26,2,391.28999999999996,2.0,2.0,2.0,31.71,6.0,195.64499999999998,214,2,214.0,1,test
38dd3f4e8a4cc5e32dd0a4426a1961fa,213,2,97.98,2.0,2.0,2.0,9.09,4.0,48.99,0,1,0.0,1,test
38e74ef4e3bcf3019fd22b84649bf90d,264,2,168.49,2.0,2.0,2.0,14.745000000000001,4.0,84.245,0,1,0.0,1,test
39104edef5e46d7b8c61848cc95e6d97,181,3,126.27,3.0,3.0,3.0,9.93,2.3333333333333335,42.089999999999996,80,3,40.0,1,test
394ac4de8f3acb14253c177f0e15bc58,16,3,335.47,3.0,3.0,3.0,12.003333333333336,1.0,111.82333333333334,82,3,41.0,0,test
397b44d5bb99eabf54ea9c2b41ebb905,53,2,1126.4099999999999,4.0,4.0,2.0,33.205,1.5,563.2049999999999,26,2,26.0,0,test
3991c84b618da2e02b44ba48aba925d1,45,2,80.14,2.0,2.0,2.0,15.1,4.0,40.07,0,1,0.0,1,test
39ae2ab725be4a0db66896735a49dac7,264,2,125.64,2.0,2.0,2.0,7.83,5.5,62.82,0,1,0.0,1,test
39ce02a045b8e7b0329984df3109957b,185,2,113.56,2.0,2.0,2.0,7.78,1.0,56.78,99,2,99.0,1,test
39d28c99c5382bfc238c047203595443,131,2,56.0,2.0,2.0,2.0,15.1,1.0,28.0,34,2,34.0,1,test
3a131e6c88849b1d0b28020c3809ea29,146,2,198.81,3.0,3.0,2.0,22.205,1.0,99.405,0,1,0.0,1,test
3a2d236fc85fdf338f179ca0cd725433,243,2,89.63,2.0,2.0,2.0,16.79,1.0,44.815,58,2,58.0,1,test
3a502a4d1e63887120fdc3b323224d70,143,2,153.17000000000002,3.0,3.0,3.0,11.83,5.0,76.58500000000001,0,1,0.0,1,test
3a5b0d10ee72cefb504df217532a4e6a,32,2,201.87,2.0,2.0,2.0,17.835,3.0,100.935,0,1,0.0,1,test
3a649b3c6b379a427fa6f4a5f646a43d,232,2,183.56,2.0,2.0,2.0,12.33,3.0,91.78,0,1,0.0,1,test
3a73ce6fc3b392e1ca609b5548418c36,67,2,303.16999999999996,3.0,2.0,2.0,47.099999999999994,1.0,151.58499999999998,7,2,7.0,1,test
3aa71d539bb760f054b280604391602a,119,2,157.88,2.0,2.0,2.0,16.445,4.0,78.94,0,1,0.0,1,test
3ae522de6b23a3699ef105d4c4b3b82d,179,2,82.19,2.0,2.0,2.0,14.1,3.5,41.095,41,2,41.0,1,test
3b6f5d22fb32e6ac2fbbb944b18cf1bb,250,2,263.96000000000004,4.0,2.0,2.0,30.990000000000002,1.0,131.98000000000002,0,1,0.0,1,test
3b92b8617254e581d164b5d213d437a2,82,2,180.06,2.0,2.0,2.0,17.185000000000002,5.5,90.03,262,2,262.0,1,test
3bab949ef05da8e9b3cfd541b6af0ffd,293,3,746.28,3.0,3.0,3.0,25.459999999999997,1.0,248.76,41,2,20.5,1,test
3be412c1321c061d6f85c5e41530ce2d,9,2,220.59,3.0,3.0,2.0,27.445,2.5,110.295,282,2,282.0,1,test
3bfda42ef722cb59c430e6be0b68628c,252,2,189.07999999999998,2.0,2.0,2.0,16.545,1.0,94.53999999999999,16,2,16.0,1,test
3c25f47ab68536a1d3d6b29b9c8b7e63,123,2,117.14,2.0,2.0,2.0,10.620000000000001,1.0,58.57,69,2,69.0,1,test
3c3dbbf3d36a7a4587efada79a3166cd,24,2,223.25,2.0,2.0,2.0,18.025,4.0,111.625,7,2,7.0,1,test
3c884190b71bbb36aab161465ff1d2c7,42,2,124.78,2.0,2.0,2.0,15.64,1.0,62.39,6,2,6.0,1,test
3cd4207d6ce944798257ac5953640a40,5,2,174.18,2.0,2.0,2.0,17.095,3.0,87.09,159,2,159.0,1,test
3d4cd13fd525234c1c4a2304fbe769e0,109,2,204.0,2.0,2.0,2.0,17.1,4.0,102.0,0,1,0.0,1,test
3d50a44231c2a153219cef76ee3e445d,37,2,363.26,4.0,2.0,2.0,32.34,1.0,181.63,308,2,308.0,1,test
3d71bc3ae0c9f857ffe17636e0d59aab,295,2,99.56,2.0,2.0,2.0,16.79,4.5,49.78,15,2,15.0,1,test
3d740e7cbf7e5b18027f204bd01b0be4,231,2,116.91999999999999,2.0,2.0,2.0,15.61,5.5,58.459999999999994,0,1,0.0,1,test
3d75cbf8643a1c15723adb850fb5f928,28,2,121.55000000000001,2.0,2.0,2.0,9.030000000000001,5.5,60.775000000000006,48,2,48.0,1,test
3db6e5afa8e8178a29afc729855315e2,127,3,779.34,3.0,3.0,3.0,19.88,1.0,259.78000000000003,169,3,84.5,1,test
3de0c9303f39b7ccfe69ca11aee19cc6,29,2,642.05,2.0,2.0,2.0,18.53,8.0,321.025,41,2,41.0,0,test
3df4912077693dc7933267da9542825c,48,2,245.69,2.0,2.0,2.0,16.875,6.0,122.845,224,2,224.0,1,test
3e43e6105506432c953e165fb2acf44c,32,9,1172.66,14.0,13.0,10.0,19.09111111111111,7.111111111111111,130.29555555555555,161,6,20.125,1,test
3e5306add1209e5ba184092dd1587282,79,3,209.79000000000002,3.0,3.0,3.0,16.333333333333332,6.666666666666667,69.93,361,3,180.5,1,test
3e5dd5efb71f831fffee3735c9e41e87,46,2,176.68,2.0,2.0,2.0,16.94,1.0,88.34,0,1,0.0,1,test
3e6658866cc636c1762c080ed56f44e6,12,2,291.67,2.0,2.0,2.0,52.885000000000005,1.0,145.835,393,2,393.0,1,test
3ea4185126195c34ed9949d8e406d570,214,2,726.36,2.0,2.0,2.0,16.68,10.0,363.18,57,2,57.0,0,test
3ec83b54e0afb70def9480cd6b9097f7,32,2,1544.7599999999998,9.0,2.0,2.0,97.64999999999999,1.0,772.3799999999999,0,1,0.0,1,test
3f00548d480f59bdac5e1ad8a68dcfe1,75,2,230.21,2.0,2.0,2.0,13.155000000000001,9.5,115.105,91,2,91.0,1,test
3f36fa15a16c4850992aa0f33561906e,303,2,204.82,3.0,2.0,2.0,25.435000000000002,1.0,102.41,115,2,115.0,1,test
3f5534bf8c9378ee05b7dd684cb20e8a,144,2,146.3,2.0,2.0,2.0,16.16,2.5,73.15,35,2,35.0,1,test
3f6ac9a49767899814866524054ba779,358,2,186.39,2.0,2.0,2.0,11.57,9.0,93.195,0,1,0.0,1,test
4067ba7df47a2bcb753ae5f7530fc7cc,305,2,176.21,2.0,2.0,2.0,13.205,3.5,88.105,7,2,7.0,1,test
40730ca1af9742bd0bdbcef270ff4c76,123,2,179.98,2.0,2.0,2.0,15.44,3.0,89.99,146,2,146.0,1,test
407a6773db6e845737d04a6e27e653b4,195,2,244.77999999999997,2.0,2.0,2.0,19.39,7.0,122.38999999999999,4,2,4.0,1,test
408b1dc1bf28c3245e5eca9097e14b9f,38,2,107.28,2.0,2.0,2.0,11.85,1.0,53.64,122,2,122.0,1,test
409379e6e577c89589dade402e6c2522,30,2,366.99,4.0,3.0,3.0,33.644999999999996,8.0,183.495,280,2,280.0,1,test
409fffcdaf4d0eb689458f1df6b2c240,72,2,406.15,2.0,2.0,2.0,17.64,3.0,203.075,0,1,0.0,1,test
4127cb95c20254485869d698037a3dfd,295,2,160.57999999999998,4.0,4.0,2.0,22.439999999999998,4.5,80.28999999999999,0,1,0.0,1,test
41348c09a551501117e31f8a4149950c,109,2,289.11,2.0,2.0,2.0,16.655,1.5,144.555,29,2,29.0,1,test
417021b1b4553c55daa22f17dbf37cdc,0,2,365.55,3.0,2.0,2.0,92.925,1.0,182.775,1,2,1.0,1,test
418ee6e3b8f19158d67d5039f19783b9,320,2,84.22,2.0,2.0,2.0,16.11,4.0,42.11,0,1,0.0,1,test
4191bcfd448dc07138d2951ea4d10008,145,2,178.01,2.0,2.0,2.0,16.105,3.5,89.005,154,2,154.0,1,test
41b3ab6b1f95cbd2afb361e852a56917,199,2,131.12,4.0,2.0,2.0,15.56,2.0,65.56,6,2,6.0,1,test
42398dee8f2098eec5579129cc1a6f5e,123,2,292.73,2.0,2.0,2.0,10.865,1.0,146.365,72,2,72.0,1,test
425634deb94b1080fc7d283f3a644941,169,2,145.35,2.0,2.0,2.0,25.685,2.0,72.675,2,2,2.0,1,test
429de3d8004cbe46652a0e069fc545e3,65,2,73.18,2.0,2.0,2.0,14.1,1.0,36.59,0,1,0.0,1,test
42befda568ea0df110b6cec63c233bea,8,2,236.76000000000002,2.0,2.0,2.0,12.93,1.0,118.38000000000001,165,2,165.0,1,test
4307ca57b237ef2790e2a99ebcf3c7db,54,2,354.20000000000005,4.0,3.0,2.0,28.71,5.0,177.10000000000002,2,2,2.0,1,test
43255e3df6cda368809baa2fc72872c8,49,2,127.88,2.0,2.0,2.0,17.54,1.0,63.94,230,2,230.0,1,test
432aa6200ee9673be90863a912dc91dc,18,2,133.35000000000002,3.0,3.0,2.0,20.175,5.5,66.67500000000001,165,2,165.0,1,test
434825743a3426c100c479f571816a81,256,2,74.5,2.0,2.0,2.0,11.85,1.5,37.25,0,1,0.0,1,test
43714f2590bcb9f935ae68073d6c34f1,68,2,314.6,2.0,2.0,2.0,8.3,5.0,157.3,0,1,0.0,1,test
4377c22228de511d013c6a7560d58a2d,119,2,261.14,2.0,2.0,2.0,25.57,1.0,130.57,17,2,17.0,1,test
439624e26bc73309799fd718773bdb8a,117,2,150.14,2.0,2.0,2.0,15.625,1.0,75.07,122,2,122.0,1,test
43c73f9043398f0dd2163fc5f825e61a,142,2,243.37,2.0,2.0,2.0,16.740000000000002,3.0,121.685,15,2,15.0,1,test
43dce1c46f91f3cd233905d0a8b19153,25,2,212.66,3.0,3.0,2.0,18.41,4.5,106.33,307,2,307.0,1,test
43f9d5ace80c6d3c5c09544bc2fa8484,109,2,107.75999999999999,2.0,2.0,2.0,11.879999999999999,5.0,53.879999999999995,16,2,16.0,1,test
4440347c82849cd13be225a1cafba6ba,22,2,163.07999999999998,2.0,2.0,2.0,43.64,7.5,81.53999999999999,0,1,0.0,1,test
444afd392665f1cc1f3b65ec48063735,38,2,169.06,2.0,2.0,2.0,12.629999999999999,2.0,84.53,0,1,0.0,1,test
4473c7b8da89833fc08fcd3443faea81,45,2,49.68,2.0,2.0,2.0,7.94,1.0,24.84,0,1,0.0,1,test
44a22a3351d7f1bb3d337d1be11b41fb,104,2,118.48,2.0,2.0,2.0,8.25,2.5,59.24,42,2,42.0,1,test
44b6bbfea26596437062a38c8e6bcec1,312,2,346.87,3.0,2.0,2.0,69.495,8.0,173.435,6,2,6.0,1,test
44bd7571a7dad968306f7776bd5a5745,40,2,235.68,4.0,3.0,2.0,21.635,1.0,117.84,7,2,7.0,1,test
44ed2c2de63bfe22f6596547584d7372,196,2,145.31,2.0,2.0,2.0,25.655,5.0,72.655,19,2,19.0,1,test
455b49402053f170c64a3ae7fced73d4,42,2,209.86999999999998,2.0,2.0,2.0,10.485,4.0,104.93499999999999,162,2,162.0,1,test
455c17b35969ca198c17f2fc9e8eba1b,21,3,704.3299999999999,5.0,3.0,3.0,32.11,2.3333333333333335,234.77666666666664,364,3,182.0,1,test
459759c02362af7a218dd2fe035b3c07,227,2,781.19,4.0,3.0,3.0,64.145,10.0,390.595,0,1,0.0,1,test
45df9d71b80f651fcfd26763eebd027a,120,2,204.0,2.0,2.0,2.0,17.1,1.0,102.0,0,1,0.0,1,test
4644f1b187e390a08b4c66fb16c91364,15,2,1219.32,12.0,2.0,2.0,159.66,1.5,609.66,0,1,0.0,1,test
4666e7be827bb14bf746a56f740e62c5,314,2,152.32999999999998,2.0,2.0,2.0,15.175,6.0,76.16499999999999,0,1,0.0,1,test
4681829483318507ed55682649de6571,60,2,742.78,4.0,3.0,2.0,41.59,2.0,371.39,68,2,68.0,1,test
46958f708ade6b6a88b2e5aca1e66de5,213,3,156.03,3.0,3.0,3.0,16.11,1.0,52.01,0,1,0.0,1,test
46b061196b47dfe9318d38bab6a40ee7,77,2,196.77,2.0,2.0,2.0,8.44,4.5,98.385,4,2,4.0,1,test
4702945c3b363dd3a5d1cbe913cc95d2,171,2,105.99,3.0,3.0,2.0,22.645,1.0,52.995,0,1,0.0,1,test
4754e3b66497719a91b36268ed9c5718,113,2,881.11,2.0,2.0,2.0,29.43,1.0,440.555,0,1,0.0,1,test
4757b4d81eaab4d270e585126410dc5c,334,2,91.72,2.0,2.0,2.0,10.96,2.0,45.86,23,2,23.0,1,test
475cab480951109dec3ad6f770167fa5,243,2,170.89999999999998,2.0,2.0,2.0,10.805,2.5,85.44999999999999,28,2,28.0,1,test
475d4eb16efe698064c2966acd62584c,10,2,140.39,2.0,2.0,2.0,11.379999999999999,1.0,70.195,1,2,1.0,1,test
477f7f182e8da105ba6713c0d5a24f15,402,2,271.11,2.0,2.0,2.0,15.625,6.5,135.555,0,1,0.0,1,test
479085be6190cd4a8e610b4fcce5f29c,253,2,186.14000000000001,2.0,2.0,2.0,14.37,2.5,93.07000000000001,0,1,0.0,1,test
47a71b49f98984efd3c62cb213f977e8,146,2,146.68,2.0,2.0,2.0,13.44,1.0,73.34,10,2,10.0,1,test
47c1a3033b8b77b3ab6e109eb4d5fdf3,66,6,944.21,7.0,7.0,6.0,17.935,1.0,157.36833333333334,170,5,34.0,1,test
4820f42c8203dcad5d2c17cf363048b0,85,2,318.69,2.0,2.0,2.0,14.895,5.5,159.345,139,2,139.0,1,test
485b849ef839f0f401da8bfdc7ac2781,76,2,173.04,3.0,2.0,2.0,23.225,3.5,86.52,199,2,199.0,1,test
48625b68a29dcfc3aba4b5147e0625aa,54,2,370.32,2.0,2.0,2.0,20.71,1.0,185.16,133,2,133.0,1,test
487b72af97cd4e1dcdfae25627f3ea8a,113,2,703.38,2.0,2.0,2.0,11.79,1.0,351.69,14,2,14.0,1,test
4897a3c64a635a703a71dd2d9189bffa,183,2,419.47,2.0,2.0,2.0,16.330000000000002,3.5,209.735,167,2,167.0,1,test
48fd7dec70f2b104a1d5e8c5c639102b,210,2,166.29000000000002,3.0,2.0,2.0,24.285,7.0,83.14500000000001,124,2,124.0,1,test
49257d143ec6384f53a6648062252966,13,2,196.66,2.0,2.0,2.0,25.88,3.0,98.33,0,1,0.0,1,test
4962136f755981b83b03f476e66eea7d,140,2,208.02,4.0,2.0,2.0,31.46,4.5,104.01,398,2,398.0,1,test
49afeec74ee36fc6e5582ccd16111a14,134,2,395.83,2.0,2.0,2.0,16.465,2.0,197.915,0,1,0.0,1,test
49bf911a5666e781425b4fe91495454d,117,2,317.71000000000004,2.0,2.0,2.0,31.355,3.0,158.85500000000002,0,1,0.0,1,test
49cee01774f85ef576192e1038cf9cc6,207,2,225.51,3.0,2.0,2.0,24.255000000000003,4.0,112.755,32,2,32.0,1,test
49d1599dd80dedc213037342bbe43fd7,104,2,118.57,3.0,2.0,2.0,18.99,4.5,59.285,197,2,197.0,1,test
49d602890c664bcee124fa70e94d9fb1,107,2,73.06,3.0,2.0,2.0,13.23,1.0,36.53,88,2,88.0,1,test
49e6749fd8bf4a9218457eb19a92e200,116,2,497.84000000000003,2.0,2.0,2.0,39.475,2.0,248.92000000000002,232,2,232.0,1,test
4a2ef0b951aa7bdda04470d961d5e755,174,2,170.69,2.0,2.0,2.0,29.66,6.5,85.345,0,1,0.0,1,test
4a433c62dfda8104d295307e855c82a7,16,2,299.44000000000005,2.0,2.0,2.0,30.505000000000003,2.0,149.72000000000003,114,2,114.0,1,test
4a6ccb379c9e5062ad3ce2324222fbf3,3,2,42.47,2.0,2.0,2.0,7.585,1.0,21.235,62,2,62.0,1,test
4b384b778ebc0449d0244902bfce7beb,132,2,187.4,2.0,2.0,2.0,25.049999999999997,4.0,93.7,149,2,149.0,1,test
4b8b7bf8d90bd492c7a61ec3ce264a0a,13,2,203.70999999999998,2.0,2.0,2.0,13.030000000000001,2.0,101.85499999999999,0,1,0.0,1,test
4b979b432abe14a88cd0cde893952677,178,2,293.36,4.0,2.0,2.0,26.88,1.0,146.68,29,2,29.0,1,test
4bbaf6f7a10a7e26a8777aa5cb6d5864,14,3,554.09,7.0,4.0,4.0,44.47666666666667,3.6666666666666665,184.6966666666667,404,3,202.0,1,test
4bbba2a307995c25e9d635cc1a9700d0,125,2,346.62,2.0,2.0,2.0,20.86,17.0,173.31,0,1,0.0,1,test
4bf3d072dcf303280e82dc697b516c6f,107,2,115.7,2.0,2.0,2.0,9.605,1.0,57.85,6,2,6.0,1,test
4c0bac678bfb8ff0becd5b393b45a884,85,2,866.2,4.0,4.0,3.0,34.305,1.0,433.1,0,1,0.0,1,test
4c112bdeac93a04155c340b65b35c232,298,2,87.8,3.0,2.0,2.0,17.775,3.0,43.9,7,2,7.0,1,test
4c116f8ddec984371284ab7bc860001a,249,2,70.18,2.0,2.0,2.0,15.1,1.0,35.09,26,2,26.0,1,test
4c3d123168c78dcca6cde5a7274430a5,292,2,40.56,2.0,2.0,2.0,7.78,1.0,20.28,28,2,28.0,1,test
4c45ebf94ecf4107850d91bc326851c3,208,2,529.56,2.0,2.0,2.0,35.28,10.0,264.78,0,1,0.0,1,test
4c5ae17e8984ca0916543b159eac0f2c,223,2,577.96,3.0,3.0,2.0,23.979999999999997,8.0,288.98,4,2,4.0,1,test
4c93744516667ad3b8f1fb645a3116a4,167,2,565.88,2.0,2.0,2.0,29.68,1.0,282.94,30,2,30.0,1,test
4cba4382020c8e217faee72173ecb0fc,49,2,125.07,3.0,3.0,2.0,25.185,6.0,62.535,0,1,0.0,1,test
4ced1b9f8668a9792e5484da6d97b229,164,2,59.4,2.0,2.0,2.0,14.1,1.0,29.7,0,2,0.0,1,test
4d191bb8e1eea602e77b4ab62cf4daac,11,2,106.56,2.0,2.0,2.0,19.83,2.0,53.28,0,1,0.0,1,test
4d1fe8b6f5e9ee044a14467c8b2832b6,52,2,216.04000000000002,2.0,2.0,2.0,20.625,1.0,108.02000000000001,0,1,0.0,1,test
4d2a058cead19bc1e7b3580be5893b2b,68,2,193.27,2.0,2.0,2.0,22.185,1.0,96.635,0,1,0.0,1,test
4d98a16aebfef3772cc4d547bcae8761,134,2,382.59000000000003,3.0,2.0,2.0,23.294999999999998,5.0,191.29500000000002,23,2,23.0,1,test
4dcabe94c61f202327839a734955b0cf,24,2,402.12,4.0,3.0,3.0,44.714999999999996,2.0,201.06,1,2,1.0,1,test
4df9aee56fa602c72756abb22ee60b17,110,2,291.54,4.0,2.0,2.0,26.869999999999997,2.0,145.77,28,2,28.0,1,test
4e1cce07cd5937c69dacac3c8b13d965,126,2,1230.6100000000001,2.0,2.0,2.0,29.505,6.5,615.3050000000001,0,1,0.0,0,test
4e23e1826902ec9f208e8cc61329b494,18,2,187.76999999999998,2.0,2.0,2.0,14.935,1.0,93.88499999999999,524,2,524.0,1,test
4e39429218dac10ad4e57dafee3d92d4,126,2,190.24,2.0,2.0,2.0,15.175,5.5,95.12,173,2,173.0,1,test
4e3b6c25502ef69e5c5e54616bf67ed7,387,2,110.88,3.0,3.0,2.0,16.439999999999998,5.0,55.44,0,1,0.0,1,test
4e4b787733d41ea0cb9b69a192bb285e,119,2,417.02,2.0,2.0,2.0,18.61,2.0,208.51,5,2,5.0,1,test
4e65032f1f574189fb793bac5a867bbc,258,4,438.75,5.0,4.0,4.0,19.345,4.75,109.6875,111,4,37.0,0,test
4e6588068c000d6f539cf24c66a96816,40,2,990.5,2.0,2.0,2.0,30.300000000000004,2.0,495.25,0,1,0.0,1,test
4e78d9253ba5cc1d990eb09ea45a3a2c,373,2,82.0,2.0,2.0,2.0,16.15,3.5,41.0,0,1,0.0,1,test
4eda116add853323e439c104b7d0824c,128,2,135.78,2.0,2.0,2.0,13.44,5.5,67.89,22,2,22.0,1,test
4ef6c02126b21225e011b242f9f79c6f,108,2,528.29,2.0,2.0,2.0,56.645,1.5,264.145,206,2,206.0,1,test
4f011f45db425dcd3be79d4c11e9ad05,293,2,218.0,2.0,2.0,2.0,16.505000000000003,6.5,109.0,112,2,112.0,1,test
4f2029f4e7aea8455f5c1cb9de0b7ccd,191,2,491.63,2.0,2.0,2.0,21.365,7.0,245.815,47,2,47.0,1,test
4f4a4c713a7892d9db23f694fc647d13,59,2,207.95,2.0,2.0,2.0,14.575,1.0,103.975,0,1,0.0,1,test
4f4d2fe2987efa0b9e4e61a466e8ed8b,57,2,131.47,2.0,2.0,2.0,15.135,5.0,65.735,158,2,158.0,1,test
4f6d635ff2fd4e30ff5369a7b943eb22,45,2,137.94,2.0,2.0,2.0,14.155000000000001,1.0,68.97,0,1,0.0,1,test
4f88e6285f805c9a823ba23291a65ca3,126,2,133.31,2.0,2.0,2.0,14.205,2.5,66.655,12,2,12.0,1,test
4f8e0cd35c770318d9e8874c2956345a,5,2,567.0,3.0,2.0,2.0,58.650000000000006,1.0,283.5,19,2,19.0,1,test
4f928a6270233d6c7c4e73919fa12295,54,2,163.49,2.0,2.0,2.0,12.745000000000001,2.0,81.745,0,1,0.0,1,test
4fcf7b9d6a54ded837b9a0ff601bf7ef,43,2,352.75,2.0,2.0,2.0,15.375,2.0,176.375,2,2,2.0,1,test
4fe67915d44791a5deab2957c2641048,392,2,40.47,2.0,2.0,2.0,9.84,1.0,20.235,0,1,0.0,1,test
4ffd7cf05f22d7a320750a2f9e73f665,150,2,276.23,2.0,2.0,2.0,15.114999999999998,5.5,138.115,55,2,55.0,1,test
503279f30dccc77b5d832f20bd485393,19,2,240.89,2.0,2.0,2.0,20.995,1.0,120.445,0,1,0.0,1,test
5036f4227f2e546879f581d8fd3e6ec6,245,2,173.79999999999998,3.0,3.0,3.0,18.96,4.5,86.89999999999999,0,1,0.0,1,test
507dc9becd4fc65635d90682dfa9d3a3,127,2,204.46,2.0,2.0,2.0,18.83,6.0,102.23,83,2,83.0,1,test
508cae50c5c1e72079d266a513bca9ae,82,2,270.17,3.0,2.0,2.0,20.335,2.5,135.085,0,1,0.0,1,test
508f416faa150cd3249d045d81c93399,82,2,289.94,2.0,2.0,2.0,11.969999999999999,7.0,144.97,43,2,43.0,1,test
50a662e7d7e7e2a94112a4f15a37464e,277,2,448.38,2.0,2.0,2.0,24.240000000000002,2.0,224.19,4,2,4.0,1,test
50ad9fb3ba7f8cf336529fe94a182996,181,2,391.16999999999996,3.0,2.0,2.0,35.735,8.0,195.58499999999998,147,2,147.0,1,test
50cd97d731f3f5e3f321673c2671a23d,102,3,416.39,3.0,3.0,3.0,15.53,2.6666666666666665,138.79666666666665,96,2,48.0,1,test
50e1b12ee1e2eab6157d9c0b035136af,50,2,68.63,2.0,2.0,2.0,15.864999999999998,1.0,34.315,1,2,1.0,1,test
511152350c802fe363fd2417b1a09357,66,2,98.47999999999999,2.0,2.0,2.0,16.79,1.0,49.239999999999995,0,2,0.0,1,test
5126071e8e67f61789f6ce9f3af56143,101,2,450.22,2.0,2.0,2.0,13.61,10.0,225.11,0,1,0.0,1,test
51378a8908cdc12c6545fdf842383c97,379,2,922.19,2.0,2.0,2.0,21.645,3.5,461.095,12,2,12.0,1,test
514f8ca0f04813ed414874f8f422e6c3,32,2,151.92,3.0,3.0,2.0,18.06,2.0,75.96,186,2,186.0,1,test
518199e5f36305bffce18e38aa2642aa,176,2,148.06,2.0,2.0,2.0,14.13,3.0,74.03,0,1,0.0,1,test
51838d41add414a0b1b989b7d251d9ee,300,3,310.86,3.0,3.0,3.0,12.086666666666666,1.0,103.62,82,2,41.0,1,test
51c23d1b01aebce5a1e32e3d9b312aa3,53,2,132.02,2.0,2.0,2.0,20.11,1.0,66.01,7,2,7.0,1,test
51c2f039f08424330a6bbba4c9949d98,279,2,312.02,2.0,2.0,2.0,16.064999999999998,8.0,156.01,0,1,0.0,1,test
51d11e5abc725531b3a2fd56456885fa,45,2,417.76,2.0,2.0,2.0,14.379999999999999,5.0,208.88,0,1,0.0,1,test
51d121ddc025c1b70f8f62a1b727aecf,213,2,391.23,6.0,3.0,2.0,103.215,8.0,195.615,85,2,85.0,1,test
51d91326ffc0688da14a001de38c264b,217,3,735.72,3.0,3.0,3.0,36.91,5.333333333333333,245.24,10,2,5.0,1,test
51dc56123336c573f2977f5da81b17b9,184,2,769.24,2.0,2.0,2.0,34.72,10.5,384.62,153,2,153.0,1,test
523730e4b2ef7654c243699b81763112,328,2,229.83,2.0,2.0,2.0,22.515,1.0,114.915,102,2,102.0,1,test
525236008daa62b6022f35142ef864d3,56,2,244.41,2.0,2.0,2.0,17.259999999999998,7.0,122.205,120,2,120.0,1,test
52597838f6c178b19b961b068d048c71,213,2,425.54,4.0,2.0,2.0,30.77,1.0,212.77,98,2,98.0,1,test
526126c9f6a2a58d226b574d4d6c2278,401,2,578.75,4.0,2.0,2.0,90.03,10.0,289.375,0,1,0.0,1,test
5275b2f97b9c995d3d05a58610c0bb67,118,2,237.94,2.0,2.0,2.0,19.27,1.0,118.97,6,2,6.0,1,test
5277f2c18bae9ff7f93aa8118ace6e03,128,2,270.57,5.0,2.0,2.0,40.31,1.0,135.285,0,1,0.0,1,test
527c6fbbe85cdf78ff1645e0a71e266f,67,2,404.27,2.0,2.0,2.0,21.134999999999998,6.0,202.135,18,2,18.0,1,test
528553785a32652e5b1f5dc33899f754,110,2,256.04,2.0,2.0,2.0,18.02,1.5,128.02,47,2,47.0,1,test
52e05f52b2ccd1945aafaae6ceff7ba1,127,2,242.70000000000002,2.0,2.0,2.0,12.405000000000001,5.5,121.35000000000001,32,2,32.0,1,test
53100f780630b0755dcdec40f673abfb,22,2,104.54,2.0,2.0,2.0,8.07,2.0,52.27,298,2,298.0,1,test
53b30ca78efb2b7efcd3f9e461587eb2,204,2,300.46999999999997,3.0,3.0,2.0,26.735,2.0,150.23499999999999,21,2,21.0,1,test
53beace9d0aa08b64d759d5f5a66550c,116,2,290.53999999999996,2.0,2.0,2.0,10.73,2.0,145.26999999999998,238,2,238.0,1,test
53c84ac43bbfafb7a6b5d9076ab423c7,220,2,144.6,2.0,2.0,2.0,16.93,1.0,72.3,0,1,0.0,1,test
53f34954c078f5034197993c0e109b95,334,2,158.19,3.0,2.0,2.0,31.200000000000003,7.5,79.095,0,1,0.0,1,test
5416f8ad5bc33953624084ebc8738307,127,2,402.74,2.0,2.0,2.0,21.92,2.5,201.37,46,2,46.0,1,test
544bd839b4e7f92a077c7bf2410f8b02,222,2,188.3,2.0,2.0,2.0,22.705,6.5,94.15,116,2,116.0,1,test
5461338ea772177374bcf3f23665178f,159,2,278.38,5.0,5.0,4.0,24.395,1.0,139.19,73,2,73.0,1,test
54732c804725f94304b9f2d1107a3d6e,14,2,408.96000000000004,2.0,2.0,2.0,13.485,3.5,204.48000000000002,218,2,218.0,1,test
547d0504ca415eb4864fa3030f73d3f3,69,2,68.77000000000001,2.0,2.0,2.0,11.44,1.0,34.385000000000005,67,2,67.0,1,test
54a22a0d776f341e79356ad4a761aa81,29,2,210.95999999999998,2.0,2.0,2.0,9.485,5.0,105.47999999999999,0,1,0.0,1,test
54b716ecf36f372ca6a585a68025e8a1,360,2,269.18,3.0,2.0,2.0,16.74,11.0,134.59,0,1,0.0,1,test
54bf1780705493f3224d73bd48e53186,47,2,132.85,2.0,2.0,2.0,14.93,1.0,66.425,294,2,294.0,1,test
54c7b4f48fb9e911bf328bf9884ca61d,242,2,184.74,2.0,2.0,2.0,42.38,1.0,92.37,50,2,50.0,1,test
54ed3f082c9e7725a0e26e9e682fc825,77,2,524.8199999999999,2.0,2.0,2.0,85.41,4.5,262.40999999999997,44,2,44.0,1,test
552fc05a13d28356a38e8b13f64cbe4f,152,2,180.31,2.0,2.0,2.0,17.755,8.5,90.155,48,2,48.0,1,test
5616f75d22507069b5383854a1d8c414,33,2,443.58,2.0,2.0,2.0,21.89,5.0,221.79,48,2,48.0,1,test
565448508b44312e8489ca1bc1f5d09e,345,2,210.16,2.0,2.0,2.0,20.08,6.0,105.08,0,1,0.0,1,test
56b088f218c6c02cd6e86bb9814271cb,213,2,159.08,3.0,2.0,2.0,29.6,4.5,79.54,0,1,0.0,1,test
56c8638e7c058b98aae6d74d2dd6ea23,9,3,277.02,4.0,3.0,3.0,28.150000000000002,3.0,92.33999999999999,253,2,126.5,0,test
56f77ee91e06fb36402afa524deee676,58,2,144.69,2.0,2.0,2.0,15.15,1.0,72.345,0,1,0.0,1,test
57017bffe1b59c7da66267b6d3fcd44d,171,2,196.36,2.0,2.0,2.0,16.28,2.0,98.18,183,2,183.0,1,test
570eb70ff97166b85ea96be3bfb65fef,142,2,224.57999999999998,6.0,5.0,2.0,45.805,1.0,112.28999999999999,15,2,15.0,1,test
5735fac0e3e12fee0b0545828a977acd,274,2,380.76,2.0,2.0,2.0,46.595,5.5,190.38,129,2,129.0,1,test
578035514ad8238fa724f24b4aabc1df,252,2,154.7,2.0,2.0,2.0,14.85,1.0,77.35,0,1,0.0,1,test
57b5d9f9fa4f1ff41befbfbf0fcbc3ca,155,2,234.07000000000002,2.0,2.0,2.0,17.54,4.0,117.03500000000001,142,2,142.0,1,test
580561d937f063a0c4ffe1e4832df2f5,88,2,99.30000000000001,2.0,2.0,2.0,32.55,3.0,49.650000000000006,336,2,336.0,1,test
58075e17e770fc08571c3e0f452f6a11,269,2,227.26999999999998,3.0,2.0,2.0,25.015,4.5,113.63499999999999,16,2,16.0,1,test
582183483d33018384b309d31c45f353,342,2,216.82999999999998,2.0,2.0,2.0,15.754999999999999,1.0,108.41499999999999,0,2,0.0,1,test
582413ee5c9cf48218666c6fd967a221,110,2,149.47,2.0,2.0,2.0,14.235,1.0,74.735,0,1,0.0,1,test
58498d9dec038f925f6406ebdfdc36bb,135,2,419.17,2.0,2.0,2.0,16.85,3.5,209.585,190,2,190.0,1,test
585ba6a115792c0b0483d65e5ab1f4b6,113,2,101.69,2.0,2.0,2.0,15.350000000000001,1.0,50.845,2,2,2.0,1,test
58812bfc80ed972fa2e7f3614c0cd22e,285,2,111.56,2.0,2.0,2.0,15.79,2.0,55.78,0,1,0.0,1,test
589211c7448e6c3b58b0ba98ce089ee7,93,2,122.57,2.0,2.0,2.0,18.295,5.5,61.285,2,2,2.0,1,test
58f5a0b391493cf37a8c32956f14d6d1,38,2,371.78,2.0,2.0,2.0,15.44,1.0,185.89,0,1,0.0,1,test
5908f8630bbd5a8d5984b25f85588168,214,2,291.32,2.0,2.0,2.0,15.66,5.5,145.66,71,2,71.0,1,test
5925dfa8cd87ab4d852383f7039c8bc2,2,2,182.32,2.0,2.0,2.0,13.71,1.0,91.16,200,2,200.0,1,test
59268ee5dc0cd98a36ea808010826cc8,102,2,181.5,3.0,3.0,3.0,11.755,1.0,90.75,3,2,3.0,1,test
593cb774409e5239a1946d1c88e0813d,269,3,265.5,7.0,5.0,3.0,35.233333333333334,5.333333333333333,88.5,59,3,29.5,1,test
595ee036d3a69e80934a9b3618834085,9,2,313.71,2.0,2.0,2.0,19.605,8.5,156.855,34,2,34.0,1,test
596f46e4d4b172098ad46d4d7880bcc2,1,2,132.12,2.0,2.0,2.0,17.06,1.5,66.06,21,2,21.0,1,test
598ef1f13aba15f2b88387184f6c25ec,7,2,239.5,3.0,3.0,3.0,30.400000000000006,5.5,119.75,8,2,8.0,1,test
59bba92de9b8f6be0808e4d9d64b4b43,280,2,213.15,2.0,2.0,2.0,16.63,2.5,106.575,0,1,0.0,1,test
59d66d72939bc9497e19d89c61a96d5f,233,2,3559.9900000000002,2.0,2.0,2.0,50.495000000000005,10.0,1779.9950000000001,161,2,161.0,1,test
5a21363c92f912e70cb482c96bc03af3,293,2,246.57,2.0,2.0,2.0,15.66,6.0,123.285,3,2,3.0,1,test
5a2e847dd085d36e3ba8916b75e794ed,328,2,237.86,2.0,2.0,2.0,19.93,8.0,118.93,0,1,0.0,1,test
5a494c648fde2d1ec4eb614274ea7159,23,2,1703.38,11.0,2.0,2.0,319.19,1.0,851.69,0,1,0.0,1,test
5a6b37816cefa8497b74b1ef78dbb202,52,2,140.55,2.0,2.0,2.0,10.375,6.0,70.275,0,1,0.0,1,test
5a85f706b2059c3cd55287e105d8d5ea,124,2,464.01,4.0,3.0,3.0,41.705,1.0,232.005,0,1,0.0,1,test
5ad31e19d737a51f803e6986bbd119ff,263,2,451.34,2.0,2.0,2.0,26.67,4.0,225.67,0,1,0.0,1,test
5ad96d7a95788923e8ff455366a90015,287,2,626.1800000000001,2.0,2.0,2.0,19.59,5.5,313.09000000000003,78,2,78.0,1,test
5af103d3f12fd83434cb97578a1e8d49,392,2,278.93,2.0,2.0,2.0,37.82,3.0,139.465,0,1,0.0,1,test
5af895ee7ff98368a5bf6faeddd18cec,31,2,364.67,5.0,4.0,2.0,45.08,1.0,182.335,0,1,0.0,1,test
5b07d855f3356e33b1434dfb5a035cd7,216,2,307.8,2.0,2.0,2.0,14.0,1.0,153.9,30,2,30.0,1,test
5b09c620db60411b0be6f1817c6cbe71,70,3,273.7,3.0,3.0,3.0,17.87,2.3333333333333335,91.23333333333333,151,2,75.5,1,test
5b1ae94194ff6e974356063557746e47,315,2,185.87,3.0,2.0,2.0,26.185000000000002,1.0,92.935,31,2,31.0,1,test
5b26618da34612cc4947bbf6ef4fb67c,42,2,252.01000000000002,2.0,2.0,2.0,12.004999999999999,5.0,126.00500000000001,0,1,0.0,1,test
5b2c2b2a8d9e890debe309928d321f20,278,2,179.49,2.0,2.0,2.0,14.844999999999999,3.0,89.745,0,1,0.0,1,test
5b3186d7cf904f2f9369aec26faba4d2,127,3,418.21000000000004,3.0,3.0,3.0,16.47,6.0,139.40333333333334,64,2,32.0,1,test
5b40b6d003822b8ff229a910784fe4e5,26,2,155.43,2.0,2.0,2.0,13.715,2.0,77.715,0,1,0.0,1,test
5b52858bcdab75cfc4593b13ea32db62,253,2,92.5,2.0,2.0,2.0,8.25,1.0,46.25,0,1,0.0,1,test
5b65c2693d8103d23aa910cd33d68daa,151,2,420.5,5.0,3.0,2.0,21.065,1.0,210.25,0,1,0.0,1,test
5b71ca52f13f79c2be72b2aad8755c0a,239,2,199.39999999999998,2.0,2.0,2.0,8.71,3.0,99.69999999999999,5,2,5.0,1,test
5b881f1b0bea55f5933b61c9a99c9ecc,45,2,250.03,2.0,2.0,2.0,19.064999999999998,1.0,125.015,0,1,0.0,1,test
5b8a75e77489899ad9e6d57273aafd7f,256,2,432.93,3.0,2.0,2.0,22.465,6.0,216.465,0,1,0.0,1,test
5bad02ee81a2002eb3b5b84d32bfc15f,37,2,296.84000000000003,2.0,2.0,2.0,26.42,5.5,148.42000000000002,1,2,1.0,1,test
5bc94b60050224af3dfdd2377c7e93e6,424,2,231.19,2.0,2.0,2.0,18.73,8.0,115.595,0,1,0.0,1,test
5bdb6f56a8fb4272b802f504bb6d1287,53,3,704.09,3.0,3.0,3.0,14.056666666666667,10.0,234.6966666666667,0,1,0.0,1,test
5c117c579cb98a9c6c50e1301a349f3a,302,2,153.76,2.0,2.0,2.0,16.89,6.5,76.88,0,1,0.0,1,test
5c4b7aa014e584d78525c38717510f01,325,2,433.44,3.0,2.0,2.0,25.32,10.0,216.72,0,1,0.0,1,test
5c5a99e5ef172fbf5fc8a68e6bb2e0ab,40,2,316.37,2.0,2.0,2.0,35.285,1.0,158.185,0,1,0.0,1,test
5c65a2076c901f375b01aad3a60c7447,40,2,256.98,2.0,2.0,2.0,16.54,3.0,128.49,0,1,0.0,1,test
5c8b41ba21631ca0432de4a10a56fcf1,355,2,254.84,2.0,2.0,2.0,11.42,1.0,127.42,21,2,21.0,1,test
5cb8c9998e51269d6c8c983def687414,101,2,275.81,2.0,2.0,2.0,18.455,2.0,137.905,93,2,93.0,1,test
5cbfdb85ec130898108b32c50d619c39,17,2,321.79,3.0,2.0,2.0,46.995000000000005,2.0,160.895,48,2,48.0,1,test
5cc1eb5a94ab59494d63f06a5c7eec15,27,2,349.69,3.0,2.0,2.0,24.995,8.0,174.845,0,1,0.0,1,test
5cfc9643603c095fd7ed86a50fa17887,122,2,194.99,3.0,2.0,2.0,16.38,1.0,97.495,0,1,0.0,1,test
5d2dfd15300a557c1ddfad56a8460226,15,2,856.77,2.0,2.0,2.0,50.44,5.0,428.385,15,2,15.0,1,test
5d77cf4bfc8132075fc589f355875baa,56,2,185.42,2.0,2.0,2.0,10.515,2.0,92.71,0,1,0.0,1,test
5dbba6c01268a8ad43f79157bf4454a0,42,2,496.87,2.0,2.0,2.0,68.845,5.5,248.435,91,2,91.0,1,test
5dcc06236098340b984e6865ba850593,368,2,84.42,2.0,2.0,2.0,10.96,1.0,42.21,0,1,0.0,1,test
5dda09ed137461608be539348c1dac39,49,2,168.06,2.0,2.0,2.0,12.629999999999999,2.0,84.03,0,1,0.0,1,test
5e0aa142dc4760e62a74c1830cbf91b1,44,2,438.55,2.0,2.0,2.0,19.375,2.5,219.275,391,2,391.0,1,test
5e24610c5a55f0b6ffdaf9e846d02362,227,2,244.21999999999997,2.0,2.0,2.0,25.71,2.5,122.10999999999999,10,2,10.0,1,test
5e3e9e897d07a80fc2af58088a84812a,148,2,91.35,2.0,2.0,2.0,13.475,3.5,45.675,47,2,47.0,1,test
5e492797fbeb54fb3e96629a55cdd480,298,2,148.41,2.0,2.0,2.0,15.205,1.0,74.205,0,1,0.0,1,test
5e85d75d3e3df197f08b89a2cbaad54b,386,2,201.22,2.0,2.0,2.0,20.71,2.0,100.61,0,1,0.0,1,test
5e8f38a9a1c023f3db718edcf926a2db,25,5,1114.18,5.0,5.0,5.0,23.875999999999998,3.8,222.836,197,5,49.25,1,test
5ebd246be48ec18bf3859966284333f8,57,2,206.44,2.0,2.0,2.0,16.2,1.0,103.22,0,1,0.0,1,test
5ec4c90f549177a8cbbbc7419353e66a,240,2,322.01,2.0,2.0,2.0,11.555,7.5,161.005,138,2,138.0,1,test
5ed4db82a99daa916b5a11e6c48df670,381,2,297.69,2.0,2.0,2.0,19.9,8.0,148.845,0,1,0.0,1,test
5edb5e94dde197f8fd914eec2975b891,311,2,49.36,2.0,2.0,2.0,7.78,1.0,24.68,3,2,3.0,1,test
5ee1a7e84a17bcddc784977557a7a186,178,2,192.69,2.0,2.0,2.0,16.994999999999997,2.0,96.345,0,1,0.0,1,test
5efcc46e1fee22373a28eb2b0f26a6fc,319,2,150.78,2.0,2.0,2.0,16.49,1.0,75.39,0,1,0.0,1,test
5f2a213343d506264f78cb82dd914434,296,2,430.13,2.0,2.0,2.0,17.615,2.0,215.065,113,2,113.0,1,test
5f435bbe57e905e19378fa56b60e9d16,86,2,151.94,2.0,2.0,2.0,16.119999999999997,1.0,75.97,35,2,35.0,1,test
5f45aa4ef9b8fb99b95d33a970bb64a7,194,2,117.56,2.0,2.0,2.0,11.93,1.0,58.78,46,2,46.0,0,test
5f66ee1b2e030748fdb83ab9b01a7064,192,2,243.85999999999999,2.0,2.0,2.0,19.585,2.0,121.92999999999999,69,2,69.0,1,test
5f7f2f316d856064acee6f1db7c9f63f,216,2,249.04000000000002,2.0,2.0,2.0,14.52,1.0,124.52000000000001,0,1,0.0,1,test
5f80e1b868be57e4d50ae6bbeae78d77,32,2,267.65999999999997,3.0,3.0,3.0,14.885000000000002,4.5,133.82999999999998,154,2,154.0,1,test
5fb5bf48cd408d971f873069e5178898,158,2,237.71,2.0,2.0,2.0,13.86,1.5,118.855,170,2,170.0,1,test
5fd82666f1e64606820d24e3fbb5d160,141,2,176.16,2.0,2.0,2.0,13.08,1.0,88.08,0,1,0.0,1,test
5ff735d120cf4ec4adefd9766f703bf5,4,2,360.19,2.0,2.0,2.0,18.695,7.0,180.095,39,2,39.0,1,test
5ffbc70da7ad1808b6899421caa84fbe,334,2,77.06,2.0,2.0,2.0,24.55,3.5,38.53,0,1,0.0,1,test
601bf929b8d0a8feecab068a2110ae1f,104,2,168.95,2.0,2.0,2.0,25.025000000000002,1.0,84.475,0,1,0.0,1,test
606441378b517f9eeb89f9154a1c4d4f,294,2,207.61,2.0,2.0,2.0,16.86,9.0,103.805,0,1,0.0,1,test
608646d3514cc48a27d666e313cfe0cc,260,2,469.37,2.0,2.0,2.0,17.685000000000002,1.0,234.685,0,1,0.0,1,test
609adc68db390a15fd21648c496f50b7,384,2,213.01,2.0,2.0,2.0,16.605,1.0,106.505,0,1,0.0,1,test
609b7feab0f0c9726929ec4891447b02,92,2,212.65,2.0,2.0,2.0,31.380000000000003,1.5,106.325,163,2,163.0,1,test
60e6fe581610db699ac03fec61f4d53f,53,2,303.76,2.0,2.0,2.0,19.88,9.0,151.88,376,2,376.0,1,test
615922c430abddd368735199c38e735d,167,3,383.99,4.0,4.0,3.0,23.763333333333335,4.333333333333333,127.99666666666667,173,3,86.5,1,test
6197167907273be5ee2c7ab59d4ec8e1,63,2,392.53999999999996,2.0,2.0,2.0,23.525,6.0,196.26999999999998,0,1,0.0,1,test
61b6a01709e3d754942803765b85eea6,226,2,257.8,2.0,2.0,2.0,20.0,1.0,128.9,0,1,0.0,1,test
6204c4e582a95b6a350adf6988623bfb,28,3,347.53,5.0,4.0,3.0,25.886666666666667,6.0,115.84333333333332,166,3,83.0,1,test
6222ef69df52b4ed71be551725551cc0,450,3,56.86,3.0,3.0,3.0,8.72,1.0,18.953333333333333,0,1,0.0,1,test
6223bdc5aab952ee49dea3511f89e7ec,87,2,370.56,3.0,2.0,2.0,23.28,1.0,185.28,42,2,42.0,1,test
623674d39fd0350df92b1f91c469ba39,51,2,187.95,2.0,2.0,2.0,16.975,2.0,93.975,0,1,0.0,1,test
6292600f71fe592f716a3e542f184d18,233,2,109.4,2.0,2.0,2.0,15.1,1.0,54.7,0,1,0.0,1,test
62a25a159f9fd2ab7c882d9407f49aa9,114,2,395.55,2.0,2.0,2.0,15.325,2.0,197.775,100,2,100.0,1,test
630331e73a79ae9a2ba821bd326ea298,269,2,233.07,5.0,5.0,3.0,37.76,8.0,116.535,0,1,0.0,1,test
6321cbc5ca73fae88f1acccaa086ecdf,25,2,353.79999999999995,2.0,2.0,2.0,25.375,1.0,176.89999999999998,77,2,77.0,1,test
63387fd3e05eab4e51cf704f233db5a2,67,2,193.41,2.0,2.0,2.0,14.959999999999999,1.0,96.705,0,1,0.0,1,test
6358b15ef7fa9b1210f1a5735cabd3d9,29,2,115.46000000000001,2.0,2.0,2.0,7.83,1.0,57.730000000000004,0,1,0.0,0,test
63669b3731dcc014feec668c3d888aa0,41,2,229.97000000000003,3.0,3.0,3.0,19.64,4.0,114.98500000000001,185,2,185.0,1,test
636f22218f8430a8463c5ddc5f68fc62,265,2,204.36,2.0,2.0,2.0,12.235,5.5,102.18,40,2,40.0,1,test
63b4253e688c57bdaa18741b3fea5a01,20,2,126.1,2.0,2.0,2.0,8.155,3.5,63.05,0,1,0.0,1,test
63cfc61cee11cbe306bff5857d00bfe4,56,5,723.28,10.0,5.0,5.0,44.674,7.8,144.656,267,5,66.75,0,test
63df651d5e8adb6a0e4baeb66a0eea37,211,2,337.22,3.0,2.0,2.0,19.865,5.5,168.61,0,1,0.0,1,test
640e0d867e85601bd8e64029df6034b5,115,2,98.63,2.0,2.0,2.0,9.815,1.0,49.315,0,1,0.0,1,test
641584b3ec3027aaf8fa9c088f1a1a00,146,2,61.730000000000004,2.0,2.0,2.0,14.675,1.0,30.865000000000002,130,2,130.0,1,test
6419a1be8feac26ec793667b71cbaeb4,95,3,841.98,5.0,3.0,3.0,44.126666666666665,7.333333333333333,280.66,204,3,102.0,1,test
6457b2cb5462c1217e8e6d36b0ff39d2,133,2,171.0,5.0,5.0,2.0,27.35,2.0,85.5,0,1,0.0,1,test
6469f99c1f9dfae7733b25662e7f1782,74,6,726.1800000000001,8.0,7.0,6.0,14.479999999999999,3.1666666666666665,121.03000000000002,119,5,23.8,0,test
64a5301ff6bdaf1baa00058672402d7a,239,2,160.20999999999998,2.0,2.0,2.0,15.205,7.5,80.10499999999999,0,1,0.0,1,test
64e037f54b4ff31461175bcc8bd210f4,73,2,141.24,2.0,2.0,2.0,15.675,6.0,70.62,0,1,0.0,1,test
64e9a736591627c469dae6f3d1592a61,296,2,603.16,2.0,2.0,2.0,27.825,10.0,301.58,0,1,0.0,1,test
64fbafb2935c7a2588d6a26a9d750487,428,2,674.64,3.0,3.0,3.0,18.0,8.0,337.32,0,1,0.0,1,test
65663adf8c7a498b79e57ff84ab2b654,127,2,200.07,2.0,2.0,2.0,14.665,1.0,100.035,215,2,215.0,1,test
6576977872dd65f5b680e944afe3a724,204,2,188.78,3.0,3.0,2.0,34.445,7.0,94.39,0,1,0.0,1,test
657dec397f46d84dbe64df2b0389b3cc,101,2,193.19,2.0,2.0,2.0,15.82,1.0,96.595,49,2,49.0,1,test
6594a65023bcb47539aa91b0f8e98e00,23,2,254.51999999999998,2.0,2.0,2.0,22.270000000000003,1.0,127.25999999999999,97,2,97.0,1,test
65ab3020e6a929e4e9a4b61e643da832,258,2,159.49,2.0,2.0,2.0,19.295,6.0,79.745,179,2,179.0,1,test
65d6b6a1113bd6152e3307e99c5104c9,32,2,365.4,2.0,2.0,2.0,28.7,6.0,182.7,0,1,0.0,1,test
65d7c0904b51f5b432e71a14b25121dc,143,2,108.26,2.0,2.0,2.0,12.64,2.0,54.13,0,1,0.0,1,test
65e2735427dedd6a787e5b065b3cc41e,130,2,145.46,2.0,2.0,2.0,11.24,2.0,72.73,54,2,54.0,1,test
662d88cbd178177a50141111d3a6932c,60,2,86.61,2.0,2.0,2.0,15.105,1.0,43.305,0,1,0.0,1,test
664fe7916cb8709c6b848383c6361dcc,157,2,409.33000000000004,2.0,2.0,2.0,15.215,3.5,204.66500000000002,222,2,222.0,1,test
665f8bbe2cf428657aeb0572c27fef58,75,2,547.77,3.0,2.0,2.0,24.02,5.0,273.885,0,1,0.0,1,test
6668e1ae499e2e9be475b7f708580232,293,3,281.18,3.0,3.0,3.0,28.129999999999995,1.3333333333333333,93.72666666666667,20,2,10.0,1,test
668ddbdd3ee99d4339eadfef21531d45,245,2,222.83999999999997,2.0,2.0,2.0,33.425000000000004,8.5,111.41999999999999,0,1,0.0,1,test
66980c3775537536f77b434d74e520f5,0,3,177.96,3.0,3.0,3.0,19.32,5.0,59.32,0,1,0.0,1,test
66f4eec9da64df09009a7f397c2a32b1,66,2,914.1500000000001,3.0,3.0,3.0,24.18,1.0,457.07500000000005,0,1,0.0,1,test
66ffab11964dda54f46a826323635120,70,2,814.85,2.0,2.0,2.0,17.98,6.0,407.425,0,1,0.0,1,test
67466b5877fad6f2279c1fb634c9aa5c,203,3,636.53,3.0,3.0,3.0,15.61,1.0,212.17666666666665,82,3,41.0,1,test
67626c49069bdf05ff127d59a6649948,112,2,86.18,2.0,2.0,2.0,15.1,1.0,43.09,0,1,0.0,1,test
67e747b902c2d5c2e5a266b00d965145,19,2,89.75999999999999,2.0,2.0,2.0,18.23,2.0,44.879999999999995,0,1,0.0,1,test
67fcfe4915b93624867d350b8191ff7b,279,2,106.24,2.0,2.0,2.0,25.63,4.5,53.12,0,1,0.0,1,test
6814507660c72078cbada9b3660683dd,247,2,105.65,3.0,3.0,2.0,17.775,5.0,52.825,0,1,0.0,1,test
6832bd3ca1bf89c9e60bf3c91d846ec9,67,2,227.36,3.0,2.0,2.0,24.28,1.0,113.68,67,2,67.0,1,test
68519bc41532d0f1a6613d278f86a5bd,75,2,114.9,2.0,2.0,2.0,15.675,1.5,57.45,126,2,126.0,1,test
6856178ce177496369e3a83fd143e621,126,2,134.66,2.0,2.0,2.0,14.335,1.0,67.33,236,2,236.0,1,test
686c46ddc0828bf3c0af072c44dd96b7,4,2,85.07,2.0,2.0,2.0,8.585,1.5,42.535,0,1,0.0,1,test
6871b052a835417d6d2e11153e0d3c2c,34,2,399.93,2.0,2.0,2.0,35.65,8.5,199.965,290,2,290.0,1,test
6894b2a8a74e1c7fb9452d0cb861e634,104,2,162.73,2.0,2.0,2.0,39.215,7.0,81.365,0,1,0.0,1,test
68ab9bfe2388b0b36614c7000b8b1cf8,128,2,81.56,2.0,2.0,2.0,15.79,1.0,40.78,0,1,0.0,1,test
692074726678229d1fe1887a9f0abb14,127,2,310.81,4.0,4.0,2.0,25.604999999999997,1.0,155.405,0,1,0.0,1,test
693b3203dcd4cef5288c5fd8d53f0efe,190,2,81.34,2.0,2.0,2.0,12.27,1.0,40.67,0,1,0.0,1,test
6940e424e41600ef36c79b6d8b4a2ecd,215,2,82.45,2.0,2.0,2.0,7.78,3.0,41.225,14,2,14.0,1,test
695dee4c200e4cabdfdb01287f5fd29d,29,2,260.61,2.0,2.0,2.0,17.314999999999998,1.0,130.305,0,1,0.0,1,test
698a9cafcc15cac8cdbaee64adc6efbe,61,2,220.07999999999998,2.0,2.0,2.0,20.645,3.0,110.03999999999999,0,1,0.0,1,test
699003f10173022740145aa4aaeaccd5,126,2,511.21999999999997,2.0,2.0,2.0,21.16,6.0,255.60999999999999,0,1,0.0,1,test
69aab61687fa416ef601af332bd0ff0d,79,2,134.47,2.0,2.0,2.0,12.285,1.0,67.235,356,2,356.0,1,test
69e333213f390c27d001d415de206697,173,2,109.23,2.0,2.0,2.0,15.169999999999998,1.0,54.615,0,1,0.0,1,test
69e4074cb5368c1539397e4ea570757a,48,2,190.68,2.0,2.0,2.0,15.440000000000001,2.0,95.34,376,2,376.0,1,test
69f2934ad8b50cc05587a94cc7d68fc9,26,2,228.02,2.0,2.0,2.0,21.565,5.5,114.01,94,2,94.0,1,test
6a2ae83cded378a462e86a2e4885e750,26,2,292.37,2.0,2.0,2.0,46.265,5.0,146.185,0,1,0.0,1,test
6a2c39f27e5c40a4d2a0cd94aeb8c925,64,2,203.87,2.0,2.0,2.0,24.535,1.0,101.935,49,2,49.0,1,test
6a3a03f3c7afeb25ce61700d914a841a,44,2,149.32,3.0,2.0,2.0,24.66,2.0,74.66,0,1,0.0,1,test
6a41171c962a6356e8ea95518821dd45,43,2,130.57999999999998,2.0,2.0,2.0,12.29,2.0,65.28999999999999,0,1,0.0,1,test
6a56e8e6c20175d122a962a5e5dfcf5e,208,2,303.93,2.0,2.0,2.0,37.019999999999996,1.0,151.965,0,1,0.0,1,test
6a5b2a807a2aca962c4badc649cb40b2,417,2,142.04,2.0,2.0,2.0,11.03,7.0,71.02,0,1,0.0,1,test
6a64e2cf94a5779760698c1e25a2852a,186,2,113.49000000000001,2.0,2.0,2.0,9.755,1.0,56.745000000000005,0,1,0.0,1,test
6a7e7be8e652da4e4777866459f9b007,48,2,161.32,2.0,2.0,2.0,15.715,2.0,80.66,0,1,0.0,1,test
6a80a86f478a93a5f4c7ba8db6441a6b,248,3,342.75,4.0,4.0,4.0,22.786666666666665,3.0,114.25,0,1,0.0,1,test
6aa14366984bcc5f1ea760928283d451,61,2,346.6,2.0,2.0,2.0,20.85,10.0,173.3,168,2,168.0,1,test
6aa2294d9975e319365a586ba919de73,27,2,190.57,2.0,2.0,2.0,17.835,5.5,95.285,83,2,83.0,1,test
6abc999251612920bec93b3be616fa1d,292,2,139.07,2.0,2.0,2.0,10.535,1.0,69.535,35,2,35.0,1,test
6b1b676621a55a12546f8eeeaa12d4a7,148,2,324.8,4.0,2.0,2.0,24.4,1.0,162.4,44,2,44.0,1,test
6bb535b0906b43e0041916897667aeed,195,3,1195.23,5.0,3.0,3.0,78.25,8.666666666666666,398.41,100,2,50.0,1,test
6bd33258105ef24dbf6d82bb7e3a06b2,25,2,155.69,2.0,2.0,2.0,25.445,4.0,77.845,0,1,0.0,1,test
6be28ae15cd1e7b3f3f36ac483512822,127,2,500.41999999999996,4.0,4.0,3.0,36.865,8.0,250.20999999999998,0,1,0.0,1,test
6c2f6983a60ac0dc8a9ee65579959538,165,2,251.49,2.0,2.0,2.0,12.295,1.5,125.745,18,2,18.0,1,test
6c45a9350eb05fba53a297c2491a32c5,329,2,150.92,2.0,2.0,2.0,15.56,1.5,75.46,0,1,0.0,1,test
6c70bee45f245a4ebeddb2ece21b567d,271,2,586.37,2.0,2.0,2.0,22.185000000000002,10.0,293.185,60,2,60.0,1,test
6c722fdc0ca8a586dcfa980f2f1278eb,211,2,238.04,3.0,3.0,3.0,24.285,5.0,119.02,47,2,47.0,1,test
6cf5a61d865d979d060812cdb48ce484,2,2,317.29999999999995,2.0,2.0,2.0,16.65,1.0,158.64999999999998,192,2,192.0,1,test
6d3d5771a12f5e7d00729f940bb28fd2,248,2,347.78000000000003,8.0,3.0,3.0,76.08500000000001,1.0,173.89000000000001,33,2,33.0,1,test
6d74740d498504341df1e7f104daebf0,75,2,204.92,2.0,2.0,2.0,23.015,4.0,102.46,188,2,188.0,1,test
6d97028799b1d0a91160e11d45cfeb7b,307,2,134.7,2.0,2.0,2.0,15.37,4.5,67.35,42,2,42.0,1,test
6d983c87bdeb0ca15734c8bdaa79a2ea,134,2,348.03,3.0,3.0,3.0,30.115,1.0,174.015,0,1,0.0,1,test
6e0d94e83bae00a64c12c9497158ee1c,188,2,80.4,2.0,2.0,2.0,15.1,1.0,40.2,51,2,51.0,1,test
6e1512c1c3221bd24fa4848202727ab3,111,2,194.54,2.0,2.0,2.0,17.325,1.0,97.27,166,2,166.0,1,test
6e1550b8966f327f29bc06b18972dbec,305,2,1039.8799999999999,2.0,2.0,2.0,50.005,5.5,519.9399999999999,10,2,10.0,1,test
6e26bbeaa107ec34112c64e1ee31c0f5,88,2,1441.6200000000001,2.0,2.0,2.0,42.86,5.5,720.8100000000001,181,2,181.0,1,test
6e620488162fe1129d32f26b751d770a,37,2,193.65,3.0,2.0,2.0,21.975,1.0,96.825,146,2,146.0,1,test
6e64dc929d62442c813375d68c4e0c2e,34,2,247.27999999999997,2.0,2.0,2.0,11.14,5.0,123.63999999999999,0,1,0.0,1,test
6e968652933d10e7a77047574d87e54a,293,2,154.77,2.0,2.0,2.0,27.715000000000003,7.5,77.385,0,1,0.0,1,test
6ecae395621d20aca9711709fedacade,33,2,186.19,2.0,2.0,2.0,16.145,2.0,93.095,0,1,0.0,1,test
6ee2f345f4f2fbd1cafb6447a6b37642,296,2,387.59000000000003,2.0,2.0,2.0,18.845,9.0,193.79500000000002,7,2,7.0,1,test
6eefa309faab7725bf4b9dce147e4ae6,86,3,87.6,3.0,3.0,3.0,12.933333333333332,2.0,29.2,155,3,77.5,1,test
6ef4101366e4340921398ba91fff1426,33,2,141.26,2.0,2.0,2.0,16.18,1.0,70.63,0,1,0.0,1,test
6f22857001b77949eb8110295fced3ff,131,2,109.24,2.0,2.0,2.0,8.72,1.0,54.62,34,2,34.0,1,test
6f302f15a62c56b3100b67a81bfef328,103,2,735.39,3.0,2.0,2.0,53.095,6.5,367.695,153,2,153.0,1,test
6f36e0165218ac7ae521d8e44739e703,64,2,249.48999999999998,2.0,2.0,2.0,10.395,5.5,124.74499999999999,24,2,24.0,1,test
6f64406ed5cfa4a2d9bd35e91bfd6587,53,3,371.28,3.0,3.0,3.0,15.526666666666666,2.0,123.75999999999999,57,2,28.5,1,test
6f65f19c2dcfcab8b76b2fafb5b840e1,9,2,248.66000000000003,2.0,2.0,2.0,13.879999999999999,4.5,124.33000000000001,409,2,409.0,1,test
6faa792efdf7c9c6eb7cfdf68aa5e581,173,2,296.43,2.0,2.0,2.0,28.72,1.0,148.215,208,2,208.0,1,test
6fc92189a4d83f8f8eb046b050ce8687,266,2,308.49,2.0,2.0,2.0,21.97,8.5,154.245,0,1,0.0,1,test
6ff62b85b8dd35a3402d54618bdafec6,54,2,629.46,2.0,2.0,2.0,18.23,3.0,314.73,2,2,2.0,1,test
7063b55fee699193fd5e44253a7e4a98,316,2,789.24,3.0,3.0,2.0,21.12,5.0,394.62,0,1,0.0,1,test
706cdc310c7f626d1d2bc95c396202e5,200,2,163.32,2.0,2.0,2.0,15.265,1.0,81.66,0,1,0.0,1,test
70755e5b9df5988f592f3dec6279f1be,190,2,144.46,2.0,2.0,2.0,15.24,5.0,72.23,0,1,0.0,1,test
70ad91901ad4330af432978ff134fc6f,12,2,660.44,11.0,3.0,3.0,72.755,1.0,330.22,6,2,6.0,1,test
70c976663a07ebfd35d81c6179258391,38,2,196.35000000000002,2.0,2.0,2.0,12.725000000000001,2.0,98.17500000000001,0,1,0.0,1,test
70f0fca2435f0fa72fe85699630791fc,415,2,381.39,3.0,2.0,2.0,32.695,8.0,190.695,0,1,0.0,1,test
70ffda7e4167ce87ac620ab2c572ac4f,190,2,118.36000000000001,3.0,2.0,2.0,21.445,5.5,59.18000000000001,0,1,0.0,1,test
711066a7bba9951b1da0ce0f4302af23,52,2,109.0,2.0,2.0,2.0,11.05,1.0,54.5,54,2,54.0,1,test
712c4abfd9b054e7872aad2021a4aee3,134,2,446.28,2.0,2.0,2.0,14.14,1.0,223.14,11,2,11.0,1,test
718d5855edf637b8e2f213db87dab93d,166,2,79.09,2.0,2.0,2.0,14.1,1.0,39.545,144,2,144.0,1,test
719b758d12e3c1f243c66bf47b488be1,77,2,290.43,3.0,3.0,3.0,21.265,1.0,145.215,0,1,0.0,1,test
71b14aca95bfbedbc5746d2c0a92d8e2,129,2,383.36,2.0,2.0,2.0,21.68,3.0,191.68,2,2,2.0,1,test
71b8dc9ce21a7ca5344bde166e117c9f,24,2,209.75,2.0,2.0,2.0,17.425,4.0,104.875,231,2,231.0,1,test
71d2dbb6d2f52d568ca9d69c815a4331,287,2,386.59000000000003,2.0,2.0,2.0,9.344999999999999,8.5,193.29500000000002,80,2,80.0,1,test
71df425cb9aec3337bc969df451d663a,183,2,861.81,3.0,2.0,2.0,56.05499999999999,5.0,430.905,7,2,7.0,1,test
71e1f051740a6d2fcdc204e989035526,71,2,202.1,2.0,2.0,2.0,21.049999999999997,1.0,101.05,242,2,242.0,1,test
71f5d6c0cf885d0b2b52836a4c469bc3,354,2,81.9,2.0,2.0,2.0,10.96,1.0,40.95,18,2,18.0,1,test
72061fff095d8325b311ea24e2f4a2b5,109,2,699.8000000000001,8.0,7.0,2.0,65.03,5.0,349.90000000000003,7,2,7.0,1,test
7263bdaf8bd8ca9e023f521f8ae50970,383,2,180.37,3.0,2.0,2.0,31.285,2.0,90.185,0,1,0.0,1,test
728e4a7d0db4845270091ded0923c71f,450,3,46.86,3.0,3.0,3.0,8.72,1.0,15.62,0,1,0.0,1,test
729089b44985b34915decf7117d8fc2c,122,2,103.38,2.0,2.0,2.0,12.69,1.0,51.69,5,2,5.0,1,test
72e79d08a90aa4e10f7e5aa76e65b258,146,2,172.3,2.0,2.0,2.0,16.25,2.0,86.15,0,1,0.0,1,test
7305430719d715992b00be82af4a6aa8,128,2,281.88,2.0,2.0,2.0,18.689999999999998,3.5,140.94,134,2,134.0,0,test
730e4b7ede33b484516435d39ab4dc49,297,2,413.97,2.0,2.0,2.0,36.995000000000005,2.5,206.985,112,2,112.0,1,test
7314e2017ab1883d59ccbc7318c4b3fc,38,2,254.82,2.0,2.0,2.0,38.375,1.0,127.41,0,1,0.0,1,test
731a127666e5bc79810ebdc48eeff385,46,2,203.76999999999998,2.0,2.0,2.0,12.96,6.0,101.88499999999999,0,1,0.0,1,test
731ea3afd190908a9cbed04f42aa51e2,124,2,306.69,3.0,3.0,2.0,18.495,7.0,153.345,0,1,0.0,1,test
732d307839b02bc2d3a4c26b515ea2b9,28,3,155.68,3.0,3.0,3.0,11.26,2.3333333333333335,51.89333333333334,81,2,40.5,1,test
7330a3475a2c65878c2c9b95266bef04,25,2,534.11,2.0,2.0,2.0,18.055,10.0,267.055,3,2,3.0,1,test
73601b1eec55943e90ce8d61253d5c09,150,2,2068.68,2.0,2.0,2.0,29.35,1.0,1034.34,35,2,35.0,1,test
7370a0c1920f4a92e1f09463099e9b42,53,2,108.78,2.0,2.0,2.0,15.945,1.0,54.39,0,1,0.0,1,test
73768eba15a0744371ca5521eb2e51f5,87,2,773.9000000000001,2.0,2.0,2.0,67.05000000000001,2.5,386.95000000000005,0,1,0.0,1,test
7379b57a7a2b9aa2741a1c564138b99a,115,2,207.99,3.0,3.0,2.0,14.01,1.5,103.995,77,2,77.0,1,test
738ffcf1017b584e9d2684b36e07469c,150,2,401.06,3.0,3.0,2.0,61.58,9.0,200.53,18,2,18.0,0,test
7395a64f37a30f9827ca4d8292b484e8,207,2,153.37,2.0,2.0,2.0,14.24,1.0,76.685,76,2,76.0,1,test
73daba56d88fe2ed55fd098a179646d0,126,2,322.58000000000004,2.0,2.0,2.0,24.89,7.0,161.29000000000002,0,1,0.0,1,test
73de7b7b976fc6b75283b05f67fd6b5b,137,2,408.2,2.0,2.0,2.0,30.15,5.0,204.1,0,1,0.0,1,test
73fa628b0fc190639f48da2667eb1381,158,2,201.07999999999998,2.0,2.0,2.0,15.594999999999999,8.0,100.53999999999999,115,2,115.0,1,test
740b9a28b39035534bf3425b19016263,132,2,266.88,2.0,2.0,2.0,33.589999999999996,2.0,133.44,0,1,0.0,1,test
743b6b21edcc4f0a9be82e591187e0a8,148,2,131.29,2.0,2.0,2.0,13.195,1.0,65.645,0,1,0.0,1,test
7441ce776af8da3b9df3d3f3c1e13ab1,259,2,93.55,2.0,2.0,2.0,7.78,2.5,46.775,11,2,11.0,1,test
744fb2d41ededa16d3f703b7065b234c,55,2,270.6,3.0,2.0,2.0,19.45,6.0,135.3,0,1,0.0,1,test
74cb1ad7e6d5674325c1f99b5ea30d82,61,4,254.13000000000002,4.0,4.0,4.0,22.1575,3.75,63.532500000000006,154,2,51.333333333333336,0,test
754f0aa37a9a58685e42e70973bc511c,228,2,122.2,2.0,2.0,2.0,15.149999999999999,4.0,61.1,0,1,0.0,1,test
7588c20c457369de8caad958afc1cc06,15,3,265.84000000000003,4.0,4.0,3.0,30.680000000000003,3.3333333333333335,88.61333333333334,413,3,206.5,1,test
7589544c08cc5de364cad85ee73f4b63,13,2,169.76,2.0,2.0,2.0,22.98,7.5,84.88,118,2,118.0,0,test
75a2adfe9f86d401f24b5fe2eb9a582c,86,2,354.18000000000006,4.0,4.0,2.0,25.990000000000002,1.0,177.09000000000003,0,1,0.0,1,test
75a398e43d9757a4f7d6f622aeb22c47,194,2,77.2,2.0,2.0,2.0,14.700000000000001,1.0,38.6,10,2,10.0,1,test
75b45ab225bf88fdd7f432507030a4b8,199,2,161.2,2.0,2.0,2.0,16.25,4.0,80.6,181,2,181.0,1,test
75bbb6b481a1df1689bb769e63ec3acb,54,2,166.78,2.0,2.0,2.0,26.4,5.0,83.39,0,1,0.0,1,test
75c7cb4037146f5c8e95ade4214396c5,78,2,733.31,2.0,2.0,2.0,39.705000000000005,4.5,366.655,115,2,115.0,1,test
75e750a6279d55f7137bb9e9bb8662cf,121,2,138.8,2.0,2.0,2.0,15.95,2.5,69.4,66,2,66.0,1,test
75fe145e64986de933b893642277d8a9,384,2,210.29000000000002,2.0,2.0,2.0,17.200000000000003,3.0,105.14500000000001,0,1,0.0,1,test
75ff587e87e047a7e00f75bbcab17c00,150,2,284.8,2.0,2.0,2.0,22.950000000000003,3.0,142.4,270,2,270.0,1,test
76a0491dd70c125840fa259f00dfc351,70,2,218.85000000000002,2.0,2.0,2.0,19.975,1.5,109.42500000000001,6,2,6.0,0,test
76d1df67cfa34a2c4606537d54aea0f8,154,2,558.3399999999999,2.0,2.0,2.0,11.72,3.0,279.16999999999996,0,1,0.0,1,test
76ffb5b3f1186c6c8022f6047ae9ead5,76,2,202.68,2.0,2.0,2.0,16.439999999999998,3.0,101.34,0,1,0.0,1,test
770c6c524fc389b4cab878d19703745d,233,2,521.07,2.0,2.0,2.0,16.535,3.0,260.535,0,1,0.0,1,test
771f344c1ac13d8ccdf2d14c48e2c6c3,255,2,93.55,2.0,2.0,2.0,11.875,1.0,46.775,166,2,166.0,1,test
77479db0fa60ddc453f3743abc02be23,305,2,131.18,2.0,2.0,2.0,20.14,1.0,65.59,114,2,114.0,1,test
7779fdf670bfe673e064b9aa5447674e,240,3,159.57,3.0,3.0,3.0,10.193333333333333,2.0,53.19,70,2,35.0,1,test
7784447c90f683e4775f7c1f02c04fbf,250,2,160.01999999999998,2.0,2.0,2.0,16.105,1.0,80.00999999999999,0,1,0.0,1,test
7828a4a1ee004bbe6665cbffbc4bf2d9,47,2,309.1,2.0,2.0,2.0,12.05,2.0,154.55,298,2,298.0,1,test
7849336c1b7785f258ffef06aedbd216,26,2,190.38,6.0,2.0,2.0,31.94,1.0,95.19,166,2,166.0,0,test
786165c8823a3fd635edab35df391d27,33,2,217.41,2.0,2.0,2.0,19.51,1.5,108.705,12,2,12.0,1,test
788a2f679187362222b67dfe89da6c1a,127,2,119.0,4.0,4.0,2.0,23.7,1.0,59.5,0,1,0.0,1,test
78b5cbc4b9ad61445b6609593addca37,79,3,352.09,3.0,3.0,3.0,17.116666666666664,6.0,117.36333333333333,145,3,72.5,1,test
78c5bae602d6d120f6f4ed4acbd46284,11,2,213.34,3.0,3.0,2.0,21.82,3.0,106.67,71,2,71.0,1,test
78c5f76b60a3a2588635aadc70e34df7,171,2,145.47,2.0,2.0,2.0,15.745000000000001,5.5,72.735,0,1,0.0,1,test
78d665ab97fb0bfd754a20a48476c4e7,268,2,677.83,2.0,2.0,2.0,39.919999999999995,7.0,338.915,0,1,0.0,1,test
78e63ed7c16b6a93bfdcef66ad250a00,10,2,188.11,2.0,2.0,2.0,34.605000000000004,1.0,94.055,273,2,273.0,1,test
78fb70b5aa609b4b55c6ef3d0cb51faf,123,2,63.629999999999995,2.0,2.0,2.0,8.415,1.0,31.814999999999998,125,2,125.0,1,test
78fcceb499ec9008fcecbaad21efefc6,196,2,222.26999999999998,2.0,2.0,2.0,15.235000000000001,1.0,111.13499999999999,17,2,17.0,1,test
790ac688b0fcc22b2a0dacf0202b2ce4,65,2,109.0,2.0,2.0,2.0,17.6,5.0,54.5,0,1,0.0,1,test
793c14202ef7966472e9246fd83b0ae8,181,2,109.4,2.0,2.0,2.0,12.71,2.0,54.7,0,1,0.0,1,test
794307f7c4fd6c8325655fb3f7b89895,161,2,132.07999999999998,2.0,2.0,2.0,16.89,6.0,66.03999999999999,0,1,0.0,1,test
79444cb5bb16964eea4c5abb2d3aa023,8,2,247.76999999999998,2.0,2.0,2.0,20.439999999999998,4.0,123.88499999999999,37,2,37.0,1,test
795c1622cf7a53d63d324e862349d01c,75,2,154.82999999999998,2.0,2.0,2.0,17.515,5.0,77.41499999999999,0,1,0.0,0,test
7973a6ba9c81ecaeb3d628c33c7c7c48,193,2,115.74000000000001,2.0,2.0,2.0,16.38,5.0,57.870000000000005,0,1,0.0,1,test
798c34ffa9047399853eab8ca7c0b9a0,117,2,1812.19,2.0,2.0,2.0,20.945,4.0,906.095,0,1,0.0,1,test
79abd55efd139ad036a57558aea211e4,87,2,177.61,2.0,2.0,2.0,12.53,3.0,88.805,105,2,105.0,1,test
79b9e9b310f3094c2cad708eb17508c2,211,2,67.8,2.0,2.0,2.0,11.405000000000001,1.5,33.9,185,2,185.0,1,test
79c3ef46b89f10777f5604a5e1ee22b5,227,2,266.90999999999997,2.0,2.0,2.0,29.755000000000003,3.0,133.45499999999998,0,1,0.0,1,test
79f227df52caf2b68d36e990ff3fc652,24,2,267.25,3.0,3.0,3.0,29.93,8.0,133.625,0,1,0.0,1,test
79fa3eb416c3933311c949121225649f,115,2,83.18,2.0,2.0,2.0,15.1,2.5,41.59,14,2,14.0,1,test
7a114c4d600e1eb56f331eba875d38a6,3,2,267.38,2.0,2.0,2.0,13.69,1.0,133.69,64,2,64.0,1,test
7a1751f98e25f665fc0130c7b001e18f,255,2,165.11,3.0,2.0,2.0,28.07,1.0,82.555,0,1,0.0,1,test
7a176e5d88c7acb6000a055e008c055d,539,2,627.3,3.0,2.0,2.0,23.755000000000003,10.0,313.65,0,1,0.0,1,test
7a1de9bde89aedca8c5fbad489c5571c,119,2,467.0,3.0,3.0,3.0,60.65,3.5,233.5,100,2,100.0,1,test
7a311d62282fa63be12b02aef2fd21d1,60,3,260.73,3.0,3.0,3.0,8.909999999999998,3.0,86.91000000000001,254,3,127.0,1,test
7a443ff6dbc48349835cb18a9355ea1b,249,2,68.6,2.0,2.0,2.0,15.1,3.0,34.3,0,1,0.0,1,test
7a6b4947e01039432cac229435d058ee,195,2,452.24,2.0,2.0,2.0,16.22,3.0,226.12,0,1,0.0,1,test
7acf19ddc75a0935581845e1c89edb3c,313,2,390.97,2.0,2.0,2.0,15.585,5.0,195.485,0,1,0.0,1,test
7afc250f9d980ea3ee0ce3b0245f1b04,126,2,136.57,2.0,2.0,2.0,16.425,4.5,68.285,174,2,174.0,1,test
7b08fc11e1aacd85ef2845c12a9ddb81,32,2,273.67,2.0,2.0,2.0,17.34,1.0,136.835,0,1,0.0,1,test
7b32049d8495d56c8b27eae575921a60,203,2,121.41999999999999,2.0,2.0,2.0,19.22,1.0,60.709999999999994,0,1,0.0,1,test
7b53ce3d0ba1f84b0ebcef52fffb110d,110,2,226.88,2.0,2.0,2.0,15.44,1.0,113.44,48,2,48.0,1,test
7b662d846265cb0ed144db95fe0c74dc,61,2,317.04,2.0,2.0,2.0,21.03,2.0,158.52,278,2,278.0,1,test
7bada66424f46ce9a766b94974849e09,152,2,277.81,2.0,2.0,2.0,16.455,2.0,138.905,21,2,21.0,1,test
7bf1c59401206e31a78523077f3a1144,163,2,231.01999999999998,2.0,2.0,2.0,11.11,3.0,115.50999999999999,76,2,76.0,1,test
7bf5c9596fc39d41078cb46a86b23831,87,2,290.01,2.0,2.0,2.0,17.06,6.0,145.005,28,2,28.0,1,test
7bff4fff725edd40fde6f0ac1eb0e2dc,127,2,431.12,4.0,4.0,2.0,35.76,10.0,215.56,0,1,0.0,1,test
7c1cfb3c097e0f1caa90bb17675a63e5,154,2,129.6,2.0,2.0,2.0,13.05,1.0,64.8,0,1,0.0,1,test
7c353714ed8789f928faaa4191e85197,27,2,349.41999999999996,2.0,2.0,2.0,15.81,4.0,174.70999999999998,0,1,0.0,1,test
7c396fd4830fd04220f754e42b4e5bff,180,2,82.82,2.0,2.0,2.0,8.72,1.0,41.41,27,2,27.0,1,test
7c4b40bb2b820e20b226a5a615e357aa,122,2,120.19999999999999,3.0,3.0,2.0,22.65,1.0,60.099999999999994,34,2,34.0,1,test
7c67f115342d01560cd438fad6346a3c,306,2,223.99,2.0,2.0,2.0,17.095,3.0,111.995,55,2,55.0,1,test
7c763d069eb3926fc65593030d5c99a3,141,2,133.2,3.0,3.0,3.0,21.65,4.0,66.6,102,2,102.0,1,test
7c8f8d3ff715607148146c64ecb64b11,387,2,72.74000000000001,2.0,2.0,2.0,14.52,3.0,36.370000000000005,0,1,0.0,1,test
7c927c2454a57a0e02fcaceb99750523,364,2,198.43,2.0,2.0,2.0,21.735,1.0,99.215,0,1,0.0,1,test
7cb20dd79b4b5bfda52b712000a30de5,120,2,158.64,3.0,3.0,2.0,33.47,3.0,79.32,0,1,0.0,1,test
7cb9a6b438fe0a5f228bfd32ff9e1a11,20,2,189.73,2.0,2.0,2.0,15.015,1.5,94.865,52,2,52.0,1,test
7cc23ec3506e4e1e67d0702da04a734c,269,2,248.91,2.0,2.0,2.0,13.555,2.5,124.455,100,2,100.0,1,test
7d19f93ed7e2ea8211975b68525b0598,125,2,374.8,2.0,2.0,2.0,17.950000000000003,2.0,187.4,0,1,0.0,1,test
7d23ca9b9d5f41298ec3ccbb2ff637d8,50,2,120.14,2.0,2.0,2.0,15.1,5.5,60.07,0,1,0.0,1,test
7d2e246c38946e89eda0c9c1288fc0e3,125,2,133.31,2.0,2.0,2.0,17.655,2.0,66.655,0,1,0.0,1,test
7d35f5764e668c9deade51c2fd31758a,54,2,166.34,2.0,2.0,2.0,15.725000000000001,4.0,83.17,0,1,0.0,1,test
7d3d94b4740895a17760e976797f9f0e,220,2,131.61,2.0,2.0,2.0,18.005,1.0,65.805,100,2,100.0,0,test
7d904a4755e206a3e308a1f03d4a3a7c,47,2,585.9100000000001,4.0,2.0,2.0,31.47,6.5,292.95500000000004,0,1,0.0,1,test
7e050832e2248c400621f6b22315d4bb,111,2,90.19,2.0,2.0,2.0,15.1,1.0,45.095,0,1,0.0,1,test
7e1681f9bb31800364869a2cdbe289db,46,3,532.44,6.0,3.0,3.0,33.51666666666667,1.0,177.48000000000002,83,2,41.5,1,test
7e43696e1ae594af82dd11f481dc232e,23,2,159.53,2.0,2.0,2.0,19.775,4.5,79.765,0,1,0.0,1,test
7e75aeef30d7e9d4ac860fcc8eaa8812,242,2,86.63,2.0,2.0,2.0,12.27,4.0,43.315,1,2,1.0,1,test
7e82fd8a6c26147a8797d761fa68c497,127,2,195.73000000000002,3.0,2.0,2.0,23.225,7.0,97.86500000000001,0,1,0.0,1,test
7e91ec540af718ab375b1d13271e9543,323,2,321.52,2.0,2.0,2.0,36.260000000000005,8.0,160.76,0,1,0.0,1,test
7ea3dc64a652d699ace3048e904c561b,115,2,624.95,2.0,2.0,2.0,27.575,1.0,312.475,0,1,0.0,1,test
7ec0077665fe9020e7dfdb05b2be0162,140,2,219.26999999999998,2.0,2.0,2.0,13.14,5.5,109.63499999999999,13,2,13.0,1,test
7ed57df0e6ae22a4f9e0250d52608ad5,234,2,365.12,2.0,2.0,2.0,20.009999999999998,3.0,182.56,19,2,19.0,1,test
7ee9e6c80bf1b7ec4a52639eab6c128c,336,2,373.67,2.0,2.0,2.0,11.835,1.5,186.835,62,2,62.0,1,test
7f4adf7903f4d02c527585c4d0f65c2e,13,2,183.0,2.0,2.0,2.0,16.5,1.0,91.5,0,1,0.0,1,test
7f50c43baa66aae590aa1a067427cce5,163,2,83.1,2.0,2.0,2.0,14.6,1.0,41.55,48,2,48.0,0,test
8004f80e361a5ee23aadb7418a685fc2,111,2,338.12,4.0,4.0,4.0,21.17,7.0,169.06,0,1,0.0,1,test
803c530613f5c4ee03502be0d6894de0,2,2,232.88,4.0,2.0,2.0,18.945,1.0,116.44,8,2,8.0,1,test
809ea1c56f165109936fe5c51003fbfb,188,2,227.24,2.0,2.0,2.0,13.72,3.0,113.62,0,1,0.0,1,test
80e00a7b9ead7590bf05116f0237c896,57,2,288.62,2.0,2.0,2.0,26.36,7.5,144.31,172,2,172.0,1,test
81865792a5df52436b4e759b4ba21412,256,2,1069.77,2.0,2.0,2.0,18.685,1.0,534.885,0,1,0.0,1,test
818a54422350b38d3fb1cb3a1553889f,289,2,70.93,2.0,2.0,2.0,13.475,1.0,35.465,0,1,0.0,1,test
8194a6cea93c5c653e7956f0b962b5f7,35,2,524.77,2.0,2.0,2.0,36.635,1.0,262.385,33,2,33.0,1,test
81b133c3f4e30a14a6585a2f20ff150f,281,2,170.36,2.0,2.0,2.0,15.28,1.0,85.18,0,1,0.0,1,test
81db097ffce4bd958cfffeca7c41e301,64,2,298.03999999999996,3.0,2.0,2.0,14.75,1.0,149.01999999999998,0,1,0.0,1,test
81ede855f58f99b76014d66d161e7a23,99,2,388.0,2.0,2.0,2.0,15.0,9.0,194.0,3,2,3.0,1,test
821e4e781313d2eb18711efe7a50d66a,185,2,273.25,3.0,3.0,3.0,26.775,3.0,136.625,16,2,16.0,1,test
822d25972056ef51050804f1e0446f40,322,2,77.89,4.0,4.0,3.0,15.56,1.0,38.945,0,1,0.0,1,test
8241424764e0bfa6bfcb3c6cda391ac8,313,2,525.17,2.0,2.0,2.0,19.09,6.5,262.585,0,1,0.0,1,test
827b19392982299876c0aca1f92208c2,66,2,265.9,2.0,2.0,2.0,18.05,8.0,132.95,19,2,19.0,1,test
827f51bdaa8e37bf31ff413e0a7699a4,392,2,228.3,2.0,2.0,2.0,20.25,6.0,114.15,0,1,0.0,1,test
82809cee3c35eb89b4dd4d2d1a22eedf,70,2,87.72,2.0,2.0,2.0,9.370000000000001,1.0,43.86,347,2,347.0,1,test
82c173abf4679049bd8628bfe89a9f2c,207,2,218.82,2.0,2.0,2.0,15.42,1.0,109.41,25,2,25.0,1,test
82fb46292a999e7db9e2391c407f76e4,302,2,143.34,2.0,2.0,2.0,16.23,1.0,71.67,21,2,21.0,1,test
8322ac348d132588470c5e8cc56b2bb8,10,2,367.78999999999996,2.0,2.0,2.0,40.43000000000001,11.5,183.89499999999998,24,2,24.0,1,test
8329519e31cb1b89bd44c3c6ae417ad6,355,2,134.16,2.0,2.0,2.0,11.135000000000002,2.5,67.08,182,2,182.0,1,test
83424549593093baf504ac260d4615e7,316,2,254.88,2.0,2.0,2.0,16.54,1.5,127.44,6,2,6.0,1,test
83935d750c83951d7d0211a3c60e78fd,259,2,252.44,2.0,2.0,2.0,16.275,2.5,126.22,40,2,40.0,1,test
83e7958a94bd7f74a9414d8782f87628,450,4,73.48,4.0,4.0,4.0,8.72,1.0,18.37,0,1,0.0,1,test
84514f009b40220330a5e42b102437bd,166,2,295.03000000000003,2.0,2.0,2.0,18.695,3.0,147.51500000000001,96,2,96.0,1,test
846e4612bebdefeb3a65aa63fee59e3a,240,2,550.86,3.0,2.0,2.0,18.03,10.0,275.43,0,1,0.0,1,test
84720447172b234e7504da52ee639435,73,2,273.15999999999997,2.0,2.0,2.0,17.085,1.0,136.57999999999998,254,2,254.0,1,test
84ad62f33ddb6b13553a850fd3dc2b08,133,2,165.47,2.0,2.0,2.0,27.294999999999998,1.0,82.735,0,1,0.0,1,test
84af029e54a6f659f7ace6f7cf0daa68,249,2,177.64,2.0,2.0,2.0,11.879999999999999,4.0,88.82,0,1,0.0,1,test
8505734f21396405b5477c75a45734fe,114,2,155.78,4.0,4.0,2.0,18.09,1.0,77.89,31,2,31.0,1,test
85189d642c11e7090cb2f72fed68ea42,31,2,221.72,6.0,2.0,2.0,45.3,1.5,110.86,5,2,5.0,1,test
851eefea71a07755f017e75fae31f2fd,144,2,79.45,2.0,2.0,2.0,7.78,1.0,39.725,78,2,78.0,1,test
8555a17ba20435f173a230c3ced133fd,120,2,127.34,2.0,2.0,2.0,18.27,2.0,63.67,0,1,0.0,1,test
857104e1bfb81cb14e88ff07d1b22c70,119,2,360.21000000000004,2.0,2.0,2.0,20.655,4.0,180.10500000000002,261,2,261.0,1,test
85730e226e2f3a1608433546133793e1,146,2,85.09,2.0,2.0,2.0,17.645,1.0,42.545,0,1,0.0,1,test
8597b390850fe72e108d53f42ca64846,282,2,431.97,2.0,2.0,2.0,49.989999999999995,1.0,215.985,32,2,32.0,1,test
85b33fdcff5e20584ac9ec8e3c559ea3,202,2,235.16,2.0,2.0,2.0,35.135000000000005,1.0,117.58,63,2,63.0,1,test
85d5b68b9a95c88eec23d3a96287d9c8,71,2,131.28,2.0,2.0,2.0,15.690000000000001,1.0,65.64,0,1,0.0,1,test
85ed7212fe192ab02ab44c95ba87868e,121,2,174.43,2.0,2.0,2.0,15.379999999999999,5.5,87.215,74,2,74.0,1,test
85f1c5f9eee209d9dfb0a3e155209511,31,2,129.02,2.0,2.0,2.0,16.11,6.0,64.51,0,1,0.0,1,test
861e2a5848de1a3e8fa544236a8369f9,106,2,390.02000000000004,2.0,2.0,2.0,15.51,10.0,195.01000000000002,117,2,117.0,1,test
862bcdd9344546914b93a16397a78791,109,2,763.5999999999999,2.0,2.0,2.0,17.299999999999997,1.0,381.79999999999995,136,2,136.0,1,test
8689b3e15d4b16cfd05ecf597a523453,78,3,259.37,5.0,3.0,3.0,24.956666666666667,1.0,86.45666666666666,288,3,144.0,1,test
869be6f00b4c49e72f9a1e2033baa9f0,311,2,173.51999999999998,2.0,2.0,2.0,22.31,1.0,86.75999999999999,64,2,64.0,1,test
86a78c9e5114f4ed30887d4fd8153d9e,311,2,223.23000000000002,2.0,2.0,2.0,16.665,8.5,111.61500000000001,0,1,0.0,1,test
86b0aa3acd7e8f7427c8915780f5cd27,54,2,785.88,2.0,2.0,2.0,22.99,15.0,392.94,0,1,0.0,1,test
86b59358310b208f822e416e59c96672,109,2,245.36,2.0,2.0,2.0,17.73,9.0,122.68,124,2,124.0,1,test
86df00dc5fd68f4dd5d5945ca19f3ed6,169,3,2400.48,12.0,3.0,3.0,66.82666666666667,10.0,800.16,127,3,63.5,1,test
87315ceb47e77d03a1c90474e228db6c,342,2,244.29,2.0,2.0,2.0,28.7,6.0,122.145,0,1,0.0,1,test
873e4275daabf5ab6eff5331277244a4,25,2,500.3,4.0,4.0,3.0,50.3,1.0,250.15,0,1,0.0,1,test
8746f1ba2e19bcf8bc03a946a0923d78,119,2,425.13,2.0,2.0,2.0,59.084999999999994,5.5,212.565,42,2,42.0,1,test
87603dde65ee7120467ddda1a883bb24,188,2,118.86,2.0,2.0,2.0,15.985,2.0,59.43,6,2,6.0,1,test
876a8881e182fb3a64af97b737cfe889,345,2,78.84,2.0,2.0,2.0,14.52,1.0,39.42,0,1,0.0,1,test
87914dda99d76004bfd05778028fa7e8,74,2,571.54,2.0,2.0,2.0,15.775,1.0,285.77,45,2,45.0,1,test
879ee1f90476a2fad74aec4f9c9961b3,19,2,500.15,2.0,2.0,2.0,17.62,1.0,250.075,7,2,7.0,1,test
87a7c3090f96d9da963125a0d7f8193a,292,2,250.46,2.0,2.0,2.0,30.785,5.5,125.23,123,2,123.0,1,test
87ae4c644c15d9c6b6f826dfec33b340,137,2,180.03,2.0,2.0,2.0,17.57,3.0,90.015,90,2,90.0,1,test
87c907fa30dd1bd3709c84b912b50c7f,69,2,329.94,2.0,2.0,2.0,12.73,1.0,164.97,16,2,16.0,1,test
87cbc22f48d2542614a44cd025238a35,132,2,47.05,2.0,2.0,2.0,10.535,2.0,23.525,0,1,0.0,1,test
8816ea7c1592bcab312eae9352996067,309,2,91.06,2.0,2.0,2.0,25.63,2.0,45.53,0,1,0.0,1,test
88388502f20df20b31ccd1a4aca9e898,121,2,112.18,2.0,2.0,2.0,21.19,1.5,56.09,8,2,8.0,1,test
88a8f123107a063acbdd1c90f3d8adea,129,2,198.95,2.0,2.0,2.0,35.730000000000004,6.5,99.475,132,2,132.0,1,test
88ecb91d6d5e47ebdc2129cd046b0935,316,2,266.56,4.0,3.0,2.0,29.48,5.5,133.28,0,1,0.0,1,test
88f21f18f1c3152b023a22a0f42bdab3,46,2,104.63999999999999,2.0,2.0,2.0,9.92,1.0,52.31999999999999,44,2,44.0,1,test
88fcb680dc8cd2e540010c0750b78242,71,2,118.61000000000001,2.0,2.0,2.0,12.555,4.0,59.30500000000001,269,2,269.0,1,test
8901b2526349d372dd0bdf8d77af656d,86,2,867.9,2.0,2.0,2.0,34.0,1.0,433.95,0,1,0.0,1,test
894382535eef1ce243ec19088626be0e,26,3,295.3,3.0,3.0,3.0,15.696666666666667,1.0,98.43333333333334,165,3,82.5,1,test
8961b4ca2c5aceb7a78ea72c6e0c840a,74,2,364.95000000000005,2.0,2.0,2.0,20.025,1.0,182.47500000000002,49,2,49.0,0,test
89be58cbdd6ef318e3ed93fdb22be178,5,2,382.0,10.0,2.0,2.0,66.0,4.5,191.0,56,2,56.0,1,test
8a02975938d279e8478b5f793b0290b7,15,2,248.82,3.0,3.0,3.0,33.53,1.0,124.41,0,1,0.0,1,test
8a3e2983c35b5d2fb78686794986f7da,194,2,259.35,3.0,3.0,3.0,11.725,1.0,129.675,0,1,0.0,1,test
8ac0c45f8e89a3d25738b3700ee9e132,249,2,167.29,2.0,2.0,2.0,15.745000000000001,3.5,83.645,44,2,44.0,1,test
8ae601304ff0d1de9280c32bd2e26e3b,127,2,154.66,2.0,2.0,2.0,9.34,4.0,77.33,0,1,0.0,1,test
8b160faff469868625c7c82cbd310636,261,2,871.53,3.0,3.0,2.0,85.95,1.0,435.765,0,1,0.0,1,test
8b4447c69feb2b408e29edc0fe9d0253,44,2,217.37,2.0,2.0,2.0,15.405000000000001,2.0,108.685,80,2,80.0,1,test
8b4dbc06f4caccae42ee7da8edd22f77,51,2,151.41,2.0,2.0,2.0,15.71,1.0,75.705,0,1,0.0,1,test
8b648bdd88380c34e18d3ca8ba9055a2,28,2,104.2,2.0,2.0,2.0,15.1,3.0,52.1,0,1,0.0,1,test
8ba03ea7a871bdaebd65e7a4ced27c2d,174,2,173.59,2.0,2.0,2.0,19.345,1.0,86.795,4,2,4.0,1,test
8bab3162259edfaadd1ea2e1fe7f58dc,153,2,281.64,3.0,3.0,2.0,25.97,1.0,140.82,0,1,0.0,1,test
8bb910cd8c3b29e4acf2e94e3aaffbbf,113,2,1131.08,2.0,2.0,2.0,43.089999999999996,5.5,565.54,7,2,7.0,1,test
8bc3068714502a076cdc66f2a207bb20,87,2,160.21,2.0,2.0,2.0,10.16,3.0,80.105,160,2,160.0,1,test
8bc85b1061383d0dcd4e995a726da763,132,2,332.5,3.0,2.0,2.0,26.85,1.0,166.25,159,2,159.0,1,test
8c21dd8c37144807c601f99f2a209dfb,325,2,752.6800000000001,3.0,3.0,3.0,33.894999999999996,5.0,376.34000000000003,0,1,0.0,0,test
8c532c86e424b28e85997dd891e26d5d,148,2,118.09,2.0,2.0,2.0,14.1,1.0,59.045,163,2,163.0,1,test
8c8bc67c372d5c409fbf1a340205ddca,77,2,128.25,2.0,2.0,2.0,14.135,2.0,64.125,200,2,200.0,1,test
8ca8b8dc60280d1f97c1c6817655ab63,115,2,302.13,2.0,2.0,2.0,42.065,10.0,151.065,0,1,0.0,1,test
8d50f5eadf50201ccdcedfb9e2ac8455,129,8,455.18,8.0,8.0,8.0,10.4525,1.625,56.8975,156,8,22.285714285714285,0,test
8d6512fa0e1c5cdbd789b956de79fe2f,302,2,446.49,2.0,2.0,2.0,41.5,1.0,223.245,53,2,53.0,1,test
8dafb82f687e3b0dc9e97b4198b92128,29,2,163.09,2.0,2.0,2.0,15.645,4.5,81.545,214,2,214.0,0,test
8dc4412f2ddf5ffee6cf50e6278b37fd,57,2,322.36,11.0,2.0,2.0,50.985,2.0,161.18,100,2,100.0,1,test
8dcf2096a68ce8212a3f534ab31ee23e,100,2,261.72,2.0,2.0,2.0,13.91,7.0,130.86,247,2,247.0,1,test
8dfbc9064378d19ac99a21ac353072d7,162,2,584.6800000000001,3.0,3.0,2.0,56.584999999999994,7.0,292.34000000000003,43,2,43.0,1,test
8e0275b5c7fb6f05e312a1079a674410,114,2,425.46000000000004,3.0,3.0,2.0,28.78,4.5,212.73000000000002,170,2,170.0,1,test
8e2055281d566229b5926cb77be54f81,264,2,102.38,2.0,2.0,2.0,13.79,3.0,51.19,52,2,52.0,1,test
8e2c92b2442298bd653b0e9aadf4c313,199,2,254.61,3.0,2.0,2.0,35.864999999999995,4.5,127.305,2,2,2.0,1,test
8e78f2e8305481c8b0f285670de4829b,127,2,611.54,2.0,2.0,2.0,16.77,4.0,305.77,24,2,24.0,1,test
8e84222ad36cb6ab528b745ae6e18d11,127,2,133.34,2.0,2.0,2.0,17.67,4.5,66.67,0,1,0.0,1,test
8ea95e0fc3da49749b66835754e2062e,63,2,255.97,2.0,2.0,2.0,9.74,1.0,127.985,101,2,101.0,1,test
8ec9e01dc8cbd31897a2f2116c5fbae4,32,2,300.34,2.0,2.0,2.0,12.17,1.0,150.17,24,2,24.0,1,test
8ef9add628931053f28350c0ad4bc7f7,213,2,142.46,2.0,2.0,2.0,14.24,5.5,71.23,0,1,0.0,1,test
8efdcd51f527f5aec0875573fd2210b3,59,2,96.00999999999999,2.0,2.0,2.0,15.105,1.5,48.004999999999995,21,2,21.0,1,test
8f1794300ad248a55eae07168219ca15,81,2,262.72,2.0,2.0,2.0,21.415,6.0,131.36,236,2,236.0,1,test
8f24365a46f82ddd0cef7893319a40d5,179,2,311.27,2.0,2.0,2.0,16.735,3.0,155.635,0,1,0.0,1,test
8f3dca4306d5a89e4ae2c65c110603a2,123,2,58.44,2.0,2.0,2.0,15.575,1.5,29.22,269,2,269.0,1,test
8f42e9cb526d4a8ea42877dac8c86453,134,2,146.68,2.0,2.0,2.0,13.44,5.0,73.34,35,2,35.0,1,test
8f6ce2295bdbec03cd50e34b4bd7ba0a,68,2,338.56,2.0,2.0,2.0,19.83,4.5,169.28,346,2,346.0,0,test
8f710f0d7e8dab5c8c1135e63b44de7a,173,2,132.64999999999998,2.0,2.0,2.0,11.43,1.5,66.32499999999999,193,2,193.0,1,test
8f891a5f40cb72bf5fabda4997b4a625,182,2,266.1,2.0,2.0,2.0,18.055,3.0,133.05,43,2,43.0,1,test
8f9c0dc510c12654a35d2add7a6c5d34,142,2,133.57999999999998,2.0,2.0,2.0,16.89,1.5,66.78999999999999,162,2,162.0,1,test
8f9f1a0464f6ab0e25650be9849b086d,277,2,433.84000000000003,2.0,2.0,2.0,29.520000000000003,1.0,216.92000000000002,126,2,126.0,1,test
8fe4f9a0d6a47babbd498127a9109bd1,52,2,312.22,2.0,2.0,2.0,27.96,3.5,156.11,56,2,56.0,1,test
8ffa5e9fcc3da23113128e94d1c75706,28,2,384.02,2.0,2.0,2.0,40.06,3.5,192.01,1,2,1.0,1,test
9066d003674f53303ec2ac527e940a5d,270,2,63.88,2.0,2.0,2.0,16.945,1.0,31.94,146,2,146.0,1,test
9077449283dc1319d5e51fb3159b28e2,240,3,299.43,4.0,4.0,3.0,24.063333333333333,4.333333333333333,99.81,67,3,33.5,1,test
9099c659f8cd764e87a1482d258fcec9,32,2,362.1,4.0,2.0,2.0,25.35,4.0,181.05,0,1,0.0,1,test
90c205b0bed658a20ba141d2960d6811,159,2,97.62,2.0,2.0,2.0,15.315,1.0,48.81,182,2,182.0,1,test
90e28a883386c71de943515d91f72a39,127,2,248.72,2.0,2.0,2.0,21.87,2.0,124.36,17,2,17.0,1,test
90f323e9f0948ddd96c6f6a8ecc75830,299,3,245.2,3.0,3.0,3.0,15.44,1.0,81.73333333333333,81,2,40.5,1,test
910ef561b28c67973b74ce21e0d252ea,75,2,294.81,2.0,2.0,2.0,15.67,4.0,147.405,161,2,161.0,1,test
911be3f21248d465d1e6d9993bca60a8,159,2,118.0,2.0,2.0,2.0,14.1,1.0,59.0,34,2,34.0,1,test
913e4a0664572d0652473b98b808e7b5,51,2,305.65999999999997,2.0,2.0,2.0,33.88,7.0,152.82999999999998,89,2,89.0,1,test
9146de9c43fa373c4ce8af26c8db8336,220,2,931.19,2.0,2.0,2.0,21.595,10.0,465.595,0,1,0.0,1,test
917de9fb824d070a7f1f4db097cbea8d,316,2,139.73000000000002,2.0,2.0,2.0,15.415,1.0,69.86500000000001,1,2,1.0,1,test
919bf2617845a0f73acc0361cba58267,65,2,215.39999999999998,2.0,2.0,2.0,17.75,1.0,107.69999999999999,130,2,130.0,1,test
91b4cc37bd28118ddabe8e7692c78f2e,393,2,149.56,2.0,2.0,2.0,15.08,2.0,74.78,0,1,0.0,1,test
91c0ed5fde94a56b99e4ce6d43d0d6be,32,2,199.12,2.0,2.0,2.0,17.11,3.0,99.56,5,2,5.0,1,test
91def939002d33dcbf6a038b5c879f7b,115,2,216.69,2.0,2.0,2.0,30.894999999999996,1.5,108.345,180,2,180.0,1,test
91e59b92e87f627abdab279ea3ab0c87,0,2,38.78,2.0,2.0,2.0,7.39,1.0,19.39,0,2,0.0,1,test
91ffaf5eb7f4bd6a48b07f3546fb7a99,208,2,473.55,3.0,2.0,2.0,83.875,1.0,236.775,0,1,0.0,1,test
925751a747a151a7fa97f2f686d028c3,0,2,425.94,2.0,2.0,2.0,22.98,4.0,212.97,59,2,59.0,1,test
928616c185852cc998407c716a6f69bc,198,2,335.52,2.0,2.0,2.0,23.310000000000002,5.0,167.76,155,2,155.0,1,test
929b8bad532f969fc414b7831ff3360d,238,2,277.97,2.0,2.0,2.0,17.355,1.0,138.985,61,2,61.0,1,test
92b0705c6923fe44dd71b2b737687a7c,424,2,213.1,2.0,2.0,2.0,16.605,8.0,106.55,0,1,0.0,1,test
92fc4892f11581ee802e8e2fa4296433,288,2,140.46,2.0,2.0,2.0,15.24,1.0,70.23,0,1,0.0,1,test
93360190b9375a40b65720ee99387a4a,1,3,192.28,3.0,3.0,3.0,27.126666666666665,4.333333333333333,64.09333333333333,313,3,156.5,1,test
93427465b223bc8292b51bb86077b695,51,2,289.18,2.0,2.0,2.0,22.14,4.5,144.59,57,2,57.0,1,test
93603747aa73507db172820142fb3b81,22,2,178.79,7.0,2.0,2.0,44.43,6.5,89.395,94,2,94.0,1,test
93dabd0fb48bfbc6e14aca0432ed0717,246,2,124.02,2.0,2.0,2.0,16.11,2.0,62.01,11,2,11.0,1,test
9403bc2d1bc24edda854c1c389c14da1,126,2,115.77000000000001,2.0,2.0,2.0,16.89,4.5,57.885000000000005,0,1,0.0,1,test
941254873ba3ece63e297277436e4c36,117,2,106.1,2.0,2.0,2.0,16.05,1.0,53.05,11,2,11.0,1,test
941c336ba35bc4cbd3c5bda62cfaa767,32,2,498.52,2.0,2.0,2.0,51.81,1.0,249.26,20,2,20.0,1,test
9448bf54ca4a047cb99b0dee1a9bfa25,55,2,126.45,5.0,2.0,2.0,20.23,1.5,63.225,12,2,12.0,1,test
94522b20d09262256d0ef263adf3ff78,116,2,206.32999999999998,2.0,2.0,2.0,21.215,3.5,103.16499999999999,10,2,10.0,1,test
9475b70c3d9add279a65672fca348944,135,2,291.54999999999995,2.0,2.0,2.0,8.895,6.0,145.77499999999998,42,2,42.0,1,test
947c249c7f31f3eae2bd05454e1b2040,323,2,465.07,4.0,2.0,2.0,49.04,5.0,232.535,1,2,1.0,1,test
947e93a9bb28256adebe49f78cff07ad,304,2,195.0,2.0,2.0,2.0,15.100000000000001,1.0,97.5,82,2,82.0,1,test
94a19681bf6faa3c6ce3e2df1c2d97cb,188,3,201.72,3.0,3.0,3.0,18.01,1.0,67.24,77,3,38.5,1,test
94ab38525c16d9d5ce977b3fe3405ab8,67,2,301.02,2.0,2.0,2.0,23.564999999999998,3.0,150.51,0,1,0.0,1,test
94aea9aae532453c72b6afbfe0eaec10,72,2,495.17,4.0,3.0,3.0,38.575,1.0,247.585,0,1,0.0,1,test
94b27f5cb0276a9d149375e24de840d2,218,2,186.39999999999998,2.0,2.0,2.0,17.04,3.0,93.19999999999999,0,1,0.0,1,test
951008c1c9df3fe4fead603a9afdcb3b,50,2,278.19,2.0,2.0,2.0,19.605,4.5,139.095,70,2,70.0,1,test
95160caf14611a705759de6bf13555b6,258,2,251.65,2.0,2.0,2.0,40.88,1.0,125.825,49,2,49.0,1,test
95a3ac562ffc17755618fb67ce57ef9a,306,2,103.52000000000001,2.0,2.0,2.0,15.08,1.0,51.760000000000005,0,1,0.0,1,test
95cfb39a7e263160308a934e42cfc4e0,132,2,122.05000000000001,2.0,2.0,2.0,11.08,1.0,61.025000000000006,65,2,65.0,1,test
95d47153b9bc4d0fe3b9c714c4b19c3b,239,2,114.21000000000001,2.0,2.0,2.0,15.149999999999999,3.0,57.105000000000004,0,1,0.0,1,test
95ec7fc6a1605502060075958c3f9852,200,2,150.91,2.0,2.0,2.0,15.555,1.5,75.455,123,2,123.0,1,test
95fc0e6f6939f521e44a588ff18eacb9,66,2,341.46,2.0,2.0,2.0,15.780000000000001,1.0,170.73,159,2,159.0,1,test
960118b2d734220509690e16787f955e,364,2,62.019999999999996,2.0,2.0,2.0,10.96,2.5,31.009999999999998,0,1,0.0,1,test
9620e26af0dfec5a16a52cd2afa81717,236,2,274.65,2.0,2.0,2.0,17.335,1.0,137.325,139,2,139.0,1,test
9627e55290c60f562fa06f399ec6b82f,16,2,314.49,6.0,2.0,2.0,47.144999999999996,1.0,157.245,48,2,48.0,1,test
962c6b5225cdd53c41509bc38d3a8217,46,2,324.43,2.0,2.0,2.0,12.52,4.5,162.215,31,2,31.0,1,test
967eb85deeab5124df2165cdada917f3,115,2,178.48000000000002,2.0,2.0,2.0,17.75,1.0,89.24000000000001,160,2,160.0,1,test
967ee07cb69460a7e1d42c7747142572,125,2,222.63,2.0,2.0,2.0,21.215,6.0,111.315,311,2,311.0,1,test
968fe295f3c0ecbab2f617917cc4c46f,28,2,88.18,2.0,2.0,2.0,21.84,1.0,44.09,0,1,0.0,1,test
969e62a47aec03c735127e6f11ad6564,271,2,446.32,4.0,2.0,2.0,38.675,8.5,223.16,55,2,55.0,1,test
96d3a3257161c32fe93aea0e38b16515,65,2,206.8,2.0,2.0,2.0,16.205000000000002,2.0,103.4,0,1,0.0,1,test
970e5961383615662043afa2d9c68802,286,2,239.94,2.0,2.0,2.0,15.475,8.0,119.97,0,1,0.0,1,test
971e2252d557c5f6b2de810f6fcd52eb,263,2,446.28,2.0,2.0,2.0,18.14,8.5,223.14,0,2,0.0,1,test
9735b1a02ad4d2b3747e9a74cad789a1,56,2,131.89,2.0,2.0,2.0,16.45,5.0,65.945,42,2,42.0,1,test
974148f722b785f187ae13ec0040abcf,257,2,413.01,2.0,2.0,2.0,17.055,2.5,206.505,107,2,107.0,1,test
976a39626eb2337ee3258d4ad73f1543,84,2,334.81,3.0,3.0,3.0,43.46,8.0,167.405,342,2,342.0,1,test
9775c540f0a4db487f546de3cdc5eccd,76,2,257.7,3.0,2.0,2.0,23.95,1.0,128.85,0,1,0.0,1,test
97981245c3257ea9b14befffd560177b,198,2,246.99,2.0,2.0,2.0,19.6,1.0,123.495,32,2,32.0,1,test
97bc08e526795b17e1d4f642f77ae304,236,3,269.97,4.0,4.0,3.0,13.656666666666666,2.6666666666666665,89.99000000000001,6,3,3.0,1,test
97c0d90b4d37062c75b5f836ce3ab957,205,2,604.06,2.0,2.0,2.0,32.69,10.0,302.03,0,1,0.0,1,test
97f0fce3f9d7aad1b12499a4e4b10d07,264,2,636.14,2.0,2.0,2.0,30.07,9.0,318.07,115,2,115.0,1,test
9832ae2f7d3e5fa4c7a1a06e9551bc61,253,2,526.5899999999999,3.0,2.0,2.0,23.805,1.5,263.29499999999996,7,2,7.0,0,test
984503860d8d8dea530666eec07de95c,138,2,128.73,2.0,2.0,2.0,17.615000000000002,1.0,64.365,33,2,33.0,1,test
9846c216ee14a40400f4aae954eaeb59,133,2,255.51,3.0,2.0,2.0,27.905,3.0,127.755,0,1,0.0,1,test
98758d88bf4b8eef1372ddee45d63178,195,2,997.96,2.0,2.0,2.0,39.43,10.0,498.98,163,2,163.0,1,test
987fadd385777d8f27edac709bc9fb61,128,2,502.25,7.0,2.0,2.0,44.625,4.5,251.125,49,2,49.0,1,test
98883b9e1d9d9c46c298c69146db811a,48,2,113.88,2.0,2.0,2.0,13.04,4.5,56.94,15,2,15.0,1,test
9895459a777c96d1f180c344fc5fdefe,393,2,80.26,3.0,3.0,2.0,13.080000000000002,1.0,40.13,0,1,0.0,1,test
989ff17eed965d5e5949b4d9a6f6af67,98,2,183.91,2.0,2.0,2.0,14.955,7.0,91.955,0,1,0.0,1,test
98b69c34f0422d2e025280b55531166e,223,2,211.88,4.0,2.0,2.0,18.39,5.0,105.94,0,1,0.0,1,test
98d2fc070f4afbd02c5788eacc6949c5,332,2,623.98,3.0,3.0,2.0,63.489999999999995,3.0,311.99,6,2,6.0,1,test
98e3117841a2431959d17808f04bf23c,92,2,320.8,3.0,2.0,2.0,23.0,6.0,160.4,121,2,121.0,0,test
9910e92c18776a14048773cef6592b91,248,2,266.15999999999997,2.0,2.0,2.0,12.41,4.0,133.07999999999998,68,2,68.0,1,test
9935b7e2683de890a208026f020e54d3,83,2,272.23,2.0,2.0,2.0,12.165,1.5,136.115,283,2,283.0,1,test
9947c0ed8bf41cd508a78da36abc1d41,157,3,191.32999999999998,4.0,4.0,4.0,13.943333333333333,2.6666666666666665,63.776666666666664,68,3,34.0,1,test
995facb032e4446a511762f5f842eb11,26,2,165.98000000000002,2.0,2.0,2.0,18.09,1.0,82.99000000000001,151,2,151.0,1,test
995fe9426f030109b1614044edaf46d9,2,2,218.94,2.0,2.0,2.0,19.525,1.0,109.47,176,2,176.0,1,test
996fdddf8cd5bbb99b221fcaf5ba1359,254,2,194.09,2.0,2.0,2.0,19.6,1.0,97.045,56,2,56.0,1,test
999bf1d2709dc80fcf55a92805ecc34f,310,2,108.42,2.0,2.0,2.0,14.309999999999999,1.5,54.21,22,2,22.0,1,test
99b026061fefe9ff09cdd0e745a9233e,187,2,361.09000000000003,2.0,2.0,2.0,20.645,5.5,180.54500000000002,111,2,111.0,1,test
99b8ee09d642ffedf091951a7235faa0,45,2,72.1,2.0,2.0,2.0,15.1,1.0,36.05,240,2,240.0,1,test
99d1962d736052c7b8793ba94126c377,127,2,162.51,2.0,2.0,2.0,7.805,5.0,81.255,0,1,0.0,1,test
99d697dd68fad729283560abe0adae43,80,2,407.22,2.0,2.0,2.0,16.66,2.0,203.61,265,2,265.0,1,test
99da196553d9b67b1c762a712a8caaf6,127,2,515.12,2.0,2.0,2.0,10.94,1.0,257.56,4,2,4.0,1,test
9a2344afe2d1a43559906bd456567a9b,68,2,200.09,2.0,2.0,2.0,12.845,1.0,100.045,0,1,0.0,1,test
9a6a921e2fdd2e6ba9c4fbdf24381248,53,2,147.13,2.0,2.0,2.0,17.82,1.0,73.565,32,2,32.0,1,test
9a736b248f67d166d2fbb006bcb877c3,235,2,233.49,4.0,3.0,3.0,39.254999999999995,1.0,116.745,12,2,12.0,1,test
9ab9e6724cc65e59593099f18081fd35,160,2,198.82,2.0,2.0,2.0,19.51,5.0,99.41,0,1,0.0,1,test
9abba9caa203cd4344b8c918d6ade26e,38,2,419.38,2.0,2.0,2.0,20.195,8.0,209.69,0,1,0.0,1,test
9ae2dda41ec3dae4c5c780e251223272,17,2,66.56,2.0,2.0,2.0,8.88,1.0,33.28,3,2,3.0,1,test
9af2c271654a36a48beefe342ba6208a,100,2,162.64,2.0,2.0,2.0,14.719999999999999,2.5,81.32,87,2,87.0,1,test
9afb61455d41afffa3ea550d1cfd832c,324,2,65.54,2.0,2.0,2.0,7.78,1.0,32.77,0,1,0.0,1,test
9b22d6fe1f74d6e1aefec789415ec847,13,2,112.31,3.0,2.0,2.0,15.665,3.5,56.155,237,2,237.0,1,test
9b76c588a7a8d495bce4f71d2559d3ee,352,2,250.01,2.0,2.0,2.0,15.454999999999998,2.0,125.005,0,1,0.0,1,test
9bb5ee90bbf9e5dec4a866a9d1117328,75,2,83.72,2.0,2.0,2.0,9.370000000000001,3.0,41.86,310,2,310.0,1,test
9bc158770d28e135f48b0c3fb2c21d27,198,2,92.02,2.0,2.0,2.0,16.11,1.0,46.01,22,2,22.0,1,test
9bff551dd73fdb455a7c2ceb6bed2d39,225,2,163.44,2.0,2.0,2.0,15.445,1.5,81.72,190,2,190.0,1,test
9bff67cbd491a775eb1e262b778da4e6,74,2,315.6,2.0,2.0,2.0,8.3,2.5,157.8,19,2,19.0,1,test
9c3a23565ded3e71fc8979579e8f091c,80,2,69.54,2.0,2.0,2.0,7.78,1.0,34.77,5,2,5.0,1,test
9c760a39c48113c1450dd5b65958d7fa,208,2,152.20999999999998,2.0,2.0,2.0,17.66,6.5,76.10499999999999,85,2,85.0,1,test
9c9372efb0eaba42664210e312fe38c4,140,2,344.61,2.0,2.0,2.0,32.315,3.0,172.305,0,1,0.0,1,test
9cc5a07f169a1606fd347a56683e6ea6,108,3,357.83,3.0,3.0,3.0,12.71,1.0,119.27666666666666,0,1,0.0,0,test
9ccfff93c79f3dd996cce15f26480c5b,58,2,140.55,2.0,2.0,2.0,10.375,1.5,70.275,16,2,16.0,1,test
9d1773d6d4fb3faaf3173924d181952a,10,2,152.53,2.0,2.0,2.0,13.175,1.0,76.265,61,2,61.0,1,test
9d2b062dc07734a1d7053478a7e83280,129,2,83.03999999999999,3.0,3.0,2.0,11.67,1.5,41.519999999999996,6,2,6.0,1,test
9d31457a03125fc870787a251760315a,213,3,320.17,4.0,4.0,3.0,20.189999999999998,1.0,106.72333333333334,214,3,107.0,1,test
9d4dad0a5382a8d234d0ad979dc594f2,367,2,200.87,2.0,2.0,2.0,13.21,2.0,100.435,0,1,0.0,1,test
9d8130e675ce6c1f24cd519444f7642b,262,2,233.6,2.0,2.0,2.0,17.4,3.5,116.8,76,2,76.0,1,test
9dc44558922ff57d14d99f20d37f440f,286,2,176.24,4.0,2.0,2.0,25.22,1.0,88.12,0,1,0.0,1,test
9e174aadbc877e3c42ca03babfd157f8,243,2,181.94,2.0,2.0,2.0,16.025,7.0,90.97,0,1,0.0,1,test
9e527c9bc89a4228e5d8e136712ec63e,173,2,312.18,4.0,2.0,2.0,31.74,3.0,156.09,55,2,55.0,1,test
9eaed62db4e25ad2ac2fcdec58a8e6cc,2,2,470.02,2.0,2.0,2.0,11.56,5.0,235.01,2,2,2.0,1,test
9eb77967122094a4eea4084933b47a1e,12,2,349.99,3.0,3.0,3.0,19.945,10.0,174.995,0,1,0.0,1,test
9f37b1215df84eae065524290b66cba6,50,2,69.12,2.0,2.0,2.0,8.56,1.0,34.56,8,2,8.0,1,test
9f5e91d56f3c3c192a0ee7fa88de7113,114,2,193.68,2.0,2.0,2.0,33.94,5.5,96.84,84,2,84.0,1,test
9f6a13c93d886acbefe16ad39bbfb85c,73,2,283.34,2.0,2.0,2.0,38.27,10.0,141.67,182,2,182.0,1,test
9fa0a504d42412f2bc9878d90541121d,16,2,110.1,2.0,2.0,2.0,27.585,1.0,55.05,229,2,229.0,1,test
9fdf694ddd72ea586dc72ceb7a0d2d91,54,2,408.18,4.0,4.0,2.0,34.2,8.0,204.09,0,1,0.0,1,test
9fe8cb705d35cf54025160f9f01b7cc4,109,2,196.16,3.0,3.0,2.0,16.63,2.5,98.08,172,2,172.0,1,test
9ff6787921b9aecefdb9c8212ebd8679,165,2,126.84,2.0,2.0,2.0,18.475,6.0,63.42,0,1,0.0,1,test
a00a13ac36037d575bb016caf8f50d53,358,2,116.14,3.0,2.0,2.0,23.830000000000002,4.5,58.07,9,2,9.0,1,test
a06f383add4d40457f1909b67ce6b7fb,376,2,321.98,3.0,3.0,2.0,39.59,1.0,160.99,0,1,0.0,1,test
a0abd26659c9914690cbd3320d39fd96,51,3,363.79,4.0,3.0,3.0,27.833333333333332,4.666666666666667,121.26333333333334,257,3,128.5,0,test
a0b4713c96aeb3aff3b23412e63d5f75,114,2,183.60999999999999,2.0,2.0,2.0,19.52,1.0,91.80499999999999,0,1,0.0,1,test
a0e0770d529c5da6dd71d5be8620aa3b,297,2,149.34,2.0,2.0,2.0,17.68,5.0,74.67,23,2,23.0,1,test
a0ef77ac3d3662b055dc12b045da37ed,92,2,196.43,2.0,2.0,2.0,14.765,4.5,98.215,156,2,156.0,1,test
a0f0a2082b269a9715ba874c94b592f3,127,2,492.74,6.0,2.0,2.0,44.67,1.0,246.37,0,1,0.0,1,test
a1044dd75b74fbc485b040575a14acf0,101,2,1737.88,3.0,2.0,2.0,37.44,5.5,868.94,8,2,8.0,1,test
a10fe3c477989c968aa284bd448b1d5b,336,2,332.65,3.0,2.0,2.0,26.384999999999998,1.5,166.325,25,2,25.0,1,test
a124666e823bbd5fb77a72afc8c1360c,331,2,71.44,2.0,2.0,2.0,8.72,3.0,35.72,0,1,0.0,1,test
a176838867d89ed62981cdf02b7ca3e1,27,2,461.08,2.0,2.0,2.0,42.345,6.0,230.54,0,1,0.0,1,test
a1874c5550d2f0bc14cc122164603713,65,2,261.0,2.0,2.0,2.0,16.3,8.0,130.5,209,2,209.0,0,test
a1a374f4c131638dc698c76bebd11769,58,2,357.04,3.0,3.0,2.0,18.67,1.0,178.52,6,2,6.0,1,test
a1bb96820529725c3c79a77c69e7e792,296,2,79.69,2.0,2.0,2.0,13.395,1.0,39.845,0,1,0.0,1,test
a1f6aec75e41168caba548372f245c68,25,2,248.13,2.0,2.0,2.0,17.064999999999998,1.0,124.065,77,2,77.0,1,test
a2370b590b2453d5a748d4c4c35f900b,138,2,76.46000000000001,2.0,2.0,2.0,15.33,3.5,38.230000000000004,201,2,201.0,1,test
a239b8e2fbce33780f1f1912e2ee5275,407,4,518.5,4.0,4.0,4.0,29.700000000000003,5.5,129.625,11,2,3.6666666666666665,1,test
a2b7188b91416738f3f713f6e107f276,40,2,403.53999999999996,3.0,2.0,2.0,24.37,4.0,201.76999999999998,124,2,124.0,1,test
a2c15de05ef380b5a7eaf915898926db,120,2,210.56,2.0,2.0,2.0,15.38,2.0,105.28,13,2,13.0,1,test
a2d8125361b16f316df65f4603b88e23,21,2,498.21999999999997,3.0,2.0,2.0,39.91,1.0,249.10999999999999,56,2,56.0,1,test
a3021c629bd1d99347a8e75a9ab035d8,143,3,277.4,5.0,3.0,3.0,25.936666666666667,1.0,92.46666666666665,108,2,54.0,1,test
a327e19095ffb086d25f7ee477c9d3c6,426,2,175.8,2.0,2.0,2.0,18.0,1.0,87.9,0,1,0.0,1,test
a368079a0bebc82daf9ee12fd8a6ccd1,39,2,215.68,2.0,2.0,2.0,15.395,3.0,107.84,0,1,0.0,1,test
a38b86dce31f7c014a0c958b548f6a64,292,2,180.66,2.0,2.0,2.0,16.34,1.0,90.33,72,2,72.0,1,test
a3c22bbd3ae5d6200ac82078b67eec2a,109,2,262.62,3.0,2.0,2.0,11.81,7.5,131.31,5,2,5.0,1,test
a3cff19572a9d98802efdd6603792ce9,81,2,114.91999999999999,2.0,2.0,2.0,15.96,4.5,57.459999999999994,6,2,6.0,1,test
a3dc27d87234f862d7e61a0148c77fa9,36,2,171.43,3.0,2.0,2.0,24.674999999999997,1.0,85.715,0,1,0.0,0,test
a40096fc0a3862e9e12bc55b5f8e6ab2,171,3,457.18,8.0,7.0,5.0,31.546666666666663,1.0,152.39333333333335,0,2,0.0,1,test
a43931660f8bbcc1c64db8ddf4b10dff,176,2,128.73,2.0,2.0,2.0,11.965,2.5,64.365,104,2,104.0,1,test
a44636f3316d0114566918bd02ef58bd,160,2,118.92,2.0,2.0,2.0,11.91,5.5,59.46,0,1,0.0,1,test
a44b31b99d33ba6c128b857d28842ea8,36,2,153.89,2.0,2.0,2.0,17.1,3.0,76.945,0,1,0.0,1,test
a484d6a80277ccf24d9980cf34c47546,197,2,124.04,2.0,2.0,2.0,10.620000000000001,1.0,62.02,0,1,0.0,1,test
a48616b0798c3f1d5cae097c18180be8,32,2,333.42,2.0,2.0,2.0,16.810000000000002,3.0,166.71,0,1,0.0,1,test
a4e71a98a7a1490fff07e7a65cf06be2,172,2,301.94,2.0,2.0,2.0,20.57,9.0,150.97,168,2,168.0,1,test
a4e8a2fb3d4d783c8eec5bf1ea80d3c6,13,2,362.78,2.0,2.0,2.0,18.94,6.0,181.39,77,2,77.0,1,test
a518c60e2e7f3a2820b4ef5cf5107189,166,2,232.69,3.0,3.0,2.0,19.049999999999997,10.0,116.345,25,2,25.0,1,test
a53b3da0cf3e158e78cad26c27a06d19,36,2,222.2,2.0,2.0,2.0,17.1,4.0,111.1,0,1,0.0,1,test
a5c62e7e896b7e6ed95d39714f51304a,270,2,92.68,2.0,2.0,2.0,15.945,1.0,46.34,0,1,0.0,1,test
a5c806ebe5b25d0ab1e7f0da0e17d6bc,352,2,257.24,2.0,2.0,2.0,14.175,3.0,128.62,70,2,70.0,1,test
a5c93e7b12545f61cbf92efa2d77f1f3,34,2,578.81,4.0,2.0,2.0,26.105,1.0,289.405,0,1,0.0,1,test
a5c9660af607788526f45b6774ac2594,252,2,273.25,2.0,2.0,2.0,15.175,5.0,136.625,8,2,8.0,1,test
a5d3bfee5b23b430b95c4ae295e1028a,432,2,213.7,11.0,3.0,2.0,52.41,1.0,106.85,2,2,2.0,1,test
a66315c850c3712707754c1eca7a8069,16,2,536.14,6.0,3.0,2.0,39.82,9.0,268.07,301,2,301.0,0,test
a69d31a5f6011df99d415808d6d640b9,36,2,144.43,2.0,2.0,2.0,27.225,3.5,72.215,1,2,1.0,1,test
a6ea57f856565adf869941339028fa05,66,2,321.19,3.0,3.0,3.0,21.045,7.5,160.595,61,2,61.0,1,test
a72a2d4e19868dba726c0e6f49198c7e,137,2,447.1,2.0,2.0,2.0,54.555,8.0,223.55,38,2,38.0,0,test
a73c5464692d3bc09d64e3edefae9015,69,3,148.29,3.0,3.0,3.0,12.6,1.6666666666666667,49.43,171,2,85.5,0,test
a74e3f2f887f14862e34c61ed0e4c5d0,26,2,56.94,2.0,2.0,2.0,13.475,1.0,28.47,69,2,69.0,1,test
a7657330b1c135f3acd420326e335b2c,144,4,667.12,7.0,6.0,5.0,24.41,9.25,166.78,172,4,57.333333333333336,1,test
a783997c6d6e57782d4d2dcbc5c9edaf,24,2,294.02,2.0,2.0,2.0,22.560000000000002,5.5,147.01,337,2,337.0,1,test
a7986e0208cca640dd67c245525231b2,35,2,671.49,2.0,2.0,2.0,46.275000000000006,4.0,335.745,0,1,0.0,1,test
a79f018f214e99a7551fd6efea6e2c4d,157,2,296.76,2.0,2.0,2.0,18.380000000000003,1.0,148.38,0,1,0.0,1,test
a7a6d8b62390ec8014d5a46ee36644c4,371,2,62.42,2.0,2.0,2.0,14.52,2.5,31.21,0,1,0.0,1,test
a7bbfaf8a288c45dc38d4693535dd63f,417,2,127.32000000000001,2.0,2.0,2.0,16.259999999999998,1.0,63.660000000000004,9,2,9.0,1,test
a7d9a3e447614288937ad2bba991676c,232,2,344.11,4.0,4.0,3.0,25.29,10.0,172.055,0,1,0.0,1,test
a7f8b23aaf522616c6c7daa2a3753247,117,2,504.82,2.0,2.0,2.0,32.915,5.5,252.41,11,2,11.0,1,test
a82d9e16794b2921f600796767322a9f,318,2,387.53999999999996,2.0,2.0,2.0,31.07,4.5,193.76999999999998,21,2,21.0,1,test
a8333c0243253bb6d89193af79807384,45,2,278.01,2.0,2.0,2.0,31.605,7.5,139.005,333,2,333.0,1,test
a865a3f8b39809ab1ba53cd0e8122999,73,2,158.95,2.0,2.0,2.0,14.475000000000001,1.0,79.475,14,2,14.0,1,test
a8cb771f0d1d230407948d4ce2af5c3e,262,2,349.28,2.0,2.0,2.0,15.58,9.5,174.64,68,2,68.0,1,test
a8d344109edd5d56bed40ebbc3119129,16,2,113.86,2.0,2.0,2.0,16.785,5.5,56.93,0,1,0.0,1,test
a8df4001abe77cf8473902c2b7efe418,163,2,62.61,2.0,2.0,2.0,8.86,1.5,31.305,80,2,80.0,1,test
a944a93bfa1d65b1523c45f9ccb01ec0,122,2,138.16000000000003,2.0,2.0,2.0,16.134999999999998,1.0,69.08000000000001,46,2,46.0,1,test
a97d43b24d76819903192611aca17914,92,2,175.31,2.0,2.0,2.0,15.254999999999999,2.5,87.655,12,2,12.0,1,test
a982bd0fec12d781fecd9f1e17cb81bf,34,2,609.6700000000001,2.0,2.0,2.0,46.39,1.0,304.83500000000004,0,1,0.0,1,test
a9e070f61d35aa13e420c8597b5ccb3d,62,3,164.0,4.0,4.0,3.0,19.466666666666665,1.6666666666666667,54.666666666666664,7,2,3.5,1,test
aa2630ebac79aa0c7749370b705121bc,179,2,432.59999999999997,4.0,2.0,2.0,69.30000000000001,8.0,216.29999999999998,0,1,0.0,1,test
aa3d117e569361959283b1e267bb785d,28,2,385.57,2.0,2.0,2.0,34.335,8.0,192.785,0,1,0.0,1,test
aa819ffd42a7a52ddfaee53f024fafdd,126,2,157.28,2.0,2.0,2.0,19.689999999999998,7.0,78.64,0,1,0.0,1,test
aaad6d68de5490cba508e4203ddc87de,275,2,351.15999999999997,2.0,2.0,2.0,17.13,1.0,175.57999999999998,60,2,60.0,1,test
aab0cf2b7b1d9c3fd242397d73ed044b,58,2,126.37,2.0,2.0,2.0,13.684999999999999,2.0,63.185,237,2,237.0,1,test
aaf97f99c731d8d84810ff16e6ded10d,205,2,381.53,2.0,2.0,2.0,40.864999999999995,1.0,190.765,48,2,48.0,1,test
ab0f956f72812ae4636be4e15b58031e,277,2,123.35,2.0,2.0,2.0,16.45,1.5,61.675,16,2,16.0,1,test
ab0faabf48c8c0108c13277d2b701f16,73,2,257.09000000000003,2.0,2.0,2.0,16.045,4.0,128.54500000000002,2,2,2.0,1,test
ab243cd9e788d689cc822380f59616e1,58,3,788.8100000000001,3.0,3.0,3.0,24.636666666666667,3.0,262.93666666666667,129,2,64.5,1,test
ab2833d17fa6bccadb045eaf458e7e5e,126,2,91.25,3.0,3.0,2.0,17.775,4.0,45.625,0,1,0.0,1,test
ab744045d2445f5bae53b57a4b99bfbf,104,3,246.51,3.0,3.0,3.0,7.836666666666666,1.6666666666666667,82.17,76,3,38.0,1,test
abfe742e782fb10f5c824fcb849e5cd1,225,2,147.73000000000002,2.0,2.0,2.0,13.93,7.0,73.86500000000001,0,1,0.0,1,test
ac64c33e439eba6713e1743e070ef50e,328,2,73.34,2.0,2.0,2.0,12.27,1.0,36.67,0,1,0.0,1,test
ac987d464574ee0f743f9b630f937a27,181,3,515.37,3.0,3.0,3.0,21.89,3.3333333333333335,171.79,106,3,53.0,1,test
acaf5177d6de60fda7ce77c48abb5230,37,2,630.33,4.0,2.0,2.0,29.814999999999998,1.0,315.165,2,2,2.0,0,test
acc374bd9024806a83121b1d2565db2f,20,2,226.12,2.0,2.0,2.0,21.06,1.0,113.06,262,2,262.0,1,test
acea6bd29b8c1e3c6a8b266a8fb4475e,39,3,365.47,5.0,4.0,3.0,35.29333333333333,1.3333333333333333,121.82333333333334,174,3,87.0,0,test
ad0ab3a7b55bde26410aff17192f6699,0,2,46.56,2.0,2.0,2.0,7.83,2.0,23.28,45,2,45.0,1,test
ad42aaf1833e2a64136a9d9f823d77ab,107,2,224.98,2.0,2.0,2.0,22.5,1.0,112.49,0,1,0.0,1,test
ad7072317d373de9bdc9b4ed5b6c5a85,170,2,195.10000000000002,2.0,2.0,2.0,22.15,4.0,97.55000000000001,0,1,0.0,1,test
addc1082e059523e5ef2e7486d1d8905,32,2,197.98000000000002,3.0,2.0,2.0,16.04,4.0,98.99000000000001,0,1,0.0,1,test
ade4eefdf0232fa26f1988cb56edc58c,67,2,222.35,3.0,2.0,2.0,24.725,1.5,111.175,53,2,53.0,1,test
ae207cf8119fd10e3b9ac24570089fad,209,2,281.5,2.0,2.0,2.0,15.899999999999999,9.5,140.75,75,2,75.0,1,test
ae20947231d4d44dde1680a7ab14d90a,201,3,335.15,3.0,3.0,3.0,19.386666666666667,3.0,111.71666666666665,8,2,4.0,1,test
ae44510fbe1ff7826298182f9f21aee9,10,2,332.76,2.0,2.0,2.0,22.98,3.0,166.38,2,2,2.0,1,test
ae52fa61f27bd494a25bc4c101fa29d0,298,2,123.28,2.0,2.0,2.0,14.149999999999999,4.0,61.64,0,1,0.0,1,test
ae53a87a257f8e54795af6ff434e443b,198,2,1019.41,2.0,2.0,2.0,107.39000000000001,8.0,509.705,0,1,0.0,1,test
ae74c314b9c383e5d7bcd99d54ffbc71,297,2,177.76999999999998,2.0,2.0,2.0,14.985,6.5,88.88499999999999,30,2,30.0,1,test
ae7b79796d47ab59f417a154efcdbb77,189,2,232.23000000000002,2.0,2.0,2.0,16.22,2.5,116.11500000000001,196,2,196.0,1,test
ae8482b27b2119e2c3278f5ddf9c1024,47,2,169.06,2.0,2.0,2.0,12.629999999999999,2.0,84.53,0,1,0.0,1,test
aecd46028eea6a741edca67e93b326bb,28,2,142.02,2.0,2.0,2.0,31.02,7.0,71.01,0,1,0.0,1,test
aef5b3dd086be507c3dd70e07aa6bb94,233,2,118.91,2.0,2.0,2.0,15.305,3.0,59.455,0,1,0.0,1,test
af0f26435fade1ca984d9affda307199,87,2,307.77,3.0,3.0,3.0,21.535,4.5,153.885,125,2,125.0,1,test
af4fa1cf57ef7ad8c28fdb80f86258d0,30,2,413.78999999999996,2.0,2.0,2.0,17.445,8.0,206.89499999999998,0,1,0.0,1,test
afd7854781ccdc3222b69421f9c7c6ee,391,2,303.97999999999996,3.0,2.0,2.0,27.14,4.0,151.98999999999998,0,1,0.0,1,test
b045295488236fa73d8d9c37dc4b03e7,199,2,1247.1299999999999,3.0,3.0,2.0,36.075,1.0,623.5649999999999,105,2,105.0,1,test
b079e8a1977edd900b4522be9dec0245,65,2,358.72,2.0,2.0,2.0,34.36,1.5,179.36,38,2,38.0,1,test
b088bc1ec6539752bf408ac1d9c694da,171,2,111.63999999999999,2.0,2.0,2.0,20.875,1.0,55.81999999999999,0,1,0.0,1,test
b08b68bac767c3269e827f822d308182,41,2,181.4,5.0,2.0,2.0,41.974999999999994,1.0,90.7,0,1,0.0,1,test
b08fab27d47a1eb6deda07bfd965ad43,193,4,477.34000000000003,4.0,4.0,4.0,18.134999999999998,1.0,119.33500000000001,14,3,4.666666666666667,1,test
b09f1bff1aff13c997af071602bc048b,289,2,352.88,7.0,7.0,2.0,41.474999999999994,2.0,176.44,0,1,0.0,1,test
b0ac5b393b78a6e8185fd3acb154748d,45,2,331.46,3.0,3.0,3.0,36.73,3.0,165.73,0,1,0.0,1,test
b0b057559c54c99e41a21c40c08f7780,299,2,257.09000000000003,2.0,2.0,2.0,28.049999999999997,1.0,128.54500000000002,91,2,91.0,1,test
b0bc6de4a99007470bbdbbf5cc502ea9,441,2,76.72,2.0,2.0,2.0,10.96,3.5,38.36,0,1,0.0,1,test
b0c5e02d315f15318e37d7aab7ebb289,146,2,124.8,3.0,3.0,3.0,22.655,1.0,62.4,0,1,0.0,1,test
b0f47d39f0e55621071ec1e93ca6b74d,294,2,135.19,2.0,2.0,2.0,27.65,6.5,67.595,13,2,13.0,1,test
b10ad793f6d2cc31b08a3b8366f3d251,371,2,84.49000000000001,2.0,2.0,2.0,20.8,1.0,42.245000000000005,0,1,0.0,1,test
b1449986ee6516d3797d782b01c36e80,66,2,718.49,3.0,2.0,2.0,114.245,6.0,359.245,0,1,0.0,1,test
b157d45094580a4a5a90af5331351c13,216,2,233.1,2.0,2.0,2.0,11.649999999999999,8.0,116.55,0,1,0.0,1,test
b17ed96ffdf66518b4cf65e328298e7b,23,2,416.87,2.0,2.0,2.0,32.44,1.0,208.435,19,2,19.0,1,test
b197f4af65829575f2f333bd0e9fd204,168,2,227.78,2.0,2.0,2.0,28.99,2.0,113.89,28,2,28.0,1,test
b1a8a0800eac99ec4d83d6ca350a690e,36,2,344.49,2.0,2.0,2.0,16.32,6.0,172.245,0,1,0.0,1,test
b1c936c1a71a46cf4b840a9851486d86,136,2,84.93,3.0,2.0,2.0,13.475,4.0,42.465,0,1,0.0,1,test
b248c92ec54199bedb1d603e0e6f98c6,38,2,1483.26,2.0,2.0,2.0,20.33,1.0,741.63,88,2,88.0,1,test
b25a21b56a2d74da49e04cadbc9e0dd8,67,2,127.62,2.0,2.0,2.0,15.815,1.0,63.81,187,2,187.0,1,test
b2664990a1ac9e250d98ff5c615c3276,221,2,146.39,2.0,2.0,2.0,21.01,7.0,73.195,0,1,0.0,1,test
b26fa76ddf33e534491e4ec46f51bc64,229,2,278.72,4.0,3.0,2.0,34.56,1.0,139.36,76,2,76.0,1,test
b29bd5c2f25523fa4754d058fd513707,131,2,137.54,2.0,2.0,2.0,11.370000000000001,1.0,68.77,0,1,0.0,1,test
b2a35fdfe13998540dc5fdda95e35ceb,269,2,154.71,2.0,2.0,2.0,13.91,1.0,77.355,0,1,0.0,1,test
b2bd387fdc3cf05931f0f897d607dc88,26,4,638.77,7.0,5.0,4.0,22.9075,1.0,159.6925,6,2,2.0,1,test
b316e256ce45161d3ab81f74834376e8,31,2,250.93,2.0,2.0,2.0,15.565,5.0,125.465,276,2,276.0,1,test
b3806e7118d02476c96b3dd8578dd07f,339,2,183.70999999999998,2.0,2.0,2.0,16.955,3.0,91.85499999999999,43,2,43.0,1,test
b39dde6dd619943190a8cc9aa6db38a4,39,4,769.81,4.0,4.0,4.0,22.052500000000002,4.5,192.4525,334,4,111.33333333333333,1,test
b3a6549b3cd47a7117094faafce8b10d,35,2,143.71,2.0,2.0,2.0,10.405,1.0,71.855,19,2,19.0,0,test
b3ccfe9606744e8b2757954a125ea1a6,290,2,140.23000000000002,2.0,2.0,2.0,15.17,3.0,70.11500000000001,0,1,0.0,1,test
b3dc8eaa25a1212037fae667340f20e5,50,2,83.86,2.0,2.0,2.0,12.48,1.0,41.93,0,1,0.0,1,test
b463aa86422087e97281b2787590fb0d,58,2,562.8199999999999,6.0,2.0,2.0,35.915,8.0,281.40999999999997,0,1,0.0,1,test
b47715fad5cbc17bfb21e9ab646fdfb2,78,2,863.84,2.0,2.0,2.0,15.93,1.0,431.92,7,2,7.0,1,test
b4afb55d2d38d9bbe0b83ec108c3e77e,159,2,373.35,2.0,2.0,2.0,11.36,5.0,186.675,104,2,104.0,1,test
b4e4f24de1e8725b74e4a1f4975116ed,1,5,274.95,5.0,5.0,5.0,14.934000000000001,2.8,54.989999999999995,35,3,8.75,1,test
b525fc8cce07342fb00ab3b2667c8eb9,125,2,263.5,5.0,2.0,2.0,42.510000000000005,1.0,131.75,0,1,0.0,1,test
b530945168f12f82a3f9be3a5e243afa,169,2,81.37,2.0,2.0,2.0,12.69,1.5,40.685,55,2,55.0,1,test
b56c60ed244eed72ff5640a41bf254d5,130,2,154.88,2.0,2.0,2.0,16.515,1.0,77.44,280,2,280.0,1,test
b593353aa4c093b71235ece9689ce7e4,103,2,271.0,2.0,2.0,2.0,20.6,2.0,135.5,20,2,20.0,1,test
b59e4bb4efe81ba0f7d30cff6734f9a2,117,3,342.48,3.0,3.0,3.0,30.62,6.333333333333333,114.16000000000001,0,1,0.0,1,test
b5b46581465f851df3529a30d2503f59,179,2,496.38,4.0,2.0,2.0,42.21,6.5,248.19,7,2,7.0,1,test
b60c8404de6587cab091a3fd0079f14c,45,2,190.62,2.0,2.0,2.0,15.309999999999999,2.0,95.31,0,1,0.0,1,test
b619178eb4f697c3283943612910230a,10,2,155.37,2.0,2.0,2.0,17.785,1.0,77.685,30,2,30.0,1,test
b6216e2929abf9261e14d2e40f9a4d17,73,2,147.60000000000002,2.0,2.0,2.0,12.89,1.0,73.80000000000001,148,2,148.0,1,test
b62777d3969196b3329205b4d8e1ba0a,233,2,87.2,2.0,2.0,2.0,16.11,1.5,43.6,2,2,2.0,1,test
b64064e3ae051f50b6f1eb12552d30e4,52,2,99.01,2.0,2.0,2.0,11.805,1.0,49.505,286,2,286.0,1,test
b643c19d91a65d73f94ba8e037668986,79,2,363.82,2.0,2.0,2.0,32.415,2.0,181.91,340,2,340.0,1,test
b64ebaf3d11b7209fe566364cc359a51,257,3,198.14000000000001,3.0,3.0,3.0,9.42,6.0,66.04666666666667,0,1,0.0,1,test
b6551acfa77dba27fb288e08dbe02f84,72,2,315.67,3.0,2.0,2.0,23.08,8.0,157.835,0,1,0.0,1,test
b68a98377d20140feaa17eeb61687459,275,2,69.51,2.0,2.0,2.0,14.809999999999999,1.0,34.755,116,2,116.0,1,test
b698379306c3fad0ab64d82a63a770a2,120,2,107.74000000000001,2.0,2.0,2.0,11.870000000000001,2.5,53.870000000000005,14,2,14.0,1,test
b6aa5a87f6c08e2510324edca009810f,172,2,101.1,2.0,2.0,2.0,14.6,1.0,50.55,27,2,27.0,1,test
b6bb8e4780df00a25fa34335d3dc1330,197,2,105.56,2.0,2.0,2.0,7.78,4.5,52.78,2,2,2.0,1,test
b6c083700ca8c135ba9f0f132930d4e8,124,2,156.95,2.0,2.0,2.0,13.575,1.0,78.475,82,2,82.0,1,test
b7741f7ec50ab6bcd52ab08ea8f214d9,65,2,206.8,2.0,2.0,2.0,16.205000000000002,1.0,103.4,0,1,0.0,1,test
b7b162291adff744d6f3c6450557ffee,251,2,200.05,2.0,2.0,2.0,16.6,5.0,100.025,0,1,0.0,0,test
b7d4cab5dd11b238da97b01eaf657293,227,2,119.93,2.0,2.0,2.0,19.015,5.5,59.965,0,1,0.0,1,test
b7d8524e14913b79fe082a5fc2efffd7,215,2,189.41,2.0,2.0,2.0,11.215,4.0,94.705,0,1,0.0,1,test
b7f170888469e5332e43c92edd77793f,376,2,137.12,2.0,2.0,2.0,14.66,1.0,68.56,0,1,0.0,1,test
b824f6981f2ee1c30533c4138572428c,248,2,223.64000000000001,2.0,2.0,2.0,18.42,6.5,111.82000000000001,186,2,186.0,1,test
b854c56e1163bced9c3ebf1e4a6576f3,11,2,242.46,4.0,2.0,2.0,37.78,1.0,121.23,27,2,27.0,1,test
b896655e2083a1d76b7b85df8fc86e40,76,3,356.68999999999994,3.0,3.0,3.0,15.729999999999999,1.0,118.89666666666665,110,3,55.0,0,test
b8b3c435a58aebd788a477bed8342910,219,3,919.34,4.0,4.0,4.0,101.82666666666667,12.0,306.44666666666666,111,3,55.5,1,test
b8c5ccc844de0242c85efacf5b6a51da,38,2,273.87,3.0,3.0,2.0,24.435,1.0,136.935,0,1,0.0,1,test
b8d31a82b1bb71983bbc08e4751baeab,104,2,522.9300000000001,2.0,2.0,2.0,21.465,2.0,261.46500000000003,0,1,0.0,1,test
b8f77228f32fce5c13df55da21fad23b,51,2,295.04,2.0,2.0,2.0,18.52,7.0,147.52,28,2,28.0,1,test
b8f9ecc7915ce653a1d7ee6dbfe8f54d,233,2,119.36,2.0,2.0,2.0,12.69,1.0,59.68,0,1,0.0,1,test
b918da4934c7eabcda6e45b4e18aba53,327,2,215.67000000000002,2.0,2.0,2.0,14.39,1.0,107.83500000000001,13,2,13.0,1,test
b9544dcc09004b3b28e388ed130e50f1,17,2,449.16999999999996,2.0,2.0,2.0,24.685000000000002,9.0,224.58499999999998,22,2,22.0,1,test
b9fc2d4c90bdadc7052fabe8353084ed,103,2,146.13,2.0,2.0,2.0,16.075,2.0,73.065,0,1,0.0,1,test
ba06852aa0cfbaf3e534272d2be15a96,72,2,175.28,2.0,2.0,2.0,17.74,6.0,87.64,0,1,0.0,1,test
ba16ab3721ffd6b57fc87a7a4f6a4fcf,44,2,93.46000000000001,2.0,2.0,2.0,9.855,4.5,46.730000000000004,0,1,0.0,1,test
ba54ee5be417c0558c060a3186451248,243,2,401.27,2.0,2.0,2.0,20.135,5.5,200.635,37,2,37.0,1,test
ba77e9b6506636dcbd03e463d4786f24,272,3,269.64,3.0,3.0,3.0,15.586666666666668,4.0,89.88,79,2,39.5,1,test
ba87a137c5191264841e0be40e53f4ed,38,3,238.02,3.0,3.0,3.0,16.2,2.0,79.34,0,1,0.0,1,test
bb182f55e4cff6eabfc26d08354b5995,17,2,261.79,3.0,2.0,2.0,27.544999999999998,1.0,130.895,0,1,0.0,1,test
bb4d84a2b45b22ed710ac8c0dec63d1a,244,2,133.05,2.0,2.0,2.0,11.58,6.0,66.525,0,1,0.0,1,test
bb58670190dba4e9b320f84cb98317a3,290,3,126.33,3.0,3.0,3.0,16.11,1.0,42.11,0,1,0.0,1,test
bb656eab01a34ac497457c5a92f5bd07,206,2,373.09000000000003,2.0,2.0,2.0,21.645,2.0,186.54500000000002,116,2,116.0,1,test
bb8486cad0e431659227f6fb18fc6a72,126,2,202.81,2.0,2.0,2.0,17.805,1.5,101.405,4,2,4.0,1,test
bb9de7a757d93065939c7da2a3cd8ce4,229,2,125.06,2.0,2.0,2.0,17.63,3.0,62.53,0,1,0.0,1,test
bbe8686a830c0caaf68452997d73d396,210,2,605.83,4.0,2.0,2.0,68.065,1.0,302.915,25,2,25.0,1,test
bc0d7bb032bbf422fc74bb279c47de1e,199,2,144.46,2.0,2.0,2.0,10.785,1.0,72.23,41,2,41.0,1,test
bc2387c48428a2e128eaa3d5b18b3591,387,2,143.94,2.0,2.0,2.0,14.57,1.0,71.97,46,2,46.0,1,test
bc27afa44f5b67b080ab4ba3851a162d,229,2,213.33999999999997,3.0,2.0,2.0,22.72,1.0,106.66999999999999,0,1,0.0,1,test
bc7b9e0d078c0c01f622b38cfcd7ee9c,145,2,384.31,2.0,2.0,2.0,16.255,7.0,192.155,230,2,230.0,1,test
bc877a9f97bb3f3d4fcd5f86028f81a9,54,2,191.55,3.0,2.0,2.0,16.05,1.0,95.775,194,2,194.0,1,test
bc98051cee7c0111167e6f40a4ed76f6,16,2,517.51,3.0,2.0,2.0,28.905,1.0,258.755,18,2,18.0,1,test
bcc9a08b533971412be737fd5bd918b3,123,2,404.2,2.0,2.0,2.0,24.07,6.5,202.1,184,2,184.0,1,test
bcf0a5f0f3ec8639f940749aab360d8f,178,2,451.72,3.0,3.0,3.0,24.42,5.5,225.86,91,2,91.0,1,test
bcfc1d8cf64a476b003cee4599f9fd11,76,2,140.34,2.0,2.0,2.0,15.675,1.0,70.17,0,1,0.0,1,test
bcfc9032cea53ef734a6008742d954fc,55,2,136.42,2.0,2.0,2.0,8.265,1.0,68.21,8,2,8.0,1,test
bd0512ab6c631a62fdc974a682600f56,187,2,357.76,2.0,2.0,2.0,36.435,1.0,178.88,31,2,31.0,1,test
bd0f8d6b6bc185debdf79f91ba30fdc6,395,2,249.06,2.0,2.0,2.0,14.53,1.0,124.53,9,2,9.0,1,test
bd8bee2d841f2573c7c4f2d49dfdcaf0,386,2,174.09,2.0,2.0,2.0,12.504999999999999,4.0,87.045,0,1,0.0,1,test
bd8ee6a65c4d647953792da821444580,121,2,413.60999999999996,4.0,2.0,2.0,26.96,6.0,206.80499999999998,0,1,0.0,1,test
bdde9ce1c27b88a7fe3ef13ad6a80b5f,126,2,102.3,3.0,2.0,2.0,17.775,3.0,51.15,32,2,32.0,1,test
bdfd71dfee6faa67122cc7cdbc14d9f7,49,2,271.83000000000004,2.0,2.0,2.0,10.415000000000001,6.5,135.91500000000002,0,1,0.0,1,test
be08ef2ebaeb41941a53aa75db874099,125,2,76.47,2.0,2.0,2.0,13.79,3.0,38.235,4,2,4.0,1,test
beceaa52fb2f761e647222b3cf7ce0b2,74,2,328.48,2.0,2.0,2.0,16.74,7.5,164.24,301,2,301.0,1,test
befed7f0bf7fc3d0262b0f95989a36ae,395,2,251.87,2.0,2.0,2.0,26.034999999999997,4.0,125.935,0,1,0.0,1,test
bf257f507db19138f5bc4065313c1f87,47,2,168.06,2.0,2.0,2.0,12.629999999999999,1.0,84.03,0,1,0.0,1,test
bf429f20c75a39eab83442cda8e59832,1,2,754.62,6.0,2.0,2.0,62.46,2.0,377.31,126,2,126.0,1,test
bf448042b40749d8b95fe00c08a9b5cb,58,2,331.99,2.0,2.0,2.0,21.545,5.5,165.995,68,2,68.0,1,test
bf482716881b0c14af9efda1fc58a649,30,2,327.49,3.0,2.0,2.0,22.345,6.0,163.745,274,2,274.0,1,test
bf59acdae64e9900fd93e4847baa1978,175,2,142.98,2.0,2.0,2.0,10.504999999999999,3.0,71.49,0,1,0.0,1,test
bf6504419e536f7c4c2461ebb0689d48,275,2,257.58,3.0,2.0,2.0,14.8,4.5,128.79,31,2,31.0,1,test
bf6656ef50e6fd00e7517b01d615b4f3,217,3,294.83,3.0,3.0,3.0,19.03,8.0,98.27666666666666,177,3,88.5,1,test
bf79e2be560481b2e6014798b4331a18,356,2,99.32,2.0,2.0,2.0,10.96,1.0,49.66,0,1,0.0,1,test
bfb33fedf91eb21f6d32ad5345989a6e,164,2,260.49,2.0,2.0,2.0,14.294999999999998,1.0,130.245,112,2,112.0,1,test
bfc84496b1100cbbd83a6f8087526168,284,2,320.87,5.0,2.0,2.0,34.955,5.0,160.435,44,2,44.0,1,test
bfca7a9e3e07df51447510ede80822ec,181,2,572.72,4.0,2.0,2.0,40.01,10.0,286.36,0,1,0.0,1,test
bfcdddab5a2fe5dd1d1b8330795f4061,96,2,252.36,2.0,2.0,2.0,13.440000000000001,4.0,126.18,189,2,189.0,1,test
bfe1ecef0f01ad67e5e0cf1860e94e60,193,2,209.62,2.0,2.0,2.0,28.86,1.0,104.81,123,2,123.0,1,test
c0118e2c0a037c31aeca71d0b81f66a1,2,3,400.48,3.0,3.0,3.0,18.326666666666664,1.0,133.49333333333334,234,2,117.0,1,test
c0378e9280a6e9401f2b0fd4a288496b,222,2,200.98,2.0,2.0,2.0,21.24,3.0,100.49,0,1,0.0,1,test
c0536ee7a009264e0f1bf1c8f4c54ad3,127,2,1029.3600000000001,3.0,2.0,2.0,25.25,1.0,514.6800000000001,0,1,0.0,1,test
c0779cfb3d6695eb9a6c14772852e10e,406,2,168.4,2.0,2.0,2.0,17.21,2.0,84.2,0,1,0.0,1,test
c0ab0c71f36879a7e904700157a6d88c,345,2,169.76,2.0,2.0,2.0,12.98,1.0,84.88,0,1,0.0,1,test
c0f139fe95b95fe9648723696465c72b,24,2,192.01999999999998,2.0,2.0,2.0,16.060000000000002,3.0,96.00999999999999,0,1,0.0,1,test
c0fc2e3595c750de75d36e7db9399e83,204,2,426.5,2.0,2.0,2.0,20.799999999999997,1.0,213.25,59,2,59.0,1,test
c0fcb07a9959ae14f01bad208e445cc4,167,2,372.52,2.0,2.0,2.0,16.36,1.0,186.26,241,2,241.0,1,test
c1133ec81daffffd4871e9353a3c8fb3,30,2,349.28,2.0,2.0,2.0,18.89,3.0,174.64,0,1,0.0,1,test
c130bf40aa6d3bdb444b04a8d78adf5a,303,2,170.68,2.0,2.0,2.0,12.39,1.0,85.34,0,1,0.0,1,test
c143eafe10719dcc7dc0a855b2e3554d,38,2,1078.16,6.0,2.0,2.0,95.36,1.0,539.08,119,2,119.0,1,test
c169c9937db997a267f749cdd64c161f,326,2,1675.68,8.0,2.0,2.0,82.24,1.0,837.84,0,1,0.0,1,test
c17db1418a98b4a6d1dcad61cc579c70,319,2,262.66999999999996,2.0,2.0,2.0,18.630000000000003,9.5,131.33499999999998,0,1,0.0,1,test
c17dec01473d89441bb6a93fcb58e663,18,2,339.22,2.0,2.0,2.0,30.11,1.0,169.61,119,2,119.0,1,test
c1977e8e3ea0900e70cd1dd70123d382,117,2,417.17,4.0,4.0,2.0,28.75,5.0,208.585,39,2,39.0,1,test
c1a57f5222ef4a8987b8477784809637,200,2,141.29,2.0,2.0,2.0,16.955,1.0,70.645,0,1,0.0,1,test
c1c17398c133e0b88ab63b2e29dbb2bf,23,2,140.54,2.0,2.0,2.0,15.280000000000001,7.0,70.27,0,1,0.0,1,test
c1d43ef6f70aff50201a1b882176a346,336,2,484.29999999999995,3.0,3.0,2.0,27.65,10.0,242.14999999999998,25,2,25.0,1,test
c1ef581a9af244904429f1828f2747b8,50,2,209.70999999999998,2.0,2.0,2.0,14.955000000000002,2.0,104.85499999999999,72,2,72.0,1,test
c2551ea089b7ebbc67a2ea8757152514,308,2,168.22,2.0,2.0,2.0,20.71,2.5,84.11,12,2,12.0,1,test
c25d2fb6d22e04ce43c3652e3cacadad,207,3,178.56,3.0,3.0,3.0,14.526666666666666,4.666666666666667,59.52,43,2,21.5,1,test
c2919fbdb45366551c1e80d5cb35cd3f,7,3,168.29,4.0,3.0,3.0,18.766666666666666,1.0,56.096666666666664,197,3,98.5,1,test
c297bb9230dc3152522d0c2b4caa7a1a,38,2,460.27,2.0,2.0,2.0,26.134999999999998,5.0,230.135,79,2,79.0,1,test
c2b85086965c0fed46df434ddd474a9a,104,2,124.7,2.0,2.0,2.0,15.855,5.0,62.35,1,2,1.0,1,test
c2e9a50bcf76b5783bc96f906f95bceb,197,2,328.78,2.0,2.0,2.0,14.49,3.0,164.39,45,2,45.0,1,test
c2f7ac13c2e0937f956659002e5d5783,165,2,175.26999999999998,2.0,2.0,2.0,25.689999999999998,2.5,87.63499999999999,27,2,27.0,1,test
c35ffdd9679e194c3673533720b5e00c,226,2,450.70000000000005,2.0,2.0,2.0,15.399999999999999,4.5,225.35000000000002,132,2,132.0,1,test
c3733cbdb41f37b5477b2c01c523e220,196,2,399.6,2.0,2.0,2.0,26.060000000000002,1.0,199.8,0,1,0.0,1,test
c37449d8b51eefa148cd87b2c605a1c1,331,2,136.51,2.0,2.0,2.0,11.81,3.0,68.255,28,2,28.0,1,test
c37cc6c1a59d81460a3059744f7ada1c,214,3,505.90999999999997,3.0,3.0,3.0,20.44666666666667,4.333333333333333,168.63666666666666,57,3,28.5,0,test
c385f43894ac5ac31c50339ccf16e8f0,37,2,369.72,2.0,2.0,2.0,18.46,1.0,184.86,0,1,0.0,1,test
c3a1aa867de7bbc426695e756107ed38,257,2,301.28,2.0,2.0,2.0,18.15,7.0,150.64,3,2,3.0,1,test
c3efecdc2ca34416d845120af0bfca09,156,2,93.78,3.0,2.0,2.0,22.65,1.0,46.89,29,2,29.0,1,test
c400a61d8b936f7d10930fc142a39407,406,2,222.34,2.0,2.0,2.0,13.27,1.0,111.17,0,1,0.0,1,test
c40388c86f0334d1d69f33fc43322a8c,429,2,259.6,3.0,3.0,2.0,29.9,6.0,129.8,0,1,0.0,1,test
c40b4a21d854ab194280dadc8998061f,275,2,255.84,2.0,2.0,2.0,18.02,3.5,127.92,10,2,10.0,1,test
c411c8b6dbaffd467263f87a23f2cf52,81,2,209.35,2.0,2.0,2.0,10.18,1.0,104.675,188,2,188.0,1,test
c4536b58064f144d0538c9cc69c2765d,163,2,607.55,3.0,2.0,2.0,66.325,6.5,303.775,0,1,0.0,1,test
c45ece361aab055ea6c55b61eb2d99c0,180,2,459.05,3.0,3.0,2.0,20.375,6.5,229.525,127,2,127.0,1,test
c499023d38f0db1bcf3db96b3c8a5dee,23,2,112.19,2.0,2.0,2.0,16.695,1.0,56.095,274,2,274.0,1,test
c49c236a96f8e5b983ce6467af4317b9,27,2,297.65,2.0,2.0,2.0,16.924999999999997,8.0,148.825,0,1,0.0,1,test
c4a0864ef7d2deb7cdb86898faf6ffa6,56,2,74.94,2.0,2.0,2.0,12.48,1.0,37.47,51,2,51.0,1,test
c4cf9b10d2668bfabb498d93004ab4a0,119,2,230.84,2.0,2.0,2.0,17.93,3.5,115.42,14,2,14.0,1,test
c4d9ec8c227594222eedd980cb28a6f4,279,2,247.20999999999998,2.0,2.0,2.0,21.205,10.0,123.60499999999999,0,1,0.0,1,test
c4fe9fc8b5e1b4f9992db983d0429854,329,3,364.86,3.0,3.0,3.0,16.62,5.333333333333333,121.62,15,3,7.5,1,test
c51a1ea9fa9851c70f89d1178c861150,361,2,118.26,3.0,3.0,2.0,21.78,1.0,59.13,55,2,55.0,1,test
c51a1f42780144ae12d0e529abc3f83f,121,2,641.22,4.0,2.0,2.0,90.675,1.0,320.61,13,2,13.0,1,test
c55821f6a2a59a93d4cde13a2ec14661,227,2,400.95,6.0,4.0,2.0,54.0,10.0,200.475,0,1,0.0,1,test
c5b58e89d4e287e453b4a0bffcf7a025,246,2,264.28,2.0,2.0,2.0,15.190000000000001,3.0,132.14,0,1,0.0,1,test
c5f6047fb345ffd234cf5b26268988be,298,2,383.45,4.0,4.0,2.0,24.174999999999997,6.5,191.725,24,2,24.0,1,test
c644c379a96ef9468f073699ae37a84b,27,2,125.08,2.0,2.0,2.0,19.615000000000002,1.5,62.54,342,2,342.0,1,test
c658495c41a24ef33a852db6840738a1,80,2,94.6,2.0,2.0,2.0,14.809999999999999,4.0,47.3,335,2,335.0,1,test
c6df3869c263531ebd51f0454a353605,372,3,88.85,3.0,3.0,3.0,16.05,1.0,29.616666666666664,19,2,9.5,1,test
c731a46dd44dfe456ccfa8968206943d,250,2,158.98,2.0,2.0,2.0,13.54,3.0,79.49,13,2,13.0,1,test
c76762dfb642ac154475239639f7f8f4,416,3,256.86,3.0,3.0,3.0,20.143333333333334,1.0,85.62,8,2,4.0,1,test
c7b577de54cb78d5d8f60f78f0476a52,52,2,152.64,2.0,2.0,2.0,16.42,4.0,76.32,0,1,0.0,1,test
c7c19110042036e6266adc998cbf1289,126,2,372.51,3.0,3.0,2.0,53.905,6.5,186.255,30,2,30.0,0,test
c7fb8ec1ea35af7e89f989b6e17e2bd8,147,2,972.97,3.0,3.0,2.0,14.185,2.5,486.485,0,2,0.0,1,test
c803385049057260f738c18c12749747,310,2,195.36,4.0,4.0,2.0,23.7,8.0,97.68,0,1,0.0,1,test
c83c41456526926a16e2f95d3652b6d3,58,2,254.95999999999998,2.0,2.0,2.0,18.03,5.5,127.47999999999999,164,2,164.0,1,test
c85df1c6ef6f7bb605e1c49d34f172ee,112,2,237.77,3.0,2.0,2.0,29.485,1.0,118.885,34,2,34.0,1,test
c863f613022e5ce024c630ffa65ab51d,17,2,171.34,2.0,2.0,2.0,15.72,2.0,85.67,60,2,60.0,1,test
c89d91308d60d2f2076d20296962f2c3,47,2,77.18,2.0,2.0,2.0,14.1,2.0,38.59,133,2,133.0,1,test
c902f3ef39179b58e803da196af3467a,125,2,124.46000000000001,2.0,2.0,2.0,17.630000000000003,5.5,62.230000000000004,0,1,0.0,1,test
c90610b4cd15ff318841445c558c41fb,316,2,183.73000000000002,4.0,3.0,2.0,31.715,1.0,91.86500000000001,0,1,0.0,1,test
c9158d089637ab443c78984d20da7fc0,59,2,151.36,2.0,2.0,2.0,12.780000000000001,1.0,75.68,0,1,0.0,1,test
c92f31f36283b5e3c4b4657734ea8c16,40,2,178.57,2.0,2.0,2.0,11.84,7.0,89.285,60,2,60.0,1,test
c937a5d7fe89380c128d9b8746495474,64,2,483.25,2.0,2.0,2.0,21.634999999999998,1.0,241.625,51,2,51.0,1,test
c957b57bcaff0ed3a494d95c865de4a1,135,2,262.5,2.0,2.0,2.0,24.849999999999998,1.0,131.25,21,2,21.0,1,test
c968cdb924339d7a42e0c448153b72cc,166,2,788.16,2.0,2.0,2.0,69.585,6.0,394.08,18,2,18.0,1,test
c988628b7bc5d9c645eb7a3a66f31b46,33,2,165.35,2.0,2.0,2.0,16.225,1.5,82.675,37,2,37.0,1,test
c9b3b24308b1a4587ffa3e60fafc2b1f,146,3,553.15,3.0,3.0,3.0,16.72,2.3333333333333335,184.38333333333333,228,3,114.0,1,test
c9c6d353f4101827b3dbc83b093b2fe6,359,2,182.95,2.0,2.0,2.0,24.03,5.5,91.475,42,2,42.0,1,test
c9c7f143771017a9c61af26f7291f7a5,123,2,199.11,3.0,2.0,2.0,12.45,1.0,99.555,0,1,0.0,1,test
c9ec7638cb8f2dd8e4439fa8374d89e4,90,2,176.79,2.0,2.0,2.0,20.009999999999998,8.5,88.395,113,2,113.0,1,test
ca0cd77819a2427d6ca0e0d0e92de58b,151,2,197.65,2.0,2.0,2.0,16.425,2.0,98.825,195,2,195.0,1,test
ca3865ab988451f1544dad3910217f29,53,2,132.41,2.0,2.0,2.0,14.305,4.5,66.205,0,1,0.0,1,test
ca55f9ebddc988ee65f4dea1a93ebc98,39,2,147.5,2.0,2.0,2.0,9.755,1.5,73.75,268,2,268.0,1,test
ca6d9bc2e717c2a0aa19d77a3bfa5398,268,2,1237.39,2.0,2.0,2.0,19.695,8.0,618.695,78,2,78.0,1,test
ca77025e7201e3b30c44b472ff346268,42,4,740.8399999999999,6.0,6.0,4.0,32.0425,1.0,185.20999999999998,130,4,43.333333333333336,0,test
ca994abc57b0bd7981d91d0061b3d8d6,222,3,586.3000000000001,3.0,3.0,3.0,32.13999999999999,1.0,195.43333333333337,38,2,19.0,1,test
caa3d56b7a6777daaa2793053bdf2309,118,2,82.11,2.0,2.0,2.0,8.56,1.5,41.055,104,2,104.0,1,test
cb06773dbb3415543b78720a3986344e,13,2,155.15,2.0,2.0,2.0,21.225,3.5,77.575,87,2,87.0,1,test
cb4f48aa5b4657435b012a65f2a122eb,42,2,963.25,2.0,2.0,2.0,21.675,2.5,481.625,180,2,180.0,1,test
cb57be427d5e8c06c10cdd1540df1e00,117,2,485.23,2.0,2.0,2.0,42.715,9.0,242.615,126,2,126.0,1,test
cb5c545d96f39390b7f372aaa88c4a7e,150,2,108.2,2.0,2.0,2.0,15.1,5.0,54.1,5,2,5.0,1,test
cb6eb4e06104e8902288c07ff4224c28,137,2,159.95,2.0,2.0,2.0,11.975000000000001,1.0,79.975,0,1,0.0,1,test
cbd08b04b3f301152b7570da5e9c8cc4,196,3,1249.87,3.0,3.0,3.0,20.05666666666667,1.0,416.6233333333333,3,2,1.5,1,test
cbe71e4cb0b82b97bbec5cd51e0fa3ea,27,2,231.8,2.0,2.0,2.0,13.05,1.5,115.9,43,2,43.0,1,test
cbebce165db72a2bfba9e81a3411bdf7,326,2,388.35,3.0,2.0,2.0,35.975,5.5,194.175,65,2,65.0,1,test
cc025521d96a3005316b61cde71907db,39,2,450.78,2.0,2.0,2.0,18.44,7.5,225.39,185,2,185.0,1,test
cc0472ed54d7ef34d66a4cad6bf2e666,34,2,199.9,2.0,2.0,2.0,15.55,6.5,99.95,181,2,181.0,1,test
cc14ea7099959d91a17c9d7c3a46721d,316,2,242.0,2.0,2.0,2.0,23.35,6.0,121.0,7,2,7.0,1,test
ccac5680eab564a88f301f59030b448b,317,2,187.64,2.0,2.0,2.0,31.42,1.0,93.82,0,1,0.0,1,test
ccd2f7d983d761b9c7520a266bfcfc81,135,2,91.27000000000001,3.0,3.0,2.0,21.15,1.0,45.635000000000005,0,1,0.0,1,test
cd04cd9aa9eb0b51b40a2b124f3a93f3,165,2,249.16,2.0,2.0,2.0,15.129999999999999,2.5,124.58,26,2,26.0,1,test
cd11a0920c498edb1da9ecd2d31aa599,57,3,201.96,3.0,3.0,3.0,11.42,2.3333333333333335,67.32000000000001,102,2,51.0,1,test
cd52ca09554e5cc34d9ec28d230008af,10,2,169.65,3.0,3.0,2.0,27.340000000000003,1.0,84.825,0,1,0.0,1,test
cd86f2b40a6183a8212f9053bb0aaf8a,12,2,559.31,3.0,2.0,2.0,16.915,1.0,279.655,30,2,30.0,1,test
cddc66766972c6d5da2fdd80fcefe1f0,10,2,431.05,3.0,3.0,2.0,38.53,5.0,215.525,0,1,0.0,1,test
ce60a50b73f7934a7d4caa92f2f05bbf,211,2,200.29000000000002,2.0,2.0,2.0,36.195,8.0,100.14500000000001,0,1,0.0,1,test
ce8b665ad7a00dfee2a4fbd19dedb82a,34,2,490.59,2.0,2.0,2.0,16.97,6.5,245.295,11,2,11.0,1,test
ceb767afcf00ef4fedae42343064aa3d,29,2,190.58,2.0,2.0,2.0,19.39,9.0,95.29,0,1,0.0,1,test
cecc19ff12c206e6368dd1e9c22a848d,12,3,819.5200000000001,3.0,3.0,3.0,27.043333333333337,3.0,273.17333333333335,382,3,191.0,1,test
cee4e6509d99d45518c65d26971c1cbb,256,2,221.8,2.0,2.0,2.0,12.955,1.0,110.9,6,2,6.0,1,test
cef2883537239067f21cf38c1b2abb32,14,2,103.3,2.0,2.0,2.0,11.75,1.5,51.65,119,2,119.0,1,test
cef29e793e232d30250331804cdb7000,72,3,1906.68,4.0,3.0,3.0,64.65333333333332,1.0,635.5600000000001,315,3,157.5,1,test
cef44ce121b124fdc3438472b1ac4e9a,50,2,108.72,2.0,2.0,2.0,16.11,1.0,54.36,31,2,31.0,1,test
cf26c0ed98d29abab5c9fe2643f88d19,366,2,65.54,2.0,2.0,2.0,17.78,1.0,32.77,18,2,18.0,1,test
cf32aeb4e8a323e6499a573ac5c90326,228,2,224.57,3.0,2.0,2.0,17.585,1.5,112.285,38,2,38.0,1,test
cf7d5df4ee5ebe39ed41f0c5c1584b1c,246,2,199.7,2.0,2.0,2.0,15.350000000000001,5.0,99.85,25,2,25.0,1,test
cfb025f193db116549c9c23e4d58e3e3,94,2,112.00999999999999,2.0,2.0,2.0,10.605,3.5,56.004999999999995,0,2,0.0,1,test
cfdaaa0caea59b06efb4b0fb8c700684,393,2,197.49,2.0,2.0,2.0,13.845,1.5,98.745,1,2,1.0,1,test
cfe96f24bd8c36325e0d92e44324cf66,185,2,158.87,2.0,2.0,2.0,16.205,4.0,79.435,0,1,0.0,1,test
d0145502f422d4a9387f75186674f29a,10,2,220.29,2.0,2.0,2.0,26.695,4.5,110.145,212,2,212.0,1,test
d02cbb85434c84acabb8e81bbf064d3e,76,2,108.99,2.0,2.0,2.0,10.594999999999999,1.0,54.495,120,2,120.0,0,test
d045537cf9bd29e415334af5a6cb8ff5,252,2,231.55,3.0,3.0,2.0,38.875,4.0,115.775,0,1,0.0,1,test
d059a0ec4c911c7abb10602099670325,244,2,276.82,4.0,3.0,3.0,25.385,1.5,138.41,186,2,186.0,1,test
d05fdf65460ea1bf8735cd5843c3d97d,18,2,326.16999999999996,2.0,2.0,2.0,22.585,2.0,163.08499999999998,368,2,368.0,1,test
d0813c57df04369487ff42ab24dd0ac7,130,2,106.43,2.0,2.0,2.0,16.08,5.0,53.215,213,2,213.0,1,test
d0924cc48eeb9e613a31e365ba1db47d,61,2,227.85,2.0,2.0,2.0,12.975,1.0,113.925,206,2,206.0,1,test
d0af5dec42f3bf160195f5bcb704fd01,212,2,39.34,2.0,2.0,2.0,8.27,1.0,19.67,0,1,0.0,1,test
d0b2f9c9f13d9048969517d02237b432,403,2,72.19999999999999,2.0,2.0,2.0,14.11,2.0,36.099999999999994,5,2,5.0,1,test
d0be859f85cda9d896ab14e4ffba955d,44,2,340.26,2.0,2.0,2.0,18.630000000000003,1.5,170.13,0,1,0.0,1,test
d0c8fa169b9f2995d6a1692a0e3aae32,92,2,379.71000000000004,2.0,2.0,2.0,38.97,3.0,189.85500000000002,0,1,0.0,1,test
d0e376592a3036444738ee6a426785c1,62,2,179.31,2.0,2.0,2.0,10.49,2.0,89.655,0,1,0.0,1,test
d0e4eb7f19326cba84b20949f1c90393,111,2,76.93,2.0,2.0,2.0,13.475,3.5,38.465,0,1,0.0,1,test
d1085381045ea6f88be5cc3e14c61e55,314,2,132.07,3.0,3.0,2.0,23.685,1.0,66.035,0,1,0.0,1,test
d1c1745d918b9661759fce57da31a2d4,61,2,333.51,2.0,2.0,2.0,15.805,1.0,166.755,0,1,0.0,1,test
d2560fea402745a0f20f542f829c6109,292,2,62.67,2.0,2.0,2.0,15.1,2.0,31.335,3,2,3.0,1,test
d26c616e241736e0c1c1ab14150239e7,31,2,376.99,2.0,2.0,2.0,20.045,1.0,188.495,0,1,0.0,0,test
d270eb25f6d487d94778d358b01c651f,223,2,53.6,2.0,2.0,2.0,10.375,1.5,26.8,65,2,65.0,1,test
d277ef4a75c805239e54be86625e0722,21,2,190.88,2.0,2.0,2.0,15.440000000000001,8.0,95.44,0,1,0.0,1,test
d2787622df9fd933c164f7cf696a4e2a,185,2,342.61,2.0,2.0,2.0,31.405,1.0,171.305,0,1,0.0,1,test
d2d3ed262b31f2bb50932fd0b1ab5df7,331,2,309.17,2.0,2.0,2.0,29.61,9.5,154.585,0,1,0.0,1,test
d2ecc28fac1b377eefe7b209a895626a,117,2,1183.46,8.0,3.0,2.0,59.73,7.5,591.73,10,2,10.0,1,test
d2f38262a9f66d15aa9fc2b60ea873d9,302,2,170.47,2.0,2.0,2.0,10.29,1.0,85.235,133,2,133.0,1,test
d3359a56d96666ac0c21bb01e7a61c95,10,4,428.38,7.0,4.0,4.0,17.865000000000002,6.75,107.095,208,3,69.33333333333333,1,test
d3581765bcf955dcf282b1642c74157c,68,2,141.07,3.0,2.0,2.0,23.685,1.0,70.535,0,1,0.0,1,test
d366cfc097d250c153a712cebfc7d94a,55,2,418.93,4.0,4.0,3.0,31.065,10.0,209.465,29,2,29.0,1,test
d3738b2218832d0397dbbceffa3f3514,41,2,176.3,2.0,2.0,2.0,13.205,1.0,88.15,0,1,0.0,1,test
d375c3a3a6bff030c08c6d4109b3f226,140,2,166.84,2.0,2.0,2.0,15.97,4.0,83.42,119,2,119.0,1,test
d37b5d5b492f667ea230e377a97fe859,61,2,180.92,2.0,2.0,2.0,17.76,1.0,90.46,86,2,86.0,1,test
d387ea85dc301a91740e31360d355686,5,2,1252.75,3.0,2.0,2.0,27.875,2.5,626.375,61,2,61.0,0,test
d3882d7abd0c66064d740d7ed04dd1ef,45,3,136.3,3.0,3.0,3.0,9.34,1.0,45.43333333333334,0,1,0.0,1,test
d393419796111dfaf317ca354f6c30e6,110,2,96.38,2.0,2.0,2.0,9.94,1.5,48.19,9,2,9.0,1,test
d3e6520dde5fda9917fb56ffc3066d66,7,2,442.77000000000004,2.0,2.0,2.0,52.935,3.5,221.38500000000002,52,2,52.0,1,test
d3efd0ae3bee9c35f302e336aef87b99,356,2,190.93,2.0,2.0,2.0,28.065,3.0,95.465,0,1,0.0,1,test
d42abb03c8796ea293a48772c24843c1,49,2,210.54000000000002,2.0,2.0,2.0,14.62,3.5,105.27000000000001,205,2,205.0,1,test
d43c6aa82fc6dc2c43d6813a4822081f,76,2,105.22,2.0,2.0,2.0,12.885,1.0,52.61,9,2,9.0,1,test
d44ccec15f5f86d14d6a2cfa67da1975,141,3,352.35,3.0,3.0,3.0,20.516666666666666,3.3333333333333335,117.45,164,3,82.0,1,test
d451891847b64bb4cf9a40e9cfe1c7a2,419,2,809.5699999999999,4.0,4.0,2.0,76.305,10.0,404.78499999999997,0,1,0.0,1,test
d4bfdb188411b1d1fdd0a66e8017e8b4,278,2,301.35,2.0,2.0,2.0,13.225,1.0,150.675,0,1,0.0,1,test
d5419994a02a55d4b7cd00e77fabdbae,115,2,1229.43,2.0,2.0,2.0,44.300000000000004,7.0,614.715,32,2,32.0,1,test
d567f29ec5fa447c99e949f337f3a35c,106,2,164.34,2.0,2.0,2.0,15.725000000000001,1.0,82.17,114,2,114.0,1,test
d56ded4569dd9821b2f83710a56afbde,226,2,189.99,2.0,2.0,2.0,12.5,8.0,94.995,0,1,0.0,1,test
d5ca668597a3b40c1e527db8c761f03c,33,2,71.24000000000001,2.0,2.0,2.0,9.27,1.0,35.620000000000005,0,1,0.0,1,test
d5f79f616536f08c3946ee6ac810a43a,179,2,168.12,2.0,2.0,2.0,16.945,4.0,84.06,160,2,160.0,1,test
d66f438b3fcdcf22e7224aaeaf525443,127,2,170.34,3.0,3.0,2.0,11.67,1.5,85.17,86,2,86.0,1,test
d753459418d268407f19b64be28e3c5a,450,2,38.24,2.0,2.0,2.0,8.72,1.0,19.12,0,1,0.0,1,test
d75a854dd5534f42bfac3299ac2d0b33,18,2,476.27,4.0,2.0,2.0,80.685,10.0,238.135,303,2,303.0,1,test
d7624d219b6ffad980e91412174db310,360,3,87.75,3.0,3.0,3.0,11.22,2.3333333333333335,29.25,0,1,0.0,1,test
d77aa95864ae5b42160937615628723a,214,2,2450.1,2.0,2.0,2.0,25.05,15.0,1225.05,0,1,0.0,1,test
d7a86208b8dd2e697ddf825c386a0402,104,2,279.8,2.0,2.0,2.0,14.004999999999999,1.0,139.9,93,2,93.0,1,test
d7b402c756be57180fa0df36f58d8b7f,264,2,131.17000000000002,2.0,2.0,2.0,15.115,3.0,65.58500000000001,0,1,0.0,1,test
d7b4f3c9c89ba771ef099693c61d7085,108,2,110.63,2.0,2.0,2.0,16.365,1.0,55.315,299,2,299.0,1,test
d7c6335139cb055ed0ce1125ddc788d8,123,2,378.96,3.0,2.0,2.0,21.07,2.0,189.48,155,2,155.0,1,test
d7c6bdf20c4ec9c9cda815dde58e778a,289,2,110.25,2.0,2.0,2.0,15.135,5.0,55.125,0,1,0.0,1,test
d7e0432688bbd72d3567568903f6117c,59,2,219.93,3.0,3.0,3.0,20.814999999999998,1.5,109.965,17,2,17.0,1,test
d8079e13179a4ba20a2d06c42e713ff9,153,2,191.01,2.0,2.0,2.0,15.559999999999999,1.0,95.505,0,1,0.0,1,test
d815021b4d2400e191b912e96d494b2a,246,2,159.22,2.0,2.0,2.0,14.71,3.0,79.61,0,1,0.0,1,test
d821b0981be9795c42ff1b2dece149cb,97,2,226.6,2.0,2.0,2.0,13.355,6.5,113.3,1,2,1.0,1,test
d87cd982d4b793abe00c75c000c89237,110,2,164.82,2.0,2.0,2.0,16.965,3.0,82.41,0,1,0.0,1,test
d8a89dc47bde7dc0b83a3434cc017ee1,145,2,504.5,2.0,2.0,2.0,34.76,10.0,252.25,241,2,241.0,1,test
d8ad2c0c09bb419ee20bbbda66ed6d9c,15,2,124.02,2.0,2.0,2.0,9.56,1.5,62.01,305,2,305.0,1,test
d8e4bf349af9df104faeef494ad2c6de,179,2,154.49,2.0,2.0,2.0,17.3,1.0,77.245,28,2,28.0,1,test
d8f979fcfc0ce686f6abf5af5f5217d4,163,2,372.62,2.0,2.0,2.0,43.41,5.0,186.31,160,2,160.0,1,test
d92462d83762d5e5c112bccc344119e6,129,2,156.76,2.0,2.0,2.0,34.93,7.5,78.38,0,1,0.0,1,test
d927267e54f07b9e0fd408d2f840024c,320,2,276.73,2.0,2.0,2.0,17.009999999999998,1.0,138.365,0,1,0.0,1,test
d97b3cfb22b0d6b25ac9ed4e9c2d481b,165,2,1044.13,13.0,7.0,3.0,83.02000000000001,3.0,522.065,0,1,0.0,1,test
d9d038353abdad5717e9d11c1748736d,237,2,148.14,2.0,2.0,2.0,14.17,7.0,74.07,0,1,0.0,1,test
d9e6c750121d4d84ba6f2cdc6cc80008,96,2,155.93,2.0,2.0,2.0,28.470000000000002,1.5,77.965,30,2,30.0,1,test
da0440138fea4368af70b5cb01126a9c,219,2,184.94,2.0,2.0,2.0,14.025,4.0,92.47,0,1,0.0,1,test
da122df9eeddfedc1dc1f5349a1a690c,364,2,7571.63,2.0,2.0,2.0,91.815,10.0,3785.815,0,1,0.0,1,test
da1e7179b9c5a1494d78528cbcf05aa0,142,2,1467.87,2.0,2.0,2.0,33.985,4.0,733.935,173,2,173.0,1,test
da29b8a3970adddb9ed2dc8a492065af,194,2,145.42000000000002,2.0,2.0,2.0,15.26,3.0,72.71000000000001,89,2,89.0,1,test
da2b78576894a7f95d45bfd20250cc54,117,3,408.7,3.0,3.0,3.0,11.516666666666666,6.666666666666667,136.23333333333332,292,3,146.0,1,test
da5bbfd583efb762f6fda762f1aaf4a9,340,2,133.72,2.0,2.0,2.0,14.61,4.5,66.86,96,2,96.0,1,test
da8198ea45b815ac5588df1dc7f66661,44,2,174.44,2.0,2.0,2.0,12.23,1.0,87.22,2,2,2.0,1,test
da8f764b90a3b800f31d093c22cd3074,85,2,291.1,2.0,2.0,2.0,28.105,3.5,145.55,40,2,40.0,1,test
da938ecdfde4d90f6c247bfa5233c66a,260,2,235.07,3.0,3.0,2.0,18.075,5.5,117.535,25,2,25.0,1,test
daa7bbf7016cc30bf64f97d1db63e5e6,260,2,83.21000000000001,2.0,2.0,2.0,10.13,1.5,41.605000000000004,0,1,0.0,1,test
daf8072197465eabacb942e6f644585a,231,2,60.510000000000005,2.0,2.0,2.0,9.755,1.0,30.255000000000003,0,1,0.0,1,test
db03954a9a1cc5e71f6e0f73e81a628c,177,3,575.94,3.0,3.0,3.0,30.98,5.0,191.98000000000002,17,3,8.5,1,test
db07fd2ad9869f8356b1fbeefdac31e8,8,3,263.8,5.0,3.0,3.0,12.966666666666667,1.0,87.93333333333334,96,3,48.0,1,test
db539c729198334582efc7b53c803c79,361,2,100.09,2.0,2.0,2.0,15.6,1.5,50.045,1,2,1.0,1,test
db856e8cb7586dd746d36ee69f7dbe68,5,2,156.38,3.0,2.0,2.0,13.315,1.0,78.19,79,2,79.0,1,test
dbdfcd1e9de47452f3c9b0229bc0edc3,173,2,287.8,2.0,2.0,2.0,19.0,5.0,143.9,0,1,0.0,1,test
dc0274a25d881c813da7d55b7faace37,44,2,66.36,2.0,2.0,2.0,17.63,1.0,33.18,0,1,0.0,1,test
dc1dac999319e4de0009df7ad0d02104,311,2,125.14,2.0,2.0,2.0,15.17,3.0,62.57,0,1,0.0,1,test
dc1e294dceea9fbe6bd8646954e03c95,56,2,361.67,3.0,3.0,2.0,30.884999999999998,1.0,180.835,4,2,4.0,1,test
dc450fdb03562a6d52752858f7855348,408,2,526.85,3.0,3.0,2.0,30.025000000000002,7.0,263.425,6,2,6.0,1,test
dc48b0a1b0e6abb6586f322c189f6b93,123,2,193.76999999999998,2.0,2.0,2.0,13.985000000000001,8.0,96.88499999999999,194,2,194.0,0,test
dc813062e0fc23409cd255f7f53c7074,126,5,972.55,10.0,5.0,5.0,59.736000000000004,11.0,194.51,147,5,36.75,0,test
dc858be5b0bb881c067192937bf4ff78,59,2,104.78,2.0,2.0,2.0,12.99,1.0,52.39,0,1,0.0,1,test
dca9a13536adcef18c6c5859487347b1,14,2,437.08,2.0,2.0,2.0,20.64,5.5,218.54,80,2,80.0,1,test
dcae10a371a35e87b7e88b8724a7bbea,164,2,142.66,2.0,2.0,2.0,16.88,1.0,71.33,13,2,13.0,1,test
dcc9c0fd8dbf091ca2965710ef45c16c,252,2,120.51,2.0,2.0,2.0,12.26,1.0,60.255,9,2,9.0,1,test
dcee1e44ded6f1bfc5b4988d771243da,117,2,793.5699999999999,2.0,2.0,2.0,37.835,6.0,396.78499999999997,6,2,6.0,1,test
dd25b514ee922669e5de2d638199a3e3,78,2,197.95,2.0,2.0,2.0,17.575,3.0,98.975,45,2,45.0,1,test
dd6ca4bccbd21803d32139af5b908fd7,109,2,156.22,2.0,2.0,2.0,15.71,1.0,78.11,89,2,89.0,1,test
dd6e665621eca3de5e37b072f7d50f0c,185,2,193.96,3.0,2.0,2.0,37.23,4.5,96.98,53,2,53.0,1,test
dd7b0e9b51e5377bd9c1fd3e286c7b9d,33,2,40.18,2.0,2.0,2.0,14.1,1.0,20.09,41,2,41.0,1,test
dd8253fe17486f2e2cbff105e36e4a55,75,2,865.97,2.0,2.0,2.0,14.535,1.0,432.985,23,2,23.0,1,test
dd8c586651f9232e473ad86cf89c143f,345,2,111.97,2.0,2.0,2.0,14.535,5.0,55.985,0,1,0.0,1,test
ddcbd9c87bce192fc14812129a7894da,0,2,470.2,2.0,2.0,2.0,15.149999999999999,1.5,235.1,45,2,45.0,1,test
ddeb6f3566dcf17cb455271ac103a73f,59,2,424.49,2.0,2.0,2.0,37.849999999999994,7.0,212.245,28,2,28.0,1,test
de34b16117594161a6a89c50b289d35a,73,5,530.38,5.0,5.0,5.0,8.876000000000001,1.8,106.076,75,5,18.75,1,test
de7cad0a39eabfa2285ef0b891ef404a,243,2,76.58,2.0,2.0,2.0,9.815,3.5,38.29,0,1,0.0,1,test
dec5217f924eab1dae338b9b54f53558,39,2,144.45999999999998,2.0,2.0,2.0,12.780000000000001,1.0,72.22999999999999,62,2,62.0,1,test
dec8632530ce2c58e688e63cbc5105e6,111,2,326.36,2.0,2.0,2.0,20.33,4.0,163.18,119,2,119.0,1,test
dee6a650840de087ac42c4367bc9baf3,78,2,591.56,7.0,2.0,2.0,55.58,10.0,295.78,0,1,0.0,1,test
df1f61c43368a8ed99dc76b43594fc4b,156,2,241.56,3.0,3.0,2.0,25.43,3.0,120.78,0,1,0.0,1,test
df946ef265626b1e0a425292815ddead,242,3,152.41,3.0,3.0,3.0,7.8133333333333335,1.0,50.803333333333335,10,2,5.0,1,test
df9bd60da4a8f8945d2b862aebd3d418,268,2,94.49,2.0,2.0,2.0,9.755,1.0,47.245,0,1,0.0,1,test
dff33bfc45ae0becc55ce9b50acd4073,40,2,1275.77,7.0,3.0,2.0,154.975,1.0,637.885,152,2,152.0,1,test
dff41d762e4e7b68b73af7203a429072,218,2,114.0,3.0,2.0,2.0,21.15,1.0,57.0,0,1,0.0,1,test
dff5ff8f411dd1d77875f7e17a3eb512,185,2,144.45999999999998,2.0,2.0,2.0,12.780000000000001,2.0,72.22999999999999,46,2,46.0,1,test
dffdc8e60eab79300b75d9febd9eec46,13,2,50.06999999999999,2.0,2.0,2.0,10.09,1.0,25.034999999999997,0,1,0.0,1,test
e016365b624d1755f3e2d0e8f1631ebb,43,3,435.57,3.0,3.0,3.0,27.563333333333333,3.6666666666666665,145.19,270,2,135.0,1,test
e0233c751408137ec5cdde0c37e6a61a,105,2,295.16,2.0,2.0,2.0,23.085,2.5,147.58,211,2,211.0,1,test
e031118eb65330b4c180522f2743cf51,303,2,280.33,2.0,2.0,2.0,15.265,1.0,140.165,0,1,0.0,1,test
e05757dc57fc38f5156c82e9e4444f8f,68,2,644.5899999999999,2.0,2.0,2.0,83.3,7.0,322.29499999999996,55,2,55.0,1,test
e06e62694cd8ce637a1c3f4a624c647e,213,2,663.88,2.0,2.0,2.0,21.95,3.5,331.94,133,2,133.0,1,test
e079b18794454de9d2be5c12b4392294,290,2,437.78,6.0,6.0,3.0,49.964999999999996,8.0,218.89,0,1,0.0,1,test
e0a435b6106cae0bc42a2cef0565b622,172,2,103.24,2.0,2.0,2.0,8.72,1.0,51.62,57,2,57.0,1,test
e0c99ffdcd8891130985ac90cd2d8eec,186,3,588.71,3.0,3.0,3.0,45.94,1.3333333333333333,196.23666666666668,68,3,34.0,1,test
e0ec2e3c3f6e06839e8fb986be65c7c5,153,2,131.20000000000002,2.0,2.0,2.0,8.61,3.0,65.60000000000001,0,1,0.0,1,test
e10b68125f54adc15562b1fa412e655a,81,2,147.56,2.0,2.0,2.0,14.934999999999999,7.0,73.78,217,2,217.0,1,test
e11a1b428e150830944b665cb6b2d5da,103,2,421.47,3.0,2.0,2.0,75.75,6.0,210.735,52,2,52.0,1,test
e1224167b1a3f92781c2ff55b0b794be,44,3,141.42000000000002,3.0,3.0,3.0,9.94,1.3333333333333333,47.14000000000001,75,3,37.5,1,test
e12f7f1e96f1f9f6361572028a1fad5a,152,3,729.74,3.0,3.0,3.0,16.68,1.0,243.24666666666667,71,3,35.5,1,test
e1407f4d2fd92ed069307bb0b836615a,18,2,873.09,3.0,2.0,2.0,51.6,4.0,436.545,0,1,0.0,1,test
e14705d2e06ab8ee7c665f21c72f874f,134,2,307.43,2.0,2.0,2.0,15.715,1.0,153.715,190,2,190.0,1,test
e14b8cd578c1f576594719bce2ee1aa2,16,2,117.85999999999999,2.0,2.0,2.0,16.43,1.0,58.92999999999999,297,2,297.0,1,test
e18cd71e54e44b7cedb7991214b691a5,75,2,98.66,2.0,2.0,2.0,9.34,2.0,49.33,0,1,0.0,1,test
e1b59a2032b34097d0c1c8d320f40832,118,2,318.41999999999996,2.0,2.0,2.0,19.76,4.0,159.20999999999998,311,2,311.0,1,test
e1cc1be2730188040748affa422b2803,11,2,92.22,2.0,2.0,2.0,12.66,1.0,46.11,201,2,201.0,1,test
e1cf735f320c9870c2046dbbc634fcec,401,2,157.95,3.0,3.0,2.0,16.490000000000002,1.0,78.975,0,1,0.0,1,test
e2226f481eef03f2876d1a27f0f4b1b0,215,2,711.89,2.0,2.0,2.0,16.495,1.0,355.945,0,1,0.0,1,test
e225b3c270984a8097a136089a11aea9,74,2,215.05,2.0,2.0,2.0,12.795,3.0,107.525,0,1,0.0,1,test
e226254ce0c6d5b7a7ef7218c9b5b518,116,2,244.36,2.0,2.0,2.0,24.78,5.5,122.18,184,2,184.0,0,test
e23daf58ce481f3d38066e654ef610cb,395,2,99.04,2.0,2.0,2.0,14.52,1.5,49.52,15,2,15.0,1,test
e246473a236ca29747182e7986dbdb7a,60,2,1186.58,4.0,2.0,2.0,38.39,1.0,593.29,134,2,134.0,1,test
e2492e4188991b6276a4a62a287a5451,53,2,393.4,3.0,2.0,2.0,26.2,1.0,196.7,4,2,4.0,0,test
e2889baccec81ed3bed4d66c1c675cb2,124,2,221.61,2.0,2.0,2.0,24.205000000000002,5.5,110.805,188,2,188.0,1,test
e2af42f42a86805055a8e71af58ee71e,147,2,108.09,2.0,2.0,2.0,15.1,1.5,54.045,161,2,161.0,1,test
e2c483395f5aa739622936a3e826921d,410,2,710.69,3.0,2.0,2.0,25.494999999999997,8.0,355.345,0,1,0.0,1,test
e2c87a07e54c863d60af789a9233bdb5,36,2,291.66999999999996,3.0,2.0,2.0,22.985,2.5,145.83499999999998,220,2,220.0,1,test
e2ce734f0bd635b4b82317b5e5fcd152,150,2,160.3,2.0,2.0,2.0,16.205,2.0,80.15,0,1,0.0,1,test
e301216623168d227eb0b0a3aabb1e62,76,2,223.67000000000002,2.0,2.0,2.0,17.105,1.0,111.83500000000001,0,1,0.0,1,test
e30b83af13d6ff0b0f427b2a67c43b39,123,3,841.15,5.0,5.0,3.0,25.916666666666668,7.666666666666667,280.3833333333333,312,3,156.0,1,test
e325e139452a1ca05f5a33acedd7d94f,86,3,304.2,3.0,3.0,3.0,11.5,1.6666666666666667,101.39999999999999,37,2,18.5,1,test
e3301490c373db9263c15a73172d0c6f,345,3,443.51,4.0,3.0,3.0,18.576666666666668,10.0,147.83666666666667,21,2,10.5,1,test
e35b2a3c980b6e0fc66c66b8e1122e93,24,2,1267.2,4.0,2.0,2.0,33.8,1.0,633.6,148,2,148.0,1,test
e374f0ed9ec35b9af339460a75c4d096,42,2,694.55,2.0,2.0,2.0,25.78,5.0,347.275,295,2,295.0,1,test
e38a9d13896946501404c6d82790728c,110,2,364.16,2.0,2.0,2.0,24.585,4.5,182.08,234,2,234.0,1,test
e38bf9a883752b0b65407a103fd7ef30,88,2,261.15,2.0,2.0,2.0,15.625,1.0,130.575,34,2,34.0,1,test
e395de53a61a2f8fa96ea1ca399c3ff5,195,2,438.92,2.0,2.0,2.0,39.51,9.0,219.46,0,1,0.0,1,test
e3a07a2fce775f67bcf06e6278807608,28,2,237.96,3.0,2.0,2.0,24.04,8.0,118.98,0,1,0.0,1,test
e3cf594a99e810f58af53ed4820f25e5,195,2,191.61,2.0,2.0,2.0,15.815000000000001,4.5,95.805,10,2,10.0,1,test
e424731f7e9ccc9f3384b8b71378cbf7,218,2,169.98000000000002,3.0,2.0,2.0,20.490000000000002,4.0,84.99000000000001,0,1,0.0,1,test
e44110c2ff342e5bbda6c2224d94bbe6,322,2,617.97,3.0,3.0,2.0,22.635,1.0,308.985,7,2,7.0,1,test
e4419ca71e493f57fce5809d2039e9ba,178,2,116.83,3.0,3.0,3.0,21.02,1.0,58.415,1,2,1.0,1,test
e45b0c7dd75287df589a26fdb7c2fcaf,66,2,109.15,2.0,2.0,2.0,15.605,3.5,54.575,212,2,212.0,1,test
e47e3ecbe9ae12ecbfc5651bd62d7733,117,2,195.74,2.0,2.0,2.0,17.97,1.0,97.87,145,2,145.0,1,test
e4b98eebb8983cade8610c0def59f705,333,3,760.01,4.0,4.0,4.0,25.673333333333332,1.0,253.33666666666667,38,2,19.0,1,test
e4d800060f85d896b83b4c3e3570065b,9,2,207.56,2.0,2.0,2.0,15.329999999999998,2.0,103.78,197,2,197.0,1,test
e4f218d824a59b96c4399ad182327138,14,2,236.29000000000002,2.0,2.0,2.0,23.245,4.0,118.14500000000001,0,1,0.0,1,test
e53821a413d5b137cd9005b41f09dfe0,162,2,195.25,3.0,3.0,3.0,17.224999999999998,2.5,97.625,13,2,13.0,1,test
e58e049eea2419a34274619f798d0cd4,123,2,362.89,3.0,2.0,2.0,28.995,2.0,181.445,0,1,0.0,1,test
e5ae3dacf82b0ced4bd9e85046b96f38,31,2,151.23000000000002,3.0,2.0,2.0,42.455,5.0,75.61500000000001,0,1,0.0,1,test
e5b6fb6c5e7e4adc25a5e400c0104508,44,2,143.47,2.0,2.0,2.0,14.745000000000001,4.0,71.735,0,1,0.0,1,test
e5bdbd18812e42788e7cbad7058fc0ab,340,2,242.5,2.0,2.0,2.0,19.3,1.0,121.25,80,2,80.0,1,test
e5ec513f807eb586f0cb8ab492f59e13,36,2,97.77,2.0,2.0,2.0,15.89,1.0,48.885,0,1,0.0,1,test
e5eed5d0afc1ee8620468918995df9f6,146,2,182.03,2.0,2.0,2.0,21.57,6.0,91.015,0,1,0.0,1,test
e60856952187516c3397a2c4ac63aac4,29,2,667.4399999999999,3.0,2.0,2.0,44.730000000000004,7.0,333.71999999999997,125,2,125.0,1,test
e60d32d446c543a9af42c36bf266b0ed,29,2,188.7,2.0,2.0,2.0,33.4,3.0,94.35,204,2,204.0,1,test
e64ab18890c89066fe47f8abbbf180de,294,2,177.91,2.0,2.0,2.0,17.505,4.5,88.955,34,2,34.0,1,test
e65862da4f9f183565831cf7e1cbb7a5,348,2,166.25,2.0,2.0,2.0,11.5,1.0,83.125,5,2,5.0,1,test
e65e6159c5cfea9bd5aa393b49b02ee6,8,2,114.76,2.0,2.0,2.0,7.39,3.0,57.38,0,1,0.0,1,test
e67af1efd445becc5019902668fe3218,285,2,156.07,2.0,2.0,2.0,13.135,1.0,78.035,0,1,0.0,1,test
e68365f0fec5a377bd6f49cb444e453c,178,2,361.02,2.0,2.0,2.0,20.61,1.0,180.51,33,2,33.0,1,test
e68856e8450afe7390b02d1b2bcefb29,127,2,191.47,5.0,2.0,2.0,36.885,5.5,95.735,79,2,79.0,1,test
e69e2b2ce493d7d2307b2588fd1614bd,393,2,243.93,2.0,2.0,2.0,17.47,1.0,121.965,0,1,0.0,1,test
e6f18fab493c0bdc553eafd9b66cb5f2,13,2,213.69,2.0,2.0,2.0,20.4,3.0,106.845,0,1,0.0,1,test
e702e8b7b2a4233b4a1c21f457a1030e,317,2,315.44,2.0,2.0,2.0,30.73,10.0,157.72,0,1,0.0,1,test
e7039843c54c69530bbf70d926baaab6,135,2,388.37,3.0,3.0,2.0,17.939999999999998,2.5,194.185,68,2,68.0,1,test
e73ccd01efa72e05476abdfa25f36208,126,2,227.39,2.0,2.0,2.0,19.7,11.0,113.695,0,1,0.0,1,test
e7688fef5438be571d0c39bbb3e8e998,154,2,72.01,2.0,2.0,2.0,8.56,2.5,36.005,77,2,77.0,1,test
e76f5c3699e402d57852989386ab1cc4,10,2,188.13,3.0,2.0,2.0,20.565,1.5,94.065,12,2,12.0,1,test
e77723abebdc6d6b95814047f75c2aab,105,2,333.93,3.0,2.0,2.0,21.965,4.5,166.965,14,2,14.0,1,test
e78838df9c44e102b6ac84cc5eea7d5c,417,3,205.96,5.0,5.0,3.0,19.453333333333333,1.0,68.65333333333334,0,1,0.0,1,test
e7a57c5b35cdb485d352afad87560042,89,2,142.89000000000001,3.0,3.0,2.0,13.705,1.0,71.44500000000001,28,2,28.0,1,test
e7aa3fbe88423a0132e45578023bac50,275,2,102.1,2.0,2.0,2.0,21.15,1.0,51.05,0,1,0.0,1,test
e7ba27eaa7692a165b91ba35a41da310,374,2,225.61,4.0,2.0,2.0,36.800000000000004,7.0,112.805,0,1,0.0,1,test
e7ceb5e15c42737c00925a715525dc67,58,2,98.82,2.0,2.0,2.0,8.11,1.0,49.41,79,2,79.0,1,test
e7e84072c5730f21d38aea4e37d531f0,127,2,73.01,2.0,2.0,2.0,16.51,2.0,36.505,113,2,113.0,1,test
e8569c57efe3adf347b3e92ec04d1f91,157,2,124.74000000000001,2.0,2.0,2.0,15.379999999999999,5.0,62.370000000000005,0,1,0.0,1,test
e8663abca66edfe7b18d03a921637578,32,2,196.64,2.0,2.0,2.0,14.875,4.0,98.32,33,2,33.0,1,test
e87c2e2e5985c5996ec20651a3d50fe7,191,2,375.87,2.0,2.0,2.0,35.935,10.0,187.935,34,2,34.0,1,test
e89bab624ed1d8c75012bf52bacc654c,108,2,131.20000000000002,2.0,2.0,2.0,8.61,4.0,65.60000000000001,0,1,0.0,1,test
e89bf89e2621b5aeb4c181e69a8c6952,257,2,418.51,3.0,3.0,3.0,25.860000000000003,5.0,209.255,14,2,14.0,1,test
e8bab621313ad2a3c0ce8e3a023ff9bb,192,2,492.26,2.0,2.0,2.0,13.129999999999999,3.0,246.13,127,2,127.0,1,test
e8fee231a8a4901e2b0b5a2324eb1405,202,2,115.74000000000001,2.0,2.0,2.0,16.38,1.0,57.870000000000005,28,2,28.0,1,test
e9659b474a13413b36c7a5c1e6d7055b,16,2,159.01999999999998,2.0,2.0,2.0,11.11,4.0,79.50999999999999,235,2,235.0,1,test
e9b87dccd9c326a3325385087eb0150c,177,3,451.83000000000004,4.0,4.0,3.0,24.146666666666665,2.3333333333333335,150.61,133,3,66.5,1,test
e9e96ff4f36a319a3621b95b43343532,79,2,171.56,3.0,3.0,3.0,11.829999999999998,1.0,85.78,106,2,106.0,1,test
ea2a4a14c49ad9a9d64d2b7f91f0c293,174,2,152.48000000000002,2.0,2.0,2.0,12.795,1.0,76.24000000000001,88,2,88.0,1,test
ea3f9ba2162d33a56fa8ff315f2c38ce,49,2,318.56,2.0,2.0,2.0,13.280000000000001,8.0,159.28,0,1,0.0,1,test
ea4dce18a6994b1e69f0bc8093cfe869,282,2,137.98,3.0,2.0,2.0,21.34,6.0,68.99,0,1,0.0,1,test
eaa604ab9f816252edb7a8d297f932e5,119,2,1432.21,2.0,2.0,2.0,22.105,2.0,716.105,24,2,24.0,1,test
eac6dbc8ecd0a2f08ed8e53d18f0e0d0,200,2,257.52,2.0,2.0,2.0,13.309999999999999,6.0,128.76,214,2,214.0,1,test
ead394416d4f85207932cc124eb145e2,117,2,416.36,2.0,2.0,2.0,17.18,2.5,208.18,33,2,33.0,1,test
eaf8b1aa185199a62be13fe370e82ad1,117,2,99.7,2.0,2.0,2.0,11.85,3.5,49.85,17,2,17.0,1,test
eb28e67c4c0b83846050ddfb8a35d051,194,2,284.56,2.0,2.0,2.0,15.89,2.0,142.28,145,2,145.0,1,test
eb5d7d093a080f6b02d4b1ed626db0ff,386,2,141.63,2.0,2.0,2.0,11.415,2.0,70.815,0,1,0.0,1,test
eb8367e178d144706a4ff3da62d284cb,170,2,112.88,2.0,2.0,2.0,15.945,2.0,56.44,116,2,116.0,1,test
eb89ecac165940c95a05cb77e89a789d,118,2,123.75,2.0,2.0,2.0,11.175,3.5,61.875,200,2,200.0,1,test
eb8ace0670e08632f5fe8977b669530e,129,2,75.92,2.0,2.0,2.0,12.465,2.5,37.96,140,2,140.0,1,test
ebad8517c448bbd20ca1910bf1a33819,154,2,271.53999999999996,2.0,2.0,2.0,17.869999999999997,10.0,135.76999999999998,217,2,217.0,1,test
ec0f5b4fe392d71f361112c1b508b707,88,2,285.18,2.0,2.0,2.0,43.19,5.0,142.59,179,2,179.0,1,test
ec449149317e67f234b1cf7fe9fc966c,33,2,495.57000000000005,2.0,2.0,2.0,49.290000000000006,1.0,247.78500000000003,0,1,0.0,1,test
ec6a85d8bf9c7a514c411a1287643d1d,115,2,560.1800000000001,2.0,2.0,2.0,25.189999999999998,7.5,280.09000000000003,14,2,14.0,1,test
ec7f1811826ab04a27a92197bc40c888,102,4,556.94,5.0,4.0,4.0,17.2625,4.75,139.235,46,4,15.333333333333334,1,test
ec99f30f38afadbfbae32d5883734ded,255,2,125.64,2.0,2.0,2.0,7.83,4.5,62.82,0,1,0.0,1,test
ecb43665c8c390857cabf385d918da87,218,2,207.48000000000002,2.0,2.0,2.0,17.11,3.0,103.74000000000001,0,1,0.0,1,test
ecdbc4bf2201c807294c7d8c4b777032,165,2,1294.09,2.0,2.0,2.0,17.095,4.5,647.045,198,2,198.0,1,test
ed05a1bbf9f8816af23fcc68084bb87d,439,2,509.58000000000004,5.0,2.0,2.0,32.04,1.0,254.79000000000002,0,1,0.0,1,test
ed2e7c127faf8aacf910fb4ecb881966,189,2,159.49,3.0,2.0,2.0,16.395,7.5,79.745,0,1,0.0,1,test
ed7ecb1bd52fef9f35d06b0f09c79539,113,2,103.62,2.0,2.0,2.0,11.41,2.0,51.81,247,2,247.0,1,test
ed873efbae1f165689d2e836f7a45a20,302,2,40.7,2.0,2.0,2.0,8.25,1.0,20.35,35,2,35.0,1,test
ed91e2bcbc71d72c1d7871961a01d3e3,22,2,141.17000000000002,2.0,2.0,2.0,14.684999999999999,3.5,70.58500000000001,80,2,80.0,1,test
edb73fb9e9c6e283badde40e37f5c9e5,121,2,208.85999999999999,3.0,3.0,2.0,17.08,7.5,104.42999999999999,6,2,6.0,1,test
eddc1407b097ef7952deb24806c9059b,177,2,276.72,2.0,2.0,2.0,23.46,1.0,138.36,208,2,208.0,1,test
ee2e40e31211c5c36ebf28b78316542e,323,2,210.43,2.0,2.0,2.0,15.385,7.5,105.215,0,1,0.0,1,test
ee3adea169ca02ca9bd1e80bc620856e,88,2,770.62,2.0,2.0,2.0,10.815,4.5,385.31,119,2,119.0,1,test
ee5c5d0ff3ff8e904b5c2b66dd471b01,389,2,454.6,2.0,2.0,2.0,14.350000000000001,5.0,227.3,0,1,0.0,1,test
ee86c319ba988c50816cb59a863b1882,15,2,168.01,3.0,3.0,2.0,11.084999999999999,1.0,84.005,0,1,0.0,1,test
ee9d97a7d28183a3d93aefb807e48524,229,2,137.96,2.0,2.0,2.0,11.99,4.0,68.98,0,1,0.0,1,test
eed4189bfc1ea0c708e927cf93d63bdf,80,2,432.68999999999994,2.0,2.0,2.0,17.395,2.5,216.34499999999997,46,2,46.0,1,test
eed42da7ee2f3ce26ab52758e63d855f,37,2,131.20000000000002,2.0,2.0,2.0,8.61,5.5,65.60000000000001,0,1,0.0,1,test
ef1d0f1922417f396a0aa0a03296c572,127,2,190.75,2.0,2.0,2.0,11.93,1.0,95.375,113,2,113.0,1,test
ef3b6ab8a1704ead096adbcdee78284b,21,2,284.7,2.0,2.0,2.0,15.85,5.5,142.35,95,2,95.0,1,test
ef7ccf8e6acbf1ac71af305967e708c3,250,2,294.71999999999997,2.0,2.0,2.0,16.91,1.5,147.35999999999999,9,2,9.0,1,test
ef89c781d27561d99c4b90783fde3c57,99,2,221.93,2.0,2.0,2.0,28.064999999999998,6.0,110.965,5,2,5.0,1,test
efb164704e9f4fc3867f6f59f5f6dbd6,52,2,188.41,2.0,2.0,2.0,15.120000000000001,2.0,94.205,349,2,349.0,1,test
efce1ab3e96ccab8b1b464326bd22417,4,2,904.72,11.0,4.0,4.0,54.71,7.5,452.36,231,2,231.0,1,test
effecf2e702b13058b6ca07a0a649691,72,2,253.79999999999998,2.0,2.0,2.0,16.28,8.0,126.89999999999999,0,1,0.0,1,test
f00aa1cfc257dfff20184269b19db923,21,2,175.96,2.0,2.0,2.0,18.055,8.0,87.98,147,2,147.0,1,test
f043529722a354cd3f185270e0c6aa15,180,2,66.97,2.0,2.0,2.0,13.535,1.0,33.485,192,2,192.0,1,test
f0996ee6e59d10ac46fd0b9c632e759d,270,2,228.0,3.0,2.0,2.0,24.27,4.0,114.0,0,1,0.0,1,test
f0daba1cfcc18d5a3229e1a911313e3e,324,2,1398.18,3.0,3.0,2.0,27.595,5.5,699.09,16,2,16.0,1,test
f0e310a6839dce9de1638e0fe5ab282a,48,5,488.15999999999997,5.0,5.0,5.0,16.874000000000002,2.2,97.63199999999999,266,5,66.5,0,test
f11821d908830e74ad782532ebed897a,222,3,191.10000000000002,3.0,3.0,3.0,17.77,1.0,63.70000000000001,95,2,47.5,1,test
f121995493925a5ef0b46a13f594e0ab,74,2,477.64,2.0,2.0,2.0,14.325,1.5,238.82,155,2,155.0,1,test
f170c6e04c4cdf9219fc5c669b10f506,77,2,357.96,2.0,2.0,2.0,45.205,1.0,178.98,0,1,0.0,1,test
f172c33b146e90b95ee12499eb6632cb,4,2,237.44,2.0,2.0,2.0,38.225,2.5,118.72,76,2,76.0,1,test
f1a325803dd4c341c5a946ac84c71973,211,2,351.07000000000005,4.0,4.0,2.0,34.69,1.0,175.53500000000003,122,2,122.0,1,test
f1e73ad158b38954c23f5668894b3d46,18,2,355.96000000000004,2.0,2.0,2.0,16.48,1.0,177.98000000000002,46,2,46.0,1,test
f216de65ece42736f341247dcba60ccb,124,2,294.40999999999997,4.0,4.0,3.0,28.905,7.5,147.20499999999998,96,2,96.0,1,test
f2655a0ca53cad79e713d1a21b2328b7,320,2,192.22,2.0,2.0,2.0,13.21,3.0,96.11,0,1,0.0,1,test
f2ab7bd70a9a23df0dac0be98f038374,41,2,204.32,2.0,2.0,2.0,14.26,3.5,102.16,133,2,133.0,1,test
f2e0c95f9c0e971bb561b11ecf5a95d3,37,2,162.78,3.0,2.0,2.0,16.04,3.0,81.39,0,1,0.0,1,test
f30856ad31d3e74253a3f4ccef670648,57,2,215.28,2.0,2.0,2.0,20.619999999999997,3.0,107.64,0,1,0.0,1,test
f34cd7fd85a1f8baff886edf09567be3,189,4,1236.76,4.0,4.0,4.0,47.44,5.0,309.19,32,2,10.666666666666666,1,test
f3738f6f5687da7c7ae0623172be00bf,70,2,180.04000000000002,2.0,2.0,2.0,19.775,1.0,90.02000000000001,13,2,13.0,1,test
f37bd405972a0229ec900f3743f5bca6,163,2,94.41,2.0,2.0,2.0,20.630000000000003,3.5,47.205,0,1,0.0,1,test
f3d176999f9c1273045f770712608944,236,2,221.58,3.0,3.0,3.0,18.495,4.5,110.79,21,2,21.0,1,test
f46971f1ac7b376b668114a027c98e78,311,2,337.85,2.0,2.0,2.0,17.525,5.5,168.925,8,2,8.0,1,test
f46ebdbd5c48c0683980a759b8937912,39,2,174.3,2.0,2.0,2.0,15.25,1.0,87.15,0,1,0.0,1,test
f497801658db70e1b18c76268001e944,103,2,157.35,2.0,2.0,2.0,15.73,1.0,78.675,117,2,117.0,1,test
f4af0b3f627879bf6801db96949b1e71,222,2,342.23,3.0,3.0,2.0,20.215,8.0,171.115,0,1,0.0,1,test
f4f2d85371955b0e254ce594fcf09a0d,60,2,85.33,2.0,2.0,2.0,15.17,4.0,42.665,0,1,0.0,1,test
f50ca6544a0ed8a52cc964e15cbe9cf9,172,2,320.64,2.0,2.0,2.0,23.619999999999997,8.0,160.32,0,1,0.0,1,test
f526077dd7bdfdb1a6e10cd6b194b548,188,2,62.0,2.0,2.0,2.0,15.1,2.5,31.0,0,1,0.0,1,test
f5344c7feb209d1e8a9de5d60ed79331,243,2,244.58,3.0,3.0,2.0,19.575,3.0,122.29,0,1,0.0,1,test
f561632522774ab728bb93f8f3ab5e61,84,2,699.31,2.0,2.0,2.0,52.755,11.0,349.655,213,2,213.0,1,test
f565c1cbc438d2561d40d780f1da28c5,125,2,107.38,2.0,2.0,2.0,16.79,2.5,53.69,32,2,32.0,1,test
f596242db91986b554f25768577cd5be,286,2,731.08,2.0,2.0,2.0,80.545,6.5,365.54,13,2,13.0,1,test
f62d6572c9c25b3796d058d7b833f8b7,294,2,193.94,2.0,2.0,2.0,12.07,4.5,96.97,82,2,82.0,1,test
f63e56138ee7885ffc3b7e56933446e6,202,2,261.1,2.0,2.0,2.0,20.6,4.0,130.55,0,1,0.0,1,test
f64075e7fa628bdc6c3e7c3108d7c624,60,2,211.24,2.0,2.0,2.0,16.225,3.0,105.62,0,1,0.0,1,test
f64ec6d8dd29940264cd0bbb5ecade8a,130,4,359.0,4.0,4.0,4.0,17.75,4.0,89.75,45,4,15.0,1,test
f7471d502dd946e0a2cb6020bf076808,0,2,315.40999999999997,3.0,3.0,3.0,22.055,4.0,157.70499999999998,84,2,84.0,1,test
f79c969a1665f477201e86ae6e036c30,299,2,290.0,2.0,2.0,2.0,18.505000000000003,1.0,145.0,0,1,0.0,1,test
f7ac7452ae241a5a36aaf9542c2428d5,248,2,659.2,3.0,3.0,3.0,66.75,10.0,329.6,0,1,0.0,1,test
f7b62c75467e8ce080b201667cbbc274,540,2,168.05,3.0,2.0,2.0,34.45,3.0,84.025,0,2,0.0,1,test
f7b981e8a280e455ac3cbe0d5d171bd1,450,2,39.24,2.0,2.0,2.0,8.72,1.0,19.62,12,2,12.0,1,test
f7be9bec658c62ab6240b44cd26c0b84,450,2,38.24,2.0,2.0,2.0,8.72,1.0,19.12,0,1,0.0,1,test
f7d2fc6f0a2778f53d2a6bfc27bd0e8c,163,2,370.19000000000005,2.0,2.0,2.0,22.195,1.5,185.09500000000003,155,2,155.0,1,test
f7d319c00224031393f1ba82343db3d6,124,2,115.36,2.0,2.0,2.0,7.78,1.0,57.68,19,2,19.0,1,test
f7f7c86a6751896d012ebbe10e3fc6f3,122,2,99.75,2.0,2.0,2.0,13.475,1.0,49.875,15,2,15.0,1,test
f801278dc42ce9d4773cb91ad0e21ab8,434,2,129.79000000000002,2.0,2.0,2.0,21.495,4.5,64.89500000000001,0,1,0.0,1,test
f804ed90360900357b6db9d7635d275d,315,2,630.37,2.0,2.0,2.0,15.285,10.0,315.185,19,2,19.0,1,test
f8308de7370e6293120c537a031f4cff,160,2,225.63,2.0,2.0,2.0,17.915,1.0,112.815,14,2,14.0,1,test
f87108f2ff59f6cbc898ca230483c0ab,136,2,120.43,2.0,2.0,2.0,12.27,1.5,60.215,121,2,121.0,1,test
f8777c0c5c96632fe9ded01856cb8c82,169,2,435.56000000000006,2.0,2.0,2.0,51.665,1.0,217.78000000000003,0,1,0.0,1,test
f8bffe1586fdae62dd3646353a25f958,30,2,294.46,2.0,2.0,2.0,8.895,2.5,147.23,96,2,96.0,1,test
f92fd2c87375f957ece022972b16849b,116,2,222.8,2.0,2.0,2.0,17.905,6.0,111.4,114,2,114.0,1,test
f93ea08ded32a5b926f9dd98c1dbd61d,308,2,934.6600000000001,4.0,3.0,2.0,32.43,10.0,467.33000000000004,0,1,0.0,1,test
f944ee56d8467517955c2ddc7b0d486a,150,2,307.7,2.0,2.0,2.0,20.25,1.5,153.85,107,2,107.0,1,test
f95de29d9e810e69f55626ff1bbd4d60,84,2,126.25999999999999,2.0,2.0,2.0,14.129999999999999,1.0,63.129999999999995,16,2,16.0,1,test
f99fa0c7b369bde9c53edc9e6f6c4a58,127,2,104.74,2.0,2.0,2.0,11.375,1.0,52.37,0,1,0.0,1,test
f9ae226291893fda10af7965268fb7f6,385,2,521.0699999999999,3.0,2.0,2.0,30.685000000000002,2.0,260.53499999999997,1,2,1.0,1,test
fa0cf5b25732a933725b83d2f716000a,199,2,113.49000000000001,2.0,2.0,2.0,9.755,5.5,56.745000000000005,0,1,0.0,1,test
fa0ee7ceb94193fb02aa78ce3a55695a,44,2,267.6,2.0,2.0,2.0,19.85,4.0,133.8,44,2,44.0,1,test
fafbc4ecb15933633821dfd530c9263b,314,2,364.21000000000004,2.0,2.0,2.0,17.155,10.0,182.10500000000002,0,1,0.0,1,test
fb4accbcbcd54672a8a8b195d9ff0ec8,227,2,173.62,2.0,2.0,2.0,34.17,1.5,86.81,22,2,22.0,1,test
fb567adf300e73b60281b72af7702687,29,2,168.22,2.0,2.0,2.0,14.120000000000001,1.0,84.11,0,1,0.0,1,test
fb5e89c121d9569d1a58e0afb54da971,200,2,142.46,2.0,2.0,2.0,14.24,6.5,71.23,0,1,0.0,1,test
fb82affcdf98ee48d9d36c7feb802417,36,2,294.72,3.0,2.0,2.0,44.96,10.0,147.36,0,1,0.0,1,test
fbacf55907cfeeab0f1cb05ac31c429e,63,2,282.06,2.0,2.0,2.0,16.130000000000003,2.0,141.03,0,1,0.0,1,test
fbdd85f919749a8e7a1290c6452024e3,284,2,160.34,3.0,3.0,2.0,11.67,3.0,80.17,15,2,15.0,1,test
fc1c735fd279ad7321e7b40a4f9d361f,54,2,143.57999999999998,2.0,2.0,2.0,16.89,4.0,71.78999999999999,0,1,0.0,1,test
fc685f5d020dbc22ef7dae7822f336dc,204,2,145.75,2.0,2.0,2.0,16.925,1.5,72.875,2,2,2.0,1,test
fc719c11b4dce594f47e1f9aa739a3a2,95,3,273.1,5.0,5.0,4.0,17.37,7.666666666666667,91.03333333333335,40,3,20.0,1,test
fcceb56470bf0b4d59caa87e111ca69e,4,2,150.57999999999998,3.0,2.0,2.0,14.94,1.0,75.28999999999999,41,2,41.0,1,test
fccfbf734a92029859c4fe58eff05114,367,2,333.17,2.0,2.0,2.0,17.595,5.5,166.585,57,2,57.0,1,test
fd03997c82649affc061d275ddf1f3d9,73,2,1447.02,2.0,2.0,2.0,100.515,10.0,723.51,0,1,0.0,1,test
fd09c64a101e3eff4adbca1b28552514,105,2,88.72,2.0,2.0,2.0,12.61,3.0,44.36,121,2,121.0,1,test
fd47af963b760f05fbc357474509905e,179,2,142.28,2.0,2.0,2.0,14.15,2.5,71.14,19,2,19.0,1,test
fd8ccc89be43894d2553494c71a61fd8,18,2,125.57,3.0,2.0,2.0,21.064999999999998,1.0,62.785,1,2,1.0,0,test
fda3a3eb3370c1295a4fc3f6cd3d7604,208,2,113.74000000000001,2.0,2.0,2.0,15.379999999999999,1.0,56.870000000000005,0,1,0.0,1,test
fdb1f3e0dd15b657acc64314ce89688f,228,2,184.32999999999998,3.0,2.0,2.0,22.175,3.0,92.16499999999999,21,2,21.0,1,test
fdb2f8a871f180fefdf3ba06bf7ab179,298,2,322.43,2.0,2.0,2.0,16.27,8.0,161.215,0,1,0.0,1,test
fdb47f6659321662dce6524a8c629d0b,115,2,407.56,2.0,2.0,2.0,13.46,4.0,203.78,0,1,0.0,1,test
fe59d5878cd80080edbd29b5a0a4e1cf,221,3,185.09,3.0,3.0,3.0,19.103333333333335,2.0,61.696666666666665,75,3,37.5,1,test
fe613188d4d20ea3e3dc1290549c3ad1,131,2,196.2,2.0,2.0,2.0,14.155000000000001,3.0,98.1,0,1,0.0,1,test
fe81bb32c243a86b2f86fbf053fe6140,36,3,206.44,3.0,3.0,3.0,7.78,1.0,68.81333333333333,124,3,62.0,0,test
fed2005ccab4fcf1a40ebdaff032a148,287,2,101.1,3.0,3.0,2.0,20.240000000000002,1.0,50.55,0,1,0.0,1,test
fed519569d16e690df6f89cb99d4e682,13,2,286.14,2.0,2.0,2.0,18.12,10.0,143.07,88,2,88.0,1,test
ff44401d0d8f5b9c54a47374eb48c1b8,316,2,68.0,2.0,2.0,2.0,14.1,1.0,34.0,0,1,0.0,1,test
ff8892f7c26aa0446da53d01b18df463,125,2,330.14,2.0,2.0,2.0,26.095,8.0,165.07,186,2,186.0,1,test
ff922bdd6bafcdf99cb90d7f39cea5b3,198,3,139.6,3.0,3.0,3.0,14.936666666666667,2.0,46.53333333333333,204,3,102.0,1,test
ffe254cc039740e17dd15a5305035928,363,2,80.12,2.0,2.0,2.0,14.52,2.0,40.06,0,1,0.0,1,test
