customer_unique_id,order_purchase_timestamp,Recency,PreviousOrderCount,HistoricalSpending,TotalItems,TotalProducts,TotalSellers,AverageOrderValue,AverageFreightValue,AverageInstallments,NextOrderSpending,split
004288347e5e88a27ded2bb23747066c,2018-01-14 07:36:54,170.72489583333333,1,251.09,1.0,1.0,1.0,251.09,21.1,2.0,103.28,test
00a39521eb40f7012db50455bf083460,2018-06-03 10:12:57,10.582361111111112,1,96.47,1.0,1.0,1.0,96.47,26.569999999999997,1.0,26.78,test
00cc12a6d8b578b8ebd21ea4e2ae8b27,2017-03-21 19:25:23,1.1574074074074073e-05,1,44.42,1.0,1.0,1.0,44.42,14.519999999999998,1.0,81.78,train
011575986092c30523ecb71ff10cb473,2018-04-18 21:58:08,60.252303240740744,1,134.58,1.0,1.0,1.0,134.58,15.579999999999998,2.0,80.32,test
011b4adcd54683b480c4d841250a987f,2018-02-15 11:40:57,176.9510185185185,1,86.42000000000002,1.0,1.0,1.0,86.42000000000002,16.93,8.0,149.88,test
012452d40dafae4df401bced74cdb490,2018-05-14 12:12:45,329.5597569444444,1,155.26,1.0,1.0,1.0,155.26,57.36000000000001,5.0,340.07,test
012a218df8995d3ec3bb221828360c86,2018-06-18 13:08:38,42.111354166666665,1,74.41000000000008,1.0,1.0,1.0,74.41000000000008,14.510000000000005,1.0,1435.97,test
013ef03e0f3f408dd9bf555e4edcdc0a,2018-07-20 04:13:54,28.977581018518517,1,176.3,1.0,1.0,1.0,176.3,9.860000000000001,3.0,69.07,test
013f4353d26bb05dc6652f1269458d8d,2017-11-28 13:30:58,3.9983564814814816,1,192.35,1.0,1.0,1.0,192.35,43.45000000000001,3.0,164.04,train
015557c9912277312b9073947804a7ba,2017-05-01 14:48:33,38.66859953703704,1,242.22,1.0,1.0,1.0,242.22,12.219999999999999,1.0,72.9,train
0178b244a5c281fb2ade54038dd4b161,2018-07-28 13:13:00,443.71447916666665,1,102.02999999999997,1.0,1.0,1.0,102.02999999999997,12.130000000000003,9.0,157.86,test
01886ef98f995e4f2dd75a1d04c97397,2018-03-09 19:19:24,101.93854166666667,1,39.36,1.0,1.0,1.0,39.36,14.099999999999998,1.0,35.95,test
01a22e2079ea71e17313b88e5811e54a,2018-01-22 23:27:48,0.029155092592592594,1,56.78,1.0,1.0,1.0,56.78,7.779999999999999,1.0,108.56,test
01c289bb06354cdc7e6549570f20ada4,2017-12-26 21:14:43,206.0857523148148,1,74.13999999999999,1.0,1.0,1.0,74.13999999999999,34.150000000000006,3.0,168.36,train
01f2285f85a1c603eb7ef755ad311769,2018-05-31 14:51:03,397.00741898148146,1,191.39999999999998,1.0,1.0,1.0,191.39999999999998,15.399999999999999,3.0,271.64,test
02168ea18740a0fdaaa15f11bebba5db,2017-10-09 22:05:59,50.04700231481481,1,132.02,2.0,1.0,1.0,132.02,32.22,1.0,132.02,train
0241fa2e9adf0576cb0f845377d05c03,2018-07-24 21:24:13,34.022523148148146,1,154.62,2.0,2.0,1.0,154.62,44.629999999999995,10.0,44.41,test
027803eb28cc01fbdf5da72b109fabee,2017-10-17 11:28:18,0.00015046296296296297,1,56.60000000000001,1.0,1.0,1.0,56.60000000000001,16.599999999999998,3.0,44.83,train
029b457bd01199c39136f89e0eddcd3a,2018-01-04 19:21:49,235.78582175925925,1,132.49,1.0,1.0,1.0,132.49,34.49000000000001,1.0,215.06,test
02b20b7c813efede140142ac610e36dc,2018-03-19 20:50:39,0.0,1,101.74,1.0,1.0,1.0,101.74,13.739999999999998,2.0,92.83,test
02e4c56fefa30628768ffe326d332e2f,2018-01-11 12:07:15,287.70663194444444,1,56.03999999999999,1.0,1.0,1.0,56.03999999999999,16.050000000000004,5.0,40.59,test
02e9109b7e0a985108b43e573b6afb23,2018-05-13 23:53:10,171.31527777777777,1,368.6,1.0,1.0,1.0,368.6,18.699999999999996,1.0,182.34,test
02e9109b7e0a985108b43e573b6afb23,2018-05-14 11:04:55,0.46649305555555554,2,550.94,4.0,2.0,2.0,275.47,28.535,1.0,51.79,test
02e9827c15167f699df7bf90d326ffdb,2018-04-07 18:22:27,34.1946412037037,1,34.72,1.0,1.0,1.0,34.72,11.730000000000002,1.0,34.14,test
02fbe4db886eb98774c8ba300d39fa79,2018-02-17 12:23:22,1.1574074074074073e-05,1,98.33,1.0,1.0,1.0,98.33,15.330000000000002,1.0,94.3,test
031e19fc630c4121f1238716f41675c3,2018-07-04 01:20:01,0.0,1,17.97,1.0,1.0,1.0,17.97,7.87,1.0,17.97,test
031ea691b99fc101dcad357d1a83573f,2017-07-10 22:28:33,55.365069444444444,1,47.27000000000001,1.0,1.0,1.0,47.27000000000001,8.27,2.0,25.77,train
032b3a42598667caf2e099999b9dc1b9,2018-07-24 21:17:34,1.2544675925925926,1,173.26,2.0,1.0,1.0,173.26,45.459999999999994,1.0,322.7,test
0333b2fc6ba7014702e08ef613850270,2017-11-06 04:41:37,73.30190972222222,1,31.0,1.0,1.0,1.0,31.0,14.099999999999998,2.0,62.0,train
0341bbd5c969923a0f801b9e2d10a7b8,2018-05-30 13:00:03,1.9455671296296295,1,924.1199999999999,3.0,1.0,1.0,924.1199999999999,84.12,10.0,1075.56,test
0361e980b28826f4d286ac144d9b319a,2018-07-01 18:03:34,1.0218865740740741,1,98.32999999999998,1.0,1.0,1.0,98.32999999999998,23.330000000000013,4.0,358.59,test
038301b43811478e1a8dc0e476eaf52e,2018-04-12 20:58:52,150.46496527777776,1,309.28999999999996,1.0,1.0,1.0,309.28999999999996,10.290000000000003,1.0,336.24,test
0396c443fdda5498c7e9ed5b34871c5a,2017-05-05 08:44:58,1.1574074074074073e-05,1,53.42,1.0,1.0,1.0,53.42,14.520000000000003,1.0,67.42,train
03d4953a455f8489e712ea80699de878,2018-07-21 15:45:49,309.8590740740741,1,39.32000000000001,1.0,1.0,1.0,39.32000000000001,9.34,2.0,33.33,test
03dabd77cb0ed7a26fafe19e36b67742,2017-05-15 10:14:17,33.66275462962963,1,54.82999999999999,1.0,1.0,1.0,54.82999999999999,24.84,1.0,44.62,train
03ef7f03905227e15c7b6c860554b3cb,2018-07-18 13:07:19,77.75461805555555,1,85.45000000000002,1.0,1.0,1.0,85.45000000000002,16.450000000000003,1.0,153.1,test
041caba6a63ace5818387698ea85cdb2,2017-11-17 08:47:41,246.4565625,1,29.949999999999996,1.0,1.0,1.0,29.949999999999996,10.96,1.0,51.73,train
041caba6a63ace5818387698ea85cdb2,2018-05-24 13:50:33,188.21032407407407,2,81.67999999999998,2.0,2.0,2.0,40.83999999999999,11.344999999999999,1.0,71.78,test
043aee247e71edff7045664609f4d806,2017-07-17 19:00:49,117.27200231481481,1,291.84,2.0,1.0,1.0,291.84,32.04,4.0,113.57,train
0451ef5a31cea3e14ce02d768d7c9943,2017-06-18 20:00:47,65.07719907407407,1,218.27999999999997,1.0,1.0,1.0,218.27999999999997,23.289999999999996,6.0,169.11,train
0488328f0b499963e32a37fa42a20ca0,2017-09-07 12:38:15,6.25005787037037,1,202.65999999999997,1.0,1.0,1.0,202.65999999999997,13.659999999999997,10.0,181.51,train
048dbdf8f9bbd1be87b25868d1408311,2017-11-06 07:59:11,19.705729166666668,1,116.94,1.0,1.0,1.0,116.94,17.939999999999998,1.0,62.01,train
04be500031efe43d2defff8c41810543,2018-02-01 08:35:49,25.24630787037037,1,166.52000000000004,1.0,1.0,1.0,166.52000000000004,27.520000000000003,3.0,89.27,test
04d3c2795b83634312bf3f86f41f7901,2017-08-08 20:46:53,60.131030092592596,1,519.74,1.0,1.0,1.0,519.74,20.74,3.0,76.65,train
04e495a3f45df8b41be2e934bbc16961,2018-01-23 20:45:59,258.99791666666664,1,132.26,1.0,1.0,1.0,132.26,21.270000000000003,3.0,67.5,test
04fc637963fe982dd25ac58e4f4770c1,2018-03-25 21:20:12,0.0017476851851851852,1,58.32000000000001,1.0,1.0,1.0,58.32000000000001,19.32,1.0,69.27,test
050555c26479bbb8ba0740c37e7454d0,2018-04-07 12:07:04,0.0,1,49.44,1.0,1.0,1.0,49.44,9.44,1.0,49.44,test
0509ab034845adb0b4c91b6f0e7b7260,2018-05-04 18:44:15,2.353622685185185,1,169.73,1.0,1.0,1.0,169.73,11.73,1.0,169.73,test
053b7090271ed4dacbfe0afd6382bbab,2017-09-28 23:13:40,59.03893518518519,1,89.32,4.0,1.0,1.0,89.32,37.36,4.0,26.17,train
053f7850c3ffd9726cff61c7e42af797,2017-06-29 21:22:47,1.1574074074074073e-05,1,31.27,1.0,1.0,1.0,31.27,9.27,1.0,30.27,train
05669445931c028d97b7c0637b5a2359,2017-10-07 17:03:03,41.75725694444444,1,105.39,1.0,1.0,1.0,105.39,15.39,2.0,105.39,train
059d1f5650f05d9fed9a6d941593f9b4,2018-03-18 17:01:00,74.08512731481481,1,46.58,1.0,1.0,1.0,46.58,16.6,4.0,85.36,test
059e7585d8fcd2430a33375bdbcbb990,2018-08-19 12:03:34,0.005300925925925926,1,452.59000000000003,1.0,1.0,1.0,452.59000000000003,50.89,8.0,45.88,test
05e52c1f96f8b83dd66dcdce679ff58d,2017-07-24 11:52:30,71.50494212962963,1,74.88,1.0,1.0,1.0,74.88,19.879999999999995,7.0,164.28,train
05edb10f73fe7d03959ff26540913b3a,2018-01-03 10:51:21,147.6744212962963,1,192.49,1.0,1.0,1.0,192.49,16.989999999999995,4.0,39.0,test
05ef855308303397f1427f29470bb6ab,2018-03-19 09:46:20,45.44273148148148,1,60.370000000000005,1.0,1.0,1.0,60.370000000000005,25.38,5.0,27.13,test
060f9ea0a180843fb91d4923b6d01bea,2018-03-10 15:40:45,0.016481481481481482,1,375.40999999999997,1.0,1.0,1.0,375.40999999999997,28.509999999999998,8.0,253.22,test
0621c2a5979d3e887ae519620cbe2926,2017-08-10 09:47:46,61.73247685185185,1,304.20000000000005,2.0,2.0,1.0,304.20000000000005,32.4,1.0,210.29,train
065938485846aa5adc196cb536de42e0,2018-02-23 13:47:17,261.8946296296296,1,272.63,1.0,1.0,1.0,272.63,31.530000000000005,10.0,169.56,test
065dcef61d5f66b30d2ee51b5343d023,2017-11-30 21:30:36,230.95171296296297,1,85.59999999999998,1.0,1.0,1.0,85.59999999999998,15.699999999999998,6.0,102.92,train
0697142614905a50813d854fa08b8eaf,2018-07-23 15:53:16,41.3984837962963,1,46.529999999999994,1.0,1.0,1.0,46.529999999999994,7.529999999999999,1.0,56.6,test
06a52782a04f0086d16b9c22d0e29438,2017-05-06 20:11:10,0.0,1,51.11,1.0,1.0,1.0,51.11,16.11,1.0,51.11,train
06a52782a04f0086d16b9c22d0e29438,2017-05-06 20:11:11,1.1574074074074073e-05,2,102.21999999999998,2.0,2.0,2.0,51.10999999999999,16.11,1.0,51.11,train
06d26e5230ac619719997a8cf435a69b,2018-04-05 21:18:26,1.5044560185185185,1,35.440000000000005,1.0,1.0,1.0,35.440000000000005,9.439999999999998,1.0,33.37,test
070acf4df1234a6257809e4e79644481,2018-07-18 07:41:58,264.7076736111111,1,690.44,1.0,1.0,1.0,690.44,20.450000000000003,8.0,320.58,test
0710e0c85fe7cb494d624e0863782e46,2018-03-21 15:06:40,0.0,1,189.68,1.0,1.0,1.0,189.68,22.88,1.0,49.56,test
071bb277b0146da77fac31e70657815e,2018-04-15 20:22:16,281.25703703703704,1,99.32999999999998,1.0,1.0,1.0,99.32999999999998,14.34,4.0,31.31,test
071fb07419a29c8ba143831082e0320a,2018-01-10 08:27:45,299.9788310185185,1,413.31,1.0,1.0,1.0,413.31,13.409999999999998,10.0,61.8,test
07342638d0e0aad32c3cf0efc1a37ba5,2017-09-27 08:28:04,39.74283564814815,1,387.32,2.0,1.0,1.0,387.32,35.339999999999996,1.0,232.06,train
0751ebe1c05ef7a632934adae06c6d4a,2017-07-23 17:53:01,51.30571759259259,1,92.1,1.0,1.0,1.0,92.1,17.1,1.0,96.69,train
075c38f7a650b0dc822712c7a58e93d4,2017-10-19 21:07:40,2.3148148148148147e-05,1,61.010000000000005,1.0,1.0,1.0,61.010000000000005,15.11,6.0,65.01,train
076b7055bea51da430d6a6fa054e5075,2017-06-09 19:13:10,2.3148148148148147e-05,1,60.59000000000001,1.0,1.0,1.0,60.59000000000001,12.69,1.0,53.37,train
078f7e669cebf2fb640d0ad0dabb3068,2018-05-09 04:46:01,76.31315972222222,1,33.71999999999999,1.0,1.0,1.0,33.71999999999999,8.720000000000002,3.0,37.85,test
07abcea6f64399366559afee336a7fd2,2018-03-05 21:47:34,1.1574074074074073e-05,1,134.83,1.0,1.0,1.0,134.83,14.93,3.0,63.66,test
07b1b60bca2b6326fa2adb259ea4a55f,2018-03-30 15:47:09,3.727800925925926,1,89.06000000000002,2.0,2.0,1.0,89.06000000000002,30.459999999999997,2.0,81.24,test
07b1b60bca2b6326fa2adb259ea4a55f,2018-05-09 17:16:21,40.06194444444444,2,170.3,3.0,3.0,2.0,85.15,22.9,1.5,81.24,test
07b28cf1d8515d08ccca505e273fffaf,2017-03-24 13:56:45,1.1574074074074073e-05,1,504.56,1.0,1.0,1.0,504.56,21.660000000000004,10.0,132.45,train
07bd3d18ecba2420a8934b34a26f157a,2018-04-19 23:25:38,2.203634259259259,1,104.86,1.0,1.0,1.0,104.86,17.19,2.0,97.95,test
07df27b714016cb827c99ec2ecd5ebfb,2018-06-03 19:44:12,0.0,1,128.19,1.0,1.0,1.0,128.19,9.189999999999998,6.0,45.22,test
07f61caa1c9e850c14e94854cec87545,2017-08-05 14:52:24,1.1574074074074073e-05,1,33.239999999999995,1.0,1.0,1.0,33.239999999999995,9.34,2.0,66.17,train
07f765655f560c8624267665ce23675a,2018-04-17 14:27:45,191.9779861111111,1,212.15999999999997,2.0,1.0,1.0,212.15999999999997,42.16,5.0,318.61,test
07ff81a9676efa0286ddd3f09e7c0063,2018-06-11 17:56:07,115.08299768518519,1,236.04,6.0,1.0,1.0,236.04,75.6,1.0,248.28,test
0802a1a217680f13264a70ddb7220823,2017-02-17 10:48:38,10.099652777777777,1,96.35,1.0,1.0,1.0,96.35,17.85,1.0,96.35,train
0807baeeeaa1309effbd9a9dee41ab17,2018-05-08 00:06:19,40.42420138888889,1,131.64,3.0,1.0,1.0,131.64,26.64,5.0,252.8,test
083ca1aa470c280236380973a48f77c6,2017-08-05 08:25:09,8.179583333333333,1,41.05,1.0,1.0,1.0,41.05,21.149999999999995,4.0,78.19,train
083ca1aa470c280236380973a48f77c6,2017-08-16 05:43:05,10.887453703703704,2,119.24,2.0,2.0,2.0,59.62,21.175,5.5,95.73,train
083ce299ea3fc1eba79bd0b17f64555b,2018-08-23 14:56:46,212.85179398148148,1,46.78,1.0,1.0,1.0,46.78,7.780000000000001,2.0,67.17,test
084be429c23e342acf5084ac6156d22e,2018-07-22 15:53:46,88.83641203703704,1,86.04999999999998,1.0,1.0,1.0,86.04999999999998,16.15,3.0,91.78,test
0895c61a77b305efdfad13596c749c60,2018-04-11 11:59:18,130.89180555555555,1,161.26,1.0,1.0,1.0,161.26,9.259999999999998,8.0,762.14,test
089bc915af34d9041b3a88a1aa84292b,2018-01-14 20:44:16,60.41758101851852,1,71.78999999999999,1.0,1.0,1.0,71.78999999999999,17.630000000000003,2.0,51.68,test
08a374bca4063116d5530a7b04ecaf3f,2018-08-13 12:31:56,0.012685185185185185,1,147.98,6.0,2.0,2.0,147.98,21.0,10.0,194.79,test
08b57f87bc889756ca453bf8106d48ce,2018-06-23 12:14:52,48.76505787037037,1,50.67999999999999,1.0,1.0,1.0,50.67999999999999,8.880000000000003,1.0,67.58,test
08c07c761592a71b85136aa4fe76a6f4,2018-01-26 22:03:52,168.40354166666665,1,107.07,1.0,1.0,1.0,107.07,17.07,3.0,107.07,test
08c07c761592a71b85136aa4fe76a6f4,2018-04-06 15:28:48,69.72564814814815,2,214.14,2.0,2.0,2.0,107.07,17.07,2.5,190.89,test
08d8ad84b0088cbeae77da4ff3817479,2018-05-17 09:18:52,31.37554398148148,1,209.11,1.0,1.0,1.0,209.11,19.21,5.0,50.7,test
08e5b38d7948d37fbb2a59fc5e175ab1,2018-05-06 02:58:50,64.025625,1,354.9,1.0,1.0,1.0,354.9,35.0,1.0,251.29,test
08e5b38d7948d37fbb2a59fc5e175ab1,2018-05-06 14:10:05,0.4661458333333333,2,606.1899999999999,2.0,2.0,2.0,303.09499999999997,48.19499999999999,3.0,229.75,test
08e5b38d7948d37fbb2a59fc5e175ab1,2018-05-10 03:38:27,3.5613657407407406,3,835.9399999999999,3.0,3.0,3.0,278.64666666666665,49.379999999999995,2.3333333333333335,220.39,test
08f7cf00ed9ff3e0a08fc136ec272974,2017-09-01 22:26:18,0.0,1,215.84000000000003,1.0,1.0,1.0,215.84000000000003,20.85,1.0,140.0,train
0942eedfe0e865b2a80419a14672286f,2018-01-21 22:51:21,347.62747685185184,1,181.98,1.0,1.0,1.0,181.98,32.08,1.0,62.25,test
096e351116755fe4c3c1e48eaf301a41,2017-05-16 10:49:27,1.1574074074074073e-05,1,115.46000000000001,1.0,1.0,1.0,115.46000000000001,9.56,1.0,102.03,train
0981a271500799427cdf345e9121e20b,2017-04-17 10:05:11,13.838854166666666,1,81.14,1.0,1.0,1.0,81.14,16.15,8.0,81.14,train
09831ff6ab667f42521bcd4c22dc755c,2018-03-25 11:26:29,8.014479166666666,1,209.14,2.0,1.0,1.0,209.14,30.94,2.0,108.69,test
0994750c9c22a140010ed86aad2d044b,2018-02-26 13:23:24,21.84068287037037,1,102.68000000000002,1.0,1.0,1.0,102.68000000000002,16.36,5.0,72.73,test
099fad9e8f7dfbd0412c300bcc697e0b,2018-05-16 17:52:39,307.1490509259259,1,240.33,1.0,1.0,1.0,240.33,38.96,10.0,190.46,test
09ab36a420b5c87c5c9772bdb494f2e3,2018-02-24 23:18:14,0.0,1,148.22,1.0,1.0,1.0,148.22,38.31999999999999,8.0,74.34,test
09baec50afccbb414f24bf8e0bc7c020,2018-05-16 01:18:19,163.24737268518518,1,94.67999999999995,2.0,2.0,2.0,94.67999999999995,24.880000000000003,1.0,620.15,test
09bc7afc3e8d8dccaffd0b16944a91fe,2017-08-01 11:12:08,174.76714120370372,1,111.98000000000002,1.0,1.0,1.0,111.98000000000002,12.079999999999998,1.0,497.89,train
09cd73b13f103e47ce13675b4a4b36f3,2018-05-10 15:00:58,0.010868055555555556,1,150.16000000000003,2.0,1.0,1.0,150.16000000000003,44.16,1.0,75.08,test
09d74edf20acb4f9523fb1cf19a18456,2018-03-05 14:54:33,109.08414351851852,1,178.59,1.0,1.0,1.0,178.59,18.69,1.0,133.9,test
09d7c538023c2c4fb0553c831c12f084,2017-05-22 19:49:13,1.1574074074074073e-05,1,252.35000000000002,1.0,1.0,1.0,252.35000000000002,18.349999999999994,15.0,593.77,train
0a1f83858e65e141609fca9ea70a495a,2018-07-18 11:38:09,0.0,1,62.56,1.0,1.0,1.0,62.56,22.560000000000002,3.0,114.0,test
0a5df23b922b9998bb7378f1ac03c98a,2017-09-29 09:48:18,0.011122685185185185,1,38.099999999999994,1.0,1.0,1.0,38.099999999999994,8.110000000000001,1.0,155.73,train
0a609db8d244100909a15d65eadf8539,2017-10-18 15:53:45,71.83269675925926,1,71.13,1.0,1.0,1.0,71.13,16.14,4.0,54.1,train
0a609db8d244100909a15d65eadf8539,2017-10-18 15:53:47,2.3148148148148147e-05,2,125.22999999999996,2.0,2.0,2.0,62.61499999999998,16.125,4.0,375.93,train
0a61b571f594b6919601bcf3380da7f7,2017-08-11 17:35:49,2.3148148148148147e-05,1,80.88999999999999,1.0,1.0,1.0,80.88999999999999,16.89,6.0,266.84,train
0a61b571f594b6919601bcf3380da7f7,2018-01-12 18:17:00,154.02859953703702,2,347.73,2.0,2.0,2.0,173.865,33.47,6.0,170.29,test
0aa1ab39ff2b837c05d7c9ff85b6d983,2018-03-11 10:15:39,64.9800925925926,1,101.35,1.0,1.0,1.0,101.35,16.35,5.0,109.85,test
0aadc1d26d1c8b88a52c39a533ccea93,2017-11-28 10:27:09,230.98216435185185,1,461.01999999999987,2.0,1.0,1.0,461.01999999999987,43.02000000000001,10.0,757.68,train
0abee71cd257861a0944e2a81cea4a50,2017-11-26 09:30:30,258.99474537037037,1,23.420000000000016,1.0,1.0,1.0,23.420000000000016,14.519999999999996,1.0,400.44,train
0ac10a57d07e3d38b11f66283c44672b,2017-06-02 10:53:33,1.1574074074074073e-05,1,64.0,1.0,1.0,1.0,64.0,14.1,2.0,145.66,train
0ac4a9460c1baf3051ffec5c9021a499,2018-05-30 07:58:30,21.547893518518517,1,81.63999999999999,1.0,1.0,1.0,81.63999999999999,15.34,1.0,133.3,test
0ad1d79346c3b98b517348ecbbadfbc6,2018-06-21 14:48:47,50.974953703703704,1,119.12,1.0,1.0,1.0,119.12,9.12,1.0,38.41,test
0ad7cb4f48f2a2cf5080e3c19c7cf98c,2018-05-25 16:55:13,201.12887731481482,1,59.849999999999994,1.0,1.0,1.0,59.849999999999994,11.85,5.0,68.37,test
0b18593e033697810a62a987e77f4b8c,2017-06-14 06:49:48,11.896574074074074,1,54.49000000000001,1.0,1.0,1.0,54.49000000000001,19.590000000000003,1.0,73.34,train
0b18593e033697810a62a987e77f4b8c,2018-03-13 08:07:13,272.0537615740741,2,127.83000000000001,2.0,2.0,2.0,63.915000000000006,16.515,1.0,63.13,test
0b3dc7efaafb0cf78a4796d42fa8d74c,2017-07-28 09:34:29,296.78143518518516,1,263.92999999999995,1.0,1.0,1.0,263.92999999999995,14.029999999999998,2.0,356.13,train
0b402d6dd50694a118c642448e2cb086,2017-11-26 20:40:58,216.17630787037038,1,173.25,1.0,1.0,1.0,173.25,33.26,2.0,57.59,train
0b51518c7deffd54b13b007c9f91c3f0,2018-07-03 14:40:57,59.6583912037037,1,112.03000000000003,1.0,1.0,1.0,112.03000000000003,14.050000000000002,2.0,173.3,test
0b6d4f036c07e10854affe43fc4e718c,2018-03-22 15:57:22,0.02172453703703704,1,193.54,1.0,1.0,1.0,193.54,23.549999999999997,3.0,33.57,test
0b8ed32525608a907c7331b613b5b67e,2017-11-30 09:01:59,0.0,1,85.25,1.0,1.0,1.0,85.25,16.25,1.0,14.62,train
0bc9c245cd69735af23eefdd89d74e7e,2017-09-13 16:59:00,69.0034375,1,86.64000000000001,1.0,1.0,1.0,86.64000000000001,16.74,5.0,124.16,train
0bdb6ad22574bad5202df1e92a9aa403,2018-02-15 20:24:30,0.017037037037037038,1,87.01,1.0,1.0,1.0,87.01,12.019999999999998,2.0,81.98,test
0be7af6c16fbca7eff244788f89146a3,2018-03-26 10:14:31,0.0,1,163.79000000000002,1.0,1.0,1.0,163.79000000000002,18.89,6.0,145.45,test
0bf1278577a2acf8532a031d98cd517c,2017-12-14 11:10:57,66.6006712962963,1,207.94000000000003,1.0,1.0,1.0,207.94000000000003,18.889999999999997,4.0,76.66,train
0c10e674d1504f959a7f2e504148c296,2018-04-25 14:29:47,180.39871527777777,1,109.01000000000002,1.0,1.0,1.0,109.01000000000002,13.009999999999998,1.0,35.59,test
0c1201c04330536234aaa49b396745d4,2018-08-05 07:57:13,192.37733796296297,1,255.7,1.0,1.0,1.0,255.7,58.900000000000006,3.0,169.74,test
0c32aa09e8eced3ea26c2a013b7b75e9,2018-06-14 21:18:25,197.31778935185184,1,75.80000000000001,2.0,1.0,1.0,75.80000000000001,28.2,1.0,180.3,test
0c4c416f1f9844e6805b074f8f96f52c,2017-08-12 23:18:04,14.540949074074074,1,87.24,1.0,1.0,1.0,87.24,15.25,4.0,87.24,train
0c8286526be3a0fc8f50b7267db95035,2018-03-30 00:06:55,335.996400462963,1,176.23,1.0,1.0,1.0,176.23,16.33,3.0,169.29,test
0c8ac932c65f67489929f9164a86606d,2017-10-19 13:31:09,45.677071759259256,1,221.78999999999996,1.0,1.0,1.0,221.78999999999996,21.89,3.0,84.75,train
0c9abfaffa0ae7587cebfdf0d680e3b7,2018-02-06 23:56:13,144.6572337962963,1,40.1,1.0,1.0,1.0,40.1,15.1,1.0,40.1,test
0cbcf91ef2dd6dfcce9ee63c8772dc97,2017-08-15 07:55:36,0.0,1,57.80000000000001,1.0,1.0,1.0,57.80000000000001,11.85,2.0,138.38,train
0cc2ee1112a11a1094eff52fa2e87150,2017-10-03 11:54:15,141.12099537037037,1,379.19999999999993,1.0,1.0,1.0,379.19999999999993,29.299999999999997,3.0,81.22,train
0cc2ee1112a11a1094eff52fa2e87150,2017-10-03 11:54:16,1.1574074074074073e-05,2,460.42,2.0,2.0,2.0,230.21,25.259999999999998,3.0,379.2,train
0ceb502fc33a2ad327b08288c5310e2e,2018-05-15 10:39:41,25.52315972222222,1,73.97,1.0,1.0,1.0,73.97,24.0,1.0,80.37,test
0cf46588cd3f5a23002166b5a1945820,2017-10-19 15:05:10,34.56446759259259,1,136.5,1.0,1.0,1.0,136.5,16.6,10.0,136.5,train
0cfd915db480acd7d9a954409cabfb1c,2017-08-23 09:27:23,8.632476851851852,1,86.15,1.0,1.0,1.0,86.15,16.25,8.0,32.0,train
0d153268371aa25450d4117ff070277e,2018-06-29 11:50:43,49.748263888888886,1,206.87,1.0,1.0,1.0,206.87,37.870000000000005,5.0,594.38,test
0d4644eff058d75937ca1eec574bf87d,2017-11-30 22:20:59,68.26122685185184,1,107.78,1.0,1.0,1.0,107.78,17.88,4.0,122.97,train
0d51e04ae0b1d341e4f49812d1f4fbe2,2018-05-16 09:57:53,209.9273263888889,1,102.12,1.0,1.0,1.0,102.12,12.130000000000003,4.0,92.97,test
0d52f8cd8892f109a15803df169113b6,2018-02-11 12:28:51,1.1574074074074073e-05,1,90.17000000000002,1.0,1.0,1.0,90.17000000000002,15.27,1.0,84.13,test
0d57344e9e4e9d16dc699cb417e50cb0,2017-11-21 20:56:07,3.3044675925925926,1,176.15999999999997,2.0,1.0,1.0,176.15999999999997,26.159999999999997,1.0,92.61,train
0d7241c7fb49c1be6e75c9fe99e0822c,2018-04-30 13:40:10,103.97424768518519,1,120.17000000000002,1.0,1.0,1.0,120.17000000000002,21.18,1.0,133.06,test
0d997d092f93b5c58d0f9b4bd0643d16,2017-12-01 20:48:11,5.99550925925926,1,48.620000000000005,1.0,1.0,1.0,48.620000000000005,8.72,4.0,83.62,train
0dc81b520ef7db9cb44bb075e129dcf8,2018-06-18 11:55:25,142.99641203703703,1,308.61,3.0,1.0,1.0,308.61,68.63999999999999,1.0,196.34,test
0dd933d1e0253343083013791bf5d5e9,2017-11-24 12:08:59,164.03972222222222,1,112.95,1.0,1.0,1.0,112.95,22.95,1.0,91.95,train
0ddba04798f1c085d0ca93af0e91f6c1,2018-02-14 16:38:59,1.1574074074074073e-05,1,80.51,1.0,1.0,1.0,80.51,12.609999999999998,2.0,87.55,test
0df55f5accedda71bda8f4c7f590951f,2018-02-14 20:48:53,72.97048611111111,1,461.94,1.0,1.0,1.0,461.94,62.94,9.0,39.5,test
0e06af8004ffd01a3461e768f9f659aa,2017-11-19 16:20:52,75.9258912037037,1,346.39,1.0,1.0,1.0,346.39,47.39,5.0,149.14,train
0e37a80826485260170d428b06df0ab6,2017-09-12 14:29:16,0.21309027777777778,1,218.95,1.0,1.0,1.0,218.95,39.04999999999999,2.0,125.14,train
0e381ce773b382849206115413009851,2018-08-03 13:54:39,11.059953703703703,1,111.92,2.0,1.0,1.0,111.92,36.72,2.0,94.71,test
0e3c753956e35026b965d9ac3590c5af,2017-08-08 12:49:02,1.1574074074074073e-05,1,87.88,1.0,1.0,1.0,87.88,12.529999999999998,8.0,226.24,train
0e4cb268bd62da7db135af6349b4fc2a,2017-11-24 13:15:26,1.1574074074074073e-05,1,41.839999999999996,1.0,1.0,1.0,41.839999999999996,11.85,1.0,32.85,train
0e4cb268bd62da7db135af6349b4fc2a,2017-11-24 20:39:01,0.3080439814814815,2,74.69000000000001,2.0,2.0,2.0,37.345000000000006,11.85,1.0,120.77,train
0e4d012fac3d20c033e0284fb6d2ea6a,2018-08-21 22:44:15,113.12729166666666,1,433.81,4.0,2.0,1.0,433.81,152.20999999999998,1.0,98.67,test
0e730550dfc5d7f1cea73484bb2e0249,2018-03-06 08:37:03,12.330486111111112,1,75.17000000000002,1.0,1.0,1.0,75.17000000000002,16.17,1.0,124.25,test
0e78a1b66adee5bb3a6f014714f79cf4,2018-04-05 15:34:33,0.006898148148148148,1,73.26999999999998,1.0,1.0,1.0,73.26999999999998,16.37,1.0,404.17,test
0e850ed5adc4abe0346435eda5b1a626,2018-04-12 17:36:07,0.0,1,32.53,1.0,1.0,1.0,32.53,18.23,1.0,32.53,test
0ea353565cdde00e1d8352a08290a352,2017-08-25 17:53:24,185.0508912037037,1,243.76,1.0,1.0,1.0,243.76,43.86,1.0,49.0,train
0ecc403ec5d6ce000fd84f00cd5efb0a,2017-11-30 16:09:58,0.0,1,221.67000000000002,1.0,1.0,1.0,221.67000000000002,12.67,1.0,90.76,train
0ecf7f65b5ff3b9e61b637e59f495e0a,2016-10-10 15:50:01,2.3148148148148147e-05,1,129.03,3.0,1.0,1.0,129.03,42.33,10.0,51.79,train
0ee57f62666561b72f2ceacad0230cbf,2018-06-20 14:16:20,114.20165509259259,1,259.84,1.0,1.0,1.0,259.84,9.939999999999998,1.0,126.57,test
0ef7b906320b21fe4d39f99496aaa2d8,2018-08-04 13:46:34,444.155625,1,116.94,1.0,1.0,1.0,116.94,16.949999999999996,2.0,93.28,test
0efd5025e6544ef110881866b945d0cc,2018-08-10 03:17:51,179.34462962962962,1,24.339999999999996,1.0,1.0,1.0,24.339999999999996,9.340000000000002,1.0,62.65,test
0f0b49d45120fcb28bda56e94bc85673,2018-02-07 20:18:59,2.3148148148148147e-05,1,338.77000000000004,1.0,1.0,1.0,338.77000000000004,13.77,15.0,473.95,test
0f0e48a91c9c285404572b095bcb373c,2017-07-20 12:11:33,112.13177083333333,1,79.39000000000001,1.0,1.0,1.0,79.39000000000001,20.4,1.0,125.15,train
0f10d99ee99ca3d0489f2f2169b41ec3,2018-03-01 18:32:58,2.3148148148148147e-05,1,105.06,1.0,1.0,1.0,105.06,17.060000000000002,3.0,102.03,test
0f187f58097c5431d5244e1fe1383884,2018-01-07 21:13:42,120.05790509259259,1,24.730000000000004,1.0,1.0,1.0,24.730000000000004,11.849999999999998,1.0,126.54,test
0f1bd80ed58b9d0f45dca1bb396d8ac9,2018-05-15 10:49:07,146.9667476851852,1,70.15,1.0,1.0,1.0,70.15,15.149999999999999,1.0,22.58,test
0f26a77f8de836d7c44b4694e0fa3ea4,2018-06-13 19:05:30,21.26158564814815,1,18.870000000000005,1.0,1.0,1.0,18.870000000000005,7.869999999999999,1.0,76.74,test
0f38a44168ec569a3f783ebf98d79095,2017-11-22 13:57:00,0.007974537037037037,1,65.1,1.0,1.0,1.0,65.1,15.100000000000001,3.0,54.78,train
0f5ac8d5c31de21d2f25e24be15bbffb,2017-11-27 12:57:35,3.6852199074074075,1,1225.65,15.0,1.0,1.0,1225.65,243.29999999999995,10.0,319.17,train
0f6371fc9c2e78818a6e7aa33022a506,2018-01-27 18:04:38,0.0,1,61.36999999999999,1.0,1.0,1.0,61.36999999999999,13.370000000000001,3.0,90.04,test
0f64cafdb3e1e4806c99ff165305e27f,2018-04-02 15:11:28,53.9868287037037,1,31.77000000000001,1.0,1.0,1.0,31.77000000000001,7.779999999999999,1.0,163.39,test
0f9349a9da479b7e02c4cb4a0c73fb47,2018-02-11 20:24:37,305.1430671296296,1,56.580000000000005,2.0,1.0,1.0,56.580000000000005,21.92,5.0,34.82,test
0fd39b61ec94864f92e18e5d7144bc6c,2018-03-26 13:02:31,139.5336111111111,1,64.10000000000002,1.0,1.0,1.0,64.10000000000002,15.099999999999994,6.0,278.0,test
0fd475edfa0b61c59ecde6f89c21dedb,2017-12-27 11:59:15,133.84581018518517,1,177.44,2.0,1.0,1.0,177.44,57.64,1.0,157.3,train
0ffc908947e1f0c9f17647058b9a58c2,2017-07-02 19:07:13,16.84587962962963,1,243.87,1.0,1.0,1.0,243.87,28.88,1.0,233.81,train
100f480d33281b45b97c07395968e56c,2017-09-24 15:03:46,1.1574074074074073e-05,1,87.64,1.0,1.0,1.0,87.64,17.74,1.0,87.64,train
1015173479527a15ccb63606a74f404e,2017-09-05 12:48:49,0.9148726851851852,1,188.55,1.0,1.0,1.0,188.55,21.660000000000004,8.0,183.3,train
10351fa9e690ca750568e3c19978d69e,2018-06-07 19:45:30,19.988761574074076,1,168.71999999999997,2.0,2.0,1.0,168.71999999999997,30.72,1.0,84.36,test
1041688b50cfd8ef6df6086a1746a30c,2018-08-28 21:56:12,230.4465972222222,1,37.00000000000001,1.0,1.0,1.0,37.00000000000001,15.100000000000001,1.0,27.46,test
10867a902e32dd54061b2cda9c55b0b6,2018-02-26 14:18:54,1.1574074074074073e-05,1,91.86000000000001,1.0,1.0,1.0,91.86000000000001,16.959999999999997,3.0,161.86,test
10a4b9f45f67e6bc9ca4032b9203272c,2018-02-23 14:49:39,1.1574074074074073e-05,1,69.69999999999999,1.0,1.0,1.0,69.69999999999999,11.9,5.0,65.37,test
10b442e762ba8a5ad22de5ba2207e5f1,2018-06-15 08:23:31,73.44194444444445,1,64.58000000000001,2.0,1.0,1.0,64.58000000000001,14.780000000000001,1.0,64.66,test
10b58cbd6607267fd41812614367439e,2018-01-07 17:14:25,342.979375,1,257.9,1.0,1.0,1.0,257.9,18.0,4.0,66.06,test
10bf8afdd66da75c386fbacf04c85710,2018-03-23 18:25:21,52.81034722222222,1,148.7,1.0,1.0,1.0,148.7,18.799999999999997,1.0,300.3,test
110991b379efbcebb0d35cbd20bf9698,2018-04-09 22:51:46,60.956041666666664,1,83.81,1.0,1.0,1.0,83.81,16.910000000000004,1.0,26.12,test
1118a7bb7ba893f10740e22a23aa5bd9,2018-01-16 22:49:54,158.0322800925926,1,27.410000000000004,1.0,1.0,1.0,27.410000000000004,14.100000000000001,2.0,61.01,test
1118bbd6c82a824ebc677b12e525864f,2017-10-28 00:24:21,1.1574074074074073e-05,1,381.88,1.0,1.0,1.0,381.88,31.98,8.0,155.84,train
11395124061744bf276aefd8073f3105,2017-10-08 22:13:39,0.0,1,52.59,1.0,1.0,1.0,52.59,12.690000000000001,3.0,73.16,train
115030e27b9970683ad81cb05679157c,2018-05-22 17:19:24,41.067314814814814,1,77.29,1.0,1.0,1.0,77.29,7.389999999999999,1.0,95.8,test
1175e95fb47ddff9de6b2b06188f7e0d,2018-01-18 12:35:45,1.1574074074074073e-05,1,39.099999999999994,1.0,1.0,1.0,39.099999999999994,14.1,1.0,44.09,test
118be57d1b7de439453a0c6625ad7934,2017-08-19 19:25:41,6.429432870370371,1,41.69,1.0,1.0,1.0,41.69,16.79,3.0,45.69,train
1197ba886110324a1519fff17dd8d1d2,2017-08-21 09:30:56,13.983043981481481,1,77.57,1.0,1.0,1.0,77.57,17.669999999999998,3.0,40.53,train
11b47516f8f6a42105b9807903ede333,2018-02-20 14:59:40,285.23645833333336,1,47.74000000000001,1.0,1.0,1.0,47.74000000000001,15.100000000000001,4.0,187.56,test
11e95918d6816403858e8314a3503f4c,2018-07-05 09:14:52,168.0080324074074,1,49.23999999999998,1.0,1.0,1.0,49.23999999999998,9.34,1.0,210.08,test
11ebea68a1046fa3268cb278df2c4f31,2017-12-12 15:26:09,0.0,1,85.15,1.0,1.0,1.0,85.15,15.249999999999996,6.0,169.44,train
120a6e1875940fe48a44d6cf30706230,2017-11-19 10:04:04,0.0,1,247.85,1.0,1.0,1.0,247.85,18.85,10.0,247.85,train
121b5a0ae9d09a2ca5e8090fd2a00a58,2017-04-22 18:53:45,51.43152777777778,1,34.41999999999999,1.0,1.0,1.0,34.41999999999999,14.519999999999998,1.0,111.85,train
1225c9614c5129a3085416d30d50e143,2018-03-07 17:38:07,0.019351851851851853,1,196.14,1.0,1.0,1.0,196.14,16.14,15.0,196.14,test
12328d63390726821fdcd8e8b77f10b5,2017-11-28 09:26:02,3.472222222222222e-05,1,89.62999999999998,1.0,1.0,1.0,89.62999999999998,19.730000000000004,8.0,76.76,train
124bc956b56b1523d2a75b29a856085d,2018-04-02 14:26:59,76.10476851851851,1,114.34,2.0,1.0,1.0,114.34,26.74,6.0,138.74,test
124ef8d5acc80858c69d34e3e08b572d,2018-07-19 19:39:12,328.13875,1,47.0,1.0,1.0,1.0,47.0,15.099999999999998,1.0,385.74,test
125740359669fa63858476105a5d523d,2017-07-24 15:38:58,137.98122685185186,1,375.81999999999994,2.0,1.0,1.0,375.81999999999994,76.02000000000001,1.0,208.74,train
1291474366a550ebc251d9187e763d62,2017-07-02 14:01:13,112.80671296296296,1,56.91,1.0,1.0,1.0,56.91,10.96,1.0,99.94,train
12ab9334b1240d6d037f2b0102a49571,2017-12-13 17:35:27,1.1574074074074073e-05,1,254.01,1.0,1.0,1.0,254.01,18.089999999999996,1.0,1043.46,train
12b62a8d3c4911b9a80b935037842fc0,2017-11-07 22:51:12,1.1574074074074073e-05,1,111.19,1.0,1.0,1.0,111.19,12.19,4.0,99.43,train
12c54f6dfd4b723a6c76c4c989494422,2017-09-21 22:00:15,49.01984953703704,1,281.96000000000004,1.0,1.0,1.0,281.96000000000004,27.06,2.0,40.53,train
12c9171ee18219cbf18fcfbc33e0c064,2018-06-29 23:30:20,0.0,1,37.43,1.0,1.0,1.0,37.43,18.23,1.0,37.43,test
12d8b5ed661190a3a08183644dfc504d,2018-02-26 22:45:04,337.1802314814815,1,153.8,1.0,1.0,1.0,153.8,23.89999999999999,6.0,248.51,test
12d8b5ed661190a3a08183644dfc504d,2018-03-13 13:32:06,14.61599537037037,2,402.31,3.0,3.0,3.0,201.155,37.084999999999994,6.0,308.16,test
12d8b5ed661190a3a08183644dfc504d,2018-05-02 11:58:28,49.93497685185185,3,710.47,4.0,4.0,4.0,236.82333333333335,40.809999999999995,6.0,147.48,test
12f5d6e1cbf93dafd9dcc19095df0b3d,2017-01-05 14:22:02,0.002766203703703704,1,18.62,1.0,1.0,1.0,18.62,8.72,1.0,19.62,train
12f5d6e1cbf93dafd9dcc19095df0b3d,2017-01-05 14:23:54,0.0012962962962962963,2,38.239999999999995,2.0,2.0,2.0,19.119999999999997,8.720000000000002,1.0,19.62,train
12f5d6e1cbf93dafd9dcc19095df0b3d,2017-01-05 14:50:54,0.01875,3,57.86,3.0,3.0,3.0,19.286666666666665,8.72,1.0,18.62,train
12f5d6e1cbf93dafd9dcc19095df0b3d,2017-01-05 15:25:04,0.023726851851851853,4,76.48,4.0,4.0,4.0,19.12,8.72,1.0,15.62,train
12f5d6e1cbf93dafd9dcc19095df0b3d,2017-01-05 15:25:10,6.944444444444444e-05,5,92.1,5.0,5.0,5.0,18.419999999999998,8.720000000000002,1.0,18.62,train
130f4a32887cc549621b3c6cf36bf77e,2018-08-17 15:33:29,292.21921296296296,1,107.24,1.0,1.0,1.0,107.24,17.340000000000003,2.0,119.79,test
131b8a51429529f4e57e8faa1b87ff4f,2017-04-07 21:39:30,0.0,1,43.719999999999985,1.0,1.0,1.0,43.719999999999985,8.72,1.0,97.99,train
133e20311ec257bda38f1798250d38c5,2017-05-08 08:06:54,5.719710648148149,1,381.51000000000005,1.0,1.0,1.0,381.51000000000005,51.61,10.0,400.92,train
13473af264dea0facd893d6516900b22,2018-05-11 14:34:01,168.22515046296297,1,45.69000000000001,1.0,1.0,1.0,45.69000000000001,15.79,1.0,89.48,test
13607978e0686d841deb64954c023495,2018-01-04 21:37:47,179.49238425925927,1,34.63000000000001,1.0,1.0,1.0,34.63000000000001,17.630000000000003,2.0,85.24,test
13613cae6e3bfea8327a916246c96cc9,2017-12-25 10:40:53,1.1574074074074073e-05,1,53.68,1.0,1.0,1.0,53.68,7.779999999999999,1.0,61.07,train
1372bab98f9966bcd4a6fa3e6df6dde8,2018-01-15 20:19:56,147.24363425925927,1,128.93,1.0,1.0,1.0,128.93,9.030000000000001,1.0,116.36,test
1373e04979cfa0fb2092909abbd57f25,2018-04-04 10:30:16,62.856122685185184,1,216.51,1.0,1.0,1.0,216.51,26.61,10.0,268.2,test
1373e04979cfa0fb2092909abbd57f25,2018-05-03 10:55:03,29.017210648148147,2,484.71000000000004,2.0,2.0,2.0,242.35500000000002,32.455,10.0,124.41,test
139093b1c6e7e3108ac0469ce43bfb99,2018-08-14 08:27:47,350.6379861111111,1,155.14000000000001,2.0,1.0,1.0,155.14000000000001,35.34,5.0,193.98,test
13abc50b97af7425b5066e405d7cd760,2017-05-07 20:47:31,6.428333333333334,1,70.93,1.0,1.0,1.0,70.93,11.030000000000001,1.0,77.38,train
13aec51202205c662b24202760e93a92,2017-02-01 08:42:45,2.3148148148148147e-05,1,52.78000000000001,1.0,1.0,1.0,52.78000000000001,17.78,5.0,47.68,train
13bf0b4120921402dff563cda4383ff6,2018-07-24 16:33:06,245.33940972222223,1,109.32,1.0,1.0,1.0,109.32,39.42,1.0,87.18,test
1412559410af5e92c35e053fd6acd006,2018-01-30 19:15:23,1.1574074074074073e-05,1,97.62000000000002,1.0,1.0,1.0,97.62000000000002,12.719999999999999,4.0,99.54,test
142575266950512b56af193f3962270a,2018-02-17 10:16:55,161.77493055555556,1,212.38,1.0,1.0,1.0,212.38,43.38,4.0,42.0,test
142dc6250eac579893595d9889411834,2018-05-30 20:25:38,216.07025462962963,1,112.25,1.0,1.0,1.0,112.25,13.250000000000002,1.0,128.67,test
1450ca0539e1e64a77c08ba841c8be94,2018-07-16 23:40:37,194.00026620370372,1,104.27000000000001,1.0,1.0,1.0,104.27000000000001,12.769999999999996,1.0,186.1,test
1477c54a1abe3610e3e9ab411801cecb,2017-10-14 00:48:58,21.057476851851852,1,89.29000000000002,1.0,1.0,1.0,89.29000000000002,14.39,1.0,169.38,train
14843983d4a159080f6afe4b7f346e7c,2018-03-02 17:47:40,2.3148148148148147e-05,1,28.4,1.0,1.0,1.0,28.4,15.1,2.0,49.4,test
149c19901ddcd1057deaabc003004a12,2017-08-28 13:49:55,0.21100694444444446,1,116.94,1.0,1.0,1.0,116.94,16.949999999999996,2.0,322.5,train
14a188558af6cd5bc222ca773d395a7f,2018-03-07 19:19:24,40.034108796296294,1,125.51999999999998,1.0,1.0,1.0,125.51999999999998,15.52,4.0,119.63,test
1500da334da019c68fda219f942ba38a,2018-05-14 09:33:57,14.99332175925926,1,436.14,1.0,1.0,1.0,436.14,36.34,1.0,160.62,test
1501fb94311512e6b98462d159e05a23,2018-04-16 13:45:57,0.022083333333333333,1,318.36,3.0,3.0,2.0,318.36,59.57000000000001,1.0,238.22,test
1506abf10c09a2872e24d79f33e4eb12,2018-04-05 08:43:23,23.51071759259259,1,257.61,1.0,1.0,1.0,257.61,8.61,10.0,213.29,test
151e9edb34867eaece4d6e7ae188f261,2018-06-20 22:53:23,76.51165509259259,1,190.22999999999996,1.0,1.0,1.0,190.22999999999996,21.23,7.0,249.31,test
155af62b6c947689a67af5c16acd5c55,2018-02-14 17:44:50,65.05144675925926,1,241.93000000000004,1.0,1.0,1.0,241.93000000000004,22.03,1.0,221.79,test
156283b6ca35ef976a0265903145fd5e,2018-07-24 18:13:35,0.24298611111111112,1,41.0,1.0,1.0,1.0,41.0,17.1,1.0,41.0,test
1581a918a58a11d99c69f86d9c0d2098,2018-04-12 15:44:28,1.205775462962963,1,73.97,1.0,1.0,1.0,73.97,22.069999999999993,7.0,161.02,test
158ff08f9b1aeebfa96820580f3877a6,2018-01-31 23:38:14,1.1574074074074073e-05,1,105.28,1.0,1.0,1.0,105.28,15.380000000000003,1.0,200.48,test
1590457b4be348b165ff7030a6f94dce,2017-07-05 18:33:29,113.15099537037037,1,69.31,1.0,1.0,1.0,69.31,9.410000000000002,1.0,108.44,train
159306b86e782097be9a4e29e3d294d3,2018-01-19 13:24:39,1.1574074074074073e-05,1,106.38,1.0,1.0,1.0,106.38,16.39,10.0,51.09,test
15a38a0c1bf789e06ec42d24e485e794,2018-01-14 15:01:39,171.8000462962963,1,150.76,2.0,1.0,1.0,150.76,24.96,1.0,81.12,test
15a52a044cbf18c87283f8c460ad5ccf,2018-08-13 15:48:19,2.1993055555555556,1,37.33,1.0,1.0,1.0,37.33,12.829999999999998,3.0,30.78,test
15eb6c5aa4aa23cbdb42e119220d23ec,2017-10-19 10:33:51,26.78765046296296,1,208.09,1.0,1.0,1.0,208.09,16.089999999999996,10.0,228.79,train
1605a6c5d93d3488fb621c5323930795,2017-03-21 09:21:54,0.0,1,129.0,3.0,1.0,1.0,129.0,54.30000000000001,1.0,485.72,train
161b2eb506dd664bb5d23dc701a14b59,2017-07-19 18:44:40,1.1574074074074073e-05,1,135.95,1.0,1.0,1.0,135.95,26.05,8.0,178.44,train
1647c6dc2941bd075dc5dd3448807bed,2017-08-20 20:43:57,2.0380671296296295,1,111.42000000000002,1.0,1.0,1.0,111.42000000000002,15.419999999999998,2.0,128.2,train
164ba50c15bd1157975375a75bbde58e,2017-05-21 19:14:44,0.0,1,39.99999999999999,1.0,1.0,1.0,39.99999999999999,15.1,1.0,55.1,train
1650819cd492bbf4b9d189c7d4126475,2018-01-19 11:09:02,73.94506944444444,1,181.47000000000003,1.0,1.0,1.0,181.47000000000003,47.47,1.0,181.37,test
165d93a9d1da194b47da42c9cf810ebd,2017-09-03 23:37:01,78.22112268518518,1,514.49,1.0,1.0,1.0,514.49,15.0,18.0,90.3,train
16a23480d3c92eb40e134844d52aa63e,2018-04-23 10:53:44,3.472222222222222e-05,1,85.18,1.0,1.0,1.0,85.18,20.18,3.0,63.18,test
16a909e83380bb2ae4676ca69ac30886,2018-03-05 03:45:49,211.41565972222222,1,156.64,1.0,1.0,1.0,156.64,16.739999999999995,10.0,86.9,test
16bd767d18bf82bb09fc51520f7ea5ab,2017-12-04 20:24:43,48.41336805555556,1,65.71,1.0,1.0,1.0,65.71,8.72,1.0,65.71,train
16c8e42089546fde55ed3caa46478e7a,2018-03-30 15:17:21,139.22304398148148,1,128.09,1.0,1.0,1.0,128.09,29.089999999999996,10.0,48.04,test
1741b0bef7ccbc530ba7287000d5f49f,2018-04-21 14:12:11,83.79219907407408,1,201.65000000000003,1.0,1.0,1.0,201.65000000000003,21.75,1.0,135.94,test
175b8225bdd99e95a64e07a6c06e8746,2018-01-26 11:06:38,6.956168981481482,1,127.66000000000003,1.0,1.0,1.0,127.66000000000003,12.759999999999998,10.0,297.58,test
176df29483e4fb6ce1d6dd1c824ad72d,2018-05-13 07:12:05,246.87251157407408,1,95.91,1.0,1.0,1.0,95.91,12.920000000000002,1.0,57.79,test
1772c0fbee58b154da028487de51b74c,2018-07-18 13:30:45,0.0,1,131.71,1.0,1.0,1.0,131.71,11.86,10.0,254.58,test
1772d62f5099be6942fbb3d3e881cc7c,2018-04-26 19:25:22,13.129988425925927,1,103.42999999999999,1.0,1.0,1.0,103.42999999999999,8.43,2.0,88.71,test
177c725937ae5f96171bb8b43f196dfa,2017-04-28 14:09:28,39.88443287037037,1,187.90999999999997,1.0,1.0,1.0,187.90999999999997,38.010000000000005,3.0,32.42,train
178a58ded2b9be43b90300e0e0e8e66c,2017-11-10 20:31:29,34.87461805555556,1,62.81999999999999,1.0,1.0,1.0,62.81999999999999,16.92,2.0,101.03,train
179f496c6c02a7640d09f0843452e0fc,2017-11-24 19:29:35,2.3148148148148147e-05,1,102.96,1.0,1.0,1.0,102.96,12.970000000000002,1.0,126.01,train
17a2d93cb1aab45e3d21d5eba7daaed2,2017-12-18 13:44:44,174.09936342592593,1,212.63,1.0,1.0,1.0,212.63,17.129999999999995,1.0,167.81,train
17c7da60a0690728119612a54035452d,2018-01-10 15:54:44,40.886944444444445,1,122.01,1.0,1.0,1.0,122.01,23.01,10.0,122.01,test
17dcb8c62667824b3e3755a5b680ebc6,2017-11-24 12:00:57,0.0,1,142.45999999999998,1.0,1.0,1.0,142.45999999999998,13.46,1.0,171.32,train
17e873c00e3fef97c9f1347c6681bd1a,2017-09-23 12:30:56,5.987002314814815,1,397.3,1.0,1.0,1.0,397.3,67.4,1.0,397.3,train
1803287d1e7138aec6ea9d3c963ed87d,2017-09-09 08:41:10,0.0,1,97.87000000000002,1.0,1.0,1.0,97.87000000000002,7.88,1.0,31.77,train
18186af785c301b05127a291eac901e1,2018-06-14 18:29:40,215.07208333333332,1,52.5,1.0,1.0,1.0,52.5,16.599999999999998,5.0,74.88,test
182053495bc94c2f41090ce8c41be266,2018-07-21 13:46:09,100.94993055555555,1,64.06000000000002,1.0,1.0,1.0,64.06000000000002,14.16,1.0,75.42,test
182053495bc94c2f41090ce8c41be266,2018-08-19 12:58:22,28.96681712962963,2,139.48000000000002,2.0,2.0,2.0,69.74000000000001,14.840000000000002,1.0,75.42,test
186638bdb0f600c9bf2bd60e4b14537c,2018-06-13 14:34:17,7.898761574074074,1,98.94,1.0,1.0,1.0,98.94,13.04,1.0,65.75,test
186e4b97d2704e8b76235b8d7c5d38ab,2017-06-15 08:53:26,0.0069560185185185185,1,47.72,1.0,1.0,1.0,47.72,11.73,3.0,79.24,train
18753de7f8b65856d23473280e71ceb2,2018-04-05 07:53:49,280.6941898148148,1,156.33,1.0,1.0,1.0,156.33,21.429999999999996,8.0,167.77,test
18a65d67bb184e736656cc017f09f7b8,2018-02-21 22:29:10,3.472222222222222e-05,1,64.0,1.0,1.0,1.0,64.0,14.1,1.0,104.56,test
18a65d67bb184e736656cc017f09f7b8,2018-04-13 22:53:57,51.01721064814815,2,168.56,2.0,2.0,2.0,84.28,14.74,1.0,56.94,test
18bc87094128bbfe943cf88adcf72059,2018-06-25 12:06:07,514.5119328703704,1,74.18,1.0,1.0,1.0,74.18,14.18,1.0,37.36,test
18d61a27f478cd6201df948578f814f9,2018-04-24 13:34:14,306.111400462963,1,47.68000000000001,1.0,1.0,1.0,47.68000000000001,7.780000000000001,1.0,138.62,test
18e1192f2a6be73c4365dbc29eb7a6f7,2018-02-14 10:00:46,0.8907291666666667,1,68.71,1.0,1.0,1.0,68.71,8.72,1.0,89.36,test
18e3d276253780b44b5b7bf83f6785ec,2017-11-21 14:34:31,202.03011574074074,1,96.88,1.0,1.0,1.0,96.88,11.98,1.0,43.38,train
18e3d276253780b44b5b7bf83f6785ec,2017-11-28 17:24:56,7.118344907407407,2,140.26,2.0,2.0,2.0,70.13,12.23,1.5,28.59,train
18f17efd50fd7e9595cc1a40205c937c,2017-09-01 15:03:02,57.06667824074074,1,126.07,1.0,1.0,1.0,126.07,21.57,1.0,36.78,train
1912afd96bbe171633bb73727487ef85,2018-06-08 13:56:46,146.8096412037037,1,91.99000000000001,1.0,1.0,1.0,91.99000000000001,20.99,9.0,181.69,test
191525912e1a31a97bf8b481ce852f75,2018-06-20 12:39:18,13.928831018518519,1,124.69999999999999,1.0,1.0,1.0,124.69999999999999,19.7,1.0,138.94,test
191e0f453bea7f50ce1fcd514af38835,2017-11-12 15:38:42,96.73621527777777,1,73.93,1.0,1.0,1.0,73.93,17.64,1.0,37.0,train
194be31520cde5c527bad17720119e85,2017-08-14 12:24:28,129.01449074074074,1,176.0,2.0,2.0,1.0,176.0,26.199999999999996,10.0,101.25,train
194f1bab01e4e36f4255603e9a427b89,2018-07-23 14:08:57,23.057118055555556,1,199.44,1.0,1.0,1.0,199.44,20.439999999999998,2.0,63.12,test
19506c32fa96c6fa4505b4e3ad453b7b,2018-07-30 21:54:00,23.206319444444443,1,52.910000000000004,1.0,1.0,1.0,52.910000000000004,23.010000000000005,1.0,47.87,test
198ba72088fecd3caeaf2dca0addcfb9,2018-02-09 16:49:44,8.10962962962963,1,230.12,1.0,1.0,1.0,230.12,51.12,10.0,119.18,test
19be5923f7d998e76b9f3b1eb87c32af,2018-01-19 07:27:23,198.93633101851853,1,56.42,1.0,1.0,1.0,56.42,17.919999999999998,1.0,121.39,test
19bedfc18c92d4e7eb6ba318a6c2033c,2018-04-07 00:42:45,154.99859953703702,1,1007.98,2.0,1.0,1.0,1007.98,28.179999999999996,6.0,48.22,test
19c60787f1a478ec7345d03bc4298398,2017-11-23 14:43:38,0.0,1,540.04,1.0,1.0,1.0,540.04,41.04,1.0,153.63,train
19cb65cc7310ae4eef4f15bb70539d01,2018-03-05 06:24:49,56.511875,1,69.13,1.0,1.0,1.0,69.13,16.13,3.0,69.13,test
19da55454167240f3a4a39430007d074,2017-09-24 23:00:55,0.0,1,83.67999999999998,1.0,1.0,1.0,83.67999999999998,19.690000000000005,2.0,179.6,train
19de4cc79e2c2986e70b155b7631f61c,2018-04-27 01:56:15,299.63993055555557,1,61.69,1.0,1.0,1.0,61.69,12.689999999999998,1.0,138.39,test
19f19354cf9524cc834a5036ff79925c,2018-06-05 13:24:11,0.0,1,50.22,1.0,1.0,1.0,50.22,15.229999999999997,3.0,44.92,test
19f735a9a58a187253055f9d4bcc2bb6,2018-04-13 04:30:54,171.1015277777778,1,66.89000000000001,1.0,1.0,1.0,66.89000000000001,11.89,6.0,55.23,test
19f8fcd23ed70e29220a6a2f13ecd911,2017-12-03 20:14:21,30.989907407407408,1,106.16,1.0,1.0,1.0,106.16,16.260000000000005,1.0,119.52000000000001,train
1a13743254d9c8e6360106295947932f,2018-07-01 11:51:47,214.0175810185185,1,124.27999999999997,2.0,1.0,1.0,124.27999999999997,68.3,10.0,643.34,test
1a15eecd72a08e1134ba406c7a7998e6,2017-06-19 20:18:52,1.1574074074074073e-05,1,131.75,1.0,1.0,1.0,131.75,13.170000000000002,1.0,284.04,train
1a24445f0e6006e4336ecba4ba576e4b,2018-01-13 10:43:54,9.487337962962963,1,85.13999999999999,1.0,1.0,1.0,85.13999999999999,15.24,8.0,56.9,test
1a27a558aac4c4bfe3642b8c9bffcf4f,2018-08-02 15:17:05,9.259386574074075,1,219.60000000000002,1.0,1.0,1.0,219.60000000000002,19.700000000000003,1.0,298.89,test
1a281fe9f53ee457dacd2c9e8ccf861f,2018-06-26 10:45:35,326.57509259259257,1,165.30000000000004,3.0,1.0,1.0,165.30000000000004,52.80000000000001,8.0,99.65,test
1a29e9f39d667f12684910a8edc4b56c,2018-02-14 13:06:04,0.0,1,221.79,1.0,1.0,1.0,221.79,21.89,3.0,178.72,test
1a2ede4e787ad199c46719ecb02d81ea,2018-08-17 09:51:45,17.67,1,102.63999999999999,1.0,1.0,1.0,102.63999999999999,9.399999999999999,1.0,150.12,test
1a328a664417dc7cbff0ed7df49f5a3d,2018-04-19 09:31:18,403.6614236111111,1,189.9,2.0,1.0,1.0,189.9,29.46,10.0,62.78,test
1a68c22c23a52a35f499dbd3c5a020a6,2017-09-03 12:19:17,25.652581018518518,1,145.27999999999997,2.0,1.0,1.0,145.27999999999997,35.28,10.0,105.29,train
1ac4011bec2c0d9ce8eceb56bb1142c7,2018-08-20 09:09:53,190.97337962962962,1,43.0,1.0,1.0,1.0,43.0,15.100000000000001,2.0,149.11,test
1ae30e98d81bdf991fa25b52b8142308,2017-07-03 15:10:38,1.1574074074074073e-05,1,154.4,2.0,2.0,1.0,154.4,36.42,3.0,74.16,train
1af3dcbc89998031651925e3994eab18,2018-04-01 21:31:37,280.00530092592595,1,67.89,1.0,1.0,1.0,67.89,11.89,1.0,51.19,test
1b270bd97f6e1d9af2d5d06f0d4a80e8,2018-02-26 14:57:42,1.1574074074074073e-05,1,127.21000000000001,1.0,1.0,1.0,127.21000000000001,17.21,2.0,86.15,test
1b2db8ab2d8e7b84b5455736fc9713f2,2017-05-18 22:42:50,7.920856481481482,1,77.19000000000001,3.0,1.0,1.0,77.19000000000001,42.29999999999999,7.0,119.29,train
1b5720c7b0ee7183c2eafe3dba65111b,2017-11-24 20:36:18,33.77925925925926,1,36.77000000000001,1.0,1.0,1.0,36.77000000000001,7.780000000000001,3.0,29.24,train
1b6c7548a2a1f9037c1fd3ddfed95f33,2017-11-24 13:01:09,10.844768518518519,1,52.14999999999998,1.0,1.0,1.0,52.14999999999998,17.919999999999998,1.0,267.16,train
1b6c7548a2a1f9037c1fd3ddfed95f33,2017-12-04 21:11:15,10.340347222222222,2,319.31,3.0,3.0,2.0,159.655,24.54,1.0,62.11,train
1b6c7548a2a1f9037c1fd3ddfed95f33,2017-12-05 09:13:27,0.5015277777777778,3,381.41999999999996,4.0,4.0,3.0,127.13999999999999,21.73,1.0,63.6,train
1b6c7548a2a1f9037c1fd3ddfed95f33,2017-12-20 09:56:35,15.029953703703704,4,445.02,5.0,5.0,4.0,111.255,20.697499999999998,1.0,160.37,train
1b6c7548a2a1f9037c1fd3ddfed95f33,2018-01-25 12:47:39,36.118796296296296,5,605.3900000000001,7.0,7.0,5.0,121.07800000000002,23.633999999999997,1.0,187.43,test
1b6c7548a2a1f9037c1fd3ddfed95f33,2018-02-14 13:22:12,20.023993055555554,6,792.8199999999999,8.0,8.0,6.0,132.13666666666666,22.76666666666667,1.0,166.19,test
1b6e96ed99cb8d135efe220d761bbd67,2018-01-14 17:25:31,298.39383101851854,1,35.86,1.0,1.0,1.0,35.86,10.96,1.0,17.77,test
1b6e96ed99cb8d135efe220d761bbd67,2018-08-15 19:50:32,213.1007060185185,2,53.63,2.0,2.0,2.0,26.815,9.370000000000001,1.0,61.38,test
1b765716e166ca699d20c4adc8bb0f7c,2017-04-02 11:52:40,9.072268518518518,1,68.0,1.0,1.0,1.0,68.0,11.009999999999998,2.0,141.6,train
1b7733821d1e0ec8907bbb441271f80b,2017-10-06 08:49:54,1.1574074074074073e-05,1,63.599999999999994,1.0,1.0,1.0,63.599999999999994,12.700000000000001,6.0,83.41,train
1b7b7f9631cd453251d0b328c9b38a2a,2018-07-17 12:33:49,482.0045601851852,1,212.28000000000003,1.0,1.0,1.0,212.28000000000003,32.290000000000006,10.0,98.56,test
1b95e3fe033836c787689ae4b9516aa3,2017-05-13 11:35:32,37.028819444444444,1,105.17000000000002,1.0,1.0,1.0,105.17000000000002,11.27,6.0,288.44,train
1b9d0a0c0fd5211ae01a554419120554,2018-04-09 19:26:29,10.961493055555556,1,28.14,1.0,1.0,1.0,28.14,9.439999999999998,1.0,60.66,test
1bbf6de8bbe287cb474e57d437d72969,2017-10-04 19:40:44,0.0,1,146.01999999999998,1.0,1.0,1.0,146.01999999999998,26.120000000000005,1.0,231.74,train
1bcbeccb2851888f299cf9a5dba8553d,2018-08-05 21:54:15,56.01835648148148,1,192.68,1.0,1.0,1.0,192.68,13.69,5.0,151.63,test
1c4531b533d17f3b316de441268e513c,2017-09-25 21:38:16,116.58929398148148,1,71.63,1.0,1.0,1.0,71.63,11.73,1.0,14.08,train
1c553721323d2cf153d114724b92118e,2018-04-05 22:37:40,68.2164699074074,1,120.42999999999999,1.0,1.0,1.0,120.42999999999999,8.529999999999998,1.0,75.2,test
1c628081cb579ed6035b9aa8614e69f4,2018-05-07 10:17:11,37.03013888888889,1,55.79,1.0,1.0,1.0,55.79,12.79,1.0,53.87,test
1c628081cb579ed6035b9aa8614e69f4,2018-05-22 08:28:33,14.924560185185186,2,109.66,2.0,2.0,2.0,54.83,10.329999999999998,1.0,92.9,test
1c98969880c8c7c522bc4677dfce9384,2018-03-22 16:59:33,185.9015162037037,1,75.76999999999998,1.0,1.0,1.0,75.76999999999998,20.870000000000005,3.0,155.64,test
1ca845c3b11ba93c4ac5182ab9c1197e,2018-04-05 07:17:48,15.565173611111112,1,110.79000000000002,1.0,1.0,1.0,110.79000000000002,11.790000000000001,1.0,313.53,test
1cbda36ee89944baa7a738ddbdc4679a,2018-05-09 10:54:34,224.71751157407408,1,230.73000000000002,1.0,1.0,1.0,230.73000000000002,18.73,5.0,309.99,test
1cc48564488184883cc7923b82c7b3f9,2017-07-21 19:58:21,0.0,1,284.73,3.0,3.0,3.0,284.73,105.28999999999999,1.0,54.13,train
1ce1097b476f97ea37d805251c5c74ba,2018-01-09 01:24:02,126.84983796296297,1,99.56000000000003,2.0,2.0,1.0,99.56000000000003,15.56,4.0,236.65,test
1ce879e096d3c38f230acdab7165332e,2018-05-18 00:32:42,28.32337962962963,1,172.44,1.0,1.0,1.0,172.44,62.44,3.0,26.94,test
1d0be6ff723818bb810023b236405017,2018-07-30 15:02:13,124.88456018518518,1,49.21999999999999,1.0,1.0,1.0,49.21999999999999,19.32,1.0,47.04,test
1d2435aa3b858d45c707c9fc25e18779,2017-01-17 14:23:56,2.3148148148148147e-05,1,86.12,1.0,1.0,1.0,86.12,17.22,1.0,61.46,train
1d39a7704cfb79b7cd820bc83e3de161,2018-07-09 11:20:01,19.864305555555557,1,53.35,1.0,1.0,1.0,53.35,23.36,1.0,54.63,test
1d627d8a6e1e33ea8eeeb7a17d998660,2017-09-02 20:38:29,1.1574074074074073e-05,1,154.1,1.0,1.0,1.0,154.1,18.199999999999996,1.0,100.25,train
1d72aaec15863f7532b2dbf4a5c4247d,2017-08-31 11:57:41,150.65564814814815,1,346.38,1.0,1.0,1.0,346.38,16.48,6.0,133.18,train
1d7e8be24bca64576da891970638bfe3,2018-07-23 17:21:43,98.31710648148149,1,115.59,1.0,1.0,1.0,115.59,35.69,2.0,139.88,test
1d95a47c2206919e1de2f8ff91065d20,2017-02-24 11:49:05,10.039074074074074,1,50.86,1.0,1.0,1.0,50.86,10.96,1.0,50.86,train
1da09dd64e235e7c2f29a4faff33535c,2017-07-20 15:25:14,71.05623842592593,1,474.4,2.0,1.0,1.0,474.4,34.60000000000001,1.0,859.36,train
1da09dd64e235e7c2f29a4faff33535c,2018-01-11 11:16:49,174.82748842592594,2,1333.7600000000002,6.0,2.0,2.0,666.8800000000001,55.18,1.0,830.64,test
1dcb4c54d17855c39899eb445551501c,2018-06-07 16:16:08,251.94447916666667,1,77.56999999999998,1.0,1.0,1.0,77.56999999999998,17.670000000000005,4.0,88.45,test
1e05761e47e6a4968ac2ee128b0d42a4,2018-01-31 14:00:36,2.3148148148148147e-05,1,103.37,1.0,1.0,1.0,103.37,14.37,3.0,148.97,test
1e0926e360000226b237bf277aec3380,2018-07-06 12:10:05,297.16206018518517,1,75.07999999999998,1.0,1.0,1.0,75.07999999999998,15.179999999999998,3.0,64.44,test
1e433d2aca7584032f8f56d51643e605,2017-12-07 08:20:37,33.57215277777778,1,161.0,1.0,1.0,1.0,161.0,18.0,2.0,29.75,train
1e6dc17adde78e52b6fa5e634f4454e0,2017-07-05 19:01:10,0.0,1,141.53000000000003,1.0,1.0,1.0,141.53000000000003,16.629999999999995,1.0,85.14,train
1ed1f7f1679bee0089061c9db1bd783a,2017-07-31 16:38:56,0.05061342592592592,1,55.54,1.0,1.0,1.0,55.54,9.340000000000002,1.0,52.49,train
1f2c5059dad2c277b3b338163b49ca73,2018-02-17 01:24:58,379.2676851851852,1,140.11,1.0,1.0,1.0,140.11,20.139999999999997,2.0,124.52,test
1f90117a847636892e3c5bf569f2ac68,2018-01-13 13:52:54,152.7425810185185,1,78.00999999999999,1.0,1.0,1.0,78.00999999999999,8.110000000000001,7.0,55.0,test
1f9756abd497b76eeccb492bfe91df35,2018-04-28 07:56:16,44.919583333333335,1,352.72,1.0,1.0,1.0,352.72,63.82,7.0,141.13,test
1f98d2384ff7a372e6a2d3bb75cbcd54,2018-06-01 08:21:03,1.9407175925925926,1,920.94,6.0,1.0,1.0,920.94,140.94,1.0,460.47,test
1f98e3467d2b48dfb44fc12b137d3447,2018-01-06 15:20:06,454.71399305555553,1,92.97000000000003,1.0,1.0,1.0,92.97000000000003,9.069999999999993,5.0,381.0,test
1fbd81e4d0a0cf9125ca038b43533b7f,2018-01-17 09:19:54,257.063287037037,1,37.92999999999999,1.0,1.0,1.0,37.92999999999999,12.93,3.0,82.7,test
1fbd81e4d0a0cf9125ca038b43533b7f,2018-02-15 21:03:05,29.48832175925926,2,120.63000000000002,2.0,2.0,2.0,60.31500000000001,15.314999999999998,5.0,74.97,test
1fe11e8f0fa5bea7416ec09d6e8d2b4d,2017-02-20 16:17:04,10.899537037037037,1,120.84,1.0,1.0,1.0,120.84,15.939999999999998,1.0,205.4,train
1fea3244d38e951f0196b2728aee3bdf,2018-03-01 07:50:27,145.88194444444446,1,106.78,1.0,1.0,1.0,106.78,16.879999999999995,4.0,124.12,test
20001d07954025179c613496803181a6,2017-12-15 13:07:21,0.0,1,236.55999999999997,1.0,1.0,1.0,236.55999999999997,37.56,2.0,50.65,train
2004ba7732339d9be65f2236d8887ae4,2018-05-10 07:40:41,218.4389236111111,1,35.05000000000001,1.0,1.0,1.0,35.05000000000001,15.1,1.0,115.0,test
2004ba7732339d9be65f2236d8887ae4,2018-05-10 11:23:03,0.1544212962962963,2,150.05,2.0,2.0,2.0,75.025,7.55,5.5,115.0,test
200d8b1f16d0cc9600022fdc99987a7f,2018-02-13 17:58:15,0.0,1,80.51,1.0,1.0,1.0,80.51,12.609999999999998,2.0,87.55,test
20282afdbe6cf22d5f5a956d8b5a3f78,2018-01-30 21:03:55,217.00251157407408,1,64.1,1.0,1.0,1.0,64.1,16.109999999999992,1.0,155.99,test
2028c90d6c4523ae70a285c44010258a,2018-07-23 21:06:08,131.9511226851852,1,201.85,1.0,1.0,1.0,201.85,11.95,1.0,136.91,test
204efc7a771f1a33fd28465082171f5b,2018-05-04 06:16:16,23.48988425925926,1,233.42000000000002,1.0,1.0,1.0,233.42000000000002,18.42,3.0,62.69,test
204fa49efb5913a76287284d6e096f69,2017-08-15 21:20:35,27.38068287037037,1,53.0,1.0,1.0,1.0,53.0,14.1,1.0,61.8,train
206b04b38a5dc8404458ec16edeca606,2018-05-17 16:38:18,105.19560185185185,1,162.25,1.0,1.0,1.0,162.25,17.259999999999998,1.0,64.22,test
208ed8bf578938c97d49b3429358a424,2018-02-04 01:43:58,58.22849537037037,1,145.06,1.0,1.0,1.0,145.06,10.16,2.0,37.77,test
208fe9aa6033a77419f8f503b7698e03,2018-08-06 23:07:45,12.017986111111112,1,210.03999999999996,2.0,1.0,1.0,210.03999999999996,33.620000000000005,1.0,188.64,test
209e5691e2cda59cd71e45417d7f95a2,2018-01-08 13:14:49,1.1574074074074073e-05,1,107.78,1.0,1.0,1.0,107.78,17.880000000000003,1.0,108.0,test
20ae758fb6688386d9d1540f63d380e0,2018-06-14 14:44:06,345.0000925925926,1,122.20999999999998,1.0,1.0,1.0,122.20999999999998,17.210000000000008,1.0,207.62,test
211aaecea827d378c879c2b2f667c89d,2018-07-11 17:17:37,62.84064814814815,1,52.380000000000024,1.0,1.0,1.0,52.380000000000024,7.390000000000001,4.0,210.28,test
213b36024bb0b8261de0ffbd652ebc34,2018-05-26 09:29:26,2.780034722222222,1,321.51,1.0,1.0,1.0,321.51,22.510000000000005,10.0,92.9,test
21421ba1bd92005a3b48e6a745e9b8bb,2018-02-01 17:05:51,17.0609375,1,294.75000000000006,3.0,1.0,1.0,294.75000000000006,54.81,1.0,262.7,test
21559d7ff0ebff720e5e160184338fed,2018-07-20 01:00:51,403.77666666666664,1,80.2,1.0,1.0,1.0,80.2,15.200000000000003,7.0,91.23,test
21560f93adbd9ada040a40909ac8619d,2017-11-16 17:36:57,87.156875,1,215.79999999999998,2.0,1.0,1.0,215.79999999999998,35.82,4.0,218.47,train
216ab90e27f18940cfac8f9f02fb4239,2018-07-22 14:46:48,149.12025462962964,1,92.80000000000001,1.0,1.0,1.0,92.80000000000001,12.900000000000002,1.0,210.14,test
216fd197a786370ce9601ee2f6b5a31a,2017-02-07 18:31:58,1.1574074074074073e-05,1,31.86,1.0,1.0,1.0,31.86,10.96,1.0,31.86,train
21a2d9dc71459dbd3dad219cb9681964,2018-02-19 21:09:50,197.74157407407407,1,256.43,1.0,1.0,1.0,256.43,17.430000000000007,10.0,351.96,test
21bde4e982c4681021edabb899bcebfe,2017-12-17 18:44:55,22.206828703703703,1,1271.98,1.0,1.0,1.0,1271.98,130.98,10.0,32.38,train
21c3cb2e65b7575d9e079f7be7987d3c,2017-10-18 16:53:04,2.3148148148148147e-05,1,43.790000000000006,1.0,1.0,1.0,43.790000000000006,16.79,4.0,80.2,train
21c8aa0cb27943cbf33d75985e28da67,2017-10-29 22:56:42,20.14400462962963,1,131.61,1.0,1.0,1.0,131.61,18.04,2.0,77.57,train
21d3f0a4bf0cccf65dcfe93b8325d250,2017-05-22 23:38:44,53.99290509259259,1,79.92,2.0,1.0,1.0,79.92,21.92,1.0,67.27,train
21de770aa4f3a60388b97b416ad38343,2018-05-01 10:31:57,3.729652777777778,1,72.85999999999999,1.0,1.0,1.0,72.85999999999999,17.96,1.0,77.9,test
21effa61d72771ba8315ab56ce7fb7ac,2018-01-11 11:23:09,0.0,1,61.849999999999994,1.0,1.0,1.0,61.849999999999994,11.85,1.0,51.84,test
220bcdd6ae284ed1a273d99003fa8a0e,2018-04-01 20:02:24,91.49912037037036,1,65.54000000000002,2.0,1.0,1.0,65.54000000000002,15.559999999999999,3.0,37.38,test
221d59abddcd719f3ec72c50078b9e31,2018-07-25 09:23:57,194.6495138888889,1,116.36000000000001,1.0,1.0,1.0,116.36000000000001,16.46,8.0,75.68,test
2271b98c96ef2dbe4241cbbde7c8c12b,2017-12-10 09:22:54,0.0,1,72.20999999999998,1.0,1.0,1.0,72.20999999999998,25.22,7.0,268.02,train
2280ecb8db2591c39d1c7d3e9caa115c,2017-08-27 14:24:29,59.065439814814816,1,20.769999999999996,1.0,1.0,1.0,20.769999999999996,7.779999999999999,2.0,86.43,train
22ac8971f405f9520b3e7cf37e042ee7,2018-08-13 13:54:00,195.1763310185185,1,135.0,2.0,1.0,1.0,135.0,35.2,1.0,72.08,test
22f6af8201369f9eb96592db3142b9c2,2018-02-14 09:58:15,62.914027777777775,1,402.56,4.0,1.0,1.0,402.56,137.04,1.0,402.56,test
230b7f6050862e4d39911debaa3088ef,2018-04-27 11:56:39,8.124375,1,96.52,1.0,1.0,1.0,96.52,16.53,1.0,96.52,test
231d36f5c4b238c26f449ffd98c79180,2018-05-08 09:53:12,4.598402777777777,1,606.5700000000002,1.0,1.0,1.0,606.5700000000002,106.67,1.0,922.69,test
232007f7d8c26eb8d7daaacb46501783,2018-01-05 23:45:24,1.1574074074074073e-05,1,130.10000000000002,2.0,2.0,1.0,130.10000000000002,30.2,1.0,87.64,test
23339103d82a054f9729b0554ce22e8c,2018-06-16 11:58:28,16.792384259259258,1,72.36000000000001,1.0,1.0,1.0,72.36000000000001,18.46,1.0,39.04,test
23339103d82a054f9729b0554ce22e8c,2018-06-16 11:58:28,0.0,2,111.4,2.0,2.0,2.0,55.7,15.65,1.0,132.49,test
233c8f191c45cef30af148a82ac70020,2017-06-23 07:59:39,1.4053935185185185,1,125.03,1.0,1.0,1.0,125.03,50.03,5.0,90.28,train
23539ab2fa3d6e255f96114be5d2dbd3,2018-02-10 21:17:00,0.0,1,189.37,1.0,1.0,1.0,189.37,40.37,1.0,142.01,test
23ae1bfb4297222c1b522172809a7ca1,2018-05-31 21:27:20,0.0,1,46.39,1.0,1.0,1.0,46.39,7.390000000000001,4.0,70.17,test
23b2d37ef78f3c8dcb31f5eefc30190a,2018-02-21 16:11:56,177.02842592592592,1,27.85,1.0,1.0,1.0,27.85,11.85,1.0,27.85,test
23dc3a062c6c097bcb3940a909e7730f,2017-04-10 14:29:16,27.519259259259258,1,39.42,1.0,1.0,1.0,39.42,14.52,1.0,54.42,train
24072811917876a84c81166f96aed0c1,2018-06-06 21:11:57,510.9021064814815,1,144.07,1.0,1.0,1.0,144.07,15.070000000000004,1.0,274.56,test
240f980f7c03e873c538e86792646919,2018-08-07 20:49:21,29.00170138888889,1,315.16999999999996,1.0,1.0,1.0,315.16999999999996,20.169999999999998,1.0,238.63,test
2410195f6521688005612363835a2671,2017-09-06 22:07:43,0.008252314814814815,1,104.28,1.0,1.0,1.0,104.28,14.379999999999999,1.0,61.73,train
24115a0c9fc9115c586e54fd5f42e8d1,2018-01-08 15:05:57,129.16626157407407,1,182.54,1.0,1.0,1.0,182.54,56.55,6.0,37.28,test
24259224caf748993c177ebf964c2e6e,2018-01-15 22:57:58,39.47503472222222,1,139.08999999999997,1.0,1.0,1.0,139.08999999999997,17.1,4.0,73.98,test
24391449252cf6db04ce271b2a208d83,2018-04-17 23:29:11,51.00366898148148,1,221.79,1.0,1.0,1.0,221.79,21.89,8.0,162.33,test
243b99bd9ed8a3f460e7289d0a8df291,2018-06-17 12:33:48,180.1077314814815,1,115.1,2.0,1.0,1.0,115.1,15.56,1.0,138.65,test
246ef4748f64c4e716b4356d570967a1,2018-06-05 23:41:55,0.00798611111111111,1,122.52000000000001,2.0,2.0,2.0,122.52000000000001,32.72,10.0,27.22,test
247e0dcd20596bee51bd2b07f633fa04,2018-01-13 09:52:49,66.38684027777778,1,97.87,1.0,1.0,1.0,97.87,37.97,9.0,77.4,test
24cad6db9c734bd4f0edc6a314735880,2017-09-09 11:45:33,0.0,1,106.77000000000001,1.0,1.0,1.0,106.77000000000001,17.87,8.0,80.59,train
24d27f115e367d9129a0e7a7a5d36866,2017-11-15 10:41:52,16.527511574074072,1,388.25,1.0,1.0,1.0,388.25,18.350000000000005,1.0,365.98,train
24d9e83fe11e4390b69e1afb2b93f5ee,2018-01-05 17:40:45,87.96922453703704,1,175.87,1.0,1.0,1.0,175.87,15.87,1.0,173.62,test
24fb2954f8c6cdb4b900ed8db6dc88e2,2017-11-25 09:14:23,177.0599537037037,1,152.16,2.0,1.0,1.0,152.16,42.36,1.0,71.65,train
24fc2d6f4c3339820a1a3746a125f8c5,2017-11-22 14:45:54,0.2854513888888889,1,388.24999999999994,1.0,1.0,1.0,388.24999999999994,18.35,8.0,215.8,train
2516f43838c4892e066fec28143efa64,2018-02-11 15:26:46,0.7820833333333334,1,348.07000000000005,1.0,1.0,1.0,348.07000000000005,23.07,1.0,467.36,test
251e658613a224723f8a077946183b20,2017-11-19 20:06:12,11.312372685185185,1,325.95,1.0,1.0,1.0,325.95,10.95,1.0,29.24,train
25314849bf706df0e00da89ccff9bdc3,2018-07-21 21:41:25,0.0,1,39.75,1.0,1.0,1.0,39.75,12.85,1.0,39.75,test
255ac312f5ceb97163ec60f0db2eee11,2017-12-05 16:47:25,42.85579861111111,1,127.38,1.0,1.0,1.0,127.38,13.810000000000002,10.0,217.55,train
256b3e7a939dddf3e40608cac69e88c7,2017-04-19 14:24:06,1.1574074074074073e-05,1,99.15,1.0,1.0,1.0,99.15,15.790000000000001,1.0,75.53,train
257a0a891aa05c945617ad8f097645bd,2018-01-06 05:15:19,0.06650462962962964,1,227.36,2.0,2.0,2.0,227.36,43.46,3.0,227.36,test
2587f2fbf466ff9e409952f2feba0005,2018-08-21 01:30:48,11.022453703703704,1,64.43999999999998,1.0,1.0,1.0,64.43999999999998,15.439999999999998,1.0,78.21,test
25a1ad8a564d758f233c587cc657aa4b,2018-05-14 09:41:30,277.03917824074074,1,126.38999999999999,1.0,1.0,1.0,126.38999999999999,16.399999999999995,1.0,356.13,test
25a560b9a6006157838aab1bdbd68624,2017-04-08 05:57:27,0.0060185185185185185,1,33.95,1.0,1.0,1.0,33.95,16.05,1.0,33.95,train
25a560b9a6006157838aab1bdbd68624,2017-04-09 05:33:03,0.9830555555555556,2,67.9,2.0,2.0,2.0,33.95,16.050000000000004,1.0,29.95,train
25a560b9a6006157838aab1bdbd68624,2017-04-09 06:03:31,0.021157407407407406,3,97.85000000000001,3.0,3.0,3.0,32.61666666666667,16.05,1.0,33.95,train
25bd804c580bc1ee0c93d073fae09a84,2017-12-21 04:47:03,26.010659722222222,1,21.409999999999997,1.0,1.0,1.0,21.409999999999997,8.11,1.0,102.24,train
25c88b7eff936d6a6fed64142b760035,2018-07-17 17:16:25,0.0032060185185185186,1,252.38,2.0,1.0,1.0,252.38,31.74,4.0,252.38,test
25cac425f64ae1b78c60c2afae3ec384,2018-01-16 23:21:40,0.0,1,48.95,1.0,1.0,1.0,48.95,15.100000000000001,1.0,91.86,test
25f24493ded5ebebc26a69b5db344e35,2018-02-25 21:24:36,105.04491898148149,1,105.38,1.0,1.0,1.0,105.38,15.39,1.0,105.38,test
25f3cf83109f636d52d288fa4e797111,2018-02-25 21:01:07,0.0,1,42.11,1.0,1.0,1.0,42.11,16.11,1.0,42.11,test
25f3cf83109f636d52d288fa4e797111,2018-02-25 21:01:08,1.1574074074074073e-05,2,84.22,2.0,2.0,2.0,42.11,16.11,1.0,42.11,test
2642f11f7c5588a63213b5e67e8ad0a7,2018-08-04 15:45:19,4.837569444444444,1,118.59000000000003,1.0,1.0,1.0,118.59000000000003,13.400000000000002,1.0,172.87,test
26a6e3e036636ef1d5636f98b66094cc,2018-06-09 09:06:45,143.50690972222222,1,251.65000000000003,1.0,1.0,1.0,251.65000000000003,22.61,1.0,114.69,test
26a6e3e036636ef1d5636f98b66094cc,2018-06-19 12:51:41,10.156203703703703,2,366.34,2.0,2.0,2.0,183.17,18.7,1.0,114.18,test
26a9b95058d46f1e6a685688355a1cdb,2018-05-16 17:25:17,0.003576388888888889,1,111.17,1.0,1.0,1.0,111.17,23.2,3.0,111.17,test
26d1b63e9b8478f84f87188c4877049e,2017-08-08 10:40:16,32.81695601851852,1,408.69000000000005,2.0,2.0,2.0,408.69000000000005,28.69,10.0,188.53,train
26e025af2347c3968f6a578f853a9da2,2018-05-14 17:21:01,223.1358101851852,1,184.26,1.0,1.0,1.0,184.26,64.26,2.0,228.86,test
26f06401a5374fd3d26b6eed06af675f,2018-03-08 22:19:42,1.1574074074074073e-05,1,227.57999999999998,3.0,3.0,2.0,227.57999999999998,61.68000000000001,6.0,75.36,test
270c0ad2a232e4a10be51000bc69eb03,2018-08-16 08:20:09,46.9368287037037,1,51.21999999999999,1.0,1.0,1.0,51.21999999999999,15.319999999999997,1.0,35.13,test
271d3cdd872021b1b6669ad93e8b856b,2018-02-13 16:36:56,0.0,1,65.70999999999998,1.0,1.0,1.0,65.70999999999998,8.719999999999999,5.0,323.0,test
27259fad9054fce994a70f1d117bc402,2017-11-24 23:36:43,241.16833333333332,1,179.48000000000002,1.0,1.0,1.0,179.48000000000002,40.48,1.0,155.26,train
272f0ffe236b0bf765e14f5a2b577a6b,2018-08-02 12:05:59,182.0987037037037,1,239.42,1.0,1.0,1.0,239.42,10.420000000000002,1.0,80.4,test
27517ed34c0406fe07b3a806e33cbc10,2017-10-17 00:34:56,14.222546296296295,1,125.88000000000001,1.0,1.0,1.0,125.88000000000001,19.980000000000004,1.0,56.92,train
2767f1bba0529fe3f48378c05ea40f0f,2018-04-05 11:23:16,279.90447916666665,1,71.81999999999998,1.0,1.0,1.0,71.81999999999998,11.920000000000002,7.0,124.76,test
27d59fe7ff2ed894f826fd4a7e5466ea,2018-03-08 23:18:44,68.2180324074074,1,48.99999999999999,1.0,1.0,1.0,48.99999999999999,14.099999999999998,1.0,50.13,test
27e86d2ae0db33b8d242c9251067d97e,2017-07-14 22:39:12,84.02594907407408,1,102.75,1.0,1.0,1.0,102.75,22.85,3.0,22.78,train
27eecff5a6338f7c36c78ad05eacc575,2018-08-16 16:05:01,9.96931712962963,1,416.86,1.0,1.0,1.0,416.86,17.859999999999996,4.0,130.88,test
280c34dc057ff9f3cd17360673d4b87c,2018-01-16 20:28:07,112.89952546296297,1,79.99999999999999,2.0,2.0,1.0,79.99999999999999,30.2,6.0,91.2,test
281e1e72207e518c29b249a1361a775d,2017-07-27 22:41:07,80.445625,1,275.9599999999999,1.0,1.0,1.0,275.9599999999999,26.060000000000002,2.0,161.71,train
282d49fddab8e95a8673a2a90072cf5c,2018-06-30 00:01:53,390.219849537037,1,617.85,1.0,1.0,1.0,617.85,17.950000000000003,10.0,37.24,test
282dc4abbf2759fb9bb77217f5cd6c4c,2017-12-05 23:31:12,139.2229976851852,1,96.22000000000003,1.0,1.0,1.0,96.22000000000003,16.32,9.0,215.64,train
286d8f01f94a8061cef05c7c49efd8a9,2018-01-21 08:17:29,75.58050925925926,1,56.78,1.0,1.0,1.0,56.78,7.780000000000001,5.0,59.33,test
2878289928927b75d078057c8d91405f,2018-01-08 17:37:09,302.8206134259259,1,179.51000000000002,1.0,1.0,1.0,179.51000000000002,29.509999999999998,8.0,169.09,test
28989ef45087c96e5a4346e88216c2ba,2017-01-21 19:46:23,1.1574074074074073e-05,1,256.06,1.0,1.0,1.0,256.06,36.16,4.0,467.09,train
289dcfbdf9ce2f94565a76800eb71157,2017-11-16 22:02:48,0.0,1,66.41999999999999,1.0,1.0,1.0,66.41999999999999,17.92,6.0,189.98,train
28ad66c8baf13c85d2a936d0b06e73f6,2017-12-25 20:54:32,266.34127314814816,1,54.06,1.0,1.0,1.0,54.06,15.56,5.0,100.53,train
28aea3e12549a3611bbd8d4e3310e4fa,2018-06-06 13:05:39,15.066875,1,64.23000000000002,1.0,1.0,1.0,64.23000000000002,15.23,2.0,160.89,test
28c7e3fb75d7ce1e496dc539443b71da,2017-07-28 09:35:08,0.0,1,253.38,1.0,1.0,1.0,253.38,53.410000000000004,1.0,91.71,train
28cfa4471fab15695744e57ce3036694,2018-01-28 15:08:22,1.1574074074074073e-05,1,112.30000000000001,1.0,1.0,1.0,112.30000000000001,12.399999999999999,10.0,38.01,test
28da99e178f274876e3052c1740c6c87,2017-08-31 10:21:58,19.594988425925926,1,32.0,1.0,1.0,1.0,32.0,15.1,1.0,35.0,train
28dd1607a5e16ed5458919c2afca6476,2018-02-23 13:56:37,1.1574074074074073e-05,1,88.72,1.0,1.0,1.0,88.72,28.82,4.0,77.9,test
291d020953194db1b8578ff8d9959c62,2018-06-03 16:18:39,48.08775462962963,1,224.7,2.0,1.0,1.0,224.7,84.7,3.0,230.7,test
2947c03745112e23dced5a2ab3f8c568,2018-03-05 15:32:16,2.3148148148148147e-05,1,70.44,1.0,1.0,1.0,70.44,15.140000000000002,7.0,63.4,test
294e0922aa06792eea5094656727c0bd,2017-05-20 15:56:32,16.84386574074074,1,202.70999999999998,1.0,1.0,1.0,202.70999999999998,12.719999999999999,1.0,171.44,train
295c05e81917928d76245e842748184d,2018-06-06 11:59:53,90.83517361111112,1,36.389999999999986,1.0,1.0,1.0,36.389999999999986,8.400000000000002,3.0,245.11,test
297ec5afd18366f5ba27520cc4954151,2018-04-18 08:57:18,60.81050925925926,1,48.68000000000001,2.0,1.0,1.0,48.68000000000001,18.679999999999996,1.0,387.57,test
297ec5afd18366f5ba27520cc4954151,2018-05-12 21:23:13,24.517997685185186,2,436.25,3.0,2.0,2.0,218.125,21.900000000000002,4.0,1014.75,test
298c3e1a698283a45f1c94df3942bb3b,2018-03-28 20:52:11,25.050196759259258,1,98.60999999999999,1.0,1.0,1.0,98.60999999999999,13.61,1.0,38.28,test
29d72fba272ad06ed0b2ac6351da042f,2018-05-22 09:20:02,104.91561342592593,1,105.66000000000003,1.0,1.0,1.0,105.66000000000003,13.660000000000002,1.0,162.3,test
29f8e372b3b1d42ad2e00a0b976bfc34,2018-04-30 17:22:01,257.27858796296294,1,232.94,1.0,1.0,1.0,232.94,13.04,2.0,254.94,test
2a17d0a71f5910d7207819f9ca9ec12b,2018-08-04 11:45:44,220.96608796296297,1,47.739999999999995,1.0,1.0,1.0,47.739999999999995,9.34,2.0,98.26,test
2a34af7c4b1b83d78b14cf6b9c32c3b9,2018-03-25 18:27:38,137.68046296296296,1,84.34,1.0,1.0,1.0,84.34,9.339999999999998,8.0,138.57,test
2a36404701b15c414647a2ec2102baba,2018-07-09 19:46:18,265.3522106481482,1,146.12,1.0,1.0,1.0,146.12,26.12,1.0,218.51,test
2a3d4df1de5c9feee497328298916d41,2017-12-28 16:42:46,29.263472222222223,1,56.75,1.0,1.0,1.0,56.75,11.849999999999998,1.0,176.78,train
2a3f4536e732a04cfad59b6e50c2e925,2017-11-11 13:02:47,58.98690972222222,1,51.75,1.0,1.0,1.0,51.75,11.85,1.0,51.75,train
2a532e879c1278727d9d7001890cd333,2018-01-24 11:18:06,2.3148148148148147e-05,1,100.24000000000001,1.0,1.0,1.0,100.24000000000001,15.339999999999998,1.0,104.87,test
2a7f837de6a1999e457b8e3c5619156f,2018-08-01 13:43:51,126.99278935185185,1,88.9,1.0,1.0,1.0,88.9,8.91,8.0,21.38,test
2aba7239448982a76a0a79666419e3a3,2018-01-20 17:53:37,1.1574074074074073e-05,1,227.92000000000002,1.0,1.0,1.0,227.92000000000002,98.02,10.0,39.82,test
2ac4312997e09e6770fd4c3d52adf77a,2018-01-08 23:22:26,4.940277777777778,1,118.44,2.0,2.0,2.0,118.44,29.450000000000003,1.0,39.49,test
2ac6f6d09c75bb721defa2eb7a4f52a1,2017-10-31 00:48:08,49.22748842592593,1,33.68999999999999,1.0,1.0,1.0,33.68999999999999,16.79,1.0,44.82,train
2ae3c67452283d5a0d30b32e0d33296e,2018-01-28 00:12:00,36.99609953703704,1,59.1,1.0,1.0,1.0,59.1,14.100000000000001,1.0,46.15,test
2ae6a57dcdd2f1424598fc480cbf698a,2018-02-18 12:40:55,0.6489930555555555,1,104.56,1.0,1.0,1.0,104.56,17.86,10.0,316.85,test
2b0d2a4ffe3906cd18019c2463cfeee9,2018-07-03 23:40:16,21.439375,1,258.5,1.0,1.0,1.0,258.5,9.01,1.0,258.5,test
2b100d3737ff053e5003640064ee6ad8,2017-10-25 18:46:38,3.472222222222222e-05,1,34.09,1.0,1.0,1.0,34.09,15.100000000000001,1.0,76.76,train
2b161eaf4956b131691842e87b3c39c7,2018-02-27 11:11:22,1.1574074074074073e-05,1,79.84000000000002,1.0,1.0,1.0,79.84000000000002,9.940000000000001,1.0,107.95,test
2b161eaf4956b131691842e87b3c39c7,2018-03-13 09:45:56,13.940671296296296,2,187.79000000000002,2.0,2.0,2.0,93.89500000000001,11.37,1.0,37.38,test
2b174670dbec666bbc68b6e2a4062740,2017-07-10 13:26:40,63.66184027777778,1,256.9100000000001,1.0,1.0,1.0,256.9100000000001,18.92,10.0,75.03,train
2b19910e856b2ba3e7257e63a093a3df,2017-09-26 10:24:26,0.48819444444444443,1,123.60000000000002,1.0,1.0,1.0,123.60000000000002,31.60000000000001,10.0,139.36,train
2b4871f788b44ee004ec2c7fc7cd420b,2017-10-31 12:02:07,105.00069444444445,1,213.03000000000003,1.0,1.0,1.0,213.03000000000003,17.129999999999995,1.0,76.81,train
2b4efa2bb0d9e62ee5e197cacd93c0d6,2018-01-28 15:09:08,133.03907407407408,1,100.30000000000001,1.0,1.0,1.0,100.30000000000001,14.329999999999998,10.0,295.72,test
2b5c14b7e1a3d88ff7e0c46e15851f5f,2017-07-17 16:14:02,0.0,1,79.92,1.0,1.0,1.0,79.92,24.93,2.0,41.14,train
2b5ffb4c42d26e466ad575ecce365aa2,2018-04-13 09:32:23,395.70813657407405,1,41.00999999999999,1.0,1.0,1.0,41.00999999999999,14.11,1.0,107.5,test
2b6ce149982204423f4efac29701255a,2018-01-07 20:09:08,118.09842592592592,1,538.07,1.0,1.0,1.0,538.07,19.07,10.0,88.75,test
2b775b75afa0be08220fb73a7e68df3b,2017-10-30 19:25:26,128.9066435185185,1,72.62,1.0,1.0,1.0,72.62,17.629999999999995,2.0,54.1,train
2b952792a20f6076f6e7a9c6a27ade02,2017-11-25 00:23:00,172.38414351851853,1,47.53999999999999,2.0,1.0,1.0,47.53999999999999,15.559999999999999,4.0,82.6,train
2b9bd15bf8e54b231c518790c55e5f92,2018-06-12 12:25:15,42.72833333333333,1,57.77,1.0,1.0,1.0,57.77,7.870000000000001,2.0,57.99,test
2bd9d2f3cc5d99b1b3d9ff5acd81bd5e,2017-11-06 20:30:25,173.98510416666667,1,48.1,1.0,1.0,1.0,48.1,15.100000000000001,4.0,55.01,train
2be5dce8b491a7bc6a65d6e91bf49812,2018-08-24 10:16:19,257.939212962963,1,35.84000000000002,1.0,1.0,1.0,35.84000000000002,11.85,2.0,114.77,test
2c45ab66a3dae52960147e76a35740ff,2018-08-02 12:05:57,226.99930555555557,1,188.34,1.0,1.0,1.0,188.34,18.439999999999998,10.0,40.25,test
2c6a91479a7dc00d8c9d650d8dee88ca,2018-01-16 21:39:46,70.99704861111111,1,61.00999999999999,1.0,1.0,1.0,61.00999999999999,16.11,2.0,338.52,test
2c961ee955abb3ac9a80babd54ed4156,2018-01-27 12:04:16,6.636597222222222,1,114.44,1.0,1.0,1.0,114.44,15.44,1.0,46.0,test
2ca8ef8560c5cd0f9ddb65d1b1b51380,2017-12-09 17:59:48,1.1574074074074073e-05,1,94.76000000000002,1.0,1.0,1.0,94.76000000000002,28.860000000000003,8.0,111.97,train
2ccc5d0620e07e3b54b83848c31a08fa,2018-03-16 19:39:14,22.017060185185183,1,106.06000000000002,1.0,1.0,1.0,106.06000000000002,17.059999999999995,1.0,74.29,test
2cf396c9e24e7627ff042cccb209b9e6,2017-09-18 23:34:58,39.22082175925926,1,237.15999999999997,1.0,1.0,1.0,237.15999999999997,17.17,3.0,192.14,train
2cff422ea56f68a1e1bdce4371b88d66,2018-05-22 09:55:20,11.031527777777777,1,55.22,1.0,1.0,1.0,55.22,15.23,1.0,55.22,test
2d0aa39055b967248bf551e220b55f59,2018-02-26 18:18:58,1.1574074074074073e-05,1,20.28,1.0,1.0,1.0,20.28,11.85,2.0,36.18,test
2d14556024f4bbe01f147576097c42fe,2018-08-05 21:41:29,208.02980324074073,1,167.45,1.0,1.0,1.0,167.45,38.45,3.0,152.95,test
2d49eaf79111ff286fe657aadbed5a28,2018-05-07 07:17:20,288.66856481481483,1,104.72999999999999,1.0,1.0,1.0,104.72999999999999,19.830000000000002,3.0,46.22,test
2d5e5796e7901464c00407e69739c6db,2018-06-04 09:15:35,350.2914351851852,1,117.16999999999999,1.0,1.0,1.0,117.16999999999999,17.27,3.0,100.22,test
2d7a88002fb4c6073fbef4f59707a0e0,2017-01-19 15:21:44,0.0,1,91.85,1.0,1.0,1.0,91.85,11.95,4.0,167.1,train
2d7c6bd64b139f0f40968dd19c629532,2017-08-01 13:29:51,9.474953703703704,1,106.88,1.0,1.0,1.0,106.88,15.390000000000004,4.0,125.88,train
2dacd79aa5d1a86240b37b6c588de551,2018-02-28 16:07:14,5.787037037037037e-05,1,69.59000000000003,1.0,1.0,1.0,69.59000000000003,19.590000000000003,1.0,319.9,test
2dc7f51f05ba1b1a92608e45e55d1fe1,2017-12-21 20:04:26,294.9632060185185,1,37.71000000000001,1.0,1.0,1.0,37.71000000000001,8.72,3.0,67.43,train
2dcbfb99d95c7ba6eb992a98627f45b8,2017-12-03 20:37:09,5.806041666666666,1,187.43,2.0,2.0,2.0,187.43,47.54,10.0,97.8,train
2dd7f52683f631651a5d94056935e1e1,2018-02-12 20:16:39,5.352997685185185,1,59.33999999999999,1.0,1.0,1.0,59.33999999999999,9.340000000000002,1.0,111.8,test
2ddaeeb8948d70423c3326843412fccf,2018-06-22 09:29:37,6.76136574074074,1,71.71,1.0,1.0,1.0,71.71,7.71,1.0,71.71,test
2ddc001b620bd90d0f4378cfde1db887,2017-10-26 20:36:07,26.535636574074076,1,84.08000000000001,1.0,1.0,1.0,84.08000000000001,13.079999999999998,1.0,254.78,train
2ddc001b620bd90d0f4378cfde1db887,2017-11-16 18:16:55,20.903333333333332,2,338.85999999999996,2.0,2.0,2.0,169.42999999999998,13.934999999999999,1.0,39.6,train
2ddc001b620bd90d0f4378cfde1db887,2018-04-04 14:57:59,138.86185185185184,3,378.46,3.0,3.0,3.0,126.15333333333332,15.156666666666666,1.6666666666666667,104.87,test
2e08911037fe7ec67377711eee1fdbf3,2018-03-01 18:15:16,94.84960648148149,1,43.10000000000002,1.0,1.0,1.0,43.10000000000002,14.100000000000001,1.0,314.68,test
2e0a2166aa23da2472c6a60c4af6f7a6,2017-10-29 10:19:49,252.36877314814814,1,163.42999999999998,1.0,1.0,1.0,163.42999999999998,13.629999999999999,1.0,136.1,train
2e366b0c6451864364bab2e7917ca1bb,2017-05-31 06:32:49,2.0079861111111112,1,56.78,1.0,1.0,1.0,56.78,7.78,1.0,56.78,train
2e43e031f10de28e557c35ef668f9396,2017-01-26 13:15:41,0.0,1,60.650000000000006,1.0,1.0,1.0,60.650000000000006,16.049999999999997,1.0,204.72,train
2e43e031f10de28e557c35ef668f9396,2017-01-26 13:15:42,1.1574074074074073e-05,2,265.37,4.0,4.0,3.0,132.685,33.025,1.0,85.6,train
2e49a3bbeb76297ee0ff49df39c2456c,2018-08-19 15:43:09,485.1893171296296,1,87.58,1.0,1.0,1.0,87.58,14.680000000000003,6.0,117.49,test
2e7c511f54e9d94776c606007d672a22,2018-04-10 18:28:31,1.2313194444444444,1,419.30000000000007,2.0,1.0,1.0,419.30000000000007,19.5,10.0,209.65,test
2e9399fc2fe209771a6f719e14bdb6fe,2017-11-25 00:16:56,0.2763888888888889,1,102.01999999999998,2.0,1.0,1.0,102.01999999999998,32.22,10.0,88.0,train
2ef9e79cf6bf3c0dac3b48c8dd46259e,2018-05-01 15:09:52,41.12582175925926,1,46.230000000000004,1.0,1.0,1.0,46.230000000000004,18.229999999999997,1.0,96.26,test
2f118e666b41b76a61d8cdbbc19f7735,2018-06-30 16:52:04,236.17890046296296,1,188.91,1.0,1.0,1.0,188.91,17.909999999999997,2.0,175.72,test
2f1ae2ed6bbc4661d04c271560570c54,2018-03-31 16:43:35,119.23306712962963,1,59.22999999999999,1.0,1.0,1.0,59.22999999999999,9.34,1.0,52.06,test
2f293b442348c20d12aa4537bd3d7234,2018-05-22 20:14:54,33.028310185185184,1,162.04,1.0,1.0,1.0,162.04,12.14,1.0,151.97,test
2f2f4b5a5700a5b108e6da7f0f5f5bb3,2018-06-07 22:42:55,41.40524305555556,1,102.16999999999999,1.0,1.0,1.0,102.16999999999999,22.27,2.0,101.16,test
2f41863e0922b8d1fbb756691b5c315b,2017-04-06 20:24:10,0.0,1,91.85,1.0,1.0,1.0,91.85,11.95,8.0,180.79,train
2f679a526d3b619beccc26a3d1435de4,2017-12-03 00:00:10,17.356597222222224,1,77.66,1.0,1.0,1.0,77.66,17.670000000000005,2.0,85.63,train
2f7c8c8386941ce0ef458ca7ff304123,2017-08-19 20:46:24,37.353101851851854,1,149.14,1.0,1.0,1.0,149.14,29.239999999999995,10.0,98.79,train
2f87ccd8d2d676d667a844ee5c6a17bd,2018-01-17 15:54:43,117.3335300925926,1,202.76,1.0,1.0,1.0,202.76,21.76,1.0,202.76,test
2fa63db193ecb500d4058cae36026f8f,2018-04-23 21:25:00,8.42318287037037,1,223.08,1.0,1.0,1.0,223.08,83.68,4.0,223.08,test
2fb6dae4fb3a2f917940978144362cd2,2018-04-15 14:27:23,193.88646990740742,1,100.33000000000001,1.0,1.0,1.0,100.33000000000001,15.339999999999996,4.0,89.03,test
2fc5e667ccf2a1c87a798be23f1c920a,2017-11-04 14:02:54,0.0,1,217.77999999999997,1.0,1.0,1.0,217.77999999999997,57.790000000000006,4.0,219.63,train
2fd07dc5dbae616986e00fb72e7a779b,2018-05-06 15:46:21,9.81585648148148,1,58.16,1.0,1.0,1.0,58.16,9.259999999999998,1.0,144.58,test
2fe074ea3cc24b8fd57d29effc995f8b,2017-12-01 07:15:07,229.69104166666668,1,1011.31,1.0,1.0,1.0,1011.31,51.32,3.0,31.75,train
2ff1b818fb048c44dc6629f013cceae6,2017-08-04 15:17:18,0.0,1,193.8,2.0,1.0,1.0,193.8,34.0,10.0,96.12,train
301a6d74a3eb7cd8e3508a045b8fa2e1,2017-08-23 16:22:05,9.832395833333333,1,182.80000000000007,1.0,1.0,1.0,182.80000000000007,17.8,5.0,408.37,train
30a81e307f19e822e7199139fe52b1b0,2017-11-01 08:58:39,8.881145833333333,1,43.09,1.0,1.0,1.0,43.09,15.1,1.0,32.0,train
30a81e307f19e822e7199139fe52b1b0,2018-03-16 16:04:30,135.29572916666666,2,75.09,2.0,2.0,2.0,37.545,15.1,1.0,56.22,test
30b782a79466007756f170cb5bd6bbd8,2018-07-30 22:09:45,15.930358796296296,1,38.27000000000001,1.0,1.0,1.0,38.27000000000001,8.369999999999997,1.0,128.24,test
30d2d6693d77801c2bcdfafbba202462,2018-03-12 19:24:17,17.892789351851853,1,29.409999999999997,1.0,1.0,1.0,29.409999999999997,15.100000000000001,2.0,145.51,test
310647380793836bfa5b7b6b3f518423,2017-08-25 08:58:52,128.96680555555557,1,42.420000000000016,1.0,1.0,1.0,42.420000000000016,14.520000000000001,1.0,118.68,train
310647380793836bfa5b7b6b3f518423,2017-10-18 13:34:48,54.19162037037037,2,161.1,2.0,2.0,2.0,80.55,13.799999999999997,1.0,224.17,train
3110339155d740dc64b31e1666952100,2017-06-07 14:10:15,0.0,1,30.269999999999996,1.0,1.0,1.0,30.269999999999996,9.27,3.0,86.63,train
313febe2adc914a7cb3f6e903f8e13cf,2018-08-13 13:03:17,452.871087962963,1,30.680000000000007,1.0,1.0,1.0,30.680000000000007,12.689999999999998,1.0,130.8,test
314259ece6a9207c6fc02d925fc996b9,2018-03-20 09:24:44,22.961770833333333,1,129.56,2.0,2.0,1.0,129.56,15.560000000000002,1.0,67.36,test
3170ebd8b32a5e2102c9d75e0a7f6d74,2017-08-25 11:16:05,3.9385416666666666,1,68.83000000000001,1.0,1.0,1.0,68.83000000000001,15.13,2.0,207.65,train
317f563ca3576550955f39a346b15be5,2018-02-20 21:00:39,27.90016203703704,1,110.08999999999997,1.0,1.0,1.0,110.08999999999997,12.190000000000001,8.0,220.18,test
318b8659483e12e9cbe1e6550d97f9d9,2017-03-01 12:54:25,20.000833333333333,1,327.77,1.0,1.0,1.0,327.77,17.87,1.0,307.63,train
319aed7fd576c317a96b55a991befb3e,2018-03-24 09:43:16,17.932418981481483,1,33.39000000000001,1.0,1.0,1.0,33.39000000000001,8.399999999999999,1.0,32.38,test
31aa2034dc4b34b06487e22a53b4a07a,2017-09-29 18:39:14,15.749375,1,184.84999999999997,1.0,1.0,1.0,184.84999999999997,34.85,2.0,194.43,train
31bfa97f1ea0663a50ebc5c811ebdf4d,2017-11-02 19:29:31,23.141180555555554,1,706.84,1.0,1.0,1.0,706.84,17.840000000000003,1.0,230.52,train
31d332d20895c5c0baefe55207a0fead,2018-04-19 01:09:37,339.13430555555556,1,67.62,1.0,1.0,1.0,67.62,15.119999999999997,6.0,78.44,test
31d332d20895c5c0baefe55207a0fead,2018-07-17 01:02:33,88.9950925925926,2,146.06,2.0,2.0,2.0,73.03,14.829999999999998,6.5,130.01,test
31d4b05ef830a7347b8f43640eb6511e,2017-02-22 21:56:03,1.1574074074074073e-05,1,133.98000000000002,1.0,1.0,1.0,133.98000000000002,19.08,1.0,189.37,train
31d958dffbf0b744375b5ff0393e6fb3,2017-09-20 06:27:32,126.95549768518518,1,143.83,1.0,1.0,1.0,143.83,13.93,8.0,69.91,train
31e0eb64c5eb715aab04433200ea4ed5,2017-09-20 13:05:16,9.474745370370371,1,100.03,1.0,1.0,1.0,100.03,10.04,5.0,100.03,train
31e2e13cc64f2a3bd9dbde22bbad06b2,2018-01-25 01:39:13,1.285,1,263.03,3.0,3.0,1.0,263.03,104.02999999999999,8.0,87.17,test
31f49e069c399db9c3a0bdf8653e4e8f,2017-09-08 16:38:17,2.3148148148148147e-05,1,112.72999999999996,1.0,1.0,1.0,112.72999999999996,12.829999999999998,1.0,416.04,train
320e13a9e22b4e4cda8c17ed1c140ce0,2017-12-05 22:17:41,8.357592592592592,1,45.0,1.0,1.0,1.0,45.0,15.1,4.0,55.17,train
322740034480eb5fe9d14398aee49d4b,2018-04-04 19:07:44,0.0,1,242.01999999999998,1.0,1.0,1.0,242.01999999999998,32.12,1.0,307.27,test
323f8f14acb90e50f86f1885b6b53c6d,2017-01-30 14:19:23,1.1574074074074073e-05,1,107.99000000000001,1.0,1.0,1.0,107.99000000000001,18.0,8.0,171.8,train
323ff9fd6b4a3edcdf3039e1fb213eb6,2018-07-05 09:39:44,223.8270486111111,1,66.67000000000002,1.0,1.0,1.0,66.67000000000002,17.669999999999998,1.0,318.19,test
32539c368b3b9fa70283a7bce0f23909,2018-02-21 18:14:59,1.1574074074074073e-05,1,44.09,1.0,1.0,1.0,44.09,15.1,4.0,44.09,test
325e19085f3017b73be3d9fd98a93301,2017-01-31 12:01:46,11.780763888888888,1,65.05,1.0,1.0,1.0,65.05,16.05,1.0,65.05,train
326489271c23dd3128b4480220e5232a,2018-05-15 21:10:13,20.95689814814815,1,321.0799999999999,1.0,1.0,1.0,321.0799999999999,21.089999999999996,1.0,352.76,test
3279712e1ea8d52462488b4fb9dd7014,2018-05-18 22:32:01,9.407025462962963,1,136.36,2.0,1.0,1.0,136.36,20.58,1.0,68.18,test
327a01a6885ecfda06a3d5c50fb515c3,2018-05-03 14:00:59,259.264224537037,1,66.1,1.0,1.0,1.0,66.1,17.6,1.0,114.68,test
32b3af6c5548b794f1924e7dc83f9e00,2018-07-19 23:13:29,0.0016319444444444445,1,113.43,1.0,1.0,1.0,113.43,23.43,1.0,163.12,test
32c3312cd5a2dddfdcbd359694cd7ae8,2017-12-23 22:16:16,148.66254629629628,1,126.39000000000001,1.0,1.0,1.0,126.39000000000001,16.4,1.0,128.72,train
32cbbf7b9770feb67a514300686f5485,2018-02-08 20:09:44,0.0,1,87.64,1.0,1.0,1.0,87.64,17.74,3.0,102.83,test
32e93651fbc6d641cffdc40c50d982a3,2017-03-27 19:10:47,1.1574074074074073e-05,1,200.06,1.0,1.0,1.0,200.06,80.07,10.0,182.45,train
32ea3bdedab835c3aa6cb68ce66565ef,2017-09-27 08:20:09,358.94119212962966,1,45.46000000000001,1.0,1.0,1.0,45.46000000000001,15.559999999999999,1.0,56.78,train
32ea3bdedab835c3aa6cb68ce66565ef,2018-06-28 11:46:04,274.1429976851852,2,102.24,2.0,2.0,2.0,51.12,11.669999999999998,1.0,34.92,test
32fb60e2ce6a1f62eeccbc2d33046072,2018-08-06 12:40:45,16.324930555555557,1,246.61,1.0,1.0,1.0,246.61,16.71,18.0,234.64,test
330fdaa06f93c0c6ffb4af7d79c1ef12,2018-06-20 18:53:42,295.9434027777778,1,61.16,1.0,1.0,1.0,61.16,17.6,1.0,46.03,test
33176de67c05eeed870fd49f234387a0,2018-02-22 09:03:59,2.3148148148148147e-05,1,534.32,4.0,1.0,1.0,534.32,62.31999999999999,1.0,430.75,test
33176de67c05eeed870fd49f234387a0,2018-06-04 17:03:57,102.33331018518518,2,965.0699999999999,9.0,2.0,2.0,482.53499999999997,71.785,1.0,288.94,test
33416ee3d4fa56400ec814d7b24bde02,2018-05-09 23:51:53,106.52087962962963,1,105.23999999999998,1.0,1.0,1.0,105.23999999999998,15.249999999999996,10.0,144.66,test
334293c291f43a6aa85020f8597a171f,2017-10-06 08:55:04,66.72038194444444,1,61.79999999999998,1.0,1.0,1.0,61.79999999999998,11.850000000000001,1.0,233.58,train
334d0235ca6f2f09dd55804a26efe952,2018-06-05 21:12:32,55.28958333333333,1,125.52000000000001,1.0,1.0,1.0,125.52000000000001,15.619999999999997,2.0,67.22,test
335be0ca4b7aa8578e364a76efd4da52,2017-06-19 21:27:05,0.0,1,121.16999999999999,1.0,1.0,1.0,121.16999999999999,17.17,5.0,172.53,train
336421b86cc4259a58106da261e0e000,2017-05-09 15:29:51,68.00481481481482,1,280.43999999999994,2.0,1.0,1.0,280.43999999999994,83.84,1.0,282.38,train
339c527109c4c03e8e09bd4b593dab5f,2017-09-27 13:45:14,184.2224652777778,1,95.72000000000003,1.0,1.0,1.0,95.72000000000003,15.769999999999996,1.0,308.27,train
33aa371b7512b6a9fede4f231e212226,2017-09-16 23:26:17,47.99302083333333,1,54.099999999999994,1.0,1.0,1.0,54.099999999999994,15.099999999999998,5.0,249.02,train
33aca86429de0f71ff7118b93bb09712,2017-12-11 23:21:10,60.42122685185185,1,96.88,1.0,1.0,1.0,96.88,7.88,1.0,96.88,train
33b141e373b4f251b033f9ed33d6974d,2018-04-30 10:59:11,200.72733796296296,1,172.42,1.0,1.0,1.0,172.42,17.52,5.0,49.56,test
33b239671c1c878914ed922a0dacd607,2017-06-06 21:33:06,0.13399305555555555,1,57.97,1.0,1.0,1.0,57.97,15.98,1.0,57.97,train
340d924858c395848c127b3e772b6bfd,2018-03-01 12:56:40,244.605,1,235.7,2.0,1.0,1.0,235.7,35.89999999999999,10.0,25.55,test
3442a61b2d5bfd9d605d6943701ad650,2018-03-26 07:03:11,14.496851851851853,1,767.8399999999999,2.0,2.0,1.0,767.8399999999999,95.62,6.0,446.94,test
3443f8095ad309eebbdc8caa8b2bf936,2017-06-13 11:13:23,4.64056712962963,1,56.78,1.0,1.0,1.0,56.78,7.779999999999999,2.0,108.12,train
345759b8cb3d30586551de1ca6905df0,2018-07-03 18:36:57,348.15283564814814,1,208.7399999999999,1.0,1.0,1.0,208.7399999999999,58.84,1.0,847.38,test
345817899c325d8b41c9e88011a8ab43,2018-03-14 21:15:35,246.06386574074074,1,71.53,1.0,1.0,1.0,71.53,16.63,3.0,54.13,test
346534c8088852932d947f4b8fea3959,2017-07-26 15:04:07,49.13638888888889,1,437.0899999999999,1.0,1.0,1.0,437.0899999999999,57.10000000000001,10.0,103.73,train
346fce1712054d4339be023a27c38f13,2018-02-26 15:59:29,2.3148148148148147e-05,1,82.68000000000002,1.0,1.0,1.0,82.68000000000002,28.78,3.0,65.29,test
34b0cd95480e55c2a701293a2b9671b3,2018-08-13 12:22:49,110.20578703703704,1,235.92,2.0,1.0,1.0,235.92,15.280000000000001,10.0,21.28,test
34b0cd95480e55c2a701293a2b9671b3,2018-08-28 10:57:13,14.940555555555555,2,257.2,3.0,2.0,2.0,128.6,11.785,6.0,38.37,test
34fbeb535f3ba8b34bb0f919b0ad36bb,2018-02-18 09:36:02,1.1574074074074073e-05,1,55.09,1.0,1.0,1.0,55.09,15.1,5.0,40.09,test
3504bea0c72ad9e945b63f889702d2d4,2017-12-19 15:16:07,203.13819444444445,1,28.75,1.0,1.0,1.0,28.75,11.849999999999998,1.0,131.44,train
3511aa3ff5fb9645041bf1875415142d,2018-07-28 10:25:00,25.730439814814815,1,70.28,2.0,1.0,1.0,70.28,30.479999999999997,1.0,63.03,test
355ae139c8a163fb77c065a2d1403ed9,2017-05-09 14:38:00,25.9690625,1,166.11,1.0,1.0,1.0,166.11,26.21,5.0,164.44,train
3578707d5fbfaaad05a3862a179bf76d,2018-01-29 10:14:11,2.3148148148148147e-05,1,104.87,1.0,1.0,1.0,104.87,15.380000000000003,1.0,106.37,test
35825208c1a9b2d7cccd2eee08d8cbc6,2018-02-24 20:29:18,0.0,1,31.770000000000003,1.0,1.0,1.0,31.770000000000003,7.78,1.0,57.77,test
359bacb2b5c52b4287667a7bc6c7bc63,2017-05-15 17:13:19,28.330833333333334,1,386.9,2.0,1.0,1.0,386.9,32.9,1.0,194.0,train
35b45b906d1450b3540dc96692f58583,2018-06-28 12:43:39,382.77458333333334,1,258.02,2.0,1.0,1.0,258.02,50.08,1.0,146.12,test
35c62cb24d4c38a9d121fed1a43b2237,2018-08-24 12:41:33,24.83079861111111,1,59.0,1.0,1.0,1.0,59.0,9.1,1.0,59.0,test
35de25c73544f00e8adde226a4d1bdcc,2017-10-01 11:46:49,132.98881944444443,1,257.21,1.0,1.0,1.0,257.21,17.31,4.0,90.17,train
35e146c985a9cf989c91edb4c0c156fa,2017-01-15 17:58:43,1.1574074074074073e-05,1,169.23,1.0,1.0,1.0,169.23,19.33,1.0,169.23,train
35e9d2caa31b87cc3d1ad10d72271140,2017-07-11 07:53:49,11.767106481481482,1,23.269999999999996,1.0,1.0,1.0,23.269999999999996,8.27,1.0,66.72,train
35ecdf6858edc6427223b64804cf028e,2017-08-05 14:55:19,0.0,1,111.54,2.0,2.0,1.0,111.54,47.559999999999995,10.0,107.48,train
35ecdf6858edc6427223b64804cf028e,2017-10-03 01:25:30,58.43762731481481,2,219.02,3.0,3.0,2.0,109.51,45.019999999999996,10.0,233.28,train
35ecdf6858edc6427223b64804cf028e,2017-11-15 13:36:30,43.50763888888889,3,452.30000000000007,4.0,4.0,3.0,150.76666666666668,39.44,10.0,62.66,train
35ecdf6858edc6427223b64804cf028e,2018-03-31 21:18:49,136.32105324074075,4,514.96,5.0,5.0,4.0,128.74,40.269999999999996,9.0,88.94,test
362928c8cd61df2e6951751dffb4be85,2017-10-24 23:15:14,0.0,1,360.99,3.0,3.0,1.0,360.99,41.29,6.0,133.76,train
3633902a0addd1ffc74cbc13d96da288,2018-07-21 16:11:57,32.302650462962966,1,132.08,2.0,1.0,1.0,132.08,36.28,1.0,98.65,test
36445bb429c8bb13c3f8cd6794723647,2017-05-16 17:33:46,1.782673611111111,1,96.83,2.0,2.0,1.0,96.83,33.84,6.0,96.83,train
3648f9e5f51f679ed24deff1f031a093,2017-12-07 09:32:16,25.59173611111111,1,163.25,1.0,1.0,1.0,163.25,18.259999999999998,2.0,65.1,train
3660e33bc132658a08c234cc82e6d0cc,2018-01-09 09:51:36,1.1574074074074073e-05,1,416.59000000000003,2.0,2.0,1.0,416.59000000000003,21.6,10.0,203.78,test
367f4686d7112d69feed92b02a1775ed,2017-05-19 18:13:54,2.3148148148148147e-05,1,164.4,4.0,4.0,1.0,164.4,60.4,10.0,41.1,train
36be413fe0f4a74eee7b764e758730ed,2017-12-01 17:53:36,1.1574074074074073e-05,1,107.78,1.0,1.0,1.0,107.78,17.88,1.0,107.78,train
36cfec707344b75d20e6c7ef583c3b8c,2018-05-20 22:55:19,175.0717361111111,1,66.66999999999999,1.0,1.0,1.0,66.66999999999999,17.67,1.0,69.97,test
370cd3b09ea745fe047fd11db7430441,2017-11-27 22:36:14,1.1574074074074073e-05,1,110.93,1.0,1.0,1.0,110.93,21.029999999999998,6.0,65.62,train
3724bfc68569cc4df876284536b8add9,2017-08-28 17:01:46,100.11391203703704,1,308.42999999999995,1.0,1.0,1.0,308.42999999999995,48.53000000000001,10.0,338.64,train
3725c5b8c1cf5ee69158f66922a862c4,2018-08-19 12:51:50,174.95196759259258,1,36.59,1.0,1.0,1.0,36.59,14.1,3.0,134.28,test
37266d5c6bf5cb0700372d16599a9b21,2018-06-17 23:51:02,252.0921412037037,1,221.56,1.0,1.0,1.0,221.56,36.61,2.0,88.49,test
372b41e8faa2819e0b6346b16cdf402b,2018-07-25 15:19:48,36.05822916666666,1,113.33,1.0,1.0,1.0,113.33,23.429999999999996,10.0,31.11,test
374fcbbfcf189ae177b2f955f9e74b3d,2018-05-22 20:25:50,334.21489583333334,1,25.75,1.0,1.0,1.0,25.75,11.850000000000001,1.0,76.88,test
37545efd489b0b7c9aa20690f344271d,2017-09-18 00:28:52,1.1574074074074073e-05,1,591.4,1.0,1.0,1.0,591.4,41.400000000000006,7.0,306.28,train
37669671d35808111ab0d229e546221f,2018-04-27 14:27:13,13.992569444444445,1,93.38999999999999,1.0,1.0,1.0,93.38999999999999,18.4,1.0,182.13,test
377860a7242c2e503c926b76ab6e0a65,2018-01-08 22:15:07,229.20538194444444,1,49.05,1.0,1.0,1.0,49.05,21.15,1.0,54.05,test
378c06babf08c70f32e748ac24ea33e0,2018-01-16 00:16:07,1.1574074074074073e-05,1,51.85000000000001,1.0,1.0,1.0,51.85000000000001,11.85,1.0,37.05,test
379a5698aeca26ff55abca9bc7fcaa4f,2018-02-28 22:10:48,96.00018518518519,1,86.15000000000002,1.0,1.0,1.0,86.15000000000002,16.25,8.0,118.02,test
37cc3e75e39bb11d75a1982ac0d07c17,2017-02-24 15:46:49,20.680659722222224,1,45.800000000000004,1.0,1.0,1.0,45.800000000000004,20.799999999999997,1.0,62.68,train
37d0b647301742b1b17d627e4c10aeae,2017-12-05 19:03:15,2.3148148148148147e-05,1,89.67,1.0,1.0,1.0,89.67,9.770000000000001,8.0,102.23,train
37d2d1ac62901f9a36cff32ca86c9337,2018-01-24 21:57:44,59.37972222222222,1,90.88,1.0,1.0,1.0,90.88,20.98,1.0,90.88,test
37f2527bb624e379f72a742154fdb762,2018-05-28 15:37:54,17.252407407407407,1,47.239999999999995,1.0,1.0,1.0,47.239999999999995,12.240000000000002,4.0,100.46,test
37f8e7062a53c1a0fca4f59f4c6b1429,2017-10-16 19:39:16,200.3192476851852,1,69.56,1.0,1.0,1.0,69.56,14.559999999999999,1.0,95.31,train
382ad79426068e4ba6ed73491d4441cb,2017-06-04 12:09:59,1.1574074074074073e-05,1,69.24000000000001,1.0,1.0,1.0,69.24000000000001,9.340000000000002,4.0,79.94,train
384d6654ad80e9f1426b7a4ef9e40997,2018-03-20 17:23:39,0.0,1,294.32,2.0,2.0,1.0,294.32,35.64,1.0,123.21,test
3871b0ab0166a2f441fa762f5206cacc,2017-09-10 22:33:41,84.27491898148148,1,57.68000000000001,1.0,1.0,1.0,57.68000000000001,7.780000000000001,3.0,275.47,train
387b38ebe598313ef56ef3df19b192af,2018-07-24 09:01:09,129.97376157407408,1,63.14999999999999,1.0,1.0,1.0,63.14999999999999,11.149999999999999,1.0,22.39,test
388661387449408a9ab88ea55c9f1a0f,2018-03-05 10:43:53,214.90119212962964,1,356.63,1.0,1.0,1.0,356.63,46.63,10.0,34.66,test
38dd3f4e8a4cc5e32dd0a4426a1961fa,2017-08-30 18:14:58,0.006898148148148148,1,48.99,1.0,1.0,1.0,48.99,9.09,4.0,48.99,train
38e74ef4e3bcf3019fd22b84649bf90d,2017-07-10 11:15:04,1.1574074074074073e-05,1,105.39000000000001,1.0,1.0,1.0,105.39000000000001,15.390000000000002,4.0,63.1,train
39104edef5e46d7b8c61848cc95e6d97,2017-09-28 10:32:57,77.76962962962963,1,59.22,1.0,1.0,1.0,59.22,11.73,2.0,25.33,train
39104edef5e46d7b8c61848cc95e6d97,2017-10-01 10:11:40,2.9852199074074073,2,84.55,2.0,2.0,2.0,42.275,10.535,2.0,41.72,train
394ac4de8f3acb14253c177f0e15bc58,2018-03-05 19:53:08,73.02042824074074,1,148.28,1.0,1.0,1.0,148.28,8.72,1.0,23.3,test
394ac4de8f3acb14253c177f0e15bc58,2018-03-15 17:06:45,9.884456018518518,2,171.58000000000004,2.0,2.0,2.0,85.79000000000002,8.560000000000002,1.0,163.89,test
394ac4de8f3acb14253c177f0e15bc58,2018-06-20 12:34:14,96.81075231481482,3,335.46999999999997,3.0,3.0,3.0,111.82333333333332,12.003333333333336,1.0,133.2,test
394ac4de8f3acb14253c177f0e15bc58,2018-08-15 18:01:23,56.2271875,4,468.66999999999996,4.0,4.0,4.0,117.16749999999999,12.3775,1.0,276.74,test
39618678c9395910a7d675df2b0af941,2018-07-22 18:14:46,1.1574074074074073e-05,1,109.72000000000003,1.0,1.0,1.0,109.72000000000003,19.819999999999993,1.0,204.36,test
397b44d5bb99eabf54ea9c2b41ebb905,2018-02-06 18:21:30,26.253541666666667,1,286.6399999999999,1.0,1.0,1.0,286.6399999999999,16.64,2.0,839.77,test
397b44d5bb99eabf54ea9c2b41ebb905,2018-05-19 09:12:17,101.61859953703704,2,1126.4099999999999,4.0,4.0,2.0,563.2049999999999,33.205,1.5,314.95,test
397b44d5bb99eabf54ea9c2b41ebb905,2018-06-17 19:21:01,29.42273148148148,3,1441.3600000000001,5.0,5.0,3.0,480.4533333333334,28.786666666666665,2.0,315.16999999999996,test
3991c84b618da2e02b44ba48aba925d1,2018-02-14 13:47:37,1.1574074074074073e-05,1,40.07,1.0,1.0,1.0,40.07,15.1,4.0,40.07,test
399a2a06a7ddefb3b09460ba6a1bcf12,2018-05-07 22:14:31,0.01480324074074074,1,57.290000000000006,1.0,1.0,1.0,57.290000000000006,7.39,1.0,24.39,test
39ae2ab725be4a0db66896735a49dac7,2017-07-10 13:33:18,1.1574074074074073e-05,1,27.769999999999996,1.0,1.0,1.0,27.769999999999996,7.78,2.0,97.87,train
39ce02a045b8e7b0329984df3109957b,2017-09-27 20:46:43,99.92329861111111,1,56.78,1.0,1.0,1.0,56.78,7.78,1.0,56.78,train
39d28c99c5382bfc238c047203595443,2017-11-20 19:57:03,34.01795138888889,1,28.0,1.0,1.0,1.0,28.0,15.1,1.0,28.0,train
39fff7cb5873a7116b02234bd1e6c6dc,2018-05-03 18:54:48,213.42306712962963,1,49.75,1.0,1.0,1.0,49.75,11.849999999999998,4.0,75.79,test
3a131e6c88849b1d0b28020c3809ea29,2017-11-05 22:41:51,8.101851851851852e-05,1,117.60000000000001,2.0,2.0,1.0,117.60000000000001,28.199999999999996,1.0,81.21,train
3a2681b8e4c9f2171aaade5d578f2cb7,2018-08-08 14:38:18,87.13016203703704,1,264.37,1.0,1.0,1.0,264.37,34.47,4.0,52.75,test
3a2d236fc85fdf338f179ca0cd725433,2017-07-31 12:32:16,58.63446759259259,1,42.94,1.0,1.0,1.0,42.94,16.79,1.0,46.69,train
3a41ac64aa715256d81e129f02b451bf,2018-07-13 10:56:30,64.05322916666667,1,54.129999999999995,1.0,1.0,1.0,54.129999999999995,18.229999999999997,1.0,54.25,test
3a43af6775cec872d9a3c80707eb3336,2018-05-07 10:45:57,94.52341435185186,1,308.35,1.0,1.0,1.0,308.35,9.35,8.0,192.68,test
3a4acf4c4c97cc25075d29f8d29f405b,2018-05-20 20:27:37,11.453194444444444,1,299.74,1.0,1.0,1.0,299.74,19.839999999999996,8.0,206.49,test
3a502a4d1e63887120fdc3b323224d70,2017-11-08 20:44:33,1.1574074074074073e-05,1,98.83000000000001,2.0,2.0,2.0,98.83000000000001,15.879999999999999,5.0,54.34,train
3a5b0d10ee72cefb504df217532a4e6a,2018-02-27 15:22:01,2.3148148148148147e-05,1,138.07,1.0,1.0,1.0,138.07,19.07,3.0,63.8,test
3a649b3c6b379a427fa6f4a5f646a43d,2017-08-11 16:25:03,0.0,1,96.7,1.0,1.0,1.0,96.7,11.8,3.0,86.86,train
3a73ce6fc3b392e1ca609b5548418c36,2018-01-23 14:50:49,7.188935185185185,1,152.27999999999997,2.0,1.0,1.0,152.27999999999997,68.29999999999998,1.0,150.89,test
3aa71d539bb760f054b280604391602a,2017-12-02 08:50:35,1.1574074074074073e-05,1,70.83,1.0,1.0,1.0,70.83,15.830000000000002,4.0,87.05,train
3ae522de6b23a3699ef105d4c4b3b82d,2017-10-03 20:39:34,41.16395833333333,1,39.089999999999996,1.0,1.0,1.0,39.089999999999996,14.1,3.0,43.1,train
3af90f255e824d1d53b3584a4e89ad58,2018-05-10 15:49:11,466.888125,1,78.0,2.0,1.0,1.0,78.0,18.0,5.0,146.68,test
3b6f5d22fb32e6ac2fbbb944b18cf1bb,2017-07-24 13:40:58,2.3148148148148147e-05,1,100.18000000000004,2.0,1.0,1.0,100.18000000000004,28.200000000000003,1.0,163.78,train
3b92b8617254e581d164b5d213d437a2,2018-01-08 12:54:10,262.80925925925925,1,44.47,1.0,1.0,1.0,44.47,17.780000000000005,4.0,135.59,test
3b93b770a314d48d7f698a09cab03370,2018-07-05 02:06:49,8.921851851851851,1,133.8,1.0,1.0,1.0,133.8,15.930000000000001,1.0,89.3,test
3b97119ab53db4ae0144dff13c2ee26b,2018-06-06 08:06:18,38.62583333333333,1,585.39,1.0,1.0,1.0,585.39,26.49,8.0,585.39,test
3bab949ef05da8e9b3cfd541b6af0ffd,2017-06-11 12:44:42,41.92149305555556,1,325.92,1.0,1.0,1.0,325.92,25.920000000000005,1.0,90.88,train
3bab949ef05da8e9b3cfd541b6af0ffd,2017-06-11 12:44:43,1.1574074074074073e-05,2,416.79999999999995,2.0,2.0,2.0,208.39999999999998,23.449999999999996,1.0,329.48,train
3bcd0ddf751cb9542efe9f6299fad626,2018-07-06 17:13:33,8.948032407407407,1,37.58000000000001,1.0,1.0,1.0,37.58000000000001,15.260000000000002,3.0,171.34,test
3be412c1321c061d6f85c5e41530ce2d,2018-03-22 14:41:50,282.0116087962963,1,62.00999999999999,1.0,1.0,1.0,62.00999999999999,16.11,3.0,158.58,test
3bfda42ef722cb59c430e6be0b68628c,2017-07-22 00:29:43,16.029918981481483,1,116.93999999999998,1.0,1.0,1.0,116.93999999999998,17.940000000000005,1.0,72.14,train
3c166bd80203dfb723ba32f64bedd87b,2018-05-08 12:33:53,19.660081018518518,1,144.30999999999997,1.0,1.0,1.0,144.30999999999997,25.31,2.0,184.09,test
3c25f47ab68536a1d3d6b29b9c8b7e63,2017-11-28 13:33:44,69.0695949074074,1,91.39,1.0,1.0,1.0,91.39,9.390000000000002,1.0,25.75,train
3c3dbbf3d36a7a4587efada79a3166cd,2018-03-07 14:04:21,7.126342592592593,1,110.02,1.0,1.0,1.0,110.02,16.419999999999998,2.0,113.23,test
3c555d15cca5369965d1759ad9530a66,2018-05-13 07:12:41,19.863043981481482,1,465.27,1.0,1.0,1.0,465.27,43.27,10.0,87.24,test
3c884190b71bbb36aab161465ff1d2c7,2018-02-17 01:20:12,6.031828703703703,1,48.599999999999994,1.0,1.0,1.0,48.599999999999994,15.100000000000001,1.0,76.18,test
3cd4207d6ce944798257ac5953640a40,2018-03-26 12:26:23,159.84622685185184,1,102.84,1.0,1.0,1.0,102.84,17.839999999999996,3.0,71.34,test
3d4cd13fd525234c1c4a2304fbe769e0,2017-12-12 23:41:30,0.0,1,116.36,1.0,1.0,1.0,116.36,16.460000000000004,4.0,87.64,train
3d4f12dece1264e5d6321f1b7f003336,2018-08-24 17:59:20,206.30712962962963,1,20.68,1.0,1.0,1.0,20.68,7.780000000000001,1.0,37.71,test
3d50a44231c2a153219cef76ee3e445d,2018-02-22 09:54:40,308.98181712962963,1,136.04,1.0,1.0,1.0,136.04,16.140000000000008,1.0,227.22,test
3d71bc3ae0c9f857ffe17636e0d59aab,2017-06-09 10:05:46,15.375833333333333,1,33.78,1.0,1.0,1.0,33.78,16.79,3.0,65.78,train
3d740e7cbf7e5b18027f204bd01b0be4,2017-08-12 01:33:51,1.1574074074074073e-05,1,61.90999999999999,1.0,1.0,1.0,61.90999999999999,16.11,6.0,55.01,train
3d75cbf8643a1c15723adb850fb5f928,2018-03-03 23:35:15,48.28950231481482,1,59.34000000000001,1.0,1.0,1.0,59.34000000000001,9.340000000000002,5.0,62.21,test
3d93772915efa454a89bf52047b0b285,2018-07-05 19:45:19,177.26643518518517,1,159.26,1.0,1.0,1.0,159.26,23.269999999999996,2.0,196.05,test
3daa1c97a3155484f70c88b19c90dfb5,2018-07-18 19:54:15,281.208912037037,1,386.78999999999996,1.0,1.0,1.0,386.78999999999996,27.79,3.0,375.26,test
3db6e5afa8e8178a29afc729855315e2,2017-09-30 15:15:04,114.04377314814815,1,85.60000000000001,1.0,1.0,1.0,85.60000000000001,25.700000000000003,1.0,76.76,train
3db6e5afa8e8178a29afc729855315e2,2017-11-24 18:28:18,55.13418981481482,2,162.36,2.0,2.0,2.0,81.18,21.28,1.0,616.98,train
3de0c9303f39b7ccfe69ca11aee19cc6,2018-03-02 12:08:34,41.917939814814815,1,523.98,1.0,1.0,1.0,523.98,23.990000000000002,10.0,118.07,test
3de0c9303f39b7ccfe69ca11aee19cc6,2018-04-25 11:42:05,53.9816087962963,2,642.05,2.0,2.0,2.0,321.025,18.529999999999998,8.0,83.75,test
3df4912077693dc7933267da9542825c,2018-02-11 11:17:16,224.55145833333333,1,218.64,1.0,1.0,1.0,218.64,18.65,10.0,27.05,test
3e3d56f9737c010ccb5b67c601a18b53,2018-07-31 10:05:29,8.788796296296296,1,52.579999999999984,2.0,1.0,1.0,52.579999999999984,14.78,1.0,160.05,test
3e43e6105506432c953e165fb2acf44c,2017-12-01 09:30:36,73.60927083333333,1,98.72,4.0,3.0,1.0,98.72,31.130000000000003,9.0,115.4,train
3e43e6105506432c953e165fb2acf44c,2017-12-01 22:37:41,0.5465856481481481,2,214.12000000000003,5.0,4.0,2.0,107.06000000000002,24.529999999999998,8.5,65.1,train
3e43e6105506432c953e165fb2acf44c,2017-12-01 22:37:42,1.1574074074074073e-05,3,279.21999999999997,6.0,5.0,3.0,93.07333333333332,21.386666666666667,7.666666666666667,364.18,train
3e43e6105506432c953e165fb2acf44c,2018-01-11 10:56:15,40.512881944444445,4,643.3999999999999,8.0,7.0,5.0,160.84999999999997,22.86,8.25,132.95,test
3e43e6105506432c953e165fb2acf44c,2018-02-12 10:12:54,31.969895833333332,5,776.3499999999999,9.0,8.0,6.0,155.26999999999998,21.078,8.6,130.58,test
3e43e6105506432c953e165fb2acf44c,2018-02-12 10:12:55,1.1574074074074073e-05,6,906.93,11.0,10.0,7.0,151.155,21.661666666666665,8.0,65.87,test
3e43e6105506432c953e165fb2acf44c,2018-02-20 10:45:22,8.022534722222222,7,972.8000000000001,12.0,11.0,8.0,138.9714285714286,20.264285714285712,7.571428571428571,76.17,test
3e43e6105506432c953e165fb2acf44c,2018-02-27 18:36:39,7.327280092592592,8,1048.97,13.0,12.0,9.0,131.12125,19.75375,7.0,123.69,test
3e47025034c5a31cff56168ac0519f1f,2018-04-18 16:51:33,13.027789351851851,1,48.21000000000001,1.0,1.0,1.0,48.21000000000001,18.23,1.0,48.22,test
3e5306add1209e5ba184092dd1587282,2017-11-15 23:23:55,304.54819444444445,1,54.95,1.0,1.0,1.0,54.95,16.050000000000004,5.0,54.5,train
3e5306add1209e5ba184092dd1587282,2018-01-11 15:11:40,56.65815972222222,2,109.45000000000002,2.0,2.0,2.0,54.72500000000001,16.825,5.0,100.34,test
3e5dd5efb71f831fffee3735c9e41e87,2018-02-13 10:20:55,1.1574074074074073e-05,1,91.86000000000001,1.0,1.0,1.0,91.86000000000001,16.96,1.0,84.82,test
3e6658866cc636c1762c080ed56f44e6,2018-03-19 20:06:48,393.15747685185187,1,22.55000000000001,1.0,1.0,1.0,22.55000000000001,15.650000000000006,1.0,269.12,test
3e7bb77746c1489704b3e041860dfb6d,2018-06-24 18:24:56,48.30839120370371,1,92.1,1.0,1.0,1.0,92.1,22.2,1.0,61.99,test
3ea4185126195c34ed9949d8e406d570,2017-08-29 19:04:14,57.975706018518515,1,209.11,1.0,1.0,1.0,209.11,15.11,10.0,517.25,train
3ea4185126195c34ed9949d8e406d570,2018-07-18 22:34:08,323.1457638888889,2,726.36,2.0,2.0,2.0,363.18,16.68,10.0,80.27,test
3ec83b54e0afb70def9480cd6b9097f7,2018-02-27 12:23:58,0.001400462962962963,1,1029.8399999999997,6.0,1.0,1.0,1029.8399999999997,130.2,1.0,514.92,test
3edcab192482e9871c17b34cf98c3996,2018-08-04 14:40:31,25.82920138888889,1,128.03999999999996,1.0,1.0,1.0,128.03999999999996,9.340000000000002,1.0,126.23,test
3f00548d480f59bdac5e1ad8a68dcfe1,2018-01-15 16:14:03,91.05429398148148,1,113.48,1.0,1.0,1.0,113.48,13.580000000000002,10.0,116.73,test
3f1ae9854823f7c0a8027bd994b2ce64,2018-04-03 17:00:04,21.15394675925926,1,170.18,2.0,1.0,1.0,170.18,30.38,3.0,170.18,test
3f36fa15a16c4850992aa0f33561906e,2017-06-01 16:05:36,115.04938657407408,1,108.66,1.0,1.0,1.0,108.66,20.670000000000005,1.0,96.16,train
3f5534bf8c9378ee05b7dd684cb20e8a,2017-11-07 10:46:50,35.059872685185184,1,73.15,1.0,1.0,1.0,73.15,16.16,3.0,73.15,train
3f6ac9a49767899814866524054ba779,2017-04-07 09:45:56,2.3148148148148147e-05,1,101.13999999999999,1.0,1.0,1.0,101.13999999999999,11.24,10.0,85.25,train
3fdc39171d444e1a1cd4da98ac2e4adb,2018-04-11 21:37:23,42.26701388888889,1,215.8,1.0,1.0,1.0,215.8,16.15,4.0,199.14,test
3fe3e628c6c7a15ae96416826a4c5952,2018-08-18 17:01:48,389.90085648148147,1,132.02999999999997,1.0,1.0,1.0,132.02999999999997,12.039999999999997,3.0,258.9,test
3ff874206f1d7d1e3ffe12bc9c88c27c,2018-07-31 14:36:47,361.20346064814817,1,45.0,1.0,1.0,1.0,45.0,15.099999999999998,2.0,77.51,test
4041baa51d9eae8f5955ccd4f02bb044,2018-07-22 21:51:37,431.0245949074074,1,62.349999999999994,1.0,1.0,1.0,62.349999999999994,15.099999999999998,1.0,100.41,test
4046cc9e4828038b58ee191e1f713466,2018-06-10 19:37:05,59.93239583333333,1,63.41999999999999,1.0,1.0,1.0,63.41999999999999,13.430000000000003,1.0,164.28,test
4067ba7df47a2bcb753ae5f7530fc7cc,2017-05-30 11:43:19,7.90212962962963,1,93.48,1.0,1.0,1.0,93.48,13.58,3.0,82.73,train
40730ca1af9742bd0bdbcef270ff4c76,2017-11-28 15:40:08,146.99577546296297,1,42.379999999999995,1.0,1.0,1.0,42.379999999999995,12.48,4.0,137.6,train
407a6773db6e845737d04a6e27e653b4,2017-09-17 14:14:19,4.260370370370371,1,156.22999999999996,1.0,1.0,1.0,156.22999999999996,25.23,8.0,88.55,train
408aee96c75632a92e5079eee61da399,2018-06-21 21:02:24,506.26663194444444,1,376.89,1.0,1.0,1.0,376.89,26.9,7.0,42.51,test
408b1dc1bf28c3245e5eca9097e14b9f,2018-02-21 22:53:15,122.3189699074074,1,51.43,1.0,1.0,1.0,51.43,11.85,1.0,55.85,test
4092bf290aa60e4f2d4a0dcc2f38c954,2018-06-25 14:30:51,454.9798263888889,1,165.20999999999998,1.0,1.0,1.0,165.20999999999998,15.219999999999999,1.0,418.56,test
409379e6e577c89589dade402e6c2522,2018-03-01 21:22:45,280.86737268518516,1,89.38,2.0,1.0,1.0,89.38,33.57999999999999,8.0,277.61,test
409fffcdaf4d0eb689458f1df6b2c240,2018-01-18 00:19:42,1.1574074074074073e-05,1,266.17999999999995,1.0,1.0,1.0,266.17999999999995,17.18,3.0,139.97,test
410a0462acba9ae869f84450fae8a4ea,2018-05-29 08:41:45,19.42337962962963,1,153.01,1.0,1.0,1.0,153.01,11.61,1.0,123.56,test
4127cb95c20254485869d698037a3dfd,2017-06-09 22:48:58,2.3148148148148147e-05,1,125.23999999999998,3.0,3.0,1.0,125.23999999999998,35.53999999999999,6.0,35.34,train
41348c09a551501117e31f8a4149950c,2017-12-12 22:51:55,29.36841435185185,1,77.99000000000001,1.0,1.0,1.0,77.99000000000001,16.19,2.0,211.12,train
415b073d153528fa1ed35a42e39945da,2018-06-30 11:02:45,0.0,1,62.15,1.0,1.0,1.0,62.15,26.55,1.0,62.15,test
417021b1b4553c55daa22f17dbf37cdc,2018-03-31 11:15:27,1.8990046296296297,1,255.29000000000002,1.0,1.0,1.0,255.29000000000002,155.39,1.0,110.26,test
4186b96df8197e7b4982a751c1dde3b6,2018-08-16 18:16:43,46.24777777777778,1,27.09,1.0,1.0,1.0,27.09,7.4,1.0,27.99,test
418ee6e3b8f19158d67d5039f19783b9,2017-05-15 22:01:22,1.1574074074074073e-05,1,42.11,1.0,1.0,1.0,42.11,16.11,4.0,42.11,train
4191bcfd448dc07138d2951ea4d10008,2017-11-06 19:23:13,154.08959490740742,1,105.27999999999999,1.0,1.0,1.0,105.27999999999999,15.380000000000003,4.0,72.73,train
41b3ab6b1f95cbd2afb361e852a56917,2017-09-13 08:00:50,6.91837962962963,1,32.78,1.0,1.0,1.0,32.78,7.780000000000001,1.0,98.34,train
41b4af321ed477242aebe74652fd8219,2018-06-11 21:01:18,28.980196759259258,1,192.84000000000003,6.0,2.0,2.0,192.84000000000003,61.239999999999995,8.0,61.39,test
41d57ab847e5ccbe403f46b07ee577d6,2018-08-27 22:59:03,175.05313657407407,1,102.67,1.0,1.0,1.0,102.67,12.77,10.0,50.45,test
4220ae19dee604e8c1dddccd4e535502,2018-05-11 20:22:23,135.2516435185185,1,18.04,1.0,1.0,1.0,18.04,11.850000000000001,1.0,42.78,test
42398dee8f2098eec5579129cc1a6f5e,2017-11-28 22:18:10,72.14636574074073,1,150.47000000000003,1.0,1.0,1.0,150.47000000000003,12.47,1.0,142.26,train
423d40b193638955a782839886648464,2018-08-07 23:19:34,472.0696643518518,1,215.09000000000003,1.0,1.0,1.0,215.09000000000003,17.090000000000003,8.0,743.04,test
425634deb94b1080fc7d283f3a644941,2017-10-13 10:21:42,2.779872685185185,1,91.72999999999999,1.0,1.0,1.0,91.72999999999999,25.74,1.0,53.62,train
4291db0da71914754618cd789aebcd56,2018-08-01 08:29:38,71.77107638888889,1,128.45,1.0,1.0,1.0,128.45,14.880000000000003,2.0,499.29,test
429de3d8004cbe46652a0e069fc545e3,2018-01-25 16:24:07,0.018252314814814815,1,34.09,1.0,1.0,1.0,34.09,14.1,1.0,39.09,test
42befda568ea0df110b6cec63c233bea,2018-03-23 13:44:28,165.06016203703703,1,209.98000000000002,1.0,1.0,1.0,209.98000000000002,16.979999999999997,1.0,26.78,test
4307ca57b237ef2790e2a99ebcf3c7db,2018-02-05 18:03:36,2.155219907407407,1,123.68000000000004,2.0,1.0,1.0,123.68000000000004,23.700000000000003,5.0,230.52,test
43255e3df6cda368809baa2fc72872c8,2018-02-10 09:25:05,230.59023148148148,1,37.0,1.0,1.0,1.0,37.0,14.099999999999998,1.0,90.88,test
432aa6200ee9673be90863a912dc91dc,2018-03-13 13:11:48,165.08605324074074,1,42.170000000000016,1.0,1.0,1.0,42.170000000000016,13.370000000000001,2.0,91.18,test
434825743a3426c100c479f571816a81,2017-07-18 08:52:43,1.1574074074074073e-05,1,33.75,1.0,1.0,1.0,33.75,11.85,1.0,40.75,train
43714f2590bcb9f935ae68073d6c34f1,2018-01-22 19:14:06,0.25155092592592593,1,157.3,1.0,1.0,1.0,157.3,8.3,6.0,157.3,test
4377c22228de511d013c6a7560d58a2d,2017-12-02 11:31:32,17.77366898148148,1,130.57,1.0,1.0,1.0,130.57,25.57,1.0,130.57,train
439624e26bc73309799fd718773bdb8a,2017-12-04 09:56:29,122.5757175925926,1,33.68999999999998,1.0,1.0,1.0,33.68999999999998,16.79,1.0,116.45,train
43c73f9043398f0dd2163fc5f825e61a,2017-11-09 12:24:44,15.826273148148148,1,86.15,1.0,1.0,1.0,86.15,16.250000000000004,3.0,157.22,train
43dce1c46f91f3cd233905d0a8b19153,2018-03-06 14:58:36,307.9960300925926,1,101.14,1.0,1.0,1.0,101.14,11.240000000000002,6.0,111.52,test
43f9d5ace80c6d3c5c09544bc2fa8484,2017-12-12 07:56:37,16.912685185185186,1,70.91,1.0,1.0,1.0,70.91,11.909999999999998,7.0,36.85,train
4440347c82849cd13be225a1cafba6ba,2018-03-09 10:24:47,0.00018518518518518518,1,103.46999999999998,1.0,1.0,1.0,103.46999999999998,73.57,10.0,59.61,test
444afd392665f1cc1f3b65ec48063735,2018-02-21 07:41:25,0.0,1,87.55,1.0,1.0,1.0,87.55,12.649999999999999,2.0,81.51,test
4473c7b8da89833fc08fcd3443faea81,2018-02-14 15:22:57,1.1574074074074073e-05,1,24.84,1.0,1.0,1.0,24.84,7.94,1.0,24.84,test
44a22a3351d7f1bb3d337d1be11b41fb,2017-12-17 10:49:02,42.56564814814815,1,56.21,1.0,1.0,1.0,56.21,8.719999999999999,2.0,62.27,train
44adda057b51a700d1e287783b02516e,2018-05-13 23:54:31,20.492962962962963,1,366.13,1.0,1.0,1.0,366.13,17.13,1.0,293.85,test
44b49176f1aca9533b67f3eedab0b2de,2018-06-26 11:20:44,181.64150462962962,1,135.07999999999998,1.0,1.0,1.0,135.07999999999998,45.09000000000001,6.0,76.55,test
44b6bbfea26596437062a38c8e6bcec1,2017-05-23 22:28:36,6.506608796296296,1,24.00999999999999,1.0,1.0,1.0,24.00999999999999,16.110000000000014,1.0,322.86,train
44bd7571a7dad968306f7776bd5a5745,2018-02-19 21:22:19,7.296944444444445,1,93.66,3.0,2.0,1.0,93.66,26.150000000000002,1.0,142.02,test
44dbd08cc06662e0ca8ac504aac75f18,2018-04-22 21:00:26,0.02863425925925926,1,384.34000000000003,2.0,2.0,2.0,384.34000000000003,44.54,8.0,114.16,test
44e64b7162915525578f601e73e72b16,2018-04-23 17:41:34,65.32918981481481,1,33.849999999999994,1.0,1.0,1.0,33.849999999999994,15.100000000000001,3.0,68.31,test
44ed2c2de63bfe22f6596547584d7372,2017-09-16 16:19:14,19.86695601851852,1,78.71000000000001,1.0,1.0,1.0,78.71000000000001,33.71,7.0,66.6,train
453c2895f29b6d9a47f8cb48e00b024b,2018-04-19 18:41:17,213.17332175925927,1,61.8,1.0,1.0,1.0,61.8,11.85,3.0,98.24,test
455b49402053f170c64a3ae7fced73d4,2018-02-17 14:17:35,162.8808101851852,1,159.14,1.0,1.0,1.0,159.14,9.239999999999998,6.0,50.73,test
455c17b35969ca198c17f2fc9e8eba1b,2017-09-14 11:16:49,188.3452199074074,1,232.24,2.0,1.0,1.0,232.24,42.239999999999995,3.0,214.14,train
455c17b35969ca198c17f2fc9e8eba1b,2018-03-10 01:46:47,176.60414351851853,2,446.37999999999994,4.0,2.0,2.0,223.18999999999997,38.19,2.0,257.95,test
456f6d64ecda1b968375d3a68eabfb5c,2018-07-10 14:37:30,122.00440972222222,1,350.06999999999994,1.0,1.0,1.0,350.06999999999994,20.08,10.0,639.52,test
4577881f7a6c10d8eb6bd7f7a82ffa86,2018-07-19 17:22:40,351.025625,1,153.16999999999996,1.0,1.0,1.0,153.16999999999996,8.27,1.0,705.0,test
459759c02362af7a218dd2fe035b3c07,2017-08-16 10:59:07,1.1574074074074073e-05,1,398.37000000000006,2.0,2.0,2.0,398.37000000000006,55.47,10.0,382.82,train
45ca4053806ecd0f595c633184e0ff61,2018-04-18 21:22:49,296.1523148148148,1,167.61,1.0,1.0,1.0,167.61,18.61,8.0,712.25,test
45cfc55a4d5073c50be858369454fc0e,2018-04-21 08:51:36,296.6893865740741,1,13.170000000000016,1.0,1.0,1.0,13.170000000000016,8.27,1.0,321.16999999999996,test
45df9d71b80f651fcfd26763eebd027a,2017-12-01 12:18:11,6.944444444444444e-05,1,96.22,1.0,1.0,1.0,96.22,16.320000000000004,1.0,107.78,train
46014217dceae9154e4f85ae292bc9d0,2018-07-19 11:22:55,0.0,1,44.500000000000014,1.0,1.0,1.0,44.500000000000014,14.510000000000002,1.0,85.23,test
4644f1b187e390a08b4c66fb16c91364,2018-03-16 11:19:46,0.0115625,1,609.66,6.0,1.0,1.0,609.66,159.66,1.0,609.66,test
4658b26bcea972ed0b86a5f8c61718be,2018-06-10 10:05:52,488.8359837962963,1,317.2,1.0,1.0,1.0,317.2,17.21,6.0,291.68,test
4666e7be827bb14bf746a56f740e62c5,2017-05-21 07:59:40,2.3148148148148147e-05,1,72.13999999999999,1.0,1.0,1.0,72.13999999999999,15.150000000000002,6.0,80.19,train
4681829483318507ed55682649de6571,2018-01-30 13:05:27,68.02046296296297,1,498.03999999999996,2.0,1.0,1.0,498.03999999999996,58.24000000000001,2.0,244.74,test
46958f708ade6b6a88b2e5aca1e66de5,2017-08-30 06:22:58,1.1574074074074073e-05,1,52.01,1.0,1.0,1.0,52.01,16.11,1.0,52.01,train
46958f708ade6b6a88b2e5aca1e66de5,2017-08-30 06:22:58,0.0,2,104.02000000000001,2.0,2.0,2.0,52.010000000000005,16.11,1.0,52.01,train
46b061196b47dfe9318d38bab6a40ee7,2018-01-13 00:03:20,4.530057870370371,1,57.77000000000001,1.0,1.0,1.0,57.77000000000001,7.779999999999999,5.0,139.0,test
46da36c3df7118852b770394d1ba2be5,2018-08-04 05:55:28,408.19097222222223,1,53.629999999999995,1.0,1.0,1.0,53.629999999999995,11.73,2.0,71.37,test
46ed126bcf1df6e195dbc63d7c320983,2018-08-21 09:04:18,457.04185185185185,1,217.06,1.0,1.0,1.0,217.06,17.159999999999997,9.0,43.32,test
4702945c3b363dd3a5d1cbe913cc95d2,2017-10-11 13:36:30,1.1574074074074073e-05,1,40.0,1.0,1.0,1.0,40.0,15.100000000000001,1.0,65.99,train
4702ba5faa8283e0f6b6a545cdaf8a9f,2018-08-07 17:11:14,449.00827546296296,1,84.68999999999997,1.0,1.0,1.0,84.68999999999997,25.689999999999998,1.0,211.84,test
4711348768db55c57a67aba080ead566,2018-06-07 20:45:20,22.096122685185186,1,437.64999999999986,1.0,1.0,1.0,437.64999999999986,38.650000000000006,1.0,1040.55,test
473d9165586cfc6708841d07adf6c020,2018-05-16 10:40:30,79.79217592592593,1,329.58000000000004,2.0,2.0,2.0,329.58000000000004,50.59,1.0,316.4,test
47544c4d42f988172faedb4b05231671,2018-06-03 11:49:20,30.82434027777778,1,59.11999999999999,1.0,1.0,1.0,59.11999999999999,19.32,5.0,113.11,test
4754e3b66497719a91b36268ed9c5718,2017-12-08 09:42:44,1.1574074074074073e-05,1,574.36,1.0,1.0,1.0,574.36,30.36,1.0,306.75,train
4755e6cf97a25760ab159e0457c84a29,2018-06-21 09:17:40,115.63364583333333,1,168.06,2.0,2.0,1.0,168.06,25.259999999999998,2.0,32.37,test
4757b4d81eaab4d270e585126410dc5c,2017-05-01 22:47:34,23.967476851851853,1,45.86,1.0,1.0,1.0,45.86,10.96,3.0,45.86,train
475cab480951109dec3ad6f770167fa5,2017-07-31 10:39:11,28.050833333333333,1,38.75999999999999,1.0,1.0,1.0,38.75999999999999,9.27,3.0,132.14,train
475d4eb16efe698064c2966acd62584c,2018-03-21 09:01:26,1.930925925925926,1,85.35,1.0,1.0,1.0,85.35,15.369999999999997,1.0,55.04,test
477f7f182e8da105ba6713c0d5a24f15,2017-02-22 15:32:48,0.0,1,38.06,1.0,1.0,1.0,38.06,15.56,3.0,233.05,train
479085be6190cd4a8e610b4fcce5f29c,2017-07-21 11:05:42,0.0,1,160.37,1.0,1.0,1.0,160.37,20.47,3.0,25.77,train
47a71b49f98984efd3c62cb213f977e8,2017-11-05 10:38:50,10.898460648148149,1,73.34,1.0,1.0,1.0,73.34,13.44,1.0,73.34,train
47c1a3033b8b77b3ab6e109eb4d5fdf3,2017-08-07 14:14:22,0.0,1,53.11,1.0,1.0,1.0,53.11,15.110000000000001,1.0,71.82,train
47c1a3033b8b77b3ab6e109eb4d5fdf3,2017-08-22 10:14:07,14.833159722222222,2,124.93,2.0,2.0,2.0,62.465,13.515,1.0,142.57,train
47c1a3033b8b77b3ab6e109eb4d5fdf3,2017-09-27 17:59:26,36.32313657407408,3,267.49999999999994,4.0,4.0,3.0,89.16666666666664,20.266666666666666,1.0,401.3,train
47c1a3033b8b77b3ab6e109eb4d5fdf3,2017-11-27 09:08:54,60.631574074074074,4,668.8,5.0,5.0,4.0,167.2,21.025,1.0,214.69,train
47c1a3033b8b77b3ab6e109eb4d5fdf3,2018-01-24 15:15:26,58.25453703703704,5,883.49,6.0,6.0,5.0,176.698,19.778,1.0,60.72,test
47c89a36acb8a73127ec91d0542289b5,2018-05-05 14:20:42,192.02872685185184,1,54.269999999999996,1.0,1.0,1.0,54.269999999999996,9.269999999999998,1.0,94.58,test
481060b29de0e9b3d7f4b2991cfb0767,2018-05-18 23:28:12,3.2236689814814814,1,189.72000000000003,1.0,1.0,1.0,189.72000000000003,9.73,3.0,109.75,test
4820f42c8203dcad5d2c17cf363048b0,2018-01-05 09:00:35,139.89402777777778,1,83.41,1.0,1.0,1.0,83.41,13.509999999999998,1.0,235.28,test
4827d6a02f010b9505e4af04c7fac522,2018-06-23 13:25:09,275.0052430555556,1,32.14999999999999,1.0,1.0,1.0,32.14999999999999,11.849999999999998,3.0,68.55,test
4837d18df7cb3d4baf1a3959d0244554,2018-08-08 14:50:34,0.04853009259259259,1,67.44000000000001,1.0,1.0,1.0,67.44000000000001,18.44,1.0,73.49,test
485b849ef839f0f401da8bfdc7ac2781,2018-01-14 20:18:38,199.30478009259258,1,87.3,2.0,1.0,1.0,87.3,30.200000000000003,4.0,85.74,test
48625b68a29dcfc3aba4b5147e0625aa,2018-02-05 17:27:54,133.4032638888889,1,232.23,1.0,1.0,1.0,232.23,23.330000000000002,1.0,138.09,test
487b72af97cd4e1dcdfae25627f3ea8a,2017-12-08 08:29:41,14.375810185185186,1,351.69,1.0,1.0,1.0,351.69,11.79,1.0,351.69,train
4897a3c64a635a703a71dd2d9189bffa,2017-09-29 09:18:47,167.8210185185185,1,228.60000000000002,1.0,1.0,1.0,228.60000000000002,16.690000000000005,6.0,190.87,train
48fd7dec70f2b104a1d5e8c5c639102b,2017-09-02 11:53:32,124.53052083333333,1,120.79000000000002,1.0,1.0,1.0,120.79000000000002,24.87,10.0,45.5,train
49257d143ec6384f53a6648062252966,2018-03-18 14:49:40,0.0,1,148.97,1.0,1.0,1.0,148.97,38.97,3.0,47.69,test
494e887fef923d79982b3c0e1ab49cdd,2018-07-29 00:43:55,156.35489583333333,1,406.66999999999996,1.0,1.0,1.0,406.66999999999996,16.480000000000004,10.0,68.97,test
495fe7ae31686381c8145b2936e761dc,2018-08-05 18:25:52,340.1733564814815,1,154.2,1.0,1.0,1.0,154.2,34.2,1.0,149.0,test
4962136f755981b83b03f476e66eea7d,2017-11-11 16:13:40,398.1439236111111,1,44.49000000000001,1.0,1.0,1.0,44.49000000000001,14.590000000000003,4.0,163.53,train
4985c6f86aaf1460d9b6fdc74465a5a5,2018-08-02 12:06:56,6.112071759259259,1,118.35,1.0,1.0,1.0,118.35,8.03,1.0,118.35,test
49afeec74ee36fc6e5582ccd16111a14,2017-11-17 13:16:48,0.011145833333333334,1,185.85,1.0,1.0,1.0,185.85,15.95,2.0,209.98,train
49bf911a5666e781425b4fe91495454d,2017-12-04 13:15:11,0.0,1,248.96000000000004,1.0,1.0,1.0,248.96000000000004,33.96,3.0,68.75,train
49c6b1ee895e59043bcd5e2135f08355,2018-05-25 10:55:11,206.9758564814815,1,97.87,1.0,1.0,1.0,97.87,37.97,1.0,122.41,test
49cee01774f85ef576192e1038cf9cc6,2017-09-05 13:52:21,32.994988425925925,1,75.16999999999999,1.0,1.0,1.0,75.16999999999999,16.17,5.0,150.34,train
49d1599dd80dedc213037342bbe43fd7,2017-12-17 10:50:51,197.6210763888889,1,40.769999999999996,1.0,1.0,1.0,40.769999999999996,7.779999999999998,4.0,77.8,train
49d602890c664bcee124fa70e94d9fb1,2017-12-14 11:20:31,88.61783564814814,1,17.68,1.0,1.0,1.0,17.68,7.780000000000001,1.0,55.38,train
49e6749fd8bf4a9218457eb19a92e200,2017-12-05 12:49:56,232.58659722222222,1,240.74,1.0,1.0,1.0,240.74,60.84,1.0,257.1,train
49eb3e27a6fc361609658d710948cef7,2018-05-12 13:59:27,97.12077546296297,1,33.75,1.0,1.0,1.0,33.75,11.85,1.0,143.99,test
4a2ef0b951aa7bdda04470d961d5e755,2017-10-08 19:00:03,6.944444444444444e-05,1,56.519999999999996,1.0,1.0,1.0,56.519999999999996,34.15,5.0,114.17,train
4a433c62dfda8104d295307e855c82a7,2018-03-15 15:21:30,114.85270833333334,1,135.08000000000004,1.0,1.0,1.0,135.08000000000004,45.09,1.0,164.36,test
4a6ccb379c9e5062ad3ce2324222fbf3,2018-03-28 17:03:47,62.0865625,1,21.43,1.0,1.0,1.0,21.43,7.78,1.0,21.04,test
4ad4d9be004941fb8e0ffd31ddbf1f3c,2018-07-16 08:22:32,13.488194444444444,1,86.25,1.0,1.0,1.0,86.25,47.25,1.0,56.35,test
4b384b778ebc0449d0244902bfce7beb,2017-11-19 14:34:44,149.77019675925925,1,84.56,1.0,1.0,1.0,84.56,32.25999999999999,3.0,102.84,train
4b8b7bf8d90bd492c7a61ec3ce264a0a,2018-03-18 15:50:21,0.0,1,106.65999999999998,1.0,1.0,1.0,106.65999999999998,13.560000000000002,2.0,97.05,test
4b979b432abe14a88cd0cde893952677,2017-10-04 18:12:57,29.194652777777776,1,146.68,2.0,1.0,1.0,146.68,26.88,1.0,146.68,train
4badd97df3e4ad6d64508b5c25d4dca9,2018-04-14 20:31:48,1.1574074074074073e-05,1,297.94,1.0,1.0,1.0,297.94,28.04,5.0,47.04,test
4bbaf6f7a10a7e26a8777aa5cb6d5864,2017-11-14 03:16:49,281.3535300925926,1,284.5,2.0,2.0,2.0,284.5,54.7,4.0,220.4,train
4bbaf6f7a10a7e26a8777aa5cb6d5864,2018-03-17 11:24:48,123.33887731481481,2,504.90000000000003,6.0,3.0,3.0,252.45000000000002,59.57000000000001,3.5,49.19,test
4bbba2a307995c25e9d635cc1a9700d0,2017-11-26 18:33:35,0.0,1,216.05,1.0,1.0,1.0,216.05,16.15,21.0,130.57,train
4bf3d072dcf303280e82dc697b516c6f,2017-12-14 16:02:42,6.989895833333334,1,54.27,1.0,1.0,1.0,54.27,9.270000000000001,1.0,61.43,train
4c0bac678bfb8ff0becd5b393b45a884,2018-01-05 14:56:40,0.0,1,217.06000000000006,1.0,1.0,1.0,217.06000000000006,17.160000000000004,1.0,649.14,test
4c112bdeac93a04155c340b65b35c232,2017-06-06 15:19:21,7.977754629629629,1,57.5,2.0,1.0,1.0,57.5,23.699999999999996,5.0,30.299999999999997,train
4c116f8ddec984371284ab7bc860001a,2017-07-25 16:34:00,26.96814814814815,1,35.09,1.0,1.0,1.0,35.09,15.1,1.0,35.09,train
4c3d123168c78dcca6cde5a7274430a5,2017-06-12 08:57:04,28.852118055555554,1,20.28,1.0,1.0,1.0,20.28,7.78,1.0,20.28,train
4c45ebf94ecf4107850d91bc326851c3,2017-09-04 23:02:26,0.0,1,283.19999999999993,1.0,1.0,1.0,283.19999999999993,54.2,10.0,246.36,train
4c4b5dc90eb4e33188153ca3e7999f92,2018-04-08 13:05:01,1.8454050925925927,1,655.0900000000001,1.0,1.0,1.0,655.0900000000001,15.1,10.0,534.25,test
4c5200f7d135c94fcd304cdd0af9837a,2018-05-01 20:40:43,9.278645833333334,1,214.16000000000003,1.0,1.0,1.0,214.16000000000003,24.259999999999998,1.0,428.32,test
4c5ae17e8984ca0916543b159eac0f2c,2017-08-20 19:20:05,4.831122685185186,1,371.88,2.0,2.0,1.0,371.88,31.879999999999995,10.0,206.08,train
4c93744516667ad3b8f1fb645a3116a4,2017-10-15 12:44:13,30.770625,1,282.21,1.0,1.0,1.0,282.21,22.310000000000002,1.0,283.67,train
4cba4382020c8e217faee72173ecb0fc,2018-02-10 17:26:43,1.1574074074074073e-05,1,83.38,2.0,2.0,1.0,83.38,33.58,8.0,41.69,test
4ce423721c74231c174d0bb22367645a,2018-06-09 10:09:59,81.02028935185186,1,178.34,2.0,1.0,1.0,178.34,22.339999999999996,8.0,175.08,test
4ced1b9f8668a9792e5484da6d97b229,2017-10-18 02:11:10,0.1099537037037037,1,29.7,1.0,1.0,1.0,29.7,14.1,1.0,29.7,train
4cfa5155cf7cff8eb15e0b12041d058e,2018-08-04 14:49:43,364.97568287037035,1,73.34,1.0,1.0,1.0,73.34,13.439999999999998,1.0,148.7,test
4d191bb8e1eea602e77b4ab62cf4daac,2018-03-20 16:35:13,0.0,1,46.13,1.0,1.0,1.0,46.13,18.229999999999997,2.0,60.43,test
4d1fe8b6f5e9ee044a14467c8b2832b6,2018-02-07 13:14:43,1.1574074074074073e-05,1,115.81000000000002,1.0,1.0,1.0,115.81000000000002,25.91,1.0,100.23,test
4d28234ccc945685ca892f6184032215,2018-05-08 22:47:43,11.649189814814815,1,21.039999999999992,1.0,1.0,1.0,21.039999999999992,7.389999999999999,1.0,64.03,test
4d2a058cead19bc1e7b3580be5893b2b,2018-01-22 22:42:18,0.0052893518518518515,1,63.27000000000001,1.0,1.0,1.0,63.27000000000001,13.369999999999997,1.0,130.0,test
4d5cbb095f36a674f6f4a852959ad11d,2018-04-06 13:16:51,134.97453703703704,1,47.78,1.0,1.0,1.0,47.78,7.780000000000001,1.0,32.69,test
4d7b6c39aa3c7b53acb8058e4094a593,2018-08-26 12:38:57,187.11709490740742,1,166.57999999999998,1.0,1.0,1.0,166.57999999999998,16.68,3.0,336.16,test
4d98a16aebfef3772cc4d547bcae8761,2017-11-17 21:48:41,23.14633101851852,1,127.53000000000003,1.0,1.0,1.0,127.53000000000003,15.529999999999998,4.0,255.06,train
4d9e104764077f7dfae917c7cc803212,2018-07-23 20:53:38,489.3081481481481,1,35.03999999999999,1.0,1.0,1.0,35.03999999999999,16.049999999999997,1.0,105.32,test
4dcabe94c61f202327839a734955b0cf,2018-03-07 22:26:43,1.978611111111111,1,317.64,3.0,2.0,2.0,317.64,74.85,3.0,84.48,test
4df9aee56fa602c72756abb22ee60b17,2017-12-11 10:06:05,28.050358796296297,1,146.68,2.0,1.0,1.0,146.68,26.879999999999995,2.0,144.86,train
4e15fee963523774998876e3624952f4,2018-08-18 10:00:59,11.591979166666667,1,176.59000000000003,2.0,2.0,2.0,176.59000000000003,36.599999999999994,3.0,112.52,test
4e1cce07cd5937c69dacac3c8b13d965,2017-11-25 15:48:04,1.1574074074074073e-05,1,39.200000000000045,1.0,1.0,1.0,39.200000000000045,17.6,3.0,1191.41,train
4e1cce07cd5937c69dacac3c8b13d965,2018-07-30 16:04:45,247.01158564814816,2,1230.6100000000001,2.0,2.0,2.0,615.3050000000001,29.505000000000003,6.5,63.99,test
4e23e1826902ec9f208e8cc61329b494,2018-03-13 22:28:21,524.4134953703704,1,71.19999999999999,1.0,1.0,1.0,71.19999999999999,11.3,1.0,116.57,test
4e2d666f4bbc94a8ded712172a433d65,2018-04-16 19:54:11,50.414537037037036,1,39.59,1.0,1.0,1.0,39.59,16.6,1.0,72.83,test
4e2d666f4bbc94a8ded712172a433d65,2018-04-17 17:48:12,0.9125115740740741,2,112.42,2.0,2.0,2.0,56.21,19.765,1.0,66.23,test
4e39429218dac10ad4e57dafee3d92d4,2017-11-25 00:18:14,173.28699074074075,1,131.25,1.0,1.0,1.0,131.25,21.26,6.0,58.99,train
4e3b6c25502ef69e5c5e54616bf67ed7,2017-03-09 10:38:32,0.0,1,36.959999999999994,1.0,1.0,1.0,36.959999999999994,10.959999999999997,3.0,73.92,train
4e4b787733d41ea0cb9b69a192bb285e,2017-12-02 09:09:36,5.937534722222222,1,208.51,1.0,1.0,1.0,208.51,18.61,3.0,208.51,train
4e5aba2c9b150920c8c7b5b4ee0c197d,2018-07-25 19:00:24,0.006736111111111111,1,196.66,1.0,1.0,1.0,196.66,10.06,2.0,52.84,test
4e65032f1f574189fb793bac5a867bbc,2017-06-02 09:35:21,67.62207175925926,1,32.860000000000014,1.0,1.0,1.0,32.860000000000014,10.96,3.0,345.05,train
4e65032f1f574189fb793bac5a867bbc,2017-06-24 16:20:33,22.281388888888888,2,377.9100000000001,2.0,2.0,2.0,188.95500000000004,13.504999999999999,6.5,20.28,train
4e65032f1f574189fb793bac5a867bbc,2017-07-16 12:26:05,21.837175925925926,3,398.19,3.0,3.0,3.0,132.73,14.6,5.0,40.56,train
4e65032f1f574189fb793bac5a867bbc,2018-06-14 09:28:49,332.87689814814814,4,438.75,5.0,4.0,4.0,109.6875,19.345,4.75,51.66,test
4e6588068c000d6f539cf24c66a96816,2018-02-19 09:23:33,0.0,1,197.40999999999997,1.0,1.0,1.0,197.40999999999997,17.510000000000005,2.0,793.09,test
4e78d9253ba5cc1d990eb09ea45a3a2c,2017-03-23 15:51:16,1.1574074074074073e-05,1,38.48,1.0,1.0,1.0,38.48,17.779999999999998,3.0,43.52,train
4eda116add853323e439c104b7d0824c,2017-11-23 19:28:37,22.170983796296298,1,73.34,1.0,1.0,1.0,73.34,13.44,7.0,62.44,train
4ef6c02126b21225e011b242f9f79c6f,2017-12-13 12:37:46,206.04783564814815,1,304.80999999999995,1.0,1.0,1.0,304.80999999999995,98.81,2.0,223.48000000000002,train
4f011f45db425dcd3be79d4c11e9ad05,2017-06-11 22:05:06,112.10756944444445,1,49.18000000000001,1.0,1.0,1.0,49.18000000000001,17.190000000000005,3.0,168.82,train
4f0c8db463d2261888faa81900eb33c1,2018-06-30 17:24:11,100.74010416666667,1,56.22,1.0,1.0,1.0,56.22,18.229999999999997,3.0,112.72,test
4f2029f4e7aea8455f5c1cb9de0b7ccd,2017-09-21 19:55:51,47.19247685185185,1,265.49,1.0,1.0,1.0,265.49,16.49,8.0,226.14,train
4f223a62631b82cfb22241007bbd60dc,2018-05-13 18:41:30,103.09381944444445,1,29.679999999999993,1.0,1.0,1.0,29.679999999999993,16.79,2.0,74.01,test
4f477c554c5bd165f95d62b409ac6425,2018-06-09 16:38:17,317.9529513888889,1,98.51000000000002,1.0,1.0,1.0,98.51000000000002,13.61,4.0,43.13,test
4f4943d1a8ac2c4a65d4fba25ee8c0bb,2018-06-18 22:13:40,29.006238425925925,1,37.87,1.0,1.0,1.0,37.87,7.389999999999999,3.0,53.48,test
4f4a4c713a7892d9db23f694fc647d13,2018-01-31 10:15:48,0.0,1,102.05999999999999,1.0,1.0,1.0,102.05999999999999,12.759999999999998,1.0,105.89,test
4f4d2fe2987efa0b9e4e61a466e8ed8b,2018-02-02 08:15:32,158.54871527777777,1,75.07,1.0,1.0,1.0,75.07,15.17,5.0,56.4,test
4f6d635ff2fd4e30ff5369a7b943eb22,2018-02-14 10:26:22,1.1574074074074073e-05,1,57.730000000000004,1.0,1.0,1.0,57.730000000000004,14.100000000000001,1.0,80.21,test
4f88e6285f805c9a823ba23291a65ca3,2017-11-25 19:41:15,12.107905092592592,1,94.21000000000001,1.0,1.0,1.0,94.21000000000001,14.31,2.0,39.1,train
4f8e0cd35c770318d9e8874c2956345a,2018-03-26 11:16:42,19.974328703703705,1,189.0,1.0,1.0,1.0,189.0,39.10000000000001,1.0,378.0,test
4f928a6270233d6c7c4e73919fa12295,2018-02-05 01:06:09,0.01611111111111111,1,102.64000000000001,1.0,1.0,1.0,102.64000000000001,13.640000000000002,2.0,60.85,test
4facc2e6fbc2bffab2fea92d2b4aa7e4,2018-07-20 10:12:21,396.4566550925926,1,163.78999999999996,1.0,1.0,1.0,163.78999999999996,14.789999999999996,8.0,320.1,test
4facc2e6fbc2bffab2fea92d2b4aa7e4,2018-08-09 08:24:53,19.92537037037037,2,483.89000000000004,2.0,2.0,2.0,241.94500000000002,17.495,8.0,406.82,test
4facc2e6fbc2bffab2fea92d2b4aa7e4,2018-08-13 22:51:49,4.602037037037037,3,890.71,3.0,3.0,3.0,296.90333333333336,17.60333333333333,8.666666666666666,870.04,test
4fcf7b9d6a54ded837b9a0ff601bf7ef,2018-02-16 12:21:45,2.708252314814815,1,218.16,1.0,1.0,1.0,218.16,16.16,3.0,134.59,test
4fe67915d44791a5deab2957c2641048,2017-03-04 09:55:08,1.1574074074074073e-05,1,21.709999999999997,1.0,1.0,1.0,21.709999999999997,8.719999999999999,1.0,18.76,train
4ffd7cf05f22d7a320750a2f9e73f665,2017-11-01 21:43:03,55.05776620370371,1,19.75,1.0,1.0,1.0,19.75,11.849999999999998,1.0,256.48,train
503279f30dccc77b5d832f20bd485393,2018-03-12 08:31:35,2.3148148148148147e-05,1,48.129999999999995,1.0,1.0,1.0,48.129999999999995,18.23,1.0,192.76,test
5036f4227f2e546879f581d8fd3e6ec6,2017-07-29 15:38:49,2.3148148148148147e-05,1,108.1,2.0,2.0,2.0,108.1,25.21,5.0,65.69999999999999,train
507dc9becd4fc65635d90682dfa9d3a3,2017-11-24 13:30:59,83.71038194444445,1,124.9,1.0,1.0,1.0,124.9,17.999999999999996,5.0,79.56,train
508cae50c5c1e72079d266a513bca9ae,2018-01-08 21:16:36,0.014201388888888888,1,95.09,1.0,1.0,1.0,95.09,13.590000000000003,3.0,175.08,test
508f416faa150cd3249d045d81c93399,2018-01-08 20:18:13,43.826701388888885,1,144.57,1.0,1.0,1.0,144.57,15.569999999999999,10.0,145.37,test
50915df398391da01c01bd5cf272f61b,2018-04-27 14:11:50,0.0037962962962962963,1,32.42,1.0,1.0,1.0,32.42,13.47,1.0,32.42,test
50a662e7d7e7e2a94112a4f15a37464e,2017-06-27 11:18:05,4.045138888888889,1,246.38,1.0,1.0,1.0,246.38,26.380000000000003,3.0,202.0,train
50ad9fb3ba7f8cf336529fe94a182996,2017-10-01 13:16:54,147.82043981481482,1,211.90999999999997,1.0,1.0,1.0,211.90999999999997,32.01,10.0,179.26,train
50cd97d731f3f5e3f321673c2671a23d,2017-12-19 18:12:02,96.93774305555556,1,153.09999999999997,1.0,1.0,1.0,153.09999999999997,17.200000000000003,6.0,110.19,train
50cd97d731f3f5e3f321673c2671a23d,2017-12-19 18:12:04,2.3148148148148147e-05,2,263.28999999999996,2.0,2.0,2.0,131.64499999999998,14.694999999999999,3.5,153.1,train
50e1b12ee1e2eab6157d9c0b035136af,2018-02-09 09:46:19,1.987986111111111,1,30.999999999999993,1.0,1.0,1.0,30.999999999999993,14.099999999999998,1.0,37.63,test
511152350c802fe363fd2417b1a09357,2018-01-24 12:27:32,0.9498611111111112,1,35.78999999999999,1.0,1.0,1.0,35.78999999999999,16.79,1.0,62.69,test
5126071e8e67f61789f6ce9f3af56143,2017-12-20 17:27:11,1.1574074074074073e-05,1,225.11,1.0,1.0,1.0,225.11,13.61,10.0,225.11,train
51378a8908cdc12c6545fdf842383c97,2017-03-17 18:15:27,12.237048611111112,1,443.86000000000007,1.0,1.0,1.0,443.86000000000007,24.86,2.0,478.33,train
514f8ca0f04813ed414874f8f422e6c3,2018-02-27 20:58:09,186.03006944444445,1,13.780000000000001,1.0,1.0,1.0,13.780000000000001,7.779999999999998,1.0,138.14,test
518199e5f36305bffce18e38aa2642aa,2017-10-06 22:30:26,0.00800925925925926,1,74.03,1.0,1.0,1.0,74.03,14.13,3.0,74.03,train
51838d41add414a0b1b989b7d251d9ee,2017-03-13 18:14:37,1.1574074074074073e-05,1,99.25999999999999,1.0,1.0,1.0,99.25999999999999,14.360000000000001,1.0,163.43,train
51838d41add414a0b1b989b7d251d9ee,2017-06-04 14:53:58,82.86065972222222,2,262.69,2.0,2.0,2.0,131.345,13.995,1.0,48.17,train
51c23d1b01aebce5a1e32e3d9b312aa3,2018-02-06 19:06:17,7.024791666666666,1,103.33000000000001,1.0,1.0,1.0,103.33000000000001,23.43,1.0,28.69,test
51c2f039f08424330a6bbba4c9949d98,2017-06-25 16:16:00,0.0,1,244.14999999999998,1.0,1.0,1.0,244.14999999999998,14.159999999999997,10.0,67.87,train
51d11e5abc725531b3a2fd56456885fa,2018-02-14 12:48:24,1.1574074074074073e-05,1,163.06,1.0,1.0,1.0,163.06,14.059999999999999,5.0,254.7,test
51d121ddc025c1b70f8f62a1b727aecf,2017-08-30 23:28:35,85.50034722222222,1,166.63000000000002,2.0,2.0,1.0,166.63000000000002,69.83000000000001,8.0,224.6,train
51d8d985d769925b981b4a34ddf6dfc6,2018-05-03 13:28:29,241.80267361111112,1,216.07,1.0,1.0,1.0,216.07,26.17,5.0,165.26,test
51d91326ffc0688da14a001de38c264b,2017-08-15 21:44:47,0.0,1,226.24,1.0,1.0,1.0,226.24,26.239999999999995,3.0,288.27,train
51d91326ffc0688da14a001de38c264b,2017-08-26 18:31:19,10.865648148148148,2,514.51,2.0,2.0,2.0,257.255,42.25999999999999,3.0,221.21,train
51dc56123336c573f2977f5da81b17b9,2017-09-28 09:03:53,153.9959375,1,231.45000000000005,1.0,1.0,1.0,231.45000000000005,21.549999999999997,3.0,537.79,train
523730e4b2ef7654c243699b81763112,2017-05-07 20:22:16,102.96210648148148,1,179.83,1.0,1.0,1.0,179.83,29.93,1.0,50.0,train
523b7915f240831d06b34ab9b804a200,2018-05-18 13:37:26,265.9481712962963,1,59.359999999999985,1.0,1.0,1.0,59.359999999999985,13.370000000000001,5.0,152.77,test
525236008daa62b6022f35142ef864d3,2018-02-03 09:27:17,120.65730324074075,1,86.15,1.0,1.0,1.0,86.15,16.249999999999996,6.0,158.26,test
52597838f6c178b19b961b068d048c71,2017-08-30 14:57:25,98.02751157407407,1,313.11,3.0,1.0,1.0,313.11,46.11,1.0,112.43,train
525cda9909aa001ebed396f6e55eae01,2018-08-07 21:57:02,25.399525462962963,1,1588.92,2.0,1.0,1.0,1588.92,74.62,5.0,193.98,test
525e9dbf2f675f893b9f695d5ecefb31,2018-08-03 20:51:31,324.3561921296296,1,41.849999999999994,1.0,1.0,1.0,41.849999999999994,11.850000000000001,4.0,164.63,test
526126c9f6a2a58d226b574d4d6c2278,2017-02-23 15:32:21,1.1574074074074073e-05,1,374.66999999999996,3.0,1.0,1.0,374.66999999999996,164.97,10.0,204.08,train
5275b2f97b9c995d3d05a58610c0bb67,2017-12-03 22:07:44,6.949317129629629,1,183.34,1.0,1.0,1.0,183.34,23.439999999999998,1.0,54.6,train
5277f2c18bae9ff7f93aa8118ace6e03,2017-11-23 22:14:49,2.3148148148148147e-05,1,117.26999999999998,3.0,1.0,1.0,117.26999999999998,45.300000000000004,1.0,153.3,train
527c6fbbe85cdf78ff1645e0a71e266f,2018-01-23 10:54:12,18.95253472222222,1,340.09,1.0,1.0,1.0,340.09,21.089999999999996,6.0,64.18,test
528553785a32652e5b1f5dc33899f754,2017-12-11 17:38:39,47.16319444444444,1,128.02,1.0,1.0,1.0,128.02,18.02,2.0,128.02,train
52abba659c0a219f8de7076dc33e0e83,2018-05-22 23:20:45,225.01046296296298,1,142.02,1.0,1.0,1.0,142.02,17.12,2.0,143.35,test
52b8fc428690f8974a3d3ff3a162f7b7,2018-08-26 13:23:23,67.08506944444444,1,188.89,1.0,1.0,1.0,188.89,18.99,8.0,188.89,test
52d40ed525892e7b31fc34aa750419c9,2018-06-06 15:31:19,0.0,1,98.34,1.0,1.0,1.0,98.34,18.44,1.0,98.34,test
52e05f52b2ccd1945aafaae6ceff7ba1,2017-11-24 11:42:09,32.44134259259259,1,35.77000000000001,1.0,1.0,1.0,35.77000000000001,7.780000000000001,1.0,206.93,train
53100f780630b0755dcdec40f673abfb,2018-03-09 16:41:05,298.1592708333333,1,88.65,1.0,1.0,1.0,88.65,8.75,3.0,15.89,test
53b30ca78efb2b7efcd3f9e461587eb2,2017-09-08 23:39:19,21.57898148148148,1,96.79999999999998,1.0,1.0,1.0,96.79999999999998,17.799999999999997,2.0,203.67,train
53beace9d0aa08b64d759d5f5a66550c,2017-12-05 10:30:20,238.59608796296297,1,101.18999999999997,1.0,1.0,1.0,101.18999999999997,12.010000000000002,1.0,189.35,train
53c84ac43bbfafb7a6b5d9076ab423c7,2017-08-23 11:48:44,2.3148148148148147e-05,1,57.599999999999994,1.0,1.0,1.0,57.599999999999994,17.599999999999998,1.0,87.0,train
53cc7338a7d5994fe8baa28a039d2343,2018-08-16 13:47:57,0.8679282407407407,1,86.03999999999999,4.0,2.0,2.0,86.03999999999999,44.93,1.0,72.09,test
53e4d5ab8287848319f0220d47ee7ca0,2018-06-05 22:05:33,167.03733796296297,1,73.38,2.0,1.0,1.0,73.38,33.58,2.0,158.85,test
53f34954c078f5034197993c0e109b95,2017-05-01 14:11:12,1.1574074074074073e-05,1,97.4,2.0,1.0,1.0,97.4,41.60000000000001,9.0,60.79,train
5416f8ad5bc33953624084ebc8738307,2017-11-24 20:30:47,46.80519675925926,1,291.72,1.0,1.0,1.0,291.72,22.720000000000002,1.0,111.02,train
544bd839b4e7f92a077c7bf2410f8b02,2017-08-21 01:36:56,116.98204861111111,1,94.18,1.0,1.0,1.0,94.18,11.189999999999998,9.0,94.12,train
5457ae2c352c18e3bf5cba68301d96a8,2018-07-26 16:11:51,148.5594675925926,1,36.75,1.0,1.0,1.0,36.75,11.849999999999994,1.0,1237.28,test
5461338ea772177374bcf3f23665178f,2017-10-23 19:51:15,73.98819444444445,1,116.38999999999999,2.0,2.0,2.0,116.38999999999999,16.5,1.0,161.99,train
54732c804725f94304b9f2d1107a3d6e,2018-03-17 22:07:37,218.96905092592593,1,270.23,1.0,1.0,1.0,270.23,11.229999999999999,2.0,138.73,test
547d0504ca415eb4864fa3030f73d3f3,2018-01-21 16:32:51,67.36144675925927,1,33.77000000000001,1.0,1.0,1.0,33.77000000000001,7.779999999999999,1.0,35.0,test
54982b0c374191195d5f433c7cccae90,2018-08-06 21:19:27,19.186412037037037,1,422.5899999999999,1.0,1.0,1.0,422.5899999999999,33.59,8.0,675.75,test
549a24530925587e2faddb35f667e458,2018-06-23 19:11:29,370.38388888888886,1,206.99,1.0,1.0,1.0,206.99,17.09,10.0,32.63,test
549a24530925587e2faddb35f667e458,2018-08-01 20:30:22,39.054780092592594,2,239.62,2.0,2.0,2.0,119.81,14.945000000000002,6.5,208.88,test
54a22a0d776f341e79356ad4a761aa81,2018-03-02 16:54:18,2.3148148148148147e-05,1,121.59999999999998,1.0,1.0,1.0,121.59999999999998,9.6,5.0,89.36,test
54b716ecf36f372ca6a585a68025e8a1,2017-04-05 21:37:12,1.1574074074074073e-05,1,101.14000000000001,1.0,1.0,1.0,101.14000000000001,11.239999999999998,10.0,168.04,train
54bf1780705493f3224d73bd48e53186,2018-02-12 14:04:49,294.8608796296296,1,33.50999999999999,1.0,1.0,1.0,33.50999999999999,14.52,1.0,99.34,test
54c7b4f48fb9e911bf328bf9884ca61d,2017-08-01 22:25:27,50.01254629629629,1,92.37,1.0,1.0,1.0,92.37,42.38,1.0,92.37,train
54e0a7cc9c09c591bd186e4569c7bf30,2018-05-11 03:40:43,420.2181712962963,1,214.87,1.0,1.0,1.0,214.87,15.17,6.0,103.26,test
54eb010282ed1c4a38e101aa8b9aca37,2018-08-23 15:35:52,9.959131944444444,1,93.85000000000001,1.0,1.0,1.0,93.85000000000001,15.850000000000001,1.0,95.76,test
54ed3f082c9e7725a0e26e9e682fc825,2018-01-13 09:58:10,44.75662037037037,1,241.24999999999994,1.0,1.0,1.0,241.24999999999994,122.25,4.0,283.57,test
552fc05a13d28356a38e8b13f64cbe4f,2017-10-30 11:25:08,48.11616898148148,1,72.53,1.0,1.0,1.0,72.53,17.63,7.0,107.78,train
5568fb2b583235812ed08eb9587d0465,2018-08-08 11:27:26,27.41636574074074,1,117.27,1.0,1.0,1.0,117.27,18.27,2.0,117.27,test
556ffcdd6185be1c44ea83be3b1b5f86,2018-06-20 22:11:30,320.22961805555553,1,169.82,1.0,1.0,1.0,169.82,14.829999999999998,10.0,170.86,test
557b158701bedbb76b856eb5f3af51b1,2018-04-11 10:46:53,96.94950231481481,1,93.27999999999997,2.0,2.0,2.0,93.27999999999997,42.30000000000001,1.0,673.25,test
55b488a273c6ec9ca293736e9a69d0b3,2018-08-21 00:10:53,22.146377314814814,1,102.41999999999999,1.0,1.0,1.0,102.41999999999999,8.82,2.0,37.46,test
55efe0d41e47d41465ea4fb5f8badee0,2018-04-28 13:22:03,74.67878472222222,1,37.17,1.0,1.0,1.0,37.17,9.27,1.0,43.03,test
55f21db4f9a353dcee5b774f750c65a1,2018-06-03 12:40:45,12.117800925925925,1,214.16000000000003,1.0,1.0,1.0,214.16000000000003,24.259999999999998,1.0,285.19,test
55fbb64f60861980e74c4f136f304297,2018-08-04 17:54:31,98.86001157407408,1,30.04,2.0,1.0,1.0,30.04,14.779999999999998,1.0,14.89,test
5616f75d22507069b5383854a1d8c414,2018-02-26 20:19:48,48.9853125,1,221.79,1.0,1.0,1.0,221.79,21.89,7.0,221.79,test
56238e115fd05d88a5e9ae565b8c2dbb,2018-06-22 23:18:46,19.98459490740741,1,46.13000000000001,1.0,1.0,1.0,46.13000000000001,18.23,1.0,46.2,test
562b3bca5a8903b7451462b6e7aa6082,2018-08-12 16:08:03,235.11369212962964,1,45.010000000000005,1.0,1.0,1.0,45.010000000000005,15.11,1.0,54.33,test
564df947eb9192d7e1613b1b957cb192,2018-07-16 18:10:36,0.0,1,51.76,1.0,1.0,1.0,51.76,15.36,1.0,34.23,test
565448508b44312e8489ca1bc1f5d09e,2017-04-20 09:04:14,0.01175925925925926,1,105.08,1.0,1.0,1.0,105.08,20.08,10.0,105.08,train
56b088f218c6c02cd6e86bb9814271cb,2017-08-30 10:56:22,1.1574074074074073e-05,1,114.9,1.0,1.0,1.0,114.9,29.000000000000004,5.0,44.18,train
56c355e615aa216a8c404c4f3d22383c,2018-06-15 15:44:21,23.297939814814814,1,33.23,1.0,1.0,1.0,33.23,18.23,3.0,33.23,test
56c8638e7c058b98aae6d74d2dd6ea23,2018-03-22 10:14:00,253.14292824074073,1,145.56,1.0,1.0,1.0,145.56,15.660000000000004,7.0,43.82,test
56c8638e7c058b98aae6d74d2dd6ea23,2018-03-22 11:33:47,0.055405092592592596,2,189.38,2.0,2.0,2.0,94.69,19.295,4.0,87.64,test
56c8638e7c058b98aae6d74d2dd6ea23,2018-04-11 16:14:20,20.194826388888888,3,277.02000000000004,4.0,3.0,3.0,92.34000000000002,28.150000000000006,3.0,366.96,test
56c8638e7c058b98aae6d74d2dd6ea23,2018-04-19 18:54:32,8.11125,4,643.98,6.0,4.0,4.0,160.995,38.4025,4.25,162.49,test
56d6d1ae03e95325991e4c77bf3cbe53,2018-05-12 09:09:41,10.504351851851851,1,125.97,1.0,1.0,1.0,125.97,15.65,1.0,125.97,test
56e3a158ef88285f2c15a83db0b13d93,2018-04-28 21:01:16,148.43784722222222,1,112.60999999999999,1.0,1.0,1.0,112.60999999999999,13.71,1.0,157.91,test
56e80e4b4a777631c5399e3fd0d6ee85,2018-04-10 11:54:40,12.972581018518518,1,106.67,1.0,1.0,1.0,106.67,21.669999999999998,1.0,88.55,test
56f77ee91e06fb36402afa524deee676,2018-02-01 14:21:40,0.0012037037037037038,1,69.62,1.0,1.0,1.0,69.62,15.13,1.0,75.07,test
57017bffe1b59c7da66267b6d3fcd44d,2017-10-11 13:01:22,183.83930555555557,1,96.64000000000001,1.0,1.0,1.0,96.64000000000001,14.740000000000002,3.0,99.72,train
5709900c6ded8af6dfb28b043943368d,2018-05-10 08:43:56,144.84627314814816,1,66.93,1.0,1.0,1.0,66.93,9.94,1.0,69.43,test
570eb70ff97166b85ea96be3bfb65fef,2017-11-09 14:07:54,15.982430555555556,1,88.29999999999998,3.0,2.0,1.0,88.29999999999998,45.3,1.0,136.28,train
572a2a7bca60d77e596287ea324a4680,2018-05-03 12:27:37,1.0069675925925925,1,116.67,1.0,1.0,1.0,116.67,16.67,1.0,116.67,test
5735fac0e3e12fee0b0545828a977acd,2017-06-30 14:56:23,129.04912037037036,1,161.13,1.0,1.0,1.0,161.13,61.129999999999995,1.0,219.63,train
574e36a816bf7a295404e686062fc0de,2018-04-26 18:07:40,324.0467824074074,1,95.56000000000002,2.0,2.0,1.0,95.56000000000002,15.560000000000002,3.0,127.3,test
575e8735ac3203bfb92c7d52919faf70,2018-07-30 21:54:34,246.30788194444443,1,79.77000000000001,1.0,1.0,1.0,79.77000000000001,11.97,1.0,56.6,test
578035514ad8238fa724f24b4aabc1df,2017-07-22 17:55:15,2.3148148148148147e-05,1,119.6,1.0,1.0,1.0,119.6,14.6,1.0,35.1,train
57b5d9f9fa4f1ff41befbfbf0fcbc3ca,2017-10-27 11:33:04,142.0177662037037,1,138.08,1.0,1.0,1.0,138.08,18.09,4.0,95.99000000000001,train
57c6a5ac88fde55944675cc79c4d5db7,2018-04-08 12:31:34,337.0931712962963,1,29.33,1.0,1.0,1.0,29.33,9.339999999999998,1.0,90.99,test
580561d937f063a0c4ffe1e4832df2f5,2018-01-02 13:45:02,336.8094791666667,1,70.9,1.0,1.0,1.0,70.9,49.99999999999999,5.0,28.4,test
58075e17e770fc08571c3e0f452f6a11,2017-07-05 19:56:05,16.124953703703703,1,129.56,2.0,1.0,1.0,129.56,32.22,5.0,97.71,train
580e86cc6d0c8eafede3d6f2fa4bf9ab,2018-06-11 01:02:48,331.2404050925926,1,46.63,1.0,1.0,1.0,46.63,17.630000000000003,4.0,59.4,test
582183483d33018384b309d31c45f353,2017-04-23 09:15:49,0.9145949074074075,1,33.91999999999999,1.0,1.0,1.0,33.91999999999999,12.93,1.0,182.91,train
582413ee5c9cf48218666c6fd967a221,2017-12-11 12:48:04,1.1574074074074073e-05,1,46.099999999999994,1.0,1.0,1.0,46.099999999999994,14.1,1.0,103.37,train
58498d9dec038f925f6406ebdfdc36bb,2017-11-16 22:55:45,190.98564814814816,1,275.47,1.0,1.0,1.0,275.47,15.570000000000004,6.0,143.7,train
585ba6a115792c0b0483d65e5ab1f4b6,2017-12-08 20:15:27,2.1059953703703704,1,42.089999999999996,1.0,1.0,1.0,42.089999999999996,14.100000000000001,1.0,59.6,train
58812bfc80ed972fa2e7f3614c0cd22e,2017-06-19 08:18:35,1.1574074074074073e-05,1,55.78,1.0,1.0,1.0,55.78,15.79,2.0,55.78,train
589211c7448e6c3b58b0ba98ce089ee7,2017-12-28 23:14:50,2.6397916666666665,1,43.61999999999999,1.0,1.0,1.0,43.61999999999999,17.630000000000003,4.0,78.95,train
58e2253f083d42930c64ca32b510a512,2018-08-04 06:20:10,219.26575231481482,1,29.77000000000001,1.0,1.0,1.0,29.77000000000001,7.779999999999999,1.0,101.31,test
58f5a0b391493cf37a8c32956f14d6d1,2018-02-21 20:49:41,2.3148148148148147e-05,1,211.01999999999998,1.0,1.0,1.0,211.01999999999998,15.12,1.0,160.76,test
5908f8630bbd5a8d5984b25f85588168,2017-08-29 12:26:32,71.53101851851852,1,145.66,1.0,1.0,1.0,145.66,15.66,7.0,145.66,train
5925dfa8cd87ab4d852383f7039c8bc2,2018-03-29 12:00:11,200.02596064814816,1,51.629999999999995,1.0,1.0,1.0,51.629999999999995,11.730000000000002,1.0,130.69,test
59268ee5dc0cd98a36ea808010826cc8,2017-12-19 18:48:27,3.951724537037037,1,36.78,1.0,1.0,1.0,36.78,7.780000000000001,1.0,144.72,train
5936fabf5dfeaa6c31d9f649b5794e2c,2018-07-28 20:07:49,113.74601851851853,1,51.43000000000001,1.0,1.0,1.0,51.43000000000001,26.429999999999993,3.0,154.7,test
593cb774409e5239a1946d1c88e0813d,2017-05-17 20:31:55,11.200416666666667,1,92.1,2.0,2.0,1.0,92.1,30.200000000000003,4.0,92.1,train
593cb774409e5239a1946d1c88e0813d,2017-07-05 12:03:14,48.64674768518518,2,184.2,4.0,4.0,2.0,92.1,30.200000000000003,5.5,81.3,train
5941ba7f91b519d195e16e34fcf61bac,2018-06-03 10:40:05,217.05027777777778,1,124.55000000000001,2.0,2.0,1.0,124.55000000000001,15.559999999999999,2.0,57.29,test
595ee036d3a69e80934a9b3618834085,2018-03-22 17:47:21,34.99540509259259,1,70.63999999999999,1.0,1.0,1.0,70.63999999999999,15.14,7.0,243.07,test
596f46e4d4b172098ad46d4d7880bcc2,2018-03-30 13:44:59,21.90533564814815,1,66.06,1.0,1.0,1.0,66.06,17.06,2.0,66.06,test
598ef1f13aba15f2b88387184f6c25ec,2018-03-24 15:44:59,8.03380787037037,1,119.34,2.0,2.0,2.0,119.34,37.540000000000006,1.0,120.16,test
59bba92de9b8f6be0808e4d9d64b4b43,2017-06-24 13:43:54,0.012453703703703703,1,107.87,1.0,1.0,1.0,107.87,17.879999999999995,1.0,105.28,train
59d66d72939bc9497e19d89c61a96d5f,2017-08-10 22:09:50,161.41425925925927,1,2626.07,1.0,1.0,1.0,2626.07,26.070000000000007,10.0,933.92,train
59d8d1ea35c02a6a070ee29944b0ea86,2018-04-14 11:04:31,31.662430555555556,1,64.23,1.0,1.0,1.0,64.23,15.23,3.0,64.23,test
5a21363c92f912e70cb482c96bc03af3,2017-06-11 13:21:04,3.168576388888889,1,66.25,1.0,1.0,1.0,66.25,17.6,2.0,180.32,train
5a2e847dd085d36e3ba8916b75e794ed,2017-05-07 18:52:33,0.011412037037037037,1,118.93,1.0,1.0,1.0,118.93,19.93,8.0,118.93,train
5a494c648fde2d1ec4eb614274ea7159,2018-03-08 19:06:08,3.472222222222222e-05,1,360.4000000000001,5.0,1.0,1.0,360.4000000000001,135.39999999999998,1.0,1342.98,test
5a689ab0069d25bc6c2be47d4b3863d4,2018-07-25 21:51:04,20.962511574074075,1,105.33000000000001,1.0,1.0,1.0,105.33000000000001,15.73,1.0,25.13,test
5a6b37816cefa8497b74b1ef78dbb202,2018-02-07 01:24:27,1.1574074074074073e-05,1,68.17000000000002,1.0,1.0,1.0,68.17000000000002,8.27,6.0,72.38,test
5a819fa976c2a1e65fa35e5c890d4dcb,2018-05-28 20:34:13,24.202743055555555,1,98.32,2.0,1.0,1.0,98.32,18.520000000000003,2.0,49.16,test
5a85f706b2059c3cd55287e105d8d5ea,2017-11-27 21:35:51,0.0,1,226.17999999999998,1.0,1.0,1.0,226.17999999999998,41.279999999999994,1.0,237.83,train
5ad31e19d737a51f803e6986bbd119ff,2017-07-11 11:47:04,0.0777199074074074,1,225.67,1.0,1.0,1.0,225.67,26.67,5.0,225.67,train
5ad84888519e10ff52d8af00641d41bc,2018-08-03 13:42:20,62.94037037037037,1,219.26,1.0,1.0,1.0,219.26,22.46,4.0,288.68,test
5ad96d7a95788923e8ff455366a90015,2017-06-17 21:09:49,78.81706018518518,1,79.73000000000002,1.0,1.0,1.0,79.73000000000002,20.73,1.0,546.45,train
5af103d3f12fd83434cb97578a1e8d49,2017-03-04 16:07:38,1.1574074074074073e-05,1,148.47,1.0,1.0,1.0,148.47,50.17,3.0,130.46,train
5af895ee7ff98368a5bf6faeddd18cec,2018-02-28 14:08:27,1.1574074074074073e-05,1,78.55000000000001,1.0,1.0,1.0,78.55000000000001,19.650000000000006,1.0,286.12,test
5b07d855f3356e33b1434dfb5a035cd7,2017-08-27 19:48:58,30.327997685185185,1,153.9,1.0,1.0,1.0,153.9,14.0,1.0,153.9,train
5b09c620db60411b0be6f1817c6cbe71,2017-08-22 16:50:11,1.1574074074074073e-05,1,60.21,1.0,1.0,1.0,60.21,16.11,2.0,63.1,train
5b09c620db60411b0be6f1817c6cbe71,2018-01-20 17:20:34,151.02109953703703,2,123.31,2.0,2.0,2.0,61.655,16.11,2.0,150.39,test
5b1ae94194ff6e974356063557746e47,2017-05-20 17:52:37,31.86021990740741,1,122.07000000000001,1.0,1.0,1.0,122.07000000000001,22.170000000000005,1.0,63.8,train
5b26618da34612cc4947bbf6ef4fb67c,2018-02-17 11:16:54,1.1574074074074073e-05,1,110.9,1.0,1.0,1.0,110.9,11.899999999999999,5.0,141.11,test
5b2c2b2a8d9e890debe309928d321f20,2017-06-26 11:44:22,4.6296296296296294e-05,1,44.0,1.0,1.0,1.0,44.0,14.099999999999998,3.0,135.49,train
5b3186d7cf904f2f9369aec26faba4d2,2017-09-20 17:41:11,0.020150462962962964,1,175.77,1.0,1.0,1.0,175.77,15.87,10.0,175.77,train
5b3186d7cf904f2f9369aec26faba4d2,2017-11-24 16:31:04,64.95130787037037,2,351.54,2.0,2.0,2.0,175.77,15.869999999999997,6.5,66.67,train
5b3b19201bb81179198a9ce0d26ae56f,2018-05-25 21:15:02,36.195474537037036,1,46.129999999999995,1.0,1.0,1.0,46.129999999999995,18.23,1.0,47.22,test
5b40b6d003822b8ff229a910784fe4e5,2018-03-05 20:13:00,0.0,1,61.790000000000006,1.0,1.0,1.0,61.790000000000006,12.79,2.0,93.64,test
5b52858bcdab75cfc4593b13ea32db62,2017-07-21 00:45:07,1.1574074074074073e-05,1,68.62,1.0,1.0,1.0,68.62,8.719999999999999,1.0,23.88,train
5b59166412dd5595f77a43b217c39132,2018-05-09 17:04:10,161.95877314814814,1,24.769999999999996,1.0,1.0,1.0,24.769999999999996,7.780000000000001,2.0,48.19,test
5b65c2693d8103d23aa910cd33d68daa,2017-10-31 22:19:42,0.0,1,316.01,3.0,2.0,1.0,316.01,29.450000000000003,1.0,104.49,train
5b71ca52f13f79c2be72b2aad8755c0a,2017-08-04 19:12:56,5.987476851851852,1,71.76999999999998,1.0,1.0,1.0,71.76999999999998,7.780000000000001,3.0,127.63,train
5b881f1b0bea55f5933b61c9a99c9ecc,2018-02-14 18:04:45,1.1574074074074073e-05,1,136.9,1.0,1.0,1.0,136.9,16.999999999999996,1.0,113.13,test
5b8a75e77489899ad9e6d57273aafd7f,2017-07-18 13:02:39,1.1574074074074073e-05,1,349.7,2.0,1.0,1.0,349.7,29.7,6.0,83.23,train
5bad02ee81a2002eb3b5b84d32bfc15f,2018-02-22 20:46:34,1.9053703703703704,1,115.06000000000003,1.0,1.0,1.0,115.06000000000003,36.06,7.0,181.78,test
5bc94b60050224af3dfdd2377c7e93e6,2017-01-31 13:41:56,1.1574074074074073e-05,1,145.92000000000002,1.0,1.0,1.0,145.92000000000002,15.09,8.0,85.27,train
5bdb6f56a8fb4272b802f504bb6d1287,2018-02-06 12:16:52,2.3148148148148147e-05,1,163.06,1.0,1.0,1.0,163.06,14.06,10.0,278.79,test
5bdb6f56a8fb4272b802f504bb6d1287,2018-02-06 12:16:55,3.472222222222222e-05,2,441.85,2.0,2.0,2.0,220.925,14.465,10.0,262.24,test
5c00e849b56a56ea31560d5d66f933e9,2018-08-12 12:04:03,39.09061342592592,1,44.469999999999985,1.0,1.0,1.0,44.469999999999985,18.28,2.0,91.23,test
5c117c579cb98a9c6c50e1301a349f3a,2017-06-02 21:52:23,0.41934027777777777,1,76.88,1.0,1.0,1.0,76.88,16.89,7.0,76.88,train
5c2b5c09534917d37857557d37ed9205,2018-06-17 08:29:35,125.81945601851852,1,163.06,1.0,1.0,1.0,163.06,34.25999999999999,1.0,202.94,test
5c4b7aa014e584d78525c38717510f01,2017-05-10 19:40:40,1.1574074074074073e-05,1,160.44,1.0,1.0,1.0,160.44,17.439999999999998,10.0,273.0,train
5c5a99e5ef172fbf5fc8a68e6bb2e0ab,2018-02-19 01:49:59,0.0,1,149.1,1.0,1.0,1.0,149.1,23.199999999999996,1.0,167.27,test
5c65a2076c901f375b01aad3a60c7447,2018-02-19 21:58:59,0.0,1,121.39000000000001,1.0,1.0,1.0,121.39000000000001,16.49,3.0,135.59,test
5c77da09750b42091c93c331d544ab53,2018-07-21 07:47:04,198.6118287037037,1,267.29,1.0,1.0,1.0,267.29,27.299999999999997,5.0,51.89,test
5c8b41ba21631ca0432de4a10a56fcf1,2017-04-10 11:02:37,21.012326388888887,1,127.42,1.0,1.0,1.0,127.42,11.42,1.0,127.42,train
5c96017028584678dd28c139566b87c0,2018-04-14 08:22:43,22.86988425925926,1,64.16,1.0,1.0,1.0,64.16,9.26,1.0,64.16,test
5cb8c9998e51269d6c8c983def687414,2017-12-20 16:32:00,93.23731481481481,1,90.88,1.0,1.0,1.0,90.88,20.979999999999997,1.0,184.93,train
5cbfdb85ec130898108b32c50d619c39,2018-03-14 13:42:40,48.82564814814815,1,159.77,1.0,1.0,1.0,159.77,39.77000000000001,3.0,162.02,test
5cc1eb5a94ab59494d63f06a5c7eec15,2018-03-04 10:51:13,2.3148148148148147e-05,1,135.0,2.0,1.0,1.0,135.0,35.2,8.0,214.69,test
5cfc9643603c095fd7ed86a50fa17887,2017-11-29 09:39:20,0.0,1,132.05,1.0,1.0,1.0,132.05,9.059999999999999,1.0,62.94,train
5d2dfd15300a557c1ddfad56a8460226,2018-03-16 15:48:47,15.167152777777778,1,371.53999999999996,1.0,1.0,1.0,371.53999999999996,41.63999999999999,1.0,485.23,test
5d323409404dee6bdb0f6cf9ef828dae,2018-07-02 18:16:59,432.86932870370373,1,59.68000000000001,1.0,1.0,1.0,59.68000000000001,17.78,1.0,173.95,test
5d63628c95182301765aa1482b0293aa,2018-08-10 20:50:51,266.8831944444444,1,71.63,1.0,1.0,1.0,71.63,11.73,1.0,198.25,test
5d77cf4bfc8132075fc589f355875baa,2018-02-03 18:21:54,0.0,1,91.82,1.0,1.0,1.0,91.82,8.330000000000002,2.0,93.6,test
5d7ff357d021646cf8adf2601713f624,2018-06-07 16:12:03,92.09268518518519,1,107.57,1.0,1.0,1.0,107.57,8.57,1.0,107.46000000000001,test
5d8f5f50fd2c7fbe8b335d945105a37f,2018-04-09 20:34:20,0.12164351851851851,1,377.93999999999994,2.0,2.0,1.0,377.93999999999994,38.14,1.0,188.97,test
5d923ccb7548741c453df5a825da2515,2018-04-12 15:21:23,12.094328703703704,1,37.78,1.0,1.0,1.0,37.78,12.79,1.0,42.78,test
5dbba6c01268a8ad43f79157bf4454a0,2018-02-17 21:51:05,91.86972222222222,1,343.08000000000004,1.0,1.0,1.0,343.08000000000004,93.08,1.0,153.79,test
5dcc06236098340b984e6865ba850593,2017-03-28 17:24:46,1.1574074074074073e-05,1,28.46,1.0,1.0,1.0,28.46,10.96,1.0,55.96,train
5dda09ed137461608be539348c1dac39,2018-02-10 15:13:12,0.0,1,80.51,1.0,1.0,1.0,80.51,12.609999999999998,2.0,87.55,test
5e0aa142dc4760e62a74c1830cbf91b1,2018-02-15 18:49:19,391.7664351851852,1,371.05,1.0,1.0,1.0,371.05,21.15,4.0,67.5,test
5e24610c5a55f0b6ffdaf9e846d02362,2017-08-16 18:06:38,10.901898148148149,1,135.91999999999996,1.0,1.0,1.0,135.91999999999996,36.02,4.0,108.3,train
5e3e9e897d07a80fc2af58088a84812a,2017-11-03 21:21:10,47.21949074074074,1,54.99999999999999,1.0,1.0,1.0,54.99999999999999,15.1,4.0,36.35,train
5e492797fbeb54fb3e96629a55cdd480,2017-06-06 21:40:12,1.1574074074074073e-05,1,93.41,1.0,1.0,1.0,93.41,15.31,1.0,55.0,train
5e85d75d3e3df197f08b89a2cbaad54b,2017-03-10 19:32:27,1.1574074074074073e-05,1,88.14,1.0,1.0,1.0,88.14,18.240000000000002,2.0,113.08,train
5e8f38a9a1c023f3db718edcf926a2db,2017-09-13 16:12:04,23.244224537037038,1,268.30999999999995,1.0,1.0,1.0,268.30999999999995,19.31,8.0,418.23,train
5e8f38a9a1c023f3db718edcf926a2db,2017-09-29 09:44:34,15.730902777777779,2,686.54,2.0,2.0,2.0,343.27,19.27,8.0,137.18,train
5e8f38a9a1c023f3db718edcf926a2db,2018-01-04 11:15:10,97.06291666666667,3,823.72,3.0,3.0,3.0,274.5733333333333,18.60666666666667,5.666666666666667,163.24,test
5e8f38a9a1c023f3db718edcf926a2db,2018-03-06 14:40:32,61.14261574074074,4,986.96,4.0,4.0,4.0,246.74,20.515,4.5,127.22,test
5ebd246be48ec18bf3859966284333f8,2018-02-02 18:19:21,3.472222222222222e-05,1,100.23,1.0,1.0,1.0,100.23,15.34,1.0,106.21,test
5ec4c90f549177a8cbbbc7419353e66a,2017-08-03 17:22:24,138.6414699074074,1,114.35999999999999,1.0,1.0,1.0,114.35999999999999,14.459999999999999,5.0,207.65,train
5ed4db82a99daa916b5a11e6c48df670,2017-03-15 16:38:57,1.1574074074074073e-05,1,146.51,1.0,1.0,1.0,146.51,16.609999999999996,8.0,151.18,train
5edb5e94dde197f8fd914eec2975b891,2017-05-24 20:08:23,3.0061458333333335,1,24.68,1.0,1.0,1.0,24.68,7.78,1.0,24.68,train
5ee1a7e84a17bcddc784977557a7a186,2017-10-04 08:17:30,0.0,1,95.89,1.0,1.0,1.0,95.89,16.989999999999995,2.0,96.8,train
5efcc46e1fee22373a28eb2b0f26a6fc,2017-05-16 12:28:33,1.1574074074074073e-05,1,107.78,1.0,1.0,1.0,107.78,17.879999999999995,1.0,43.0,train
5f2a213343d506264f78cb82dd914434,2017-06-08 11:30:04,113.82675925925926,1,211.57999999999998,1.0,1.0,1.0,211.57999999999998,16.58,2.0,218.55,train
5f435bbe57e905e19378fa56b60e9d16,2018-01-04 14:16:56,35.817002314814815,1,115.25,1.0,1.0,1.0,115.25,15.449999999999996,1.0,36.69,test
5f45aa4ef9b8fb99b95d33a970bb64a7,2017-09-18 01:02:59,46.417488425925924,1,32.75,1.0,1.0,1.0,32.75,11.85,1.0,84.81,train
5f45aa4ef9b8fb99b95d33a970bb64a7,2018-05-01 17:20:54,225.6791087962963,2,117.55999999999999,2.0,2.0,2.0,58.779999999999994,11.93,1.0,68.27,test
5f66ee1b2e030748fdb83ab9b01a7064,2017-09-20 07:54:43,69.90126157407407,1,151.29,1.0,1.0,1.0,151.29,21.400000000000002,2.0,92.57,train
5f7f2f316d856064acee6f1db7c9f63f,2017-08-27 14:15:47,0.0,1,74.17000000000002,1.0,1.0,1.0,74.17000000000002,14.17,1.0,174.87,train
5f80e1b868be57e4d50ae6bbeae78d77,2018-02-27 13:25:14,154.0159375,1,174.75999999999996,2.0,2.0,2.0,174.75999999999996,16.870000000000005,5.0,92.9,test
5f8ad624020f7db33a63d5a0e5d14348,2018-08-01 03:10:03,2.821261574074074,1,170.29,1.0,1.0,1.0,170.29,15.39,10.0,58.79,test
5faabfe6772088c4d906b63fa81ac63d,2018-07-13 18:38:56,360.25210648148146,1,101.25000000000001,1.0,1.0,1.0,101.25000000000001,16.35,10.0,65.92,test
5fb5bf48cd408d971f873069e5178898,2017-10-24 18:18:17,170.9096412037037,1,87.03,1.0,1.0,1.0,87.03,12.03,1.0,150.68,train
5fd82666f1e64606820d24e3fbb5d160,2017-11-10 14:19:52,0.0028703703703703703,1,88.08,1.0,1.0,1.0,88.08,13.08,1.0,88.08,train
5fe117882be55ee9ad0d6c6c56d11019,2018-08-12 19:14:56,47.93502314814815,1,65.43,1.0,1.0,1.0,65.43,15.450000000000003,1.0,337.33,test
5ff735d120cf4ec4adefd9766f703bf5,2018-03-27 14:11:00,39.14994212962963,1,198.31,1.0,1.0,1.0,198.31,18.51,4.0,161.88,test
5ffbc70da7ad1808b6899421caa84fbe,2017-05-01 18:11:52,2.3148148148148147e-05,1,42.760000000000005,1.0,1.0,1.0,42.760000000000005,26.82,4.0,34.3,train
601bf929b8d0a8feecab068a2110ae1f,2017-12-17 15:34:23,0.04038194444444444,1,125.85,1.0,1.0,1.0,125.85,35.95,1.0,43.1,train
606441378b517f9eeb89f9154a1c4d4f,2017-06-10 21:50:44,1.1574074074074073e-05,1,86.64000000000001,1.0,1.0,1.0,86.64000000000001,16.74,8.0,120.97,train
6084496782926c56bf04c556331bf884,2018-07-11 00:47:20,296.40184027777775,1,108.72999999999999,1.0,1.0,1.0,108.72999999999999,35.830000000000005,1.0,141.35,test
608646d3514cc48a27d666e313cfe0cc,2017-07-14 17:10:12,1.1574074074074073e-05,1,246.23000000000002,1.0,1.0,1.0,246.23000000000002,17.230000000000004,1.0,223.14,train
609adc68db390a15fd21648c496f50b7,2017-03-12 14:02:57,0.0,1,85.6,1.0,1.0,1.0,85.6,15.7,1.0,127.41,train
609b7feab0f0c9726929ec4891447b02,2017-12-29 09:13:12,163.58663194444443,1,77.57,1.0,1.0,1.0,77.57,17.67,1.0,135.08,train
60d2dc24e6a89bd218f646df03674e5b,2018-07-13 13:42:14,1.6412152777777778,1,231.57000000000002,1.0,1.0,1.0,231.57000000000002,66.57,10.0,50.73,test
60e6fe581610db699ac03fec61f4d53f,2018-02-06 16:59:28,376.0569560185185,1,82.88,1.0,1.0,1.0,82.88,17.88,8.0,220.88,test
60f874c577dc096ecd52bd0bf6bd5942,2018-04-17 09:48:44,51.12921296296296,1,43.09,1.0,1.0,1.0,43.09,15.099999999999998,4.0,95.4,test
615922c430abddd368735199c38e735d,2017-10-08 22:59:49,167.27420138888888,1,127.41000000000003,1.0,1.0,1.0,127.41000000000003,17.509999999999998,2.0,139.07,train
615922c430abddd368735199c38e735d,2017-10-15 15:41:36,6.69568287037037,2,266.48,2.0,2.0,2.0,133.24,18.790000000000003,4.0,117.51,train
6197167907273be5ee2c7ab59d4ec8e1,2018-01-27 18:47:46,0.0,1,123.88999999999999,1.0,1.0,1.0,123.88999999999999,17.99,6.0,268.65,test
61b6a01709e3d754942803765b85eea6,2017-08-17 09:49:45,0.0,1,128.9,1.0,1.0,1.0,128.9,20.0,1.0,128.9,train
61fe766e454d5e750b33250035b4311d,2018-08-18 13:21:42,91.56563657407408,1,357.97,1.0,1.0,1.0,357.97,26.98,10.0,43.1,test
6204c4e582a95b6a350adf6988623bfb,2017-10-18 12:14:29,30.56253472222222,1,66.78,1.0,1.0,1.0,66.78,16.79,1.0,145.26,train
6204c4e582a95b6a350adf6988623bfb,2018-03-03 20:44:07,136.35391203703705,2,212.03999999999996,4.0,3.0,2.0,106.01999999999998,31.034999999999997,5.5,135.49,test
6222ef69df52b4ed71be551725551cc0,2017-01-05 13:37:27,0.0025694444444444445,1,19.62,1.0,1.0,1.0,19.62,8.72,1.0,18.62,train
6222ef69df52b4ed71be551725551cc0,2017-01-05 13:48:48,0.007881944444444445,2,38.239999999999995,2.0,2.0,2.0,19.119999999999997,8.720000000000002,1.0,18.62,train
6223bdc5aab952ee49dea3511f89e7ec,2018-01-03 09:16:57,42.9503587962963,1,247.04000000000002,2.0,1.0,1.0,247.04000000000002,31.040000000000003,1.0,123.52,test
623674d39fd0350df92b1f91c469ba39,2018-02-08 18:36:31,8.101851851851852e-05,1,99.00999999999999,1.0,1.0,1.0,99.00999999999999,17.01,2.0,88.94,test
6287d15cdf992224e7bb7010c69c4095,2018-07-17 20:23:46,159.6439699074074,1,35.0,1.0,1.0,1.0,35.0,15.100000000000001,1.0,60.08,test
628bdd93abd27fbdd50f4e2e91ec64b3,2018-06-14 20:09:31,163.43351851851853,1,262.94,1.0,1.0,1.0,262.94,12.949999999999996,5.0,62.11,test
6292600f71fe592f716a3e542f184d18,2017-08-10 18:04:32,0.0,1,54.7,1.0,1.0,1.0,54.7,15.1,1.0,54.7,train
62a25a159f9fd2ab7c882d9407f49aa9,2017-12-07 20:33:24,100.24586805555556,1,193.5,1.0,1.0,1.0,193.5,13.599999999999998,2.0,202.05,train
62b8761192c86f4ead06f4a433096a2b,2018-07-04 12:04:21,58.12665509259259,1,856.16,4.0,1.0,1.0,856.16,76.96,1.0,83.45,test
630331e73a79ae9a2ba821bd326ea298,2017-07-05 07:54:14,1.1574074074074073e-05,1,165.05,4.0,4.0,2.0,165.05,60.4,10.0,68.02,train
6316cfb9fc33f7962f7459a3bc144a89,2018-04-01 20:26:00,6.096203703703703,1,92.83,1.0,1.0,1.0,92.83,7.94,1.0,92.83,test
6321cbc5ca73fae88f1acccaa086ecdf,2018-03-06 21:36:20,77.15577546296296,1,199.75999999999996,1.0,1.0,1.0,199.75999999999996,31.92,1.0,154.04,test
63387fd3e05eab4e51cf704f233db5a2,2018-01-23 14:48:16,1.1574074074074073e-05,1,82.22,1.0,1.0,1.0,82.22,16.22,1.0,111.19,test
633aa358e90a435dc47a30af5a0a832d,2018-07-21 15:26:59,104.2569212962963,1,755.89,1.0,1.0,1.0,755.89,17.9,5.0,48.23,test
6345e3b3ba5ee47685e29ec5febc8155,2018-04-21 21:06:08,71.16209490740741,1,369.6,1.0,1.0,1.0,369.6,19.700000000000003,1.0,109.48,test
6358b15ef7fa9b1210f1a5735cabd3d9,2018-03-02 14:16:44,2.3148148148148147e-05,1,17.680000000000007,1.0,1.0,1.0,17.680000000000007,7.78,1.0,97.78,test
6358b15ef7fa9b1210f1a5735cabd3d9,2018-05-03 20:32:58,62.26127314814815,2,115.46000000000002,2.0,2.0,2.0,57.73000000000001,7.829999999999999,1.0,97.39,test
6358b15ef7fa9b1210f1a5735cabd3d9,2018-06-04 14:22:41,31.742858796296296,3,212.84999999999997,3.0,3.0,3.0,70.94999999999999,7.716666666666666,1.0,98.29,test
636443768344855307bfe5f2f2f6ba2e,2018-07-18 20:32:33,50.099270833333335,1,43.879999999999995,1.0,1.0,1.0,43.879999999999995,8.879999999999995,1.0,309.9,test
63669b3731dcc014feec668c3d888aa0,2018-02-18 19:20:46,185.27358796296295,1,78.42000000000002,2.0,2.0,2.0,78.42000000000002,17.53,5.0,151.55,test
636f22218f8430a8463c5ddc5f68fc62,2017-07-09 17:49:06,40.00853009259259,1,172.52,1.0,1.0,1.0,172.52,12.62,8.0,31.84,train
63adc4def3cd3c39bd83083d737d98b5,2018-08-22 14:00:26,62.84880787037037,1,155.23,1.0,1.0,1.0,155.23,14.330000000000002,2.0,41.98,test
63b4253e688c57bdaa18741b3fea5a01,2018-03-11 18:52:11,1.1574074074074073e-05,1,89.41,1.0,1.0,1.0,89.41,8.919999999999998,4.0,36.69,test
63cfc61cee11cbe306bff5857d00bfe4,2017-05-21 16:19:58,10.069502314814814,1,149.15999999999997,1.0,1.0,1.0,149.15999999999997,45.19,6.0,238.36,train
63cfc61cee11cbe306bff5857d00bfe4,2017-06-22 13:35:21,31.88568287037037,2,387.5200000000001,3.0,2.0,2.0,193.76000000000005,43.775000000000006,8.0,149.16,train
63cfc61cee11cbe306bff5857d00bfe4,2017-10-17 17:19:13,117.15546296296296,3,536.6800000000001,4.0,3.0,3.0,178.89333333333335,44.24666666666667,7.0,84.3,train
63cfc61cee11cbe306bff5857d00bfe4,2018-02-03 13:49:34,108.85440972222223,4,620.98,7.0,4.0,4.0,155.245,44.5175,7.25,102.3,test
63cfc61cee11cbe306bff5857d00bfe4,2018-05-28 17:20:02,114.1461574074074,5,723.2800000000001,10.0,5.0,5.0,144.656,44.674,7.8,103.04,test
63ded44f46d409896e3b7c47daa688ae,2018-05-31 10:09:56,142.94429398148148,1,41.620000000000005,1.0,1.0,1.0,41.620000000000005,17.630000000000003,1.0,58.94,test
63df651d5e8adb6a0e4baeb66a0eea37,2017-09-01 10:33:16,0.0,1,46.84000000000003,1.0,1.0,1.0,46.84000000000003,11.849999999999998,4.0,290.38,train
63dfbd8f45b63fcf5c5aa1f023209592,2018-07-24 09:46:25,0.0,1,148.6,1.0,1.0,1.0,148.6,13.61,1.0,148.6,test
6409bccd4062c7105e9fd94c9a72082c,2018-05-01 21:50:35,298.52530092592593,1,97.13,1.0,1.0,1.0,97.13,17.13,9.0,53.29,test
640e0d867e85601bd8e64029df6034b5,2017-12-06 08:31:25,1.1574074074074073e-05,1,56.779999999999994,1.0,1.0,1.0,56.779999999999994,7.779999999999999,1.0,41.85,train
641584b3ec3027aaf8fa9c088f1a1a00,2017-11-05 09:53:54,130.12600694444444,1,29.270000000000003,1.0,1.0,1.0,29.270000000000003,13.370000000000001,1.0,32.46,train
6419a1be8feac26ec793667b71cbaeb4,2017-07-30 21:18:52,55.89559027777778,1,168.16000000000003,1.0,1.0,1.0,168.16000000000003,18.300000000000004,7.0,326.46,train
6419a1be8feac26ec793667b71cbaeb4,2017-12-26 14:57:27,148.7351273148148,2,494.62,3.0,2.0,2.0,247.31,27.409999999999997,8.5,347.36,train
6428403ac3b03984c38fd083fa1647b0,2018-04-12 08:18:41,330.9625462962963,1,84.14,1.0,1.0,1.0,84.14,14.240000000000002,8.0,83.54,test
6457b2cb5462c1217e8e6d36b0ff39d2,2017-11-18 14:33:04,3.472222222222222e-05,1,46.879999999999995,1.0,1.0,1.0,46.879999999999995,7.780000000000001,2.0,124.12,train
64652d43a3e2bbf0ce0ac8675b21b0c8,2018-07-14 18:12:49,0.0,1,86.87,1.0,1.0,1.0,86.87,50.97,1.0,52.04,test
6469f99c1f9dfae7733b25662e7f1782,2017-10-05 13:16:25,16.509502314814814,1,91.77000000000001,1.0,1.0,1.0,91.77000000000001,11.77,3.0,133.08,train
6469f99c1f9dfae7733b25662e7f1782,2017-11-15 17:58:15,41.195717592592594,2,224.85,2.0,2.0,2.0,112.425,12.474999999999998,3.0,253.08,train
6469f99c1f9dfae7733b25662e7f1782,2017-12-25 20:54:42,40.12253472222222,3,477.93,3.0,3.0,3.0,159.31,12.709999999999999,4.0,33.99,train
6469f99c1f9dfae7733b25662e7f1782,2017-12-25 21:22:03,0.018993055555555555,4,511.91999999999996,4.0,4.0,4.0,127.97999999999999,11.805000000000001,3.25,67.98,train
6469f99c1f9dfae7733b25662e7f1782,2018-01-16 12:05:27,21.61347222222222,5,579.9000000000001,6.0,5.0,5.0,115.98000000000002,13.079999999999998,3.0,146.28,test
6469f99c1f9dfae7733b25662e7f1782,2018-06-28 00:43:34,162.5264699074074,6,726.1800000000001,8.0,7.0,6.0,121.03000000000002,14.479999999999999,3.1666666666666665,32.65,test
64a5301ff6bdaf1baa00058672402d7a,2017-08-04 12:23:32,0.0,1,75.06999999999998,1.0,1.0,1.0,75.06999999999998,15.17,7.0,85.14,train
64df076fb557552498049bb07ed1cd5f,2018-04-25 10:52:10,0.0,1,238.14,3.0,1.0,1.0,238.14,58.169999999999995,1.0,126.44,test
64df076fb557552498049bb07ed1cd5f,2018-05-10 10:13:46,14.973333333333333,2,364.58000000000004,5.0,2.0,2.0,182.29000000000002,47.315,1.0,189.66,test
64e037f54b4ff31461175bcc8bd210f4,2018-01-17 14:35:32,1.1574074074074073e-05,1,86.15,1.0,1.0,1.0,86.15,16.25,7.0,55.09,test
64e9a736591627c469dae6f3d1592a61,2017-06-08 20:02:42,1.1574074074074073e-05,1,206.52999999999997,1.0,1.0,1.0,206.52999999999997,26.54,10.0,396.63,train
64fbafb2935c7a2588d6a26a9d750487,2017-01-27 14:59:18,1.1574074074074073e-05,1,206.64999999999998,2.0,2.0,2.0,206.64999999999998,18.0,8.0,467.99,train
65571628698194dbda526c22f5ed2317,2018-07-19 07:38:53,0.0,1,209.47,1.0,1.0,1.0,209.47,49.49,1.0,209.47,test
65663adf8c7a498b79e57ff84ab2b654,2017-11-24 22:14:50,215.92421296296297,1,166.23,1.0,1.0,1.0,166.23,15.229999999999999,1.0,33.84,train
6576977872dd65f5b680e944afe3a724,2017-09-08 00:05:48,1.1574074074074073e-05,1,121.25,2.0,2.0,1.0,121.25,51.260000000000005,8.0,67.53,train
657dec397f46d84dbe64df2b0389b3cc,2017-12-20 15:47:46,49.179351851851855,1,88.06,1.0,1.0,1.0,88.06,16.259999999999998,1.0,105.13,train
65859c1624b7642ec285b4a71efd9506,2018-05-01 12:22:52,102.99938657407408,1,37.769999999999996,1.0,1.0,1.0,37.769999999999996,7.780000000000001,3.0,122.29,test
6594a65023bcb47539aa91b0f8e98e00,2018-03-08 19:22:48,97.405625,1,121.16999999999999,1.0,1.0,1.0,121.16999999999999,21.190000000000005,1.0,133.35,test
65a6ec5d6e6e86bc43a2cbf235be4675,2018-04-29 08:32:16,15.680162037037038,1,138.89,1.0,1.0,1.0,138.89,13.989999999999998,2.0,67.13,test
65ab3020e6a929e4e9a4b61e643da832,2017-07-16 18:53:48,179.76524305555554,1,45.57000000000001,1.0,1.0,1.0,45.57000000000001,20.67,4.0,113.92,train
65d6b6a1113bd6152e3307e99c5104c9,2018-02-27 13:23:38,1.1574074074074073e-05,1,122.77999999999997,1.0,1.0,1.0,122.77999999999997,13.780000000000001,6.0,242.62,test
65d7c0904b51f5b432e71a14b25121dc,2017-11-08 15:52:49,1.1574074074074073e-05,1,35.84,1.0,1.0,1.0,35.84,11.850000000000001,2.0,72.42,train
65e2735427dedd6a787e5b065b3cc41e,2017-11-21 18:08:10,54.45207175925926,1,69.73,1.0,1.0,1.0,69.73,12.74,1.0,75.73,train
65ee274b862c5c053367be8a70dbc029,2018-05-25 08:54:21,29.919953703703705,1,100.9,1.0,1.0,1.0,100.9,8.41,1.0,97.88,test
662d88cbd178177a50141111d3a6932c,2018-01-30 14:57:33,1.1574074074074073e-05,1,42.0,1.0,1.0,1.0,42.0,14.100000000000001,1.0,44.61,test
664fe7916cb8709c6b848383c6361dcc,2017-10-25 13:32:55,222.72833333333332,1,306.1,1.0,1.0,1.0,306.1,16.2,2.0,103.23,train
665f8bbe2cf428657aeb0572c27fef58,2018-01-15 10:33:44,3.472222222222222e-05,1,214.40999999999997,1.0,1.0,1.0,214.40999999999997,14.420000000000002,5.0,333.36,test
6668e1ae499e2e9be475b7f708580232,2017-06-11 18:18:07,20.91060185185185,1,95.66999999999999,1.0,1.0,1.0,95.66999999999999,25.769999999999996,2.0,102.84,train
6668e1ae499e2e9be475b7f708580232,2017-06-11 18:22:10,0.0028125,2,198.51,2.0,2.0,2.0,99.255,29.354999999999993,1.5,82.67,train
668ddbdd3ee99d4339eadfef21531d45,2017-07-29 01:28:37,3.472222222222222e-05,1,71.13999999999999,1.0,1.0,1.0,71.13999999999999,14.150000000000006,7.0,151.7,train
66980c3775537536f77b434d74e520f5,2018-03-31 15:08:21,0.0,1,59.32,1.0,1.0,1.0,59.32,19.32,5.0,59.32,test
66980c3775537536f77b434d74e520f5,2018-03-31 15:08:21,0.0,2,118.64000000000001,2.0,2.0,2.0,59.32000000000001,19.32,5.0,59.32,test
66ae4493fc7c710a8db6d9620901f40d,2018-06-28 16:47:58,255.1870949074074,1,110.09,1.0,1.0,1.0,110.09,12.189999999999998,10.0,42.29,test
66e56177b9bf464a930e57edc3694403,2018-04-06 09:53:08,204.7118287037037,1,117.4,1.0,1.0,1.0,117.4,17.409999999999997,6.0,100.57,test
66e56177b9bf464a930e57edc3694403,2018-05-25 09:06:12,48.96740740740741,2,217.97000000000003,2.0,2.0,2.0,108.98500000000001,15.54,7.0,113.14,test
66f4eec9da64df09009a7f397c2a32b1,2018-01-24 12:33:58,1.1574074074074073e-05,1,871.44,2.0,2.0,2.0,871.44,39.64,1.0,42.71,test
66ffab11964dda54f46a826323635120,2018-01-20 20:00:12,0.0,1,104.37,1.0,1.0,1.0,104.37,15.370000000000001,6.0,710.48,test
67466b5877fad6f2279c1fb634c9aa5c,2017-07-23 21:58:58,35.018252314814816,1,217.78,1.0,1.0,1.0,217.78,17.880000000000003,1.0,214.41,train
67466b5877fad6f2279c1fb634c9aa5c,2017-09-09 15:51:53,47.74508101851852,2,432.18999999999994,2.0,2.0,2.0,216.09499999999997,16.195,1.0,204.34,train
674e552503d21cd547fdd0de0bfb9be2,2018-05-26 19:30:51,51.01417824074074,1,169.61000000000004,1.0,1.0,1.0,169.61000000000004,17.61,1.0,166.72,test
67626c49069bdf05ff127d59a6649948,2017-12-09 02:25:26,0.004965277777777778,1,43.09,1.0,1.0,1.0,43.09,15.1,1.0,43.09,train
67806996190d3af60247f64e1d03877f,2018-07-29 18:24:11,0.24643518518518517,1,47.3,1.0,1.0,1.0,47.3,9.399999999999999,2.0,84.26,test
67bddde1844b238fe25995cde1612b4e,2018-06-27 13:53:32,61.62923611111111,1,83.60999999999999,1.0,1.0,1.0,83.60999999999999,29.709999999999994,1.0,139.04,test
67e747b902c2d5c2e5a266b00d965145,2018-03-12 17:42:36,2.3148148148148147e-05,1,37.22999999999999,1.0,1.0,1.0,37.22999999999999,18.23,2.0,52.53,test
67fcfe4915b93624867d350b8191ff7b,2017-06-25 13:48:10,1.1574074074074073e-05,1,45.62,1.0,1.0,1.0,45.62,25.63,4.0,60.62,train
6814507660c72078cbada9b3660683dd,2017-07-27 10:31:49,1.1574074074074073e-05,1,62.800000000000004,2.0,2.0,1.0,62.800000000000004,23.699999999999996,6.0,42.85,train
6832ad9ac97f82c7c5d614fb8e632e7b,2018-06-03 18:48:07,279.3009837962963,1,127.01,1.0,1.0,1.0,127.01,18.010000000000005,4.0,123.27,test
6832bd3ca1bf89c9e60bf3c91d846ec9,2018-01-23 17:23:54,67.17114583333333,1,103.86000000000001,1.0,1.0,1.0,103.86000000000001,24.860000000000003,1.0,123.5,test
683459cab0129375a071efb00da7c191,2018-08-25 12:54:41,8.071006944444445,1,250.32,1.0,1.0,1.0,250.32,91.32,5.0,217.26,test
68497ce04e9b12cb402671a29acdf6a2,2018-05-10 20:00:57,165.99226851851853,1,515.7,1.0,1.0,1.0,515.7,20.709999999999997,1.0,531.45,test
684fdd89d877968793cfb9c8f7ef7874,2018-05-13 22:06:07,110.15668981481481,1,79.37,1.0,1.0,1.0,79.37,13.479999999999997,3.0,286.78,test
68519bc41532d0f1a6613d278f86a5bd,2018-01-15 09:30:55,126.5982986111111,1,86.15,1.0,1.0,1.0,86.15,16.25,1.0,28.75,test
6856178ce177496369e3a83fd143e621,2017-11-25 23:32:45,236.01877314814814,1,63.519999999999996,1.0,1.0,1.0,63.519999999999996,14.520000000000001,1.0,71.14,train
686c46ddc0828bf3c0af072c44dd96b7,2018-03-27 19:07:09,1.1574074074074073e-05,1,36.28999999999999,1.0,1.0,1.0,36.28999999999999,8.290000000000001,1.0,48.78,test
6871b052a835417d6d2e11153e0d3c2c,2018-02-25 15:14:28,290.7523263888889,1,125.06,1.0,1.0,1.0,125.06,16.33,7.0,274.87,test
6894b2a8a74e1c7fb9452d0cb861e634,2017-12-17 17:30:46,1.1574074074074073e-05,1,74.07,1.0,1.0,1.0,74.07,35.67000000000001,7.0,88.66,train
6897ea9a949c1009af8cc38e691f260b,2018-08-02 14:26:38,0.9442013888888889,1,128.1,1.0,1.0,1.0,128.1,8.1,2.0,128.1,test
68ab9bfe2388b0b36614c7000b8b1cf8,2017-11-23 19:06:05,0.016909722222222222,1,40.78,1.0,1.0,1.0,40.78,15.79,1.0,40.78,train
68f412bbb674141ab49ef13b501baf45,2018-07-17 20:10:33,229.46723379629628,1,51.69,1.0,1.0,1.0,51.69,16.789999999999996,2.0,68.45,test
692074726678229d1fe1887a9f0abb14,2017-11-24 10:28:02,1.1574074074074073e-05,1,73.5,2.0,2.0,1.0,73.5,23.699999999999996,1.0,237.31,train
693b3203dcd4cef5288c5fd8d53f0efe,2017-09-22 22:39:25,0.004201388888888889,1,31.75,1.0,1.0,1.0,31.75,11.85,1.0,49.59,train
6940e424e41600ef36c79b6d8b4a2ecd,2017-08-28 15:22:35,14.133483796296296,1,27.68,1.0,1.0,1.0,27.68,7.78,2.0,54.77,train
695dee4c200e4cabdfdb01287f5fd29d,2018-03-02 16:53:56,2.3148148148148147e-05,1,112.25,1.0,1.0,1.0,112.25,13.249999999999996,1.0,148.36,test
696fca7af7f751e1749087433a92c790,2018-07-22 22:00:38,63.14650462962963,1,37.22,1.0,1.0,1.0,37.22,18.23,1.0,124.5,test
697452ef6f8c549b18ffecd3e0197460,2018-06-13 16:55:35,103.16420138888888,1,107.89999999999999,1.0,1.0,1.0,107.89999999999999,13.0,5.0,123.24,test
69768afd389429f6ec48199e5fb8e61a,2018-04-07 17:52:04,112.01297453703704,1,249.59,3.0,2.0,2.0,249.59,47.599999999999994,4.0,58.16,test
698118425f0afbd4bee557e51b6bd49b,2018-04-01 19:45:02,91.20309027777778,1,237.24000000000004,1.0,1.0,1.0,237.24000000000004,17.3,1.0,63.23,test
698a9cafcc15cac8cdbaee64adc6efbe,2018-01-29 13:09:33,2.3148148148148147e-05,1,104.86999999999999,1.0,1.0,1.0,104.86999999999999,15.379999999999999,3.0,115.21,test
699003f10173022740145aa4aaeaccd5,2017-11-25 18:30:07,1.1574074074074073e-05,1,228.7,1.0,1.0,1.0,228.7,19.7,6.0,282.52,train
69aab61687fa416ef601af332bd0ff0d,2018-01-11 22:57:36,356.1343634259259,1,51.64,1.0,1.0,1.0,51.64,11.74,1.0,82.83,test
69e333213f390c27d001d415de206697,2017-10-09 10:48:10,6.944444444444444e-05,1,31.340000000000003,1.0,1.0,1.0,31.340000000000003,12.349999999999998,1.0,77.89,train
69e4074cb5368c1539397e4ea570757a,2018-02-11 22:48:20,376.2199537037037,1,127.41,1.0,1.0,1.0,127.41,17.510000000000005,3.0,63.27,test
69f2934ad8b50cc05587a94cc7d68fc9,2018-03-05 18:15:17,94.15089120370371,1,101.34,1.0,1.0,1.0,101.34,16.35,10.0,126.68,test
69f7e342c28eb22ef6845facd926e810,2018-06-24 23:35:31,10.117060185185185,1,183.80000000000004,3.0,2.0,2.0,183.80000000000004,40.81,1.0,140.92,test
6a0d68294a58730f94eab8de2abcf050,2018-07-12 10:40:34,0.011122685185185185,1,158.74999999999997,1.0,1.0,1.0,158.74999999999997,23.75,3.0,99.65,test
6a2ae83cded378a462e86a2e4885e750,2018-03-05 20:21:03,1.1574074074074073e-05,1,91.47,1.0,1.0,1.0,91.47,21.570000000000007,5.0,200.9,test
6a2c39f27e5c40a4d2a0cd94aeb8c925,2018-01-26 10:52:37,49.88481481481482,1,35.69,1.0,1.0,1.0,35.69,16.79,1.0,168.18,test
6a3a03f3c7afeb25ce61700d914a841a,2018-02-15 22:43:42,1.1574074074074073e-05,1,92.78,1.0,1.0,1.0,92.78,32.78,2.0,56.54,test
6a41171c962a6356e8ea95518821dd45,2018-02-16 15:41:38,1.1574074074074073e-05,1,64.86999999999999,1.0,1.0,1.0,64.86999999999999,11.869999999999997,2.0,65.71,test
6a56e8e6c20175d122a962a5e5dfcf5e,2017-09-04 16:39:26,1.1574074074074073e-05,1,167.43,1.0,1.0,1.0,167.43,57.43999999999999,1.0,136.5,train
6a583f4c6790a4c8330beb7612e17f42,2018-05-07 15:47:59,5.017731481481482,1,53.89999999999999,1.0,1.0,1.0,53.89999999999999,0.0,1.0,107.8,test
6a5b2a807a2aca962c4badc649cb40b2,2017-02-07 15:46:54,1.1574074074074073e-05,1,71.02,1.0,1.0,1.0,71.02,11.03,7.0,71.02,train
6a64e2cf94a5779760698c1e25a2852a,2017-09-26 12:48:14,0.0,1,42.77000000000001,1.0,1.0,1.0,42.77000000000001,7.780000000000001,1.0,70.72,train
6a6a7141119ceaeca4dfbae7a580a515,2018-05-14 12:37:33,240.91083333333333,1,84.98,3.0,2.0,1.0,84.98,45.3,1.0,42.83,test
6a6a7141119ceaeca4dfbae7a580a515,2018-07-19 22:16:58,66.40237268518518,2,127.81,4.0,3.0,2.0,63.905,31.764999999999993,1.0,32.23,test
6a7e7be8e652da4e4777866459f9b007,2018-02-11 00:58:52,1.1574074074074073e-05,1,75.16999999999999,1.0,1.0,1.0,75.16999999999999,15.18,2.0,86.15,test
6a80a86f478a93a5f4c7ba8db6441a6b,2017-07-26 17:22:34,1.1574074074074073e-05,1,170.40000000000003,2.0,2.0,2.0,170.40000000000003,32.9,3.0,100.82,train
6a80a86f478a93a5f4c7ba8db6441a6b,2017-07-26 17:22:35,1.1574074074074073e-05,2,271.22,3.0,3.0,3.0,135.61,25.365000000000002,3.0,71.53,train
6a9e15d6fa8ce1cabf193c21aa577f64,2018-06-18 09:30:44,14.422349537037038,1,73.16,1.0,1.0,1.0,73.16,18.26,1.0,140.62,test
6a9e15d6fa8ce1cabf193c21aa577f64,2018-08-05 10:50:50,48.055625,2,213.78,2.0,2.0,2.0,106.89,20.939999999999998,1.0,156.83,test
6aa14366984bcc5f1ea760928283d451,2018-01-29 10:43:48,168.95422453703705,1,212.84000000000003,1.0,1.0,1.0,212.84000000000003,27.840000000000003,10.0,133.76,test
6aa2294d9975e319365a586ba919de73,2018-03-04 10:40:02,83.94159722222223,1,126.57,1.0,1.0,1.0,126.57,21.57,10.0,64.0,test
6abc999251612920bec93b3be616fa1d,2017-06-12 20:31:06,35.99929398148148,1,61.83999999999999,1.0,1.0,1.0,61.83999999999999,9.34,1.0,77.23,train
6b1b676621a55a12546f8eeeaa12d4a7,2017-11-03 12:49:17,44.599189814814814,1,188.62,2.0,1.0,1.0,188.62,32.62,1.0,136.18,train
6bb0bebc0758e1a834cb5bf96b6d8feb,2018-05-07 22:34:11,312.3941898148148,1,71.82000000000001,1.0,1.0,1.0,71.82000000000001,11.92,1.0,103.99,test
6bb535b0906b43e0041916897667aeed,2017-06-08 22:46:23,0.0,1,590.72,2.0,1.0,1.0,590.72,124.74,10.0,417.89,train
6bb535b0906b43e0041916897667aeed,2017-09-17 18:12:09,100.80956018518519,2,1008.61,3.0,2.0,2.0,504.305,102.065,10.0,186.62,train
6bbed249de21777c6f7d5074e6c469e9,2018-04-16 18:21:46,117.24010416666667,1,31.089999999999996,1.0,1.0,1.0,31.089999999999996,15.100000000000001,1.0,46.88,test
6bd33258105ef24dbf6d82bb7e3a06b2,2018-03-06 12:04:18,2.3148148148148147e-05,1,44.129999999999995,1.0,1.0,1.0,44.129999999999995,15.230000000000004,4.0,111.56,test
6be28ae15cd1e7b3f3f36ac483512822,2017-11-24 00:08:11,1.1574074074074073e-05,1,352.27,3.0,3.0,2.0,352.27,55.57000000000001,8.0,148.15,train
6bf558c1aae5004b6a410c3294c5e119,2018-07-11 19:32:26,11.204710648148149,1,243.40000000000003,3.0,3.0,3.0,243.40000000000003,118.11999999999999,10.0,66.44,test
6c005d6d2d21634f3eabb0720c780d75,2018-05-16 22:06:09,47.28251157407407,1,32.38,1.0,1.0,1.0,32.38,7.39,3.0,35.38,test
6c2f6983a60ac0dc8a9ee65579959538,2017-10-17 12:39:00,18.94369212962963,1,129.32,1.0,1.0,1.0,129.32,12.32,2.0,122.17,train
6c45a9350eb05fba53a297c2491a32c5,2017-05-06 07:18:28,0.0030671296296296297,1,75.46,1.0,1.0,1.0,75.46,15.56,1.0,75.46,train
6c5524784076044070d9fe6cf151912d,2018-08-08 18:25:49,212.90635416666666,1,65.70999999999998,1.0,1.0,1.0,65.70999999999998,8.719999999999999,1.0,36.46,test
6c70bee45f245a4ebeddb2ece21b567d,2017-07-03 20:50:49,60.97145833333333,1,292.98,1.0,1.0,1.0,292.98,21.980000000000004,10.0,293.39,train
6c722fdc0ca8a586dcfa980f2f1278eb,2017-09-01 11:58:14,47.96116898148148,1,41.00999999999999,1.0,1.0,1.0,41.00999999999999,16.11,4.0,197.03,train
6caedf47165dd303190404ba0d47e802,2018-04-17 07:38:17,69.96322916666666,1,164.5,1.0,1.0,1.0,164.5,65.5,3.0,37.13,test
6cea4abf8f997010abe48d8b4ef9c5f2,2018-07-18 15:22:25,142.76344907407406,1,41.00999999999999,1.0,1.0,1.0,41.00999999999999,16.11,1.0,40.25,test
6cf5a61d865d979d060812cdb48ce484,2018-03-29 11:43:29,192.62693287037038,1,164.78999999999996,1.0,1.0,1.0,164.78999999999996,15.789999999999996,1.0,152.51,test
6d3d5771a12f5e7d00729f940bb28fd2,2017-07-26 11:46:34,33.047349537037036,1,126.92000000000002,1.0,1.0,1.0,126.92000000000002,37.920000000000016,1.0,220.86,train
6d74740d498504341df1e7f104daebf0,2018-01-15 21:59:26,188.18681712962962,1,149.14,1.0,1.0,1.0,149.14,29.240000000000002,3.0,55.78,test
6d97028799b1d0a91160e11d45cfeb7b,2017-05-28 16:31:17,42.913402777777776,1,53.41999999999999,1.0,1.0,1.0,53.41999999999999,14.52,5.0,81.28,train
6d983c87bdeb0ca15734c8bdaa79a2ea,2017-11-17 19:41:49,1.1574074074074073e-05,1,129.99999999999997,1.0,1.0,1.0,129.99999999999997,31.0,1.0,218.03,train
6dcf48fcc0c4d96dd7af8a0897ae9de8,2018-07-17 14:25:51,97.48444444444445,1,209.04999999999998,4.0,2.0,2.0,209.04999999999998,76.43999999999998,10.0,238.23,test
6ddbc64bd04d40f7768ff088d94cbeb8,2018-04-09 22:58:05,0.0,1,1149.83,1.0,1.0,1.0,1149.83,95.83,1.0,1149.83,test
6e08abf5cfb67eeea9e48463da288788,2018-05-26 12:46:18,35.15674768518519,1,142.41,1.0,1.0,1.0,142.41,23.409999999999997,2.0,162.41,test
6e0d94e83bae00a64c12c9497158ee1c,2017-09-24 14:47:42,51.19394675925926,1,45.00000000000001,1.0,1.0,1.0,45.00000000000001,15.1,1.0,35.4,train
6e10d6571ddd6b7b58d61e4d5e7dde95,2018-08-20 16:36:33,20.918287037037036,1,68.35,1.0,1.0,1.0,68.35,18.450000000000003,5.0,157.2,test
6e1512c1c3221bd24fa4848202727ab3,2017-12-10 20:58:31,166.40324074074073,1,116.94,1.0,1.0,1.0,116.94,16.95,1.0,77.6,train
6e1550b8966f327f29bc06b18972dbec,2017-05-30 20:09:15,10.836782407407407,1,957.1499999999999,1.0,1.0,1.0,957.1499999999999,87.18,10.0,82.72999999999999,train
6e26bbeaa107ec34112c64e1ee31c0f5,2018-01-02 19:00:43,181.87699074074075,1,65.17000000000007,1.0,1.0,1.0,65.17000000000007,8.269999999999996,1.0,1376.45,test
6e2f539e9e0e323859a81079581db712,2018-04-03 15:26:14,196.25115740740742,1,21.770000000000003,1.0,1.0,1.0,21.770000000000003,7.780000000000001,2.0,32.38,test
6e620488162fe1129d32f26b751d770a,2018-02-22 19:18:21,146.92400462962962,1,151.9,2.0,1.0,1.0,151.9,32.1,1.0,41.75,test
6e64dc929d62442c813375d68c4e0c2e,2018-02-25 20:10:26,0.0,1,88.48999999999998,1.0,1.0,1.0,88.48999999999998,12.490000000000002,5.0,158.79,test
6e968652933d10e7a77047574d87e54a,2017-06-11 16:37:43,0.007453703703703704,1,63.510000000000005,1.0,1.0,1.0,63.510000000000005,19.590000000000003,6.0,91.26,train
6ecae395621d20aca9711709fedacade,2018-02-26 08:38:33,1.1574074074074073e-05,1,63.69,1.0,1.0,1.0,63.69,16.79,2.0,122.5,test
6edeeed37ddd3dee7559f358b023ef9b,2018-06-27 09:18:25,46.73784722222222,1,52.38,1.0,1.0,1.0,52.38,7.389999999999999,1.0,52.57,test
6ee2f345f4f2fbd1cafb6447a6b37642,2017-06-08 23:28:16,7.030474537037037,1,246.36000000000004,1.0,1.0,1.0,246.36000000000004,16.36,8.0,141.23,train
6eefa309faab7725bf4b9dce147e4ae6,2017-12-17 15:38:02,137.85201388888888,1,25.0,1.0,1.0,1.0,25.0,15.1,2.0,31.75,train
6eefa309faab7725bf4b9dce147e4ae6,2018-01-04 05:39:58,17.584675925925925,2,56.74999999999999,2.0,2.0,2.0,28.374999999999996,13.474999999999998,2.5,30.85,test
6ef4101366e4340921398ba91fff1426,2018-02-26 20:43:12,0.00787037037037037,1,86.14999999999999,1.0,1.0,1.0,86.14999999999999,16.25,1.0,55.11,test
6f1b9f60ea8ee748140353648c2d8d8f,2018-06-21 17:20:29,441.97636574074073,1,292.47,1.0,1.0,1.0,292.47,12.57,10.0,204.29,test
6f22857001b77949eb8110295fced3ff,2017-11-20 12:47:46,34.77740740740741,1,54.62,1.0,1.0,1.0,54.62,8.72,1.0,54.62,train
6f302f15a62c56b3100b67a81bfef328,2017-12-18 21:47:55,153.45712962962963,1,178.52999999999997,1.0,1.0,1.0,178.52999999999997,69.13,3.0,556.86,train
6f36e0165218ac7ae521d8e44739e703,2018-01-26 17:20:43,24.108668981481483,1,21.47999999999999,1.0,1.0,1.0,21.47999999999999,7.779999999999999,1.0,228.01,test
6f5c52ea47e32b73958b0ac0f3c34e88,2018-05-27 12:20:21,9.23136574074074,1,29.769999999999996,1.0,1.0,1.0,29.769999999999996,7.87,1.0,22.36,test
6f64406ed5cfa4a2d9bd35e91bfd6587,2017-12-11 09:46:54,0.0,1,37.0,1.0,1.0,1.0,37.0,15.099999999999998,2.0,164.16,train
6f64406ed5cfa4a2d9bd35e91bfd6587,2018-02-06 15:10:03,57.22440972222222,2,201.15999999999997,2.0,2.0,2.0,100.57999999999998,14.629999999999999,2.0,170.12,test
6f65f19c2dcfcab8b76b2fafb5b840e1,2018-03-22 23:59:55,409.0451967592593,1,169.86,1.0,1.0,1.0,169.86,14.859999999999998,8.0,78.8,test
6f8e7d40046694539c87b98cb5096a28,2018-05-24 14:20:48,7.239710648148148,1,37.38,1.0,1.0,1.0,37.38,7.39,1.0,37.37,test
6faa792efdf7c9c6eb7cfdf68aa5e581,2017-10-09 19:27:57,208.95952546296297,1,170.49,1.0,1.0,1.0,170.49,21.489999999999995,1.0,125.94,train
6fc92189a4d83f8f8eb046b050ce8687,2017-07-08 14:55:53,1.1574074074074073e-05,1,231.27,1.0,1.0,1.0,231.27,26.269999999999996,10.0,77.22,train
6fe09f77ec8e29ed4e619c6841f6479b,2018-06-06 13:17:17,200.63221064814815,1,203.74,1.0,1.0,1.0,203.74,12.84,2.0,65.38,test
6ff62b85b8dd35a3402d54618bdafec6,2018-02-05 16:12:45,2.9463194444444443,1,347.67,1.0,1.0,1.0,347.67,14.670000000000002,3.0,281.79,test
7018a5e068b8fd0912fed2d02952df23,2018-04-15 13:12:40,45.55869212962963,1,92.82999999999998,1.0,1.0,1.0,92.82999999999998,8.18,1.0,92.43,test
704d4446bffad3f1d6b73a58426af36a,2018-04-16 08:16:46,226.68494212962963,1,143.13,1.0,1.0,1.0,143.13,53.23,1.0,33.32,test
70601471b692cc0879300373118041ff,2018-06-22 13:11:10,2.168125,1,204.21,1.0,1.0,1.0,204.21,23.2,1.0,11.56,test
7063b55fee699193fd5e44253a7e4a98,2017-05-19 16:02:39,1.1574074074074073e-05,1,363.78000000000003,1.0,1.0,1.0,363.78000000000003,14.780000000000001,5.0,425.46,train
706cdc310c7f626d1d2bc95c396202e5,2017-09-12 19:43:20,1.1574074074074073e-05,1,112.42999999999999,1.0,1.0,1.0,112.42999999999999,15.430000000000001,1.0,50.89,train
70755e5b9df5988f592f3dec6279f1be,2017-09-22 10:06:29,1.1574074074074073e-05,1,39.09,1.0,1.0,1.0,39.09,15.1,3.0,105.37,train
70aa9ef908248a2ec9e03b77ce1ff357,2018-05-21 15:22:00,20.1065625,1,213.19999999999996,1.0,1.0,1.0,213.19999999999996,13.300000000000004,1.0,244.35,test
70ad91901ad4330af432978ff134fc6f,2018-03-19 16:39:27,6.990497685185185,1,333.65000000000003,5.0,1.0,1.0,333.65000000000003,68.64999999999999,1.0,326.79,test
70c976663a07ebfd35d81c6179258391,2018-02-21 15:24:49,1.1574074074074073e-05,1,98.73000000000002,1.0,1.0,1.0,98.73000000000002,12.730000000000002,2.0,97.62,test
70f0fca2435f0fa72fe85699630791fc,2017-02-09 11:01:15,1.1574074074074073e-05,1,145.67999999999998,2.0,1.0,1.0,145.67999999999998,49.68,8.0,235.71,train
70ffda7e4167ce87ac620ab2c572ac4f,2017-09-22 13:41:06,0.000462962962962963,1,50.68000000000001,1.0,1.0,1.0,50.68000000000001,12.690000000000001,5.0,67.68,train
71048f40f553973d48d6fe35d01a3afb,2018-04-05 07:53:47,120.74813657407407,1,60.53,1.0,1.0,1.0,60.53,27.2,1.0,122.19,test
711066a7bba9951b1da0ce0f4302af23,2018-02-07 09:58:30,54.49144675925926,1,72.75999999999999,1.0,1.0,1.0,72.75999999999999,12.760000000000002,1.0,36.24,test
712c4abfd9b054e7872aad2021a4aee3,2017-11-17 19:55:32,11.383761574074073,1,212.72999999999996,1.0,1.0,1.0,212.72999999999996,13.73,1.0,233.55,train
718d5855edf637b8e2f213db87dab93d,2017-10-16 15:08:15,144.6454398148148,1,46.0,1.0,1.0,1.0,46.0,14.1,1.0,33.09,train
719b416ebeb9f51638f343c4cc19f742,2018-08-06 21:13:55,283.1530324074074,1,60.10000000000001,1.0,1.0,1.0,60.10000000000001,15.100000000000001,3.0,62.11,test
719b758d12e3c1f243c66bf47b488be1,2018-01-13 10:56:37,1.1574074074074073e-05,1,187.79000000000002,2.0,2.0,2.0,187.79000000000002,28.89,1.0,102.64,test
719f18245d86356b20dbfc6ebff6498d,2018-06-18 16:49:24,342.193912037037,1,69.03,1.0,1.0,1.0,69.03,14.130000000000003,2.0,157.02,test
71a26c172a544ccc789674f1fab9d951,2018-04-13 13:45:45,0.9525231481481482,1,53.93000000000001,1.0,1.0,1.0,53.93000000000001,15.23,1.0,184.86,test
71a92fd3087501bcfba6e6e1ef7e8fd7,2018-08-10 13:37:19,457.01399305555555,1,214.83,1.0,1.0,1.0,214.83,16.83,10.0,40.28,test
71b14aca95bfbedbc5746d2c0a92d8e2,2017-11-22 20:48:57,2.3301041666666666,1,191.68,1.0,1.0,1.0,191.68,21.68,3.0,191.68,train
71b8dc9ce21a7ca5344bde166e117c9f,2018-03-07 20:21:18,231.0667476851852,1,167.81,1.0,1.0,1.0,167.81,15.810000000000002,4.0,41.94,test
71bd6ff3f70090f785e26643f22c6484,2018-04-27 12:54:04,332.78140046296295,1,66.69000000000001,1.0,1.0,1.0,66.69000000000001,16.789999999999996,3.0,81.11,test
71d2dbb6d2f52d568ca9d69c815a4331,2017-06-17 09:36:39,80.31702546296296,1,76.85000000000002,1.0,1.0,1.0,76.85000000000002,8.849999999999998,7.0,309.74,train
71d790b151c0349e5f5b2fbb4fbe1321,2018-04-28 11:48:26,135.8416550925926,1,89.04000000000002,3.0,1.0,1.0,89.04000000000002,23.34,1.0,92.5,test
71df425cb9aec3337bc969df451d663a,2017-09-29 16:22:26,7.7849305555555555,1,287.27,1.0,1.0,1.0,287.27,37.36999999999999,5.0,574.54,train
71e1f051740a6d2fcdc204e989035526,2018-01-19 14:58:55,242.02584490740742,1,96.02,1.0,1.0,1.0,96.02,21.019999999999996,1.0,106.08,test
71f5d6c0cf885d0b2b52836a4c469bc3,2017-04-11 08:26:45,18.66144675925926,1,40.95,1.0,1.0,1.0,40.95,10.96,1.0,40.95,train
71f88e06eb78302859a034cd7d1877a1,2018-05-14 12:34:50,23.692314814814814,1,521.37,1.0,1.0,1.0,521.37,21.379999999999995,8.0,305.01,test
72061fff095d8325b311ea24e2f4a2b5,2017-12-12 22:27:23,7.347662037037037,1,517.44,6.0,6.0,1.0,517.44,97.5,5.0,182.36,train
723bb8aa118da56cd7644aa593d197f9,2018-06-22 15:06:34,123.10204861111112,1,183.42999999999998,1.0,1.0,1.0,183.42999999999998,14.93,10.0,182.34,test
72421b30e46c895e99e8560a48a33fb6,2018-08-13 23:58:38,379.2199537037037,1,75.06999999999998,1.0,1.0,1.0,75.06999999999998,15.169999999999998,2.0,82.33,test
7263bdaf8bd8ca9e023f521f8ae50970,2017-03-13 08:43:10,1.1574074074074073e-05,1,85.4,2.0,1.0,1.0,85.4,41.6,2.0,94.97,train
728a151b4593fb7ae0787158df28752a,2018-06-06 11:44:08,36.802951388888886,1,94.47,1.0,1.0,1.0,94.47,29.48,1.0,94.47,test
728e4a7d0db4845270091ded0923c71f,2017-01-05 12:09:08,0.0017592592592592592,1,11.620000000000001,1.0,1.0,1.0,11.620000000000001,8.72,1.0,16.62,train
728e4a7d0db4845270091ded0923c71f,2017-01-05 12:11:23,0.0015625,2,28.24,2.0,2.0,2.0,14.12,8.720000000000002,1.0,18.62,train
729089b44985b34915decf7117d8fc2c,2017-11-29 08:11:48,5.947233796296296,1,51.69,1.0,1.0,1.0,51.69,12.69,1.0,51.69,train
72e05cde2a8e5d8f08ca3ef3bcfadc63,2018-08-17 16:53:17,0.0,1,60.25,1.0,1.0,1.0,60.25,23.06,1.0,60.25,test
72e79d08a90aa4e10f7e5aa76e65b258,2017-11-05 15:57:07,1.1574074074074073e-05,1,86.15,1.0,1.0,1.0,86.15,16.25,2.0,86.15,train
72eb961337993c4c089cb9135b86de90,2018-05-24 15:47:39,120.07962962962964,1,67.77000000000001,1.0,1.0,1.0,67.77000000000001,7.780000000000001,4.0,27.79,test
7305430719d715992b00be82af4a6aa8,2017-11-23 15:05:54,134.17734953703703,1,227.26999999999998,1.0,1.0,1.0,227.26999999999998,22.269999999999996,6.0,54.61,train
7305430719d715992b00be82af4a6aa8,2018-04-19 21:00:58,147.24657407407406,2,281.88000000000005,2.0,2.0,2.0,140.94000000000003,18.69,3.5,89.08,test
7305430719d715992b00be82af4a6aa8,2018-08-16 15:54:42,118.78731481481482,3,370.96000000000004,3.0,3.0,3.0,123.65333333333335,18.853333333333328,2.6666666666666665,68.35,test
730e4b7ede33b484516435d39ab4dc49,2017-06-07 00:19:14,112.56575231481482,1,213.53000000000003,1.0,1.0,1.0,213.53000000000003,33.540000000000006,4.0,200.44,train
7314e2017ab1883d59ccbc7318c4b3fc,2018-02-21 14:02:31,8.101851851851852e-05,1,96.32999999999998,1.0,1.0,1.0,96.32999999999998,15.329999999999998,1.0,158.49,test
731a127666e5bc79810ebdc48eeff385,2018-02-13 22:54:17,1.1574074074074073e-05,1,101.90999999999998,1.0,1.0,1.0,101.90999999999998,12.96,6.0,101.86,test
731ea3afd190908a9cbed04f42aa51e2,2017-11-27 18:39:50,0.0,1,102.22999999999999,1.0,1.0,1.0,102.22999999999999,12.330000000000002,7.0,204.46,train
732d307839b02bc2d3a4c26b515ea2b9,2018-03-03 21:49:27,81.02796296296296,1,55.0,1.0,1.0,1.0,55.0,15.099999999999998,5.0,63.34,test
732d307839b02bc2d3a4c26b515ea2b9,2018-03-03 21:49:27,0.0,2,118.34,2.0,2.0,2.0,59.17,12.22,3.0,37.34,test
7330a3475a2c65878c2c9b95266bef04,2018-03-06 17:21:09,3.305439814814815,1,215.14,1.0,1.0,1.0,215.14,16.14,10.0,318.97,test
73601b1eec55943e90ce8d61253d5c09,2017-11-01 13:39:49,35.840625,1,1034.34,1.0,1.0,1.0,1034.34,29.35,1.0,1034.34,train
7370a0c1920f4a92e1f09463099e9b42,2018-02-06 09:34:23,2.3148148148148147e-05,1,60.09,1.0,1.0,1.0,60.09,15.100000000000001,1.0,48.69,test
73768eba15a0744371ca5521eb2e51f5,2018-01-03 22:26:49,0.012094907407407407,1,417.1600000000001,1.0,1.0,1.0,417.1600000000001,67.26000000000002,3.0,356.74,test
7379b57a7a2b9aa2741a1c564138b99a,2017-12-06 22:55:35,77.63280092592592,1,69.33000000000001,1.0,1.0,1.0,69.33000000000001,9.34,1.0,138.66,train
738ffcf1017b584e9d2684b36e07469c,2017-11-01 01:52:21,18.561122685185186,1,153.14,2.0,2.0,1.0,153.14,25.14,8.0,247.92000000000002,train
738ffcf1017b584e9d2684b36e07469c,2018-05-11 23:49:18,191.91454861111112,2,401.06,3.0,3.0,2.0,200.53,61.58,9.0,265.19,test
738ffcf1017b584e9d2684b36e07469c,2018-06-16 01:10:28,35.05636574074074,3,666.25,4.0,4.0,3.0,222.08333333333334,49.11666666666667,10.0,112.92999999999999,test
7395a64f37a30f9827ca4d8292b484e8,2017-09-05 09:03:33,76.79332175925926,1,49.09,1.0,1.0,1.0,49.09,14.1,1.0,104.28,train
73a218a376e1c8e6a31799484fe514b8,2018-04-19 10:03:08,17.55261574074074,1,496.8,6.0,1.0,1.0,496.8,138.0,10.0,82.8,test
73daba56d88fe2ed55fd098a179646d0,2017-11-25 14:04:11,1.1574074074074073e-05,1,134.18000000000004,1.0,1.0,1.0,134.18000000000004,21.28,7.0,188.4,train
73de7b7b976fc6b75283b05f67fd6b5b,2017-11-14 20:08:14,1.1574074074074073e-05,1,251.69,1.0,1.0,1.0,251.69,43.69,5.0,156.51,train
73f97c6a5af65a71194cc2265ae82501,2018-05-28 23:06:44,110.82770833333333,1,35.09,1.0,1.0,1.0,35.09,15.100000000000001,3.0,90.04,test
73fa628b0fc190639f48da2667eb1381,2017-10-24 10:10:35,115.83842592592593,1,104.27999999999999,1.0,1.0,1.0,104.27999999999999,14.379999999999999,7.0,96.8,train
740b9a28b39035534bf3425b19016263,2017-11-19 14:03:22,0.18090277777777777,1,87.63999999999999,1.0,1.0,1.0,87.63999999999999,17.739999999999995,1.0,179.24,train
743b6b21edcc4f0a9be82e591187e0a8,2017-11-03 20:23:47,0.2131597222222222,1,72.66999999999999,1.0,1.0,1.0,72.66999999999999,17.67,1.0,58.62,train
7441ce776af8da3b9df3d3f3c1e13ab1,2017-07-15 00:52:32,11.985868055555555,1,28.78,1.0,1.0,1.0,28.78,7.78,2.0,64.77,train
744fb2d41ededa16d3f703b7065b234c,2018-02-04 22:04:37,0.0,1,224.60000000000002,2.0,1.0,1.0,224.60000000000002,24.799999999999997,8.0,46.0,test
7462a753a77ed093330660f7003064c7,2018-08-13 00:00:57,1.111701388888889,1,42.78,2.0,2.0,2.0,42.78,14.780000000000001,1.0,102.94,test
74b8021516f25eb91f5b4e704a2cd671,2018-08-14 19:46:25,35.24855324074074,1,33.06,1.0,1.0,1.0,33.06,22.06,3.0,67.14,test
74cb1ad7e6d5674325c1f99b5ea30d82,2017-08-28 20:24:53,1.1574074074074073e-05,1,43.34,1.0,1.0,1.0,43.34,9.340000000000002,4.0,101.12,train
74cb1ad7e6d5674325c1f99b5ea30d82,2017-08-28 20:24:53,0.0,2,144.46,2.0,2.0,2.0,72.23,10.73,4.0,76.9,train
74cb1ad7e6d5674325c1f99b5ea30d82,2018-01-29 22:08:10,154.07172453703703,3,221.36,3.0,3.0,3.0,73.78666666666668,26.786666666666665,4.0,32.77,test
74cb1ad7e6d5674325c1f99b5ea30d82,2018-04-03 01:16:22,63.130694444444444,4,254.13000000000002,4.0,4.0,4.0,63.532500000000006,22.1575,3.75,197.04,test
74fe4e106702770ef728399ce5da503a,2018-06-02 11:51:00,109.8043287037037,1,88.16,2.0,1.0,1.0,88.16,28.199999999999996,1.0,148.74,test
754f0aa37a9a58685e42e70973bc511c,2017-08-15 17:08:00,0.0,1,80.2,1.0,1.0,1.0,80.2,15.199999999999998,4.0,42.0,train
7580e539c3d74ce5ff3946877db01dd2,2018-08-14 20:38:23,0.0,1,53.01,1.0,1.0,1.0,53.01,23.01,1.0,50.99,test
7588c20c457369de8caad958afc1cc06,2017-09-17 22:57:10,233.5584375,1,125.08999999999999,1.0,1.0,1.0,125.08999999999999,25.190000000000005,1.0,47.05,train
7588c20c457369de8caad958afc1cc06,2018-03-16 15:44:57,179.69984953703704,2,172.14000000000004,2.0,2.0,2.0,86.07000000000002,23.17,2.0,93.7,test
7589544c08cc5de364cad85ee73f4b63,2018-03-18 18:55:40,118.8869675925926,1,65.07999999999998,1.0,1.0,1.0,65.07999999999998,21.18,5.0,104.68,test
7589544c08cc5de364cad85ee73f4b63,2018-06-24 17:20:56,97.93421296296296,2,169.76,2.0,2.0,2.0,84.88,22.98,7.5,95.37,test
7599dea7f7520c8c37351721ad6870de,2018-06-01 22:49:13,347.10305555555556,1,115.45000000000002,1.0,1.0,1.0,115.45000000000002,16.449999999999996,1.0,197.23,test
75a2adfe9f86d401f24b5fe2eb9a582c,2018-01-04 17:50:02,0.0,1,259.09000000000003,3.0,3.0,1.0,259.09000000000003,38.39,1.0,95.09,test
75a398e43d9757a4f7d6f622aeb22c47,2017-09-18 12:24:10,10.060358796296295,1,30.380000000000003,1.0,1.0,1.0,30.380000000000003,12.48,1.0,46.82,train
75b45ab225bf88fdd7f432507030a4b8,2017-09-13 18:34:22,181.16059027777777,1,39.41999999999999,1.0,1.0,1.0,39.41999999999999,14.52,3.0,121.78,train
75bbb6b481a1df1689bb769e63ec3acb,2018-02-05 19:25:43,1.1574074074074073e-05,1,49.620000000000005,1.0,1.0,1.0,49.620000000000005,25.629999999999995,4.0,117.16,test
75c7cb4037146f5c8e95ade4214396c5,2018-01-12 09:40:31,115.15924768518518,1,66.63,1.0,1.0,1.0,66.63,11.730000000000004,6.0,666.68,test
75e750a6279d55f7137bb9e9bb8662cf,2017-11-30 17:11:56,66.08533564814815,1,42.000000000000014,1.0,1.0,1.0,42.000000000000014,14.099999999999998,4.0,96.8,train
75eacb17f5ef482c37c7b7903f014ece,2018-08-04 16:38:41,76.8154050925926,1,120.51999999999998,1.0,1.0,1.0,120.51999999999998,20.620000000000005,1.0,223.61,test
75fe145e64986de933b893642277d8a9,2017-03-12 16:26:20,0.0,1,127.50000000000001,1.0,1.0,1.0,127.50000000000001,17.510000000000005,3.0,82.79,train
75ff587e87e047a7e00f75bbcab17c00,2017-11-01 21:41:42,270.57193287037035,1,184.85000000000002,1.0,1.0,1.0,184.85000000000002,25.850000000000005,5.0,99.95,train
76a0491dd70c125840fa259f00dfc351,2018-01-20 18:21:50,6.168611111111111,1,149.36,1.0,1.0,1.0,149.36,20.360000000000003,2.0,69.49,test
76a0491dd70c125840fa259f00dfc351,2018-04-14 12:00:13,83.73498842592592,2,218.85000000000002,2.0,2.0,2.0,109.42500000000001,19.974999999999998,1.5,79.11,test
76c9a12722537319e44c31e70b7815c3,2018-06-03 18:24:33,291.8210300925926,1,57.89,1.0,1.0,1.0,57.89,15.100000000000001,1.0,41.69,test
76d1df67cfa34a2c4606537d54aea0f8,2017-10-28 16:20:18,2.3148148148148147e-05,1,264.87999999999994,1.0,1.0,1.0,264.87999999999994,9.98,3.0,293.46,train
76f7d40948174f5cde0fcf8e6147b59d,2018-04-29 22:59:41,120.95347222222222,1,205.28000000000003,2.0,1.0,1.0,205.28000000000003,27.279999999999998,1.0,168.32,test
76ffb5b3f1186c6c8022f6047ae9ead5,2018-01-14 22:48:28,0.0,1,126.92,1.0,1.0,1.0,126.92,17.019999999999996,3.0,75.76,test
77001b080dd723bc9a22e538e5e06e41,2018-04-09 15:22:31,55.00241898148148,1,69.02999999999999,1.0,1.0,1.0,69.02999999999999,14.13,1.0,80.23,test
770c6c524fc389b4cab878d19703745d,2017-08-10 10:14:39,1.1574074074074073e-05,1,44.10000000000002,1.0,1.0,1.0,44.10000000000002,15.100000000000001,3.0,476.97,train
771f344c1ac13d8ccdf2d14c48e2c6c3,2017-07-19 20:35:27,166.81931712962964,1,55.44,1.0,1.0,1.0,55.44,15.64,1.0,38.11,train
77479db0fa60ddc453f3743abc02be23,2017-05-30 18:18:36,114.30060185185185,1,70.17000000000002,1.0,1.0,1.0,70.17000000000002,24.17,1.0,61.01,train
77784ec016bfbcc51d2394d1632f0d3d,2018-07-25 13:43:33,341.35122685185183,1,61.16,1.0,1.0,1.0,61.16,17.6,2.0,109.35,test
7779fdf670bfe673e064b9aa5447674e,2017-05-24 13:17:55,0.0,1,21.720000000000002,1.0,1.0,1.0,21.720000000000002,11.73,2.0,29.34,train
7779fdf670bfe673e064b9aa5447674e,2017-08-03 06:04:15,70.6988425925926,2,51.05999999999999,2.0,2.0,2.0,25.529999999999994,10.535,2.0,108.51,train
7784447c90f683e4775f7c1f02c04fbf,2017-07-24 17:31:04,2.3148148148148147e-05,1,57.969999999999985,1.0,1.0,1.0,57.969999999999985,15.98,1.0,102.05,train
779f7ec7155dfd74a8425e40c4d34497,2018-06-19 14:10:30,36.17265046296296,1,104.79000000000002,1.0,1.0,1.0,104.79000000000002,8.789999999999997,4.0,258.90000000000003,test
77c213e10acbd145d50fcb035d0e86d9,2018-04-10 08:42:53,13.982175925925926,1,114.69999999999999,1.0,1.0,1.0,114.69999999999999,26.700000000000003,1.0,365.25,test
77e223f4a031fdeb1650e797bf4c692a,2018-05-08 13:53:51,357.7684953703704,1,84.14000000000001,1.0,1.0,1.0,84.14000000000001,14.239999999999998,1.0,166.96,test
7823a8988612aff9a03896c51e2c5f7b,2018-05-02 20:56:24,108.19398148148149,1,31.379999999999995,1.0,1.0,1.0,31.379999999999995,12.480000000000002,1.0,213.73,test
7828a4a1ee004bbe6665cbffbc4bf2d9,2018-02-12 11:08:58,298.4679050925926,1,211.00000000000003,1.0,1.0,1.0,211.00000000000003,12.000000000000002,1.0,98.1,test
7849336c1b7785f258ffef06aedbd216,2018-03-05 21:52:15,166.1430787037037,1,92.94999999999999,5.0,1.0,1.0,92.94999999999999,45.45,1.0,97.43,test
7849336c1b7785f258ffef06aedbd216,2018-07-24 20:45:16,140.9534837962963,2,190.37999999999994,6.0,2.0,2.0,95.18999999999997,31.94,1.0,432.18,test
786165c8823a3fd635edab35df391d27,2018-02-26 20:21:07,12.32366898148148,1,43.59,1.0,1.0,1.0,43.59,15.100000000000001,1.0,173.82,test
788a2f679187362222b67dfe89da6c1a,2017-11-24 23:37:52,0.00037037037037037035,1,89.25,3.0,3.0,1.0,89.25,35.55,1.0,29.75,train
78a038d19f31c40c5dd68c112ca00ad1,2018-06-13 16:18:34,2.0980439814814815,1,196.11,1.0,1.0,1.0,196.11,67.20999999999998,5.0,46.3,test
78b5cbc4b9ad61445b6609593addca37,2018-01-04 17:16:49,139.21925925925925,1,107.78000000000002,1.0,1.0,1.0,107.78000000000002,17.879999999999995,8.0,105.71,test
78b5cbc4b9ad61445b6609593addca37,2018-01-11 11:06:41,6.742962962962963,2,213.48999999999998,2.0,2.0,2.0,106.74499999999999,17.869999999999997,8.0,138.6,test
78c5bae602d6d120f6f4ed4acbd46284,2018-03-20 20:12:16,71.96179398148148,1,158.21,2.0,2.0,1.0,158.21,28.41,5.0,55.13,test
78c5f76b60a3a2588635aadc70e34df7,2017-10-11 21:55:04,0.0,1,39.09,1.0,1.0,1.0,39.09,15.100000000000001,3.0,106.38,train
78d665ab97fb0bfd754a20a48476c4e7,2017-07-06 09:03:56,1.1574074074074073e-05,1,41.09000000000003,1.0,1.0,1.0,41.09000000000003,15.099999999999994,4.0,636.74,train
78d79858662c99b94b69547d9f80e061,2018-08-18 15:18:55,201.01873842592593,1,146.96,1.0,1.0,1.0,146.96,27.160000000000004,2.0,166.16,test
78dc91ac9a6fece2e327f74e96cac0b0,2018-07-01 10:39:54,4.621666666666667,1,48.209999999999994,1.0,1.0,1.0,48.209999999999994,18.310000000000002,4.0,99.8,test
78e63ed7c16b6a93bfdcef66ad250a00,2018-03-21 10:25:50,273.52012731481483,1,110.82000000000001,1.0,1.0,1.0,110.82000000000001,50.92000000000001,1.0,77.29,test
78fb70b5aa609b4b55c6ef3d0cb51faf,2017-11-28 12:46:41,125.15115740740741,1,21.22,1.0,1.0,1.0,21.22,8.719999999999999,1.0,42.41,train
78fcceb499ec9008fcecbaad21efefc6,2017-09-16 15:02:11,17.62699074074074,1,59.81999999999999,1.0,1.0,1.0,59.81999999999999,17.92,1.0,162.45,train
790ac688b0fcc22b2a0dacf0202b2ce4,2018-01-25 19:36:42,0.053842592592592595,1,54.5,1.0,1.0,1.0,54.5,17.6,5.0,54.5,test
793c14202ef7966472e9246fd83b0ae8,2017-10-01 21:06:02,0.0,1,68.33000000000001,1.0,1.0,1.0,68.33000000000001,12.730000000000002,2.0,41.07,train
794307f7c4fd6c8325655fb3f7b89895,2017-10-21 14:31:35,0.0,1,54.50999999999999,1.0,1.0,1.0,54.50999999999999,16.11,5.0,77.57,train
79444cb5bb16964eea4c5abb2d3aa023,2018-03-23 20:43:35,37.984039351851855,1,197.71999999999997,1.0,1.0,1.0,197.71999999999997,18.819999999999997,3.0,50.05,test
795c1622cf7a53d63d324e862349d01c,2018-01-15 23:15:27,1.1574074074074073e-05,1,99.73999999999998,1.0,1.0,1.0,99.73999999999998,9.84,5.0,55.09,test
795c1622cf7a53d63d324e862349d01c,2018-04-30 09:26:04,104.42403935185185,2,154.83,2.0,2.0,2.0,77.415,17.515,5.0,56.73,test
795c1622cf7a53d63d324e862349d01c,2018-08-17 22:06:17,109.52792824074074,3,211.56000000000003,3.0,3.0,3.0,70.52000000000001,16.753333333333334,5.0,142.67,test
796214f3f3b496b3b116986185984393,2018-08-18 15:49:58,434.65511574074077,1,144.72000000000003,2.0,1.0,1.0,144.72000000000003,28.319999999999997,1.0,494.62,test
7973a6ba9c81ecaeb3d628c33c7c7c48,2017-09-19 22:17:15,1.1574074074074073e-05,1,39.09,1.0,1.0,1.0,39.09,15.099999999999998,3.0,76.65,train
798c34ffa9047399853eab8ca7c0b9a0,2017-12-04 22:28:27,0.018229166666666668,1,412.1600000000001,1.0,1.0,1.0,412.1600000000001,17.51,3.0,1400.03,train
7993617f039446d209d529ac9cc03f1c,2018-07-13 21:05:56,315.5946064814815,1,60.69,1.0,1.0,1.0,60.69,16.79,5.0,72.18,test
79abd55efd139ad036a57558aea211e4,2018-01-03 23:47:03,105.01273148148148,1,71.53000000000002,1.0,1.0,1.0,71.53000000000002,16.63,1.0,106.08,test
79b9e9b310f3094c2cad708eb17508c2,2017-09-01 10:20:53,185.7947800925926,1,30.949999999999996,1.0,1.0,1.0,30.949999999999996,10.960000000000003,2.0,36.85,train
79c389f4fcc007dfbd1f317f29e85030,2018-05-03 10:12:15,105.82196759259259,1,128.26,1.0,1.0,1.0,128.26,8.259999999999998,1.0,127.87,test
79c3ef46b89f10777f5604a5e1ee22b5,2017-08-16 16:24:17,1.1574074074074073e-05,1,115.93999999999997,1.0,1.0,1.0,115.93999999999997,17.940000000000005,3.0,150.97,train
79f227df52caf2b68d36e990ff3fc652,2018-03-07 22:11:47,1.1574074074074073e-05,1,181.4,2.0,2.0,2.0,181.4,41.51,8.0,85.85,test
79fa3eb416c3933311c949121225649f,2017-12-06 10:09:03,14.884305555555555,1,43.09,1.0,1.0,1.0,43.09,15.1,4.0,40.09,train
7a114c4d600e1eb56f331eba875d38a6,2018-03-28 15:12:22,64.15466435185185,1,133.18,1.0,1.0,1.0,133.18,13.18,1.0,134.2,test
7a1751f98e25f665fc0130c7b001e18f,2017-07-19 14:34:02,0.0,1,75.24000000000001,2.0,1.0,1.0,75.24000000000001,35.260000000000005,1.0,89.87,train
7a176e5d88c7acb6000a055e008c055d,2016-10-08 17:43:26,1.1574074074074073e-05,1,207.21999999999997,2.0,1.0,1.0,207.21999999999997,27.420000000000005,10.0,420.08,train
7a1de9bde89aedca8c5fbad489c5571c,2017-12-02 15:16:36,100.1563425925926,1,127.44999999999999,2.0,2.0,2.0,127.44999999999999,70.75,1.0,339.55,train
7a311d62282fa63be12b02aef2fd21d1,2017-12-15 11:06:15,208.12917824074074,1,106.95,1.0,1.0,1.0,106.95,7.950000000000001,2.0,108.51,train
7a311d62282fa63be12b02aef2fd21d1,2018-01-30 23:32:03,46.517916666666665,2,215.46,2.0,2.0,2.0,107.73,8.729999999999999,3.0,45.27,test
7a350426024a624cef97f797c408db97,2018-05-03 16:46:51,112.07630787037037,1,84.15,1.0,1.0,1.0,84.15,25.25,1.0,172.72,test
7a380cb5434e6b6b5b37d45bb99dbe8a,2018-06-11 16:49:47,25.711111111111112,1,247.69,2.0,2.0,2.0,247.69,34.7,1.0,228.49,test
7a40da3af7a607c7275b9b8f71d730c7,2018-04-27 20:34:17,160.5202314814815,1,281.3,1.0,1.0,1.0,281.3,21.31,3.0,57.29,test
7a443ff6dbc48349835cb18a9355ea1b,2017-07-25 13:52:07,0.0,1,34.3,1.0,1.0,1.0,34.3,15.1,3.0,34.3,train
7a6b4947e01039432cac229435d058ee,2017-09-17 22:36:58,0.03974537037037037,1,226.12,1.0,1.0,1.0,226.12,16.22,3.0,226.12,train
7a774055fedca2666e77244c5e50368f,2018-08-09 19:29:02,41.4303587962963,1,57.510000000000005,1.0,1.0,1.0,57.510000000000005,7.609999999999999,1.0,47.58,test
7ab8841bae70453e6b6fd543de86b90e,2018-05-03 17:26:34,114.7924537037037,1,217.63,1.0,1.0,1.0,217.63,27.65,3.0,226.44,test
7ac70e85ee5c115fca1147ee0f59616e,2018-07-20 13:30:37,15.777777777777779,1,59.47000000000003,1.0,1.0,1.0,59.47000000000003,19.470000000000002,1.0,308.12,test
7acf19ddc75a0935581845e1c89edb3c,2017-05-22 23:09:07,1.1574074074074073e-05,1,153.90000000000003,1.0,1.0,1.0,153.90000000000003,14.0,5.0,237.07,train
7ad04c71bfca958e6f2ec44bce34e2da,2018-08-20 16:38:45,13.701585648148148,1,181.87,1.0,1.0,1.0,181.87,9.37,6.0,181.87,test
7afc250f9d980ea3ee0ce3b0245f1b04,2017-11-25 15:38:11,174.9016550925926,1,89.57,1.0,1.0,1.0,89.57,17.75,8.0,47.0,train
7b05e0471103ce0ef346e87c357273fe,2018-07-27 13:46:03,198.62175925925925,1,72.85000000000001,1.0,1.0,1.0,72.85000000000001,17.95,1.0,77.21,test
7b08fc11e1aacd85ef2845c12a9ddb81,2018-02-27 21:30:28,1.1574074074074073e-05,1,147.15000000000003,1.0,1.0,1.0,147.15000000000003,18.15,1.0,126.52,test
7b0eaf68a16e4808e5388c67345033c9,2018-05-19 11:30:35,0.00949074074074074,1,1891.07,1.0,1.0,1.0,1891.07,42.06999999999999,1.0,449.01,test
7b32049d8495d56c8b27eae575921a60,2017-09-09 03:24:19,1.1574074074074073e-05,1,41.61999999999999,1.0,1.0,1.0,41.61999999999999,17.63,1.0,79.8,train
7b51437497e9c9b82a08ddb62dfb7b88,2018-06-04 20:26:21,16.932766203703704,1,22.36,1.0,1.0,1.0,22.36,7.869999999999999,1.0,63.44,test
7b53ce3d0ba1f84b0ebcef52fffb110d,2017-12-11 09:45:32,48.652511574074076,1,113.44,1.0,1.0,1.0,113.44,15.44,1.0,113.44,train
7b662d846265cb0ed144db95fe0c74dc,2018-01-29 17:54:40,278.23318287037034,1,159.83,1.0,1.0,1.0,159.83,29.840000000000003,2.0,157.21,test
7b6d07dac0a2c373d749142e920ae356,2018-04-09 12:36:56,131.89167824074073,1,21.43,1.0,1.0,1.0,21.43,7.78,1.0,21.04,test
7bada66424f46ce9a766b94974849e09,2017-10-30 16:23:24,21.033460648148147,1,212.01999999999998,1.0,1.0,1.0,212.01999999999998,16.119999999999997,3.0,65.79,train
7bf1c59401206e31a78523077f3a1144,2017-10-19 15:13:31,76.98082175925926,1,118.40999999999998,1.0,1.0,1.0,118.40999999999998,8.509999999999998,2.0,112.61,train
7bf5c9596fc39d41078cb46a86b23831,2018-01-03 11:50:51,28.026608796296298,1,73.85999999999999,1.0,1.0,1.0,73.85999999999999,16.97,7.0,216.15,test
7bff4fff725edd40fde6f0ac1eb0e2dc,2017-11-24 10:40:01,0.001400462962962963,1,323.34000000000003,3.0,3.0,1.0,323.34000000000003,53.64,10.0,107.78,train
7c1cfb3c097e0f1caa90bb17675a63e5,2017-10-28 19:51:27,0.0,1,68.32999999999998,1.0,1.0,1.0,68.32999999999998,12.730000000000002,1.0,61.27,train
7c353714ed8789f928faaa4191e85197,2018-03-04 22:47:43,0.0,1,210.88999999999996,1.0,1.0,1.0,210.88999999999996,12.89,4.0,138.53,test
7c396fd4830fd04220f754e42b4e5bff,2017-10-02 10:56:33,27.979108796296295,1,44.10999999999999,1.0,1.0,1.0,44.10999999999999,8.72,1.0,38.71,train
7c438259d88d8eefb977be5432d761c1,2018-06-30 19:02:31,237.3167361111111,1,173.82,1.0,1.0,1.0,173.82,23.92,3.0,168.5,test
7c4b40bb2b820e20b226a5a615e357aa,2017-11-29 21:45:44,34.46365740740741,1,84.79999999999998,2.0,2.0,1.0,84.79999999999998,30.199999999999996,1.0,35.4,train
7c5198d8a67f7da5930f067766cb468f,2018-08-13 19:34:23,205.8254861111111,1,206.0,1.0,1.0,1.0,206.0,26.1,10.0,97.0,test
7c588c097689b0b77fd73d171332b0ba,2018-08-21 10:57:46,32.03523148148148,1,122.35,1.0,1.0,1.0,122.35,23.45,6.0,28.4,test
7c5cd64106c9160122fd28b026cec28b,2018-08-15 15:12:00,284.0281712962963,1,72.76000000000002,1.0,1.0,1.0,72.76000000000002,12.760000000000002,6.0,70.6,test
7c67f115342d01560cd438fad6346a3c,2017-05-29 09:39:57,55.01418981481481,1,116.75000000000001,1.0,1.0,1.0,116.75000000000001,16.849999999999998,3.0,107.24,train
7c763d069eb3926fc65593030d5c99a3,2017-11-10 12:37:39,102.63622685185184,1,53.489999999999995,1.0,1.0,1.0,53.489999999999995,18.589999999999996,3.0,79.71,train
7c8f8d3ff715607148146c64ecb64b11,2017-03-09 10:24:00,0.0,1,34.42000000000001,1.0,1.0,1.0,34.42000000000001,14.52,3.0,38.32,train
7c927c2454a57a0e02fcaceb99750523,2017-04-01 15:42:51,0.0,1,87.45,1.0,1.0,1.0,87.45,22.39,1.0,110.98,train
7cb20dd79b4b5bfda52b712000a30de5,2017-12-01 16:35:00,1.1574074074074073e-05,1,75.97999999999999,2.0,2.0,1.0,75.97999999999999,39.17999999999999,3.0,82.66,train
7cb9a6b438fe0a5f228bfd32ff9e1a11,2018-03-11 19:24:31,52.912847222222226,1,164.7,1.0,1.0,1.0,164.7,14.8,1.0,25.03,test
7cbf84875196ee1d04dc880ebbfaa7ef,2018-05-09 09:51:16,328.65024305555556,1,216.81999999999996,2.0,1.0,1.0,216.81999999999996,19.019999999999996,1.0,159.6,test
7cc23ec3506e4e1e67d0702da04a734c,2017-07-05 17:47:33,100.06097222222222,1,211.91,1.0,1.0,1.0,211.91,12.01,2.0,37.0,train
7ce7c20ac269f4642f1c7058ab375102,2018-04-15 11:42:21,0.005393518518518519,1,54.13,1.0,1.0,1.0,54.13,18.229999999999997,1.0,59.32,test
7cf08f01ab6a6a1365e1613989a65158,2018-05-08 23:46:50,453.0041898148148,1,57.09,1.0,1.0,1.0,57.09,17.190000000000005,4.0,136.79,test
7d0983269f825d3112e5a64364b1258a,2018-07-16 09:08:18,40.592708333333334,1,305.43,1.0,1.0,1.0,305.43,45.53,1.0,457.82,test
7d0b1773dc928e29e86a230ca9557d08,2018-04-23 15:57:52,144.95469907407409,1,258.35,1.0,1.0,1.0,258.35,22.449999999999996,1.0,123.67,test
7d19f93ed7e2ea8211975b68525b0598,2017-11-26 01:02:57,0.0,1,279.0,1.0,1.0,1.0,279.0,19.100000000000005,2.0,95.8,train
7d23ca9b9d5f41298ec3ccbb2ff637d8,2018-02-09 21:41:44,0.0,1,65.05,1.0,1.0,1.0,65.05,15.1,6.0,55.09,test
7d2e246c38946e89eda0c9c1288fc0e3,2017-11-26 19:47:54,0.0019560185185185184,1,66.67,1.0,1.0,1.0,66.67,17.67,2.0,66.64,train
7d35f5764e668c9deade51c2fd31758a,2018-02-05 14:39:00,3.472222222222222e-05,1,71.04,1.0,1.0,1.0,71.04,16.14,4.0,95.3,test
7d3d94b4740895a17760e976797f9f0e,2017-08-23 20:38:35,100.8779050925926,1,80.81000000000002,1.0,1.0,1.0,80.81000000000002,20.909999999999997,1.0,50.8,train
7d3d94b4740895a17760e976797f9f0e,2018-04-22 17:47:10,241.88096064814815,2,131.61,2.0,2.0,2.0,65.805,18.005000000000003,1.0,80.21,test
7d87ba0bd6466390cf5d4c9735236086,2018-08-10 21:15:10,77.00702546296296,1,66.81999999999998,1.0,1.0,1.0,66.81999999999998,8.819999999999999,1.0,74.64,test
7d904a4755e206a3e308a1f03d4a3a7c,2018-02-12 19:22:50,0.0,1,530.22,3.0,1.0,1.0,530.22,50.25,8.0,55.69,test
7da3054afe371affc14d26cc2cc04358,2018-04-28 14:32:54,145.56145833333332,1,58.620000000000005,1.0,1.0,1.0,58.620000000000005,8.719999999999999,1.0,26.38,test
7db92cbb797de39eebe3bc986be820f8,2018-05-08 14:55:15,3.8784259259259257,1,340.11999999999995,1.0,1.0,1.0,340.11999999999995,20.12,6.0,408.66,test
7e050832e2248c400621f6b22315d4bb,2017-12-10 17:51:35,0.006273148148148148,1,50.099999999999994,1.0,1.0,1.0,50.099999999999994,15.1,1.0,40.09,train
7e094f060802ff5e25bef767446968d3,2018-06-03 17:41:43,41.71905092592593,1,35.77999999999999,1.0,1.0,1.0,35.77999999999999,8.880000000000003,3.0,93.36999999999999,test
7e1681f9bb31800364869a2cdbe289db,2017-11-21 21:31:09,1.1574074074074073e-05,1,123.88999999999999,1.0,1.0,1.0,123.88999999999999,17.99,1.0,107.87,train
7e1681f9bb31800364869a2cdbe289db,2018-02-13 14:37:04,83.71244212962964,2,231.76000000000005,2.0,2.0,2.0,115.88000000000002,17.935000000000002,1.0,300.68,test
7e30d2336a1f1182766cf6fb863d5554,2018-05-15 18:25:54,0.1197337962962963,1,64.78,2.0,1.0,1.0,64.78,14.78,1.0,64.78,test
7e43696e1ae594af82dd11f481dc232e,2018-03-08 22:38:54,1.1574074074074073e-05,1,49.94,1.0,1.0,1.0,49.94,19.949999999999996,4.0,109.59,test
7e4bebe20140a71b34263a659ba1ce11,2018-07-10 12:46:06,229.5420138888889,1,37.51,1.0,1.0,1.0,37.51,8.11,1.0,32.43,test
7e7301841ddb4064c2f3a31e4c154932,2018-07-14 19:38:26,514.2794675925926,1,117.44000000000003,1.0,1.0,1.0,117.44000000000003,17.54,1.0,164.04,test
7e75aeef30d7e9d4ac860fcc8eaa8812,2017-08-01 22:58:08,1.9868402777777778,1,24.849999999999994,1.0,1.0,1.0,24.849999999999994,11.85,2.0,61.78,train
7e82fd8a6c26147a8797d761fa68c497,2017-11-24 17:11:43,0.0,1,91.36000000000001,2.0,1.0,1.0,91.36000000000001,25.380000000000003,7.0,104.37,train
7e91ec540af718ab375b1d13271e9543,2017-05-12 08:59:53,1.1574074074074073e-05,1,65.66999999999999,1.0,1.0,1.0,65.66999999999999,35.67000000000001,6.0,255.85,train
7ea3dc64a652d699ace3048e904c561b,2017-12-06 12:33:21,0.0,1,246.28000000000003,1.0,1.0,1.0,246.28000000000003,26.38,1.0,378.67,train
7ebb3bb52aff91c642c9e4d81d4cbc95,2018-05-12 08:50:43,80.05054398148148,1,30.679999999999996,1.0,1.0,1.0,30.679999999999996,15.789999999999996,3.0,31.95,test
7ec0077665fe9020e7dfdb05b2be0162,2017-11-11 10:40:02,13.987152777777778,1,119.44999999999999,1.0,1.0,1.0,119.44999999999999,14.46,5.0,99.82,train
7ed57df0e6ae22a4f9e0250d52608ad5,2017-08-09 12:10:38,19.72693287037037,1,173.34,1.0,1.0,1.0,173.34,18.339999999999996,3.0,191.78,train
7ee9e6c80bf1b7ec4a52639eab6c128c,2017-04-29 21:56:10,62.0865625,1,241.21,1.0,1.0,1.0,241.21,12.21,2.0,132.46,train
7eeb6421712844795dd8ff9ec6a58b18,2018-06-15 12:52:05,0.0,1,95.65000000000002,5.0,1.0,1.0,95.65000000000002,76.15,4.0,110.77,test
7f3e8656011a9b8d6c12df5991ca69ff,2018-07-26 01:28:39,22.333194444444445,1,53.36999999999999,1.0,1.0,1.0,53.36999999999999,15.37,4.0,60.42,test
7f4adf7903f4d02c527585c4d0f65c2e,2018-03-18 08:54:39,1.1574074074074073e-05,1,91.5,1.0,1.0,1.0,91.5,16.5,1.0,91.5,test
7f50c43baa66aae590aa1a067427cce5,2017-10-19 11:42:22,48.01601851851852,1,44.99999999999999,1.0,1.0,1.0,44.99999999999999,15.1,1.0,38.1,train
7f50c43baa66aae590aa1a067427cce5,2018-04-25 10:23:19,187.94510416666665,2,83.1,2.0,2.0,2.0,41.55,14.6,1.0,87.94,test
7fb211f99a01b4971fd1e07e3a256458,2018-07-24 08:10:01,266.66637731481484,1,321.49,1.0,1.0,1.0,321.49,22.49,1.0,175.06,test
8004f80e361a5ee23aadb7418a685fc2,2017-12-10 18:07:24,0.0,1,276.35,3.0,3.0,3.0,276.35,34.56,8.0,61.77,train
801512ead4c9cbc98ecd208f45c975ec,2018-08-15 18:56:54,193.7507060185185,1,638.08,1.0,1.0,1.0,638.08,19.08,8.0,40.27,test
801b53359d2880a9bff63574103fb74c,2018-05-07 18:58:49,11.169074074074073,1,142.17000000000002,3.0,1.0,1.0,142.17000000000002,22.17,1.0,85.27,test
80282a1a77281692a0339c2a08d0e6af,2018-07-26 08:51:12,185.6383101851852,1,34.0,1.0,1.0,1.0,34.0,15.100000000000001,1.0,92.4,test
803b4fc75d3fe8c5dbed83f50b3fbd8c,2018-08-17 18:47:21,312.1642939814815,1,113.34,1.0,1.0,1.0,113.34,14.44,2.0,154.34,test
803c530613f5c4ee03502be0d6894de0,2018-03-29 15:41:07,8.977789351851852,1,101.24000000000001,1.0,1.0,1.0,101.24000000000001,11.25,1.0,131.64,test
805e5a317f4b3e1afccb9dfd71287a36,2018-06-08 14:50:54,178.64721064814816,1,44.099999999999994,1.0,1.0,1.0,44.099999999999994,14.1,1.0,152.02,test
805f4b6e9ce80113e9e5cfbefa9577e3,2018-05-05 21:09:40,36.27255787037037,1,40.22,1.0,1.0,1.0,40.22,18.23,2.0,43.22,test
80636347f037db2d8e3cbe3b7a34c120,2018-07-17 13:19:56,20.877118055555556,1,68.35,1.0,1.0,1.0,68.35,18.45,5.0,35.92,test
809ea1c56f165109936fe5c51003fbfb,2017-09-24 14:59:52,0.0,1,113.62,1.0,1.0,1.0,113.62,13.72,3.0,113.62,train
80e00a7b9ead7590bf05116f0237c896,2018-02-02 22:07:28,172.13292824074074,1,229.34,1.0,1.0,1.0,229.34,39.35,10.0,59.28,test
81098a634d4eab46ab9fbd0df37e52bd,2018-08-18 15:11:40,208.7212152777778,1,169.7,1.0,1.0,1.0,169.7,9.93,2.0,159.69,test
8149101234b839e311a6f8c525206632,2018-06-12 22:14:49,93.11671296296296,1,68.04000000000002,1.0,1.0,1.0,68.04000000000002,19.04,2.0,79.32,test
815a99cb9852a1011da9bb7f2070b93e,2018-05-25 19:17:51,103.2086574074074,1,50.09,1.0,1.0,1.0,50.09,15.100000000000001,5.0,162.16,test
816092f5825c3e2cdfdd4af546d4d04c,2018-06-27 15:45:49,310.6550462962963,1,66.33999999999999,2.0,1.0,1.0,66.33999999999999,16.54,6.0,116.92,test
8170c6e6d010d22195bcd959f5de1ea5,2018-04-09 10:18:39,4.660046296296296,1,83.16,1.0,1.0,1.0,83.16,16.4,1.0,83.16,test
81865792a5df52436b4e759b4ba21412,2017-07-18 11:11:07,0.022118055555555554,1,585.92,1.0,1.0,1.0,585.92,19.04,1.0,483.85,train
818a54422350b38d3fb1cb3a1553889f,2017-06-15 01:15:36,0.027395833333333335,1,37.09,1.0,1.0,1.0,37.09,15.1,1.0,33.84,train
8194a6cea93c5c653e7956f0b962b5f7,2018-02-24 18:22:14,33.08547453703704,1,139.08999999999997,1.0,1.0,1.0,139.08999999999997,12.089999999999996,1.0,385.68,test
819c65629034acc8a0e1c096c2c6715d,2018-07-31 00:23:09,58.47824074074074,1,148.49,1.0,1.0,1.0,148.49,18.489999999999995,7.0,246.8,test
81b133c3f4e30a14a6585a2f20ff150f,2017-06-23 08:45:22,1.1574074074074073e-05,1,85.18,1.0,1.0,1.0,85.18,15.28,1.0,85.18,train
81db097ffce4bd958cfffeca7c41e301,2018-01-26 10:59:39,2.3148148148148147e-05,1,102.31999999999996,1.0,1.0,1.0,102.31999999999996,12.760000000000002,1.0,195.72,test
81ede855f58f99b76014d66d161e7a23,2017-12-22 15:26:51,3.6616203703703705,1,194.0,1.0,1.0,1.0,194.0,15.0,10.0,194.0,train
820e78bf5449cb1bafbc56095ceb77a7,2018-07-19 10:26:52,338.05114583333335,1,194.32,1.0,1.0,1.0,194.32,12.77,1.0,85.11,test
821e4e781313d2eb18711efe7a50d66a,2017-09-27 16:56:27,16.108506944444443,1,182.17000000000002,2.0,2.0,2.0,182.17000000000002,37.269999999999996,3.0,91.08,train
821e75291b1ad362e614c0ea79fc95a6,2018-06-14 15:11:41,51.61900462962963,1,179.00000000000003,1.0,1.0,1.0,179.00000000000003,19.0,2.0,179.22,test
821e75291b1ad362e614c0ea79fc95a6,2018-07-23 01:03:24,38.41091435185185,2,358.22,2.0,2.0,2.0,179.11,19.11,2.5,179.22,test
822d25972056ef51050804f1e0446f40,2017-05-13 22:22:03,0.0,1,57.120000000000005,3.0,3.0,2.0,57.120000000000005,23.34,1.0,20.77,train
8241424764e0bfa6bfcb3c6cda391ac8,2017-05-22 22:21:32,1.1574074074074073e-05,1,37.61999999999995,1.0,1.0,1.0,37.61999999999995,17.63,3.0,487.55,train
82532fe90a30190fdc4622143d41dc15,2018-06-17 12:31:55,328.8843171296296,1,214.14,1.0,1.0,1.0,214.14,16.14,1.0,63.92,test
827b19392982299876c0aca1f92208c2,2018-01-24 12:34:44,19.55318287037037,1,132.95,1.0,1.0,1.0,132.95,18.05,8.0,132.95,test
827f51bdaa8e37bf31ff413e0a7699a4,2017-03-04 15:23:16,1.1574074074074073e-05,1,177.60000000000002,1.0,1.0,1.0,177.60000000000002,19.7,7.0,50.7,train
82809cee3c35eb89b4dd4d2d1a22eedf,2018-01-20 22:09:34,347.39006944444446,1,55.95,1.0,1.0,1.0,55.95,10.96,1.0,31.77,test
82c173abf4679049bd8628bfe89a9f2c,2017-09-05 14:55:34,25.194305555555555,1,109.41,1.0,1.0,1.0,109.41,15.42,1.0,109.41,train
82fb46292a999e7db9e2391c407f76e4,2017-06-02 00:10:20,21.45577546296296,1,43.0,1.0,1.0,1.0,43.0,16.11,1.0,100.34,train
8322ac348d132588470c5e8cc56b2bb8,2018-03-21 21:05:39,24.235150462962963,1,188.00999999999996,1.0,1.0,1.0,188.00999999999996,41.02000000000001,10.0,179.78,test
8329519e31cb1b89bd44c3c6ae417ad6,2017-04-10 21:29:16,182.95314814814816,1,22.86,1.0,1.0,1.0,22.86,10.960000000000003,2.0,111.3,train
83424549593093baf504ac260d4615e7,2017-05-19 18:36:42,6.303726851851851,1,127.44,1.0,1.0,1.0,127.44,16.54,2.0,127.44,train
83476105a4e9a12fcddd09081dc6cefe,2018-07-12 10:38:07,14.043275462962963,1,141.78,2.0,1.0,1.0,141.78,41.98,2.0,141.78,test
83915016a26b0ca42e3caf1070664d1f,2018-08-09 00:07:36,98.39203703703704,1,37.22,1.0,1.0,1.0,37.22,18.23,1.0,31.59,test
83935d750c83951d7d0211a3c60e78fd,2017-07-15 23:48:02,40.056296296296296,1,115.44999999999999,1.0,1.0,1.0,115.44999999999999,15.459999999999997,1.0,136.99,train
839a04051a2c347397fd425d01fc3eb2,2018-08-09 10:24:12,3.051689814814815,1,378.38,2.0,1.0,1.0,378.38,38.57999999999999,2.0,567.57,test
83e7958a94bd7f74a9414d8782f87628,2017-01-05 13:36:07,0.06582175925925926,1,19.620000000000005,1.0,1.0,1.0,19.620000000000005,8.72,1.0,15.62,train
83e7958a94bd7f74a9414d8782f87628,2017-01-05 13:52:39,0.011481481481481481,2,35.239999999999995,2.0,2.0,2.0,17.619999999999997,8.720000000000002,1.0,19.62,train
83e7958a94bd7f74a9414d8782f87628,2017-01-05 13:59:30,0.004756944444444445,3,54.86,3.0,3.0,3.0,18.286666666666665,8.72,1.0,18.62,train
84514f009b40220330a5e42b102437bd,2017-10-16 22:24:02,96.89236111111111,1,227.27000000000004,1.0,1.0,1.0,227.27000000000004,22.270000000000003,2.0,67.76,train
846e4612bebdefeb3a65aa63fee59e3a,2017-08-03 13:19:58,2.3148148148148147e-05,1,138.34000000000003,2.0,1.0,1.0,138.34000000000003,18.540000000000003,10.0,412.52,train
84720447172b234e7504da52ee639435,2018-01-17 21:27:34,254.34899305555555,1,115.93999999999997,1.0,1.0,1.0,115.93999999999997,16.94,1.0,157.22,test
8492c2c6148ac3449374058371dc78c6,2018-05-29 14:25:23,45.197037037037035,1,34.72,1.0,1.0,1.0,34.72,18.23,1.0,32.72,test
84ad62f33ddb6b13553a850fd3dc2b08,2017-11-18 21:28:57,1.1574074074074073e-05,1,47.010000000000005,1.0,1.0,1.0,47.010000000000005,15.11,1.0,118.46,train
84af029e54a6f659f7ace6f7cf0daa68,2017-07-25 09:07:16,0.0,1,58.16,1.0,1.0,1.0,58.16,8.269999999999998,4.0,119.47999999999999,train
84f30d2fd3937449dc7e0c835c281961,2018-07-18 17:13:02,0.0,1,193.09,1.0,1.0,1.0,193.09,63.19,1.0,34.13,test
84fa4ef93ec67a77a0329933dbf190cf,2018-05-22 20:08:06,43.213298611111114,1,113.54999999999998,1.0,1.0,1.0,113.54999999999998,18.55,1.0,52.78,test
8505734f21396405b5477c75a45734fe,2017-12-07 17:49:20,31.783761574074074,1,41.75,1.0,1.0,1.0,41.75,11.850000000000001,1.0,114.03,train
85189d642c11e7090cb2f72fed68ea42,2018-02-28 12:41:29,5.880335648148148,1,154.32,4.0,1.0,1.0,154.32,60.39999999999999,2.0,67.4,test
851eefea71a07755f017e75fae31f2fd,2017-11-07 14:39:42,78.0297337962963,1,31.770000000000003,1.0,1.0,1.0,31.770000000000003,7.78,1.0,47.68,train
853254c35b5ee150b4da2b3698d73f9e,2018-08-23 10:47:14,15.938171296296296,1,75.5,1.0,1.0,1.0,75.5,16.6,1.0,75.5,test
8555a17ba20435f173a230c3ced133fd,2017-12-01 11:52:34,0.0,1,54.91,1.0,1.0,1.0,54.91,23.11,2.0,72.43,train
857104e1bfb81cb14e88ff07d1b22c70,2017-12-02 10:36:19,261.87868055555555,1,189.68000000000004,1.0,1.0,1.0,189.68000000000004,19.78,5.0,170.53,train
85730e226e2f3a1608433546133793e1,2017-11-05 22:52:56,1.1574074074074073e-05,1,51.09,1.0,1.0,1.0,51.09,21.189999999999998,1.0,34.0,train
8597b390850fe72e108d53f42ca64846,2017-06-22 22:41:57,32.611412037037034,1,210.81000000000003,1.0,1.0,1.0,210.81000000000003,20.819999999999993,1.0,221.16,train
85b33fdcff5e20584ac9ec8e3c559ea3,2017-09-10 18:30:54,63.33640046296296,1,109.22,1.0,1.0,1.0,109.22,34.32000000000001,1.0,125.94,train
85d5b68b9a95c88eec23d3a96287d9c8,2018-01-19 18:52:30,1.1574074074074073e-05,1,91.18,1.0,1.0,1.0,91.18,16.28,1.0,40.1,test
85ed7212fe192ab02ab44c95ba87868e,2017-11-30 23:14:31,74.97887731481481,1,145.56,1.0,1.0,1.0,145.56,15.659999999999998,10.0,28.87,train
85f1c5f9eee209d9dfb0a3e155209511,2018-02-28 13:40:35,1.1574074074074073e-05,1,65.01,1.0,1.0,1.0,65.01,16.11,6.0,64.01,test
860f75391be5698f015d3b234e7576d6,2018-06-19 09:54:54,88.65777777777778,1,46.19,1.0,1.0,1.0,46.19,12.79,1.0,200.02,test
8614ac51282d77ed22393201f26ca405,2018-07-30 16:31:56,178.96630787037037,1,67.29999999999998,1.0,1.0,1.0,67.29999999999998,15.129999999999999,3.0,202.46,test
861e2a5848de1a3e8fa544236a8369f9,2017-12-15 17:17:22,117.94104166666666,1,119.48000000000002,1.0,1.0,1.0,119.48000000000002,15.48,10.0,270.54,train
862b2c6ccf4352c087cd60cdac498b48,2018-08-01 20:30:58,203.35900462962962,1,73.05,1.0,1.0,1.0,73.05,34.15,4.0,80.14,test
862bcdd9344546914b93a16397a78791,2017-12-12 11:58:48,136.6703125,1,377.2699999999999,1.0,1.0,1.0,377.2699999999999,17.269999999999996,1.0,386.33,train
8689b3e15d4b16cfd05ecf597a523453,2017-11-30 22:44:11,245.39086805555556,1,118.26,3.0,1.0,1.0,118.26,43.56,1.0,81.11,train
8689b3e15d4b16cfd05ecf597a523453,2018-01-12 16:26:06,42.73744212962963,2,199.37,4.0,2.0,2.0,99.685,29.885,1.0,60.0,test
869be6f00b4c49e72f9a1e2033baa9f0,2017-05-24 11:02:36,64.89607638888889,1,85.87999999999998,1.0,1.0,1.0,85.87999999999998,26.88,1.0,87.64,train
86a78c9e5114f4ed30887d4fd8153d9e,2017-05-24 00:13:29,0.0,1,72.64000000000001,1.0,1.0,1.0,72.64000000000001,17.64,7.0,150.59,train
86b0aa3acd7e8f7427c8915780f5cd27,2018-02-05 10:36:40,0.018252314814814815,1,392.94,1.0,1.0,1.0,392.94,22.99,15.0,392.94,test
86b3fe2ecd895fa35d303e2a49b3130b,2018-06-09 15:36:32,56.01846064814815,1,404.6,4.0,4.0,1.0,404.6,109.0,3.0,50.93,test
86b59358310b208f822e416e59c96672,2017-12-12 09:53:59,124.6255324074074,1,86.15,1.0,1.0,1.0,86.15,15.25,8.0,159.21,train
86bfc49565a9ca52fcbf861fcc1e67a4,2018-06-12 20:46:51,158.0633564814815,1,165.54000000000002,6.0,1.0,1.0,165.54000000000002,90.6,3.0,74.21,test
86df00dc5fd68f4dd5d5945ca19f3ed6,2017-08-23 14:34:52,76.15636574074074,1,864.6,4.0,1.0,1.0,864.6,68.59999999999998,10.0,765.92,train
86df00dc5fd68f4dd5d5945ca19f3ed6,2017-10-13 16:10:18,51.06627314814815,2,1630.52,8.0,2.0,2.0,815.26,66.25999999999999,10.0,769.96,train
87315ceb47e77d03a1c90474e228db6c,2017-04-23 00:32:25,2.3148148148148147e-05,1,162.41,1.0,1.0,1.0,162.41,32.51,6.0,81.88,train
873e4275daabf5ab6eff5331277244a4,2018-03-06 19:21:52,5.787037037037037e-05,1,163.31,3.0,3.0,2.0,163.31,58.60999999999999,1.0,336.99,test
8746f1ba2e19bcf8bc03a946a0923d78,2017-12-02 20:35:13,42.89797453703704,1,253.65,1.0,1.0,1.0,253.65,56.65999999999999,10.0,171.48,train
874fc5237d72429de2ac99ce7d897a07,2018-07-18 19:52:04,0.0,1,34.13,1.0,1.0,1.0,34.13,18.23,3.0,48.21,test
87603dde65ee7120467ddda1a883bb24,2017-09-24 04:07:16,6.4122106481481485,1,43.69,1.0,1.0,1.0,43.69,16.79,2.0,75.17,train
876a8881e182fb3a64af97b737cfe889,2017-04-20 02:48:08,0.003148148148148148,1,39.42,1.0,1.0,1.0,39.42,14.52,1.0,39.42,train
876c5f7ffcad19a82c0da218ecf56ba3,2018-05-18 16:35:54,88.18576388888889,1,125.05000000000001,1.0,1.0,1.0,125.05000000000001,25.15,1.0,189.82,test
878d1683076172a5b7ffc7126ba99acd,2018-06-05 16:51:38,333.79277777777776,1,42.5,1.0,1.0,1.0,42.5,15.1,2.0,114.68,test
87914dda99d76004bfd05778028fa7e8,2018-01-16 15:34:00,45.00561342592592,1,145.64999999999998,1.0,1.0,1.0,145.64999999999998,15.66,1.0,425.89,test
879ee1f90476a2fad74aec4f9c9961b3,2018-03-12 15:37:02,7.073229166666667,1,253.68999999999997,1.0,1.0,1.0,253.68999999999997,14.690000000000001,1.0,246.46,test
87a7c3090f96d9da963125a0d7f8193a,2017-06-12 16:40:45,123.11101851851852,1,230.78,1.0,1.0,1.0,230.78,53.79,10.0,19.68,train
87ae4c644c15d9c6b6f826dfec33b340,2017-11-14 00:52:49,90.92188657407408,1,45.09,1.0,1.0,1.0,45.09,15.100000000000001,4.0,134.94,train
87b3f231705783eb2217e25851c0a45d,2018-05-04 11:14:37,572.6868402777778,1,256.65,1.0,1.0,1.0,256.65,16.75,6.0,266.47,test
87c907fa30dd1bd3709c84b912b50c7f,2018-01-21 17:53:41,16.27466435185185,1,134.43,1.0,1.0,1.0,134.43,9.440000000000001,1.0,195.51,test
87c9e7ba960e4c2e6bd786b162adc639,2018-05-13 16:41:07,3.218541666666667,1,826.99,1.0,1.0,1.0,826.99,28.09,6.0,826.99,test
87cbc22f48d2542614a44cd025238a35,2017-11-19 11:35:49,0.0,1,22.33,1.0,1.0,1.0,22.33,9.34,2.0,24.72,train
88055311adcee315a7c05930e3849363,2018-05-17 16:37:19,255.18184027777778,1,73.34,1.0,1.0,1.0,73.34,13.439999999999998,1.0,62.01,test
8816ea7c1592bcab312eae9352996067,2017-05-26 14:26:53,0.002037037037037037,1,45.53,1.0,1.0,1.0,45.53,25.63,2.0,45.53,train
88388502f20df20b31ccd1a4aca9e898,2017-11-30 13:33:17,8.962962962962964,1,56.09,1.0,1.0,1.0,56.09,21.19,2.0,56.09,train
8897ea56bce6fe37a39cb2ec40898102,2018-07-26 21:53:12,98.62900462962963,1,43.88000000000001,1.0,1.0,1.0,43.88000000000001,8.880000000000003,1.0,38.86,test
88a8f123107a063acbdd1c90f3d8adea,2017-11-22 17:19:47,132.16840277777777,1,126.57999999999998,1.0,1.0,1.0,126.57999999999998,29.080000000000005,6.0,72.37,train
88c11a241bcbd239da19623bb23891a9,2018-07-24 17:06:47,133.12476851851852,1,105.63,1.0,1.0,1.0,105.63,26.630000000000003,5.0,105.85,test
88ecb91d6d5e47ebdc2129cd046b0935,2017-05-19 15:41:14,2.3148148148148147e-05,1,210.56,2.0,2.0,1.0,210.56,30.76,6.0,56.0,train
88f21f18f1c3152b023a22a0f42bdab3,2018-02-13 18:18:09,44.27755787037037,1,38.00999999999999,1.0,1.0,1.0,38.00999999999999,8.11,1.0,66.63,test
88fcb680dc8cd2e540010c0750b78242,2018-01-19 08:02:06,269.88118055555555,1,47.96000000000001,1.0,1.0,1.0,47.96000000000001,10.959999999999999,3.0,70.65,test
8901b2526349d372dd0bdf8d77af656d,2018-01-04 22:57:14,1.1574074074074073e-05,1,703.73,1.0,1.0,1.0,703.73,33.73,1.0,164.17,test
894382535eef1ce243ec19088626be0e,2017-10-26 15:03:54,35.996828703703706,1,74.46000000000001,1.0,1.0,1.0,74.46000000000001,15.25,1.0,126.53,train
894382535eef1ce243ec19088626be0e,2018-03-05 09:38:00,129.77368055555556,2,200.99,2.0,2.0,2.0,100.495,15.89,1.0,94.31,test
8959d4251989df68934d67c1d32c5718,2018-05-28 09:26:31,9.907199074074073,1,107.19,1.0,1.0,1.0,107.19,27.29,1.0,162.68,test
8961b4ca2c5aceb7a78ea72c6e0c840a,2018-01-16 21:22:59,49.96678240740741,1,151.58000000000004,1.0,1.0,1.0,151.58000000000004,16.58,1.0,213.37,test
8961b4ca2c5aceb7a78ea72c6e0c840a,2018-06-23 17:45:33,157.84900462962963,2,364.95,2.0,2.0,2.0,182.475,20.025,1.0,415.45,test
897ecc46977d723a6e514f3ebe92c844,2018-06-21 13:37:25,0.0,1,55.06,1.0,1.0,1.0,55.06,22.16,1.0,55.06,test
89be58cbdd6ef318e3ed93fdb22be178,2018-03-26 03:50:48,56.17693287037037,1,188.45,5.0,1.0,1.0,188.45,63.44999999999999,4.0,193.55,test
89e3027de49c3012858cfeb7f5a34f59,2018-04-25 09:00:27,6.926377314814815,1,148.49,1.0,1.0,1.0,148.49,18.490000000000002,2.0,296.1,test
8a02975938d279e8478b5f793b0290b7,2018-03-16 15:45:56,1.1574074074074073e-05,1,152.3,2.0,2.0,2.0,152.3,50.53,1.0,96.52,test
8a1e8b556fd5feb59a63729b5341e71a,2018-07-23 19:36:17,2.608784722222222,1,283.8600000000001,1.0,1.0,1.0,283.8600000000001,43.959999999999994,1.0,752.21,test
8a3e2983c35b5d2fb78686794986f7da,2017-09-18 11:27:23,0.3776273148148148,1,181.57000000000002,2.0,2.0,2.0,181.57000000000002,15.669999999999998,1.0,77.78,train
8ac0c45f8e89a3d25738b3700ee9e132,2017-07-25 19:42:51,44.006018518518516,1,105.28,1.0,1.0,1.0,105.28,15.380000000000003,4.0,62.01,train
8ae601304ff0d1de9280c32bd2e26e3b,2017-11-24 20:33:02,1.1574074074074073e-05,1,75.33,1.0,1.0,1.0,75.33,9.34,4.0,79.33,train
8b160faff469868625c7c82cbd310636,2017-07-13 00:19:44,1.1574074074074073e-05,1,588.66,2.0,2.0,1.0,588.66,96.86,1.0,282.87,train
8b433c0e7b7d2a1f1148b4277cc673f8,2018-04-14 13:14:33,0.003564814814814815,1,189.51,1.0,1.0,1.0,189.51,9.61,2.0,139.81,test
8b4447c69feb2b408e29edc0fe9d0253,2018-02-15 11:26:40,80.12695601851851,1,139.62,1.0,1.0,1.0,139.62,14.620000000000001,1.0,77.75,test
8b4bb71a7d37d4c2560e0f0409a58905,2018-06-03 13:58:14,404.6170138888889,1,84.81000000000002,1.0,1.0,1.0,84.81000000000002,24.909999999999997,1.0,97.54,test
8b4dbc06f4caccae42ee7da8edd22f77,2018-02-08 20:53:55,1.1574074074074073e-05,1,55.09,1.0,1.0,1.0,55.09,15.100000000000001,1.0,96.32,test
8b51f29aa215ec74a25baf5bd24ed90c,2018-06-08 05:46:58,20.904583333333335,1,118.88,1.0,1.0,1.0,118.88,8.879999999999999,1.0,354.17,test
8b648bdd88380c34e18d3ca8ba9055a2,2018-03-03 21:03:18,1.1574074074074073e-05,1,52.1,1.0,1.0,1.0,52.1,15.1,3.0,52.1,test
8ba03ea7a871bdaebd65e7a4ced27c2d,2017-10-08 11:06:54,4.024768518518519,1,77.57000000000001,1.0,1.0,1.0,77.57000000000001,17.669999999999998,1.0,96.02,train
8bab3162259edfaadd1ea2e1fe7f58dc,2017-10-29 11:59:52,2.3148148148148147e-05,1,56.00999999999999,1.0,1.0,1.0,56.00999999999999,16.11,1.0,225.63,train
8bb910cd8c3b29e4acf2e94e3aaffbbf,2017-12-08 16:55:10,7.8681828703703705,1,111.1099999999999,1.0,1.0,1.0,111.1099999999999,16.11,1.0,1019.97,train
8bc3068714502a076cdc66f2a207bb20,2018-01-03 11:34:22,160.56662037037037,1,27.77000000000001,1.0,1.0,1.0,27.77000000000001,7.780000000000001,2.0,132.44,test
8bc85b1061383d0dcd4e995a726da763,2017-11-19 21:16:12,159.17055555555555,1,235.7,2.0,1.0,1.0,235.7,35.900000000000006,1.0,96.8,train
8c21dd8c37144807c601f99f2a209dfb,2017-05-10 09:00:07,0.0,1,39.09000000000003,1.0,1.0,1.0,39.09000000000003,14.099999999999994,3.0,713.59,train
8c21dd8c37144807c601f99f2a209dfb,2018-05-20 20:41:30,375.48707175925927,2,752.6800000000001,3.0,3.0,3.0,376.34000000000003,33.895,5.0,95.34,test
8c532c86e424b28e85997dd891e26d5d,2017-11-03 18:43:16,163.0375925925926,1,54.09,1.0,1.0,1.0,54.09,14.1,1.0,64.0,train
8c8bc67c372d5c409fbf1a340205ddca,2018-01-13 13:21:14,200.1096875,1,74.16,1.0,1.0,1.0,74.16,14.17,3.0,54.09,test
8ca8b8dc60280d1f97c1c6817655ab63,2017-12-06 09:50:09,1.1574074074074073e-05,1,133.56,1.0,1.0,1.0,133.56,14.560000000000002,10.0,168.57,train
8cb0a62e8c536632e7c0a985166a089b,2018-08-09 11:36:01,131.88822916666666,1,54.71,1.0,1.0,1.0,54.71,7.71,1.0,22.29,test
8cd6f80d3c3994e2060d46ec07ff0b0a,2018-07-01 21:12:33,169.2807523148148,1,211.14,1.0,1.0,1.0,211.14,21.24,4.0,58.95,test
8cd6f80d3c3994e2060d46ec07ff0b0a,2018-08-13 16:52:45,42.819583333333334,2,270.09,2.0,2.0,2.0,135.045,22.144999999999996,2.5,133.76,test
8d187f36fa18c60c2ac49e7a966d8ff7,2018-08-17 16:11:01,12.759340277777778,1,169.94,1.0,1.0,1.0,169.94,27.94,10.0,110.77,test
8d26c82c2086dcacc175e2ffe6ee2f28,2018-05-22 10:26:33,156.60722222222222,1,189.97,1.0,1.0,1.0,189.97,20.07,1.0,76.15,test
8d50f5eadf50201ccdcedfb9e2ac8455,2017-07-18 23:10:58,30.009837962962962,1,51.75,1.0,1.0,1.0,51.75,11.849999999999998,2.0,21.77,train
8d50f5eadf50201ccdcedfb9e2ac8455,2017-07-24 22:11:50,5.958935185185185,2,73.52000000000001,2.0,2.0,2.0,36.760000000000005,9.815,1.5,166.71,train
8d50f5eadf50201ccdcedfb9e2ac8455,2017-08-05 08:59:43,11.449918981481481,3,240.23000000000002,3.0,3.0,3.0,80.07666666666667,12.146666666666667,2.0,81.89,train
8d50f5eadf50201ccdcedfb9e2ac8455,2017-09-05 22:14:52,31.5521875,4,322.12,4.0,4.0,4.0,80.53,12.1075,2.25,51.75,train
8d50f5eadf50201ccdcedfb9e2ac8455,2017-10-18 23:25:04,43.04875,5,373.87,5.0,5.0,5.0,74.774,12.056000000000001,2.0,37.77,train
8d50f5eadf50201ccdcedfb9e2ac8455,2017-10-29 16:58:02,10.731226851851853,6,411.64,6.0,6.0,6.0,68.60666666666667,11.343333333333334,1.8333333333333333,21.77,train
8d50f5eadf50201ccdcedfb9e2ac8455,2017-11-22 20:01:53,24.12767361111111,7,433.41,7.0,7.0,7.0,61.91571428571429,10.834285714285715,1.7142857142857142,21.77,train
8d50f5eadf50201ccdcedfb9e2ac8455,2018-05-21 22:44:31,180.1129398148148,8,455.18,8.0,8.0,8.0,56.8975,10.452499999999999,1.625,53.38,test
8d50f5eadf50201ccdcedfb9e2ac8455,2018-05-22 23:08:55,1.0169444444444444,9,508.56,9.0,9.0,9.0,56.50666666666667,10.112222222222222,1.5555555555555556,62.95,test
8d50f5eadf50201ccdcedfb9e2ac8455,2018-07-04 22:35:13,42.976597222222225,10,571.51,10.0,10.0,10.0,57.150999999999996,10.216,1.5,30.41,test
8d50f5eadf50201ccdcedfb9e2ac8455,2018-07-23 21:53:02,18.97070601851852,11,601.92,11.0,11.0,11.0,54.72,9.961818181818181,1.4545454545454546,107.85,test
8d50f5eadf50201ccdcedfb9e2ac8455,2018-08-07 23:32:14,15.068888888888889,12,709.77,12.0,12.0,12.0,59.1475,9.869166666666667,1.4166666666666667,34.44,test
8d50f5eadf50201ccdcedfb9e2ac8455,2018-08-18 12:39:19,10.546585648148149,13,744.21,13.0,13.0,13.0,57.24692307692308,9.683076923076923,1.3846153846153846,96.4,test
8d50f5eadf50201ccdcedfb9e2ac8455,2018-08-20 19:14:26,2.274386574074074,14,840.61,14.0,14.0,14.0,60.04357142857143,10.67,1.4285714285714286,38.66,test
8d6512fa0e1c5cdbd789b956de79fe2f,2017-06-02 15:37:31,53.851030092592595,1,279.13,1.0,1.0,1.0,279.13,35.63,1.0,167.36,train
8da4f8884cb807a1a95dce688436b0ba,2018-04-24 21:07:06,20.19900462962963,1,51.13,1.0,1.0,1.0,51.13,15.23,1.0,51.13,test
8dafb82f687e3b0dc9e97b4198b92128,2018-03-02 15:27:34,214.9017939814815,1,124.4,1.0,1.0,1.0,124.4,14.5,6.0,38.69,test
8dafb82f687e3b0dc9e97b4198b92128,2018-04-13 17:48:03,42.09755787037037,2,163.09000000000003,2.0,2.0,2.0,81.54500000000002,15.645,4.5,127.64,test
8dbbf39064a6aa2a21f97ff0422e5acd,2018-04-22 16:02:31,12.744097222222223,1,124.72,2.0,2.0,2.0,124.72,25.820000000000004,4.0,116.06,test
8dc4412f2ddf5ffee6cf50e6278b37fd,2018-02-02 06:58:41,100.58358796296297,1,178.56,6.0,1.0,1.0,178.56,55.620000000000005,2.0,143.8,test
8dcf2096a68ce8212a3f534ab31ee23e,2017-12-21 07:51:04,247.20099537037038,1,202.62000000000003,1.0,1.0,1.0,202.62000000000003,12.72,10.0,59.1,train
8dfbc9064378d19ac99a21ac353072d7,2017-10-20 16:32:59,43.8790625,1,174.49000000000007,1.0,1.0,1.0,174.49000000000007,25.789999999999992,6.0,410.19,train
8e0275b5c7fb6f05e312a1079a674410,2017-12-07 16:02:23,170.05717592592592,1,206.68000000000004,1.0,1.0,1.0,206.68000000000004,21.78,5.0,218.78,train
8e2055281d566229b5926cb77be54f81,2017-07-10 19:58:16,52.041296296296295,1,52.379999999999995,1.0,1.0,1.0,52.379999999999995,12.479999999999999,5.0,50.0,train
8e2c92b2442298bd653b0e9aadf4c313,2017-09-13 00:57:15,2.213344907407407,1,108.73000000000002,1.0,1.0,1.0,108.73000000000002,35.82999999999999,1.0,145.88,train
8e31f8c64b847de447636be1ced917f2,2018-08-08 01:57:45,169.02699074074073,1,100.15,1.0,1.0,1.0,100.15,17.25,1.0,97.16,test
8e49d21f0335c3013583f2b3f99f8e25,2018-07-02 15:54:12,8.900648148148148,1,63.83,1.0,1.0,1.0,63.83,13.93,1.0,63.83,test
8e714421b31bf0865e55be929d99384c,2018-07-04 09:54:58,153.74387731481482,1,21.43,1.0,1.0,1.0,21.43,7.779999999999999,1.0,42.51,test
8e78f2e8305481c8b0f285670de4829b,2017-11-24 23:18:14,24.359699074074076,1,305.77,1.0,1.0,1.0,305.77,16.77,4.0,305.77,train
8e84222ad36cb6ab528b745ae6e18d11,2017-11-24 16:26:15,0.05251157407407407,1,66.67,1.0,1.0,1.0,66.67,17.67,6.0,66.67,train
8ea95e0fc3da49749b66835754e2062e,2018-01-27 21:20:17,101.91763888888889,1,46.75999999999999,1.0,1.0,1.0,46.75999999999999,9.27,1.0,209.21,test
8ec31beb5c890497f1872b5986d3cc26,2018-05-26 07:48:45,21.636423611111113,1,194.11000000000007,1.0,1.0,1.0,194.11000000000007,19.11,1.0,325.83,test
8ec9e01dc8cbd31897a2f2116c5fbae4,2018-02-27 21:54:24,24.242141203703703,1,150.17,1.0,1.0,1.0,150.17,12.17,1.0,150.17,test
8ef9add628931053f28350c0ad4bc7f7,2017-08-30 11:41:01,1.1574074074074073e-05,1,38.09,1.0,1.0,1.0,38.09,14.1,3.0,104.37,train
8efdcd51f527f5aec0875573fd2210b3,2018-01-31 16:08:33,21.843321759259258,1,61.00999999999999,1.0,1.0,1.0,61.00999999999999,15.110000000000001,2.0,35.0,test
8f1794300ad248a55eae07168219ca15,2018-01-09 19:33:25,236.18280092592593,1,197.72000000000003,1.0,1.0,1.0,197.72000000000003,27.729999999999997,6.0,65.0,test
8f24365a46f82ddd0cef7893319a40d5,2017-10-03 08:34:54,0.002951388888888889,1,144.55999999999997,1.0,1.0,1.0,144.55999999999997,16.66,3.0,166.71,train
8f2fa110f45a5b5592f1593842b7e87d,2018-04-15 17:58:53,287.20084490740743,1,55.879999999999995,1.0,1.0,1.0,55.879999999999995,15.98,1.0,175.02,test
8f2fa110f45a5b5592f1593842b7e87d,2018-06-08 14:39:07,53.86127314814815,2,230.9,2.0,2.0,2.0,115.45,16.0,3.0,140.58,test
8f3dca4306d5a89e4ae2c65c110603a2,2017-11-28 10:18:46,269.8311111111111,1,27.04,1.0,1.0,1.0,27.04,16.049999999999997,2.0,31.4,train
8f42e9cb526d4a8ea42877dac8c86453,2017-11-17 19:44:32,35.528622685185184,1,73.34,1.0,1.0,1.0,73.34,13.44,6.0,73.34,train
8f4968221af78d6f248322ad465279fc,2018-04-04 14:21:03,331.0354861111111,1,149.16000000000003,1.0,1.0,1.0,149.16000000000003,45.19,10.0,117.76,test
8f567321ba12101dedc07c70b7021069,2018-08-21 18:19:10,402.9927083333333,1,216.89,3.0,2.0,1.0,216.89,49.92,4.0,79.51,test
8f6ce2295bdbec03cd50e34b4bd7ba0a,2018-01-22 10:18:40,346.89561342592594,1,220.71,1.0,1.0,1.0,220.71,21.709999999999997,4.0,117.85,test
8f6ce2295bdbec03cd50e34b4bd7ba0a,2018-07-31 22:03:59,190.48980324074074,2,338.56,2.0,2.0,2.0,169.28,19.830000000000002,4.5,66.46,test
8f710f0d7e8dab5c8c1135e63b44de7a,2017-10-09 21:04:25,193.04513888888889,1,74.48999999999998,1.0,1.0,1.0,74.48999999999998,14.59,2.0,58.16,train
8f891a5f40cb72bf5fabda4997b4a625,2017-09-30 18:07:09,43.204849537037035,1,117.94000000000003,1.0,1.0,1.0,117.94000000000003,17.95,1.0,148.16,train
8f9c0dc510c12654a35d2add7a6c5d34,2017-11-09 21:46:25,162.8715162037037,1,56.00999999999999,1.0,1.0,1.0,56.00999999999999,16.11,2.0,77.57,train
8f9f1a0464f6ab0e25650be9849b086d,2017-06-27 15:12:12,126.71885416666667,1,205.16000000000003,1.0,1.0,1.0,205.16000000000003,30.260000000000005,1.0,228.68,train
8fdb30046559b506b2ea1588cdfded0d,2018-07-25 11:21:39,394.50775462962963,1,54.0,1.0,1.0,1.0,54.0,14.1,1.0,410.13,test
8fe4f9a0d6a47babbd498127a9109bd1,2018-02-07 10:06:39,56.67386574074074,1,167.96000000000004,1.0,1.0,1.0,167.96000000000004,28.96,5.0,144.26,test
8ffa5e9fcc3da23113128e94d1c75706,2018-03-03 19:40:01,1.8744328703703703,1,71.52999999999997,1.0,1.0,1.0,71.52999999999997,17.630000000000003,5.0,312.49,test
9066d003674f53303ec2ac527e940a5d,2017-07-04 15:54:10,146.05019675925925,1,27.78,1.0,1.0,1.0,27.78,17.78,1.0,36.1,train
906a8a4ec9f3d4c3e64fa6d1c4fe6009,2018-07-20 04:05:49,15.13037037037037,1,1972.03,6.0,2.0,1.0,1972.03,172.0,1.0,48.83,test
9077449283dc1319d5e51fb3159b28e2,2017-07-25 19:16:47,58.99748842592592,1,171.57,1.0,1.0,1.0,171.57,36.27,1.0,45.08,train
9077449283dc1319d5e51fb3159b28e2,2017-08-03 14:19:55,8.793842592592593,2,216.65,2.0,2.0,2.0,108.325,27.095,2.5,82.78,train
9099c659f8cd764e87a1482d258fcec9,2018-02-27 18:16:26,2.3148148148148147e-05,1,171.08,2.0,1.0,1.0,171.08,25.28,4.0,191.02,test
90c205b0bed658a20ba141d2960d6811,2017-10-23 22:15:15,182.4853125,1,43.52,1.0,1.0,1.0,43.52,14.52,1.0,54.1,train
90e1f0d98aa33c74e43fb62004a829dd,2018-04-05 22:08:31,0.0,1,176.58999999999997,1.0,1.0,1.0,176.58999999999997,27.59,1.0,156.45,test
90e28a883386c71de943515d91f72a39,2017-11-24 22:49:37,17.96931712962963,1,208.63,1.0,1.0,1.0,208.63,28.64,3.0,40.09,train
90f323e9f0948ddd96c6f6a8ecc75830,2017-06-05 00:11:23,81.05,1,102.92,1.0,1.0,1.0,102.92,18.020000000000003,1.0,71.14,train
90f323e9f0948ddd96c6f6a8ecc75830,2017-06-05 00:11:24,1.1574074074074073e-05,2,174.06,2.0,2.0,2.0,87.03,16.085,1.0,71.14,train
910240400459e4edf250cddd2588bfd2,2018-05-07 14:06:43,115.08042824074074,1,57.47999999999999,1.0,1.0,1.0,57.47999999999999,12.48,3.0,77.37,test
910ef561b28c67973b74ce21e0d252ea,2018-01-15 05:46:01,161.4753472222222,1,173.62,1.0,1.0,1.0,173.62,15.85,7.0,121.19,test
911be3f21248d465d1e6d9993bca60a8,2017-10-23 22:52:53,34.96584490740741,1,54.0,1.0,1.0,1.0,54.0,14.1,1.0,64.0,train
91352e06066eef42b60b24049ccde4fd,2018-08-23 08:18:00,166.93162037037038,1,104.42,1.0,1.0,1.0,104.42,17.52,1.0,82.14,test
913e4a0664572d0652473b98b808e7b5,2018-02-08 15:39:25,89.90266203703703,1,117.15999999999997,1.0,1.0,1.0,117.15999999999997,18.260000000000005,10.0,188.5,test
9146de9c43fa373c4ce8af26c8db8336,2017-08-23 10:59:45,1.1574074074074073e-05,1,173.25,1.0,1.0,1.0,173.25,13.249999999999996,10.0,757.94,train
9177736727dc747f69fceccc193c125a,2018-05-30 18:12:51,213.43733796296297,1,142.63,1.0,1.0,1.0,142.63,15.64,1.0,99.43,test
917de9fb824d070a7f1f4db097cbea8d,2017-05-19 23:44:08,1.167372685185185,1,54.000000000000014,1.0,1.0,1.0,54.000000000000014,14.099999999999998,1.0,85.73,train
9194f9aedc33b4f984bcdcc7da7461f4,2018-05-18 22:38:05,346.12072916666665,1,61.75,1.0,1.0,1.0,61.75,11.850000000000001,1.0,138.29,test
919bf2617845a0f73acc0361cba58267,2018-01-25 08:26:22,130.4690740740741,1,111.01999999999998,1.0,1.0,1.0,111.01999999999998,21.119999999999997,1.0,104.38,test
91b4cc37bd28118ddabe8e7692c78f2e,2017-03-03 08:32:31,0.0,1,72.9,1.0,1.0,1.0,72.9,13.0,2.0,76.66,train
91c0ed5fde94a56b99e4ce6d43d0d6be,2018-02-27 14:26:04,5.766527777777778,1,38.620000000000005,1.0,1.0,1.0,38.620000000000005,8.719999999999999,3.0,160.5,test
91d0504cf52d3f76b154c42d78979f39,2018-06-03 13:59:24,323.68604166666665,1,66.78,1.0,1.0,1.0,66.78,11.88,1.0,88.5,test
91d0504cf52d3f76b154c42d78979f39,2018-06-12 16:26:37,9.102233796296296,2,155.28,2.0,2.0,2.0,77.64,13.24,4.5,92.6,test
91def939002d33dcbf6a038b5c879f7b,2017-12-06 14:20:01,180.25703703703704,1,60.53,1.0,1.0,1.0,60.53,25.629999999999995,1.0,156.16,train
91e59b92e87f627abdab279ea3ab0c87,2018-03-31 13:07:07,0.6818171296296296,1,19.39,1.0,1.0,1.0,19.39,7.39,1.0,19.39,test
91fb82fe3e8b269f82616f53f2a4a690,2018-08-18 10:03:37,7.9128240740740745,1,40.349999999999994,1.0,1.0,1.0,40.349999999999994,7.450000000000001,1.0,118.35,test
91ffaf5eb7f4bd6a48b07f3546fb7a99,2017-09-04 15:17:12,1.1574074074074073e-05,1,148.14,2.0,1.0,1.0,148.14,71.34,1.0,325.41,train
9202421110f6a19ddcf0b9b93602a0a1,2018-05-31 17:47:23,387.5510648148148,1,144.2,1.0,1.0,1.0,144.2,54.300000000000004,7.0,133.25,test
92046e40af14f7f88398c748bb559cfe,2018-05-06 21:45:16,79.50825231481481,1,64.1,1.0,1.0,1.0,64.1,15.100000000000001,1.0,95.4,test
925751a747a151a7fa97f2f686d028c3,2018-03-31 06:58:27,59.660636574074076,1,151.7,1.0,1.0,1.0,151.7,21.71,3.0,274.24,test
9263a6fc47a37b8b71cecfeb1defda4a,2018-07-21 13:16:37,0.0,1,175.86,1.0,1.0,1.0,175.86,23.86,1.0,211.31,test
927c1b4bd2d326409fd16eeedaa9ea30,2018-04-04 18:08:41,195.8033912037037,1,111.10000000000002,1.0,1.0,1.0,111.10000000000002,17.1,5.0,171.75,test
927f5d7e01917bb3b8aeb3260ca42663,2018-07-18 22:24:06,47.04162037037037,1,73.27000000000001,1.0,1.0,1.0,73.27000000000001,18.269999999999996,1.0,50.34,test
928616c185852cc998407c716a6f69bc,2017-09-14 12:18:38,155.97113425925926,1,70.63999999999999,1.0,1.0,1.0,70.63999999999999,18.640000000000004,5.0,264.88,train
929b8bad532f969fc414b7831ff3360d,2017-08-05 14:35:35,61.977974537037035,1,99.70000000000002,1.0,1.0,1.0,99.70000000000002,16.34,1.0,178.27,train
929f67fce8f269879084f50385a16354,2018-07-26 15:26:12,324.08430555555555,1,143.83000000000004,1.0,1.0,1.0,143.83000000000004,13.929999999999998,10.0,108.33,test
92b0705c6923fe44dd71b2b737687a7c,2017-01-31 16:13:48,0.0,1,127.5,1.0,1.0,1.0,127.5,17.51,8.0,85.6,train
92fc4892f11581ee802e8e2fa4296433,2017-06-16 21:49:19,0.001400462962962963,1,105.37,1.0,1.0,1.0,105.37,15.38,1.0,35.09,train
931a4a1a3e2cf8b4b4d33922f1469dbe,2018-08-17 23:21:15,0.004849537037037037,1,140.68,1.0,1.0,1.0,140.68,14.189999999999998,1.0,23.88,test
93360190b9375a40b65720ee99387a4a,2017-09-24 19:21:57,126.19399305555555,1,23.0,1.0,1.0,1.0,23.0,15.1,1.0,21.1,train
93360190b9375a40b65720ee99387a4a,2018-03-30 20:27:16,187.04535879629628,2,44.099999999999994,2.0,2.0,2.0,22.049999999999997,15.099999999999998,1.5,148.18,test
93427465b223bc8292b51bb86077b695,2018-02-08 13:20:46,57.12467592592593,1,67.53,1.0,1.0,1.0,67.53,17.630000000000003,1.0,221.65,test
93541741ba99116c5cf5773312eff953,2018-05-14 16:37:43,25.8978125,1,131.80000000000004,1.0,1.0,1.0,131.80000000000004,27.799999999999997,1.0,139.42,test
935b9c5a3162185f88dac06d8d08d623,2018-04-05 09:44:30,7.732743055555556,1,136.3,1.0,1.0,1.0,136.3,13.3,5.0,169.87,test
935b9c5a3162185f88dac06d8d08d623,2018-05-04 11:09:54,29.059305555555557,2,306.1700000000001,2.0,2.0,2.0,153.08500000000004,15.635000000000002,5.5,115.15,test
935e66642fcb2baa8c1782a29570d905,2018-05-06 00:15:18,38.07971064814815,1,33.61,1.0,1.0,1.0,33.61,13.71,3.0,103.04,test
93603747aa73507db172820142fb3b81,2018-03-09 11:32:48,94.00351851851852,1,140.16,6.0,1.0,1.0,140.16,80.22,10.0,38.63,test
93805ba8be262fe253c4284751762866,2018-05-17 16:46:58,0.002928240740740741,1,43.7,1.0,1.0,1.0,43.7,13.71,4.0,62.69,test
93dabd0fb48bfbc6e14aca0432ed0717,2017-07-28 00:39:07,11.258101851851851,1,62.01,1.0,1.0,1.0,62.01,16.11,2.0,62.01,train
93eeb8745a219d35b7e32d796528b681,2018-07-09 16:06:42,81.99939814814815,1,558.74,2.0,1.0,1.0,558.74,48.74000000000001,10.0,57.67,test
9403bc2d1bc24edda854c1c389c14da1,2017-11-25 01:49:52,0.0,1,66.67000000000002,1.0,1.0,1.0,66.67000000000002,17.67,5.0,49.1,train
941254873ba3ece63e297277436e4c36,2017-12-04 13:39:45,11.137280092592592,1,51.99999999999999,1.0,1.0,1.0,51.99999999999999,17.0,1.0,54.1,train
941590fb8aef66b3a8352fe7c691879e,2018-06-11 15:32:06,153.86731481481482,1,254.47000000000003,1.0,1.0,1.0,254.47000000000003,24.480000000000004,5.0,201.14,test
941c336ba35bc4cbd3c5bda62cfaa767,2018-02-27 09:06:14,20.819826388888888,1,355.51,1.0,1.0,1.0,355.51,60.510000000000005,1.0,143.01,test
94374f520fa9fe75d477ecf113cae041,2018-04-03 14:13:38,306.8684953703704,1,45.09,1.0,1.0,1.0,45.09,15.099999999999998,4.0,163.55,test
944779ed5e0464b49fbb2108382b0ddf,2018-08-03 21:38:15,92.16770833333334,1,154.62000000000003,1.0,1.0,1.0,154.62000000000003,27.620000000000005,10.0,214.59,test
9448bf54ca4a047cb99b0dee1a9bfa25,2018-02-04 17:38:12,12.277141203703703,1,91.12,4.0,1.0,1.0,91.12,31.12,2.0,35.33,test
94522b20d09262256d0ef263adf3ff78,2017-12-05 07:13:54,10.930416666666666,1,81.59999999999998,1.0,1.0,1.0,81.59999999999998,16.7,4.0,124.73,train
9475b70c3d9add279a65672fca348944,2017-11-16 12:18:37,42.01362268518518,1,21.769999999999982,1.0,1.0,1.0,21.769999999999982,7.779999999999999,2.0,269.78,train
947c249c7f31f3eae2bd05454e1b2040,2017-05-12 12:50:18,1.1050694444444444,1,223.14,3.0,1.0,1.0,223.14,76.14,5.0,241.93,train
947e93a9bb28256adebe49f78cff07ad,2017-05-31 17:06:39,82.94188657407408,1,146.02,1.0,1.0,1.0,146.02,16.120000000000005,1.0,48.98,train
9496fe4967f2117feed223238c7bcc39,2018-07-13 19:45:38,141.40238425925926,1,23.72,1.0,1.0,1.0,23.72,8.720000000000002,1.0,69.62,test
94a19681bf6faa3c6ce3e2df1c2d97cb,2017-07-11 18:17:11,1.9272222222222222,1,21.72,1.0,1.0,1.0,21.72,11.73,1.0,104.92,train
94a19681bf6faa3c6ce3e2df1c2d97cb,2017-09-24 20:25:49,75.0893287037037,2,126.64,2.0,2.0,2.0,63.32,19.425,1.0,75.08,train
94ab38525c16d9d5ce977b3fe3405ab8,2018-01-23 01:12:12,0.0,1,225.84999999999997,1.0,1.0,1.0,225.84999999999997,25.949999999999996,3.0,75.17,test
94aea9aae532453c72b6afbfe0eaec10,2018-01-18 00:00:33,1.1574074074074073e-05,1,274.43,2.0,2.0,2.0,274.43,51.53,1.0,220.74,test
94b27f5cb0276a9d149375e24de840d2,2017-08-25 12:23:08,0.0,1,76.07999999999998,1.0,1.0,1.0,76.07999999999998,16.18,3.0,110.32,train
94cac7a901fa7a145722dfd0a147b050,2018-08-15 21:39:41,22.25704861111111,1,98.61000000000001,1.0,1.0,1.0,98.61000000000001,18.71,1.0,153.69,test
94e5ea5a8c1bf546db2739673060c43f,2018-05-09 13:49:19,580.6933217592592,1,69.63000000000001,1.0,1.0,1.0,69.63000000000001,14.73,3.0,117.54,test
951008c1c9df3fe4fead603a9afdcb3b,2018-02-09 18:22:59,70.9657175925926,1,204.76,1.0,1.0,1.0,204.76,25.770000000000003,4.0,73.43,test
95160caf14611a705759de6bf13555b6,2017-07-16 22:46:54,49.196354166666666,1,66.1,1.0,1.0,1.0,66.1,16.11,1.0,185.55,train
954456f376f79dfa36460750500f7dc6,2018-04-20 11:04:07,353.8355555555556,1,114.75999999999999,1.0,1.0,1.0,114.75999999999999,14.869999999999997,1.0,338.1,test
9565b6eb599caea334238cf517c2408b,2018-07-29 00:48:48,379.3239699074074,1,28.260000000000005,2.0,1.0,1.0,28.260000000000005,15.56,1.0,96.62,test
956eadf2280a25c360ccfc7b42b21313,2018-05-02 20:35:55,0.19405092592592593,1,344.51,1.0,1.0,1.0,344.51,84.52,8.0,344.51,test
95828271d6bee6d5eedcd00e639d67a6,2018-08-15 14:01:47,210.62328703703704,1,28.090000000000003,1.0,1.0,1.0,28.090000000000003,15.099999999999998,2.0,131.46,test
95a3ac562ffc17755618fb67ce57ef9a,2017-05-29 19:02:29,2.3148148148148147e-05,1,79.48000000000002,1.0,1.0,1.0,79.48000000000002,17.68,1.0,24.04,train
95c673245afd9e175e46590ea80fd159,2018-05-05 18:28:19,195.85730324074075,1,51.69,1.0,1.0,1.0,51.69,16.79,2.0,45.67,test
95cfb39a7e263160308a934e42cfc4e0,2017-11-19 16:12:34,65.9859837962963,1,48.71000000000001,1.0,1.0,1.0,48.71000000000001,8.72,1.0,73.34,train
95d47153b9bc4d0fe3b9c714c4b19c3b,2017-08-04 10:32:57,0.031122685185185184,1,79.12,1.0,1.0,1.0,79.12,15.199999999999998,3.0,35.09,train
95ec7fc6a1605502060075958c3f9852,2017-09-12 14:20:41,123.90565972222223,1,77.57,1.0,1.0,1.0,77.57,17.67,2.0,73.34,train
95fc0e6f6939f521e44a588ff18eacb9,2018-01-24 08:06:36,159.055,1,81.88999999999999,1.0,1.0,1.0,81.88999999999999,11.990000000000002,1.0,259.57,test
960118b2d734220509690e16787f955e,2017-04-01 17:24:26,1.1574074074074073e-05,1,28.86,1.0,1.0,1.0,28.86,10.96,2.0,33.16,train
9620e26af0dfec5a16a52cd2afa81717,2017-08-07 20:07:03,139.8979050925926,1,107.35999999999999,1.0,1.0,1.0,107.35999999999999,17.37,1.0,167.29,train
9627e55290c60f562fa06f399ec6b82f,2018-03-15 12:40:16,48.7865625,1,160.53,3.0,1.0,1.0,160.53,45.32999999999999,1.0,153.96,test
962c6b5225cdd53c41509bc38d3a8217,2018-02-13 16:10:17,31.13662037037037,1,188.94,1.0,1.0,1.0,188.94,9.45,3.0,135.49,test
96701d73665eab8fc6fecb9863266efe,2018-05-20 22:50:53,366.15739583333334,1,163.68999999999997,1.0,1.0,1.0,163.68999999999997,15.790000000000001,1.0,114.85,test
967eb85deeab5124df2165cdada917f3,2017-12-06 09:39:37,160.63755787037036,1,87.73000000000002,1.0,1.0,1.0,87.73000000000002,17.74,1.0,90.75,train
967ee07cb69460a7e1d42c7747142572,2017-11-26 17:11:53,311.7475,1,121.61999999999999,1.0,1.0,1.0,121.61999999999999,22.62,2.0,101.01,train
9689908caf4de73724feed92175d867a,2018-07-31 07:58:01,158.94357638888889,1,99.01000000000002,1.0,1.0,1.0,99.01000000000002,17.010000000000005,8.0,116.9,test
9689908caf4de73724feed92175d867a,2018-08-03 11:44:49,3.1575,2,215.91,3.0,2.0,2.0,107.955,27.965000000000003,8.0,223.48,test
968fe295f3c0ecbab2f617917cc4c46f,2018-03-03 10:03:42,1.1574074074074073e-05,1,36.790000000000006,1.0,1.0,1.0,36.790000000000006,16.79,1.0,51.39,test
969e62a47aec03c735127e6f11ad6564,2017-07-03 09:14:20,55.929467592592594,1,228.07,1.0,1.0,1.0,228.07,39.06999999999999,7.0,218.25,train
96d3a3257161c32fe93aea0e38b16515,2018-01-25 14:04:45,1.1574074074074073e-05,1,101.93,1.0,1.0,1.0,101.93,17.03,2.0,104.87,test
96f9204de777192f8feb7776d3cd09b4,2018-08-09 22:53:59,59.176516203703706,1,87.51999999999998,1.0,1.0,1.0,87.51999999999998,17.620000000000005,1.0,150.37,test
970e5961383615662043afa2d9c68802,2017-06-18 10:26:33,0.001400462962962963,1,134.56,1.0,1.0,1.0,134.56,14.57,8.0,105.38,train
971e2252d557c5f6b2de810f6fcd52eb,2017-07-11 16:16:11,0.9958217592592593,1,223.14,1.0,1.0,1.0,223.14,18.14,10.0,223.14,train
97258e1c1f77f32358eccd1c9ee5954d,2018-08-11 12:41:01,504.65373842592595,1,156.18,1.0,1.0,1.0,156.18,16.190000000000005,6.0,133.57,test
9735b1a02ad4d2b3747e9a74cad789a1,2018-02-03 14:33:03,42.87158564814815,1,96.79999999999998,1.0,1.0,1.0,96.79999999999998,17.799999999999997,7.0,35.09,test
973f2fba63a7eb540f8860b0c75b63cb,2018-06-28 22:30:08,222.44646990740742,1,387.8299999999999,1.0,1.0,1.0,387.8299999999999,18.83,4.0,193.84,test
974148f722b785f187ae13ec0040abcf,2017-07-17 03:37:39,107.53973379629629,1,135.52999999999997,1.0,1.0,1.0,135.52999999999997,16.53,3.0,277.48,train
976a39626eb2337ee3258d4ad73f1543,2018-01-06 19:46:05,342.99710648148147,1,59.99000000000001,1.0,1.0,1.0,59.99000000000001,50.0,6.0,274.82,test
9775c540f0a4db487f546de3cdc5eccd,2018-01-14 20:01:54,0.0,1,197.7,1.0,1.0,1.0,197.7,17.7,1.0,60.0,test
97981245c3257ea9b14befffd560177b,2017-09-14 07:49:05,32.5287962962963,1,125.21000000000001,1.0,1.0,1.0,125.21000000000001,21.220000000000002,1.0,121.78,train
97bc08e526795b17e1d4f642f77ae304,2017-08-03 09:25:14,2.0669444444444443,1,97.44,2.0,2.0,1.0,97.44,17.440000000000005,2.0,98.37,train
97bc08e526795b17e1d4f642f77ae304,2017-08-07 10:26:28,4.042523148148148,2,195.81000000000003,3.0,3.0,2.0,97.90500000000002,12.905,2.0,74.16,train
97c0d90b4d37062c75b5f836ce3ab957,2017-09-07 21:32:35,0.0,1,138.94999999999993,1.0,1.0,1.0,138.94999999999993,20.069999999999993,10.0,465.11,train
97e5501feb2532ef0e124d2dc4e86537,2018-06-08 09:43:52,107.68487268518518,1,117.84999999999997,1.0,1.0,1.0,117.84999999999997,17.950000000000003,1.0,368.06,test
97f0fce3f9d7aad1b12499a4e4b10d07,2017-07-10 16:47:10,115.81277777777778,1,433.04999999999995,1.0,1.0,1.0,433.04999999999995,19.049999999999997,8.0,203.09,train
982f532d3e8e8177c57361a39d1b1492,2018-04-12 14:05:08,26.70261574074074,1,67.05,1.0,1.0,1.0,67.05,17.06,1.0,67.05,test
9832ae2f7d3e5fa4c7a1a06e9551bc61,2017-07-21 10:49:31,7.445069444444444,1,347.69999999999993,2.0,1.0,1.0,347.69999999999993,31.72,2.0,178.89,train
9832ae2f7d3e5fa4c7a1a06e9551bc61,2018-04-24 23:25:11,277.5247685185185,2,526.5899999999999,3.0,2.0,2.0,263.29499999999996,23.805,1.5,499.5,test
98341ec53bd2130c32390570d0929da9,2018-06-20 17:02:01,126.9538425925926,1,63.60000000000001,1.0,1.0,1.0,63.60000000000001,16.11,1.0,70.46,test
983994b46a18dce5db8648ebf95754af,2018-08-06 21:31:52,167.1571064814815,1,74.07,1.0,1.0,1.0,74.07,14.169999999999998,1.0,172.89,test
984503860d8d8dea530666eec07de95c,2017-11-13 21:19:37,33.53283564814815,1,71.53,1.0,1.0,1.0,71.53,17.630000000000003,1.0,57.199999999999996,train
9846c216ee14a40400f4aae954eaeb59,2017-11-18 13:14:17,1.1574074074074073e-05,1,120.0,2.0,1.0,1.0,120.0,30.200000000000003,3.0,135.51,train
98758d88bf4b8eef1372ddee45d63178,2017-09-17 06:44:58,163.35333333333332,1,853.3900000000001,1.0,1.0,1.0,853.3900000000001,44.29,10.0,144.57,train
987fadd385777d8f27edac709bc9fb61,2017-11-23 14:49:21,49.93048611111111,1,215.25,3.0,1.0,1.0,215.25,38.25,4.0,287.0,train
98883b9e1d9d9c46c298c69146db811a,2018-02-11 17:21:50,15.94357638888889,1,42.0,1.0,1.0,1.0,42.0,14.099999999999998,2.0,71.88,test
9895459a777c96d1f180c344fc5fdefe,2017-03-03 18:40:16,2.3148148148148147e-05,1,51.64,2.0,2.0,1.0,51.64,17.440000000000005,1.0,28.62,train
989aabc133cd6097fb2fc9c4a919af4b,2018-06-20 10:14:28,337.0002314814815,1,27.680000000000007,1.0,1.0,1.0,27.680000000000007,7.780000000000001,2.0,70.6,test
989ff17eed965d5e5949b4d9a6f6af67,2017-12-23 11:00:34,1.1574074074074073e-05,1,141.64,1.0,1.0,1.0,141.64,21.64,10.0,42.27,train
98a8081d6f922b47f0b48d0b10665047,2018-08-09 09:11:44,207.56873842592591,1,207.71000000000004,1.0,1.0,1.0,207.71000000000004,18.709999999999997,1.0,104.7,test
98b69c34f0422d2e025280b55531166e,2017-08-20 20:11:55,0.0,1,73.34,1.0,1.0,1.0,73.34,13.440000000000001,5.0,138.54,train
98cf2f6f61000afafb2c1a276f5c21ba,2018-07-22 23:12:02,0.0,1,54.870000000000005,1.0,1.0,1.0,54.870000000000005,8.070000000000002,1.0,49.53,test
98d2fc070f4afbd02c5788eacc6949c5,2017-05-03 10:49:36,6.704849537037037,1,471.6,2.0,2.0,1.0,471.6,93.6,3.0,152.38,train
98d9a0f7e940e0750fbf72f9aaab1210,2018-04-14 09:33:38,341.6175925925926,1,52.68000000000001,1.0,1.0,1.0,52.68000000000001,7.780000000000001,4.0,99.43,test
98e3117841a2431959d17808f04bf23c,2017-12-29 11:36:45,121.82354166666667,1,232.72000000000003,2.0,1.0,1.0,232.72000000000003,32.92,4.0,88.08,train
98e3117841a2431959d17808f04bf23c,2018-07-22 17:47:27,205.25743055555554,2,320.8,3.0,2.0,2.0,160.4,23.0,6.0,57.51,test
9910e92c18776a14048773cef6592b91,2017-07-26 09:47:24,68.40619212962963,1,188.62999999999997,1.0,1.0,1.0,188.62999999999997,9.63,3.0,77.53,train
9935b7e2683de890a208026f020e54d3,2018-01-07 22:52:49,283.39167824074076,1,150.36,1.0,1.0,1.0,150.36,12.359999999999998,2.0,121.87,test
9947c0ed8bf41cd508a78da36abc1d41,2017-10-03 02:09:52,46.94694444444445,1,41.749999999999986,1.0,1.0,1.0,41.749999999999986,11.849999999999998,2.0,95.58,train
9947c0ed8bf41cd508a78da36abc1d41,2017-10-25 01:58:21,21.992002314814815,2,137.32999999999998,3.0,3.0,3.0,68.66499999999999,13.864999999999998,2.5,54.0,train
995facb032e4446a511762f5f842eb11,2018-03-05 21:45:05,151.63091435185186,1,47.500000000000014,1.0,1.0,1.0,47.500000000000014,17.6,1.0,118.48,test
995fe9426f030109b1614044edaf46d9,2018-03-29 14:29:44,176.17505787037038,1,31.75,1.0,1.0,1.0,31.75,11.849999999999998,1.0,187.19,test
996fdddf8cd5bbb99b221fcaf5ba1359,2017-07-20 07:30:51,56.82076388888889,1,131.47,1.0,1.0,1.0,131.47,21.570000000000004,1.0,62.62,train
999bf1d2709dc80fcf55a92805ecc34f,2017-05-25 14:33:46,22.043275462962963,1,54.42,1.0,1.0,1.0,54.42,14.519999999999998,2.0,54.0,train
99b026061fefe9ff09cdd0e745a9233e,2017-09-25 18:41:45,111.03895833333333,1,180.58000000000004,1.0,1.0,1.0,180.58000000000004,20.68,5.0,180.51,train
99b8ee09d642ffedf091951a7235faa0,2018-02-14 21:08:07,240.2056712962963,1,34.99999999999999,1.0,1.0,1.0,34.99999999999999,15.1,1.0,37.1,test
99bf2e03eb1ef8f29fd57ad10fd75e48,2018-05-01 22:42:56,32.11704861111111,1,334.8,1.0,1.0,1.0,334.8,48.8,4.0,239.56,test
99d1962d736052c7b8793ba94126c377,2017-11-24 18:41:11,0.0,1,72.67999999999999,1.0,1.0,1.0,72.67999999999999,7.779999999999999,5.0,89.83,train
99d697dd68fad729283560abe0adae43,2018-01-10 09:04:09,265.7582986111111,1,270.85,1.0,1.0,1.0,270.85,15.95,2.0,136.37,test
99da196553d9b67b1c762a712a8caaf6,2017-11-24 01:39:47,4.211597222222222,1,257.56,1.0,1.0,1.0,257.56,10.94,1.0,257.56,train
99e2f46c9fe0bba48bd131ddac456549,2018-07-17 22:10:03,0.026886574074074073,1,164.63,1.0,1.0,1.0,164.63,44.64,1.0,164.63,test
9a2344afe2d1a43559906bd456567a9b,2018-01-22 20:54:07,1.1574074074074073e-05,1,97.62,1.0,1.0,1.0,97.62,12.72,1.0,102.47,test
9a30b2294f18ddcee9918dd3f3554407,2018-07-06 13:46:23,84.85579861111111,1,77.64,1.0,1.0,1.0,77.64,8.640000000000002,1.0,77.99,test
9a6a921e2fdd2e6ba9c4fbdf24381248,2018-02-06 14:42:05,32.19469907407407,1,106.35,1.0,1.0,1.0,106.35,19.85,1.0,40.78,test
9a736b248f67d166d2fbb006bcb877c3,2017-08-08 20:26:31,12.316493055555556,1,72.17000000000002,1.0,1.0,1.0,72.17000000000002,26.96999999999999,1.0,161.32,train
9aaa6812e0daefa1f7edd5f772297d2e,2018-07-08 11:51:23,67.73684027777777,1,93.06000000000002,1.0,1.0,1.0,93.06000000000002,9.27,1.0,52.42,test
9aae8213ff9bc04cc3ce48b85f43a173,2018-05-27 18:21:21,0.004456018518518519,1,142.5,1.0,1.0,1.0,142.5,13.499999999999996,1.0,176.69,test
9aae8213ff9bc04cc3ce48b85f43a173,2018-05-27 18:33:39,0.008541666666666666,2,319.19,2.0,2.0,2.0,159.595,16.095000000000002,1.0,54.55,test
9ab7e264a4fe8551657555d5bbdc6258,2018-07-05 23:46:37,0.0,1,99.65,1.0,1.0,1.0,99.65,19.75,1.0,99.65,test
9ab9e6724cc65e59593099f18081fd35,2017-10-22 12:19:55,0.0,1,25.0,1.0,1.0,1.0,25.0,15.100000000000001,2.0,173.82,train
9abba9caa203cd4344b8c918d6ade26e,2018-02-21 21:33:47,2.3148148148148147e-05,1,148.14999999999998,1.0,1.0,1.0,148.14999999999998,18.16,8.0,271.23,test
9ae2dda41ec3dae4c5c780e251223272,2018-03-14 15:47:48,3.062824074074074,1,29.78,1.0,1.0,1.0,29.78,8.88,1.0,36.78,test
9af2c271654a36a48beefe342ba6208a,2017-12-21 22:44:44,87.33887731481481,1,85.14999999999999,1.0,1.0,1.0,85.14999999999999,15.249999999999998,1.0,77.49,train
9afb61455d41afffa3ea550d1cfd832c,2017-05-11 13:52:30,0.0060879629629629626,1,32.77,1.0,1.0,1.0,32.77,7.78,1.0,32.77,train
9b22d6fe1f74d6e1aefec789415ec847,2018-03-18 11:20:16,237.35994212962962,1,77.52000000000001,2.0,1.0,1.0,77.52000000000001,18.54,6.0,34.79,test
9b352d0736779ff0e21fcbd59a7141b3,2018-08-07 19:13:52,22.260300925925925,1,235.12000000000003,1.0,1.0,1.0,235.12000000000003,15.129999999999995,1.0,200.33,test
9b475216704f39cb18ce448648b995e1,2018-08-10 12:48:28,1.1574074074074073e-05,1,111.65,1.0,1.0,1.0,111.65,18.75,1.0,111.65,test
9b76c588a7a8d495bce4f71d2559d3ee,2017-04-13 08:45:33,1.1574074074074073e-05,1,114.76999999999998,1.0,1.0,1.0,114.76999999999998,14.869999999999997,2.0,135.24,train
9b7fcde05dd369caf4dea1f04ed39fcc,2018-08-05 10:50:43,324.0617824074074,1,145.67,1.0,1.0,1.0,145.67,25.679999999999996,4.0,54.01,test
9b7fcfa05fb6f8b88fea3d74a6ba77d6,2018-07-08 08:30:55,413.0203125,1,59.88000000000001,2.0,1.0,1.0,59.88000000000001,19.88,1.0,44.42,test
9b8180cd4fe75a8acd576d0408ff8bf4,2018-04-24 15:51:09,12.804976851851851,1,36.39,1.0,1.0,1.0,36.39,7.389999999999999,1.0,93.82000000000001,test
9bb5ee90bbf9e5dec4a866a9d1117328,2018-01-15 18:33:21,310.28586805555557,1,45.949999999999996,1.0,1.0,1.0,45.949999999999996,10.96,3.0,37.77,test
9bc158770d28e135f48b0c3fb2c21d27,2017-09-14 18:50:07,22.105891203703703,1,46.01,1.0,1.0,1.0,46.01,16.11,1.0,46.01,train
9bff551dd73fdb455a7c2ceb6bed2d39,2017-08-18 12:08:35,190.8440740740741,1,79.00999999999999,1.0,1.0,1.0,79.00999999999999,15.65,1.0,84.43,train
9bff67cbd491a775eb1e262b778da4e6,2018-01-16 12:06:29,19.026851851851852,1,157.3,1.0,1.0,1.0,157.3,8.3,2.0,158.3,test
9bff77a776574edf41418ddd01bcbb4e,2018-04-15 19:39:10,69.06065972222223,1,67.50000000000001,1.0,1.0,1.0,67.50000000000001,17.6,1.0,74.36,test
9c08d6f85c7fcec4b08ead25590c0af7,2018-05-24 01:14:59,10.044166666666667,1,209.78,1.0,1.0,1.0,209.78,23.879999999999995,6.0,154.92,test
9c08d6f85c7fcec4b08ead25590c0af7,2018-05-31 16:35:58,7.639571759259259,2,364.7,2.0,2.0,2.0,182.35,21.9,8.0,28.38,test
9c18cd0ba86443dce5c2e5157cbd2eff,2018-05-29 02:29:23,236.34091435185186,1,111.48,2.0,1.0,1.0,111.48,41.67999999999999,3.0,107.2,test
9c2014c8ebe041a98e9603375cd7bb6b,2018-06-17 07:56:36,231.05545138888888,1,77.57,1.0,1.0,1.0,77.57,17.670000000000005,1.0,33.22,test
9c3a23565ded3e71fc8979579e8f091c,2018-01-10 02:41:38,5.999444444444444,1,31.770000000000003,1.0,1.0,1.0,31.770000000000003,7.78,1.0,37.77,test
9c4220872289f4e0239410f49e02e189,2018-05-27 03:04:57,109.44347222222223,1,48.44,1.0,1.0,1.0,48.44,15.11,4.0,92.9,test
9c540c186d344c460d85726b531b287b,2018-05-21 14:39:32,373.56386574074077,1,141.4,1.0,1.0,1.0,141.4,16.500000000000004,1.0,46.23,test
9c760a39c48113c1450dd5b65958d7fa,2017-09-04 15:31:36,85.92516203703704,1,74.63999999999999,1.0,1.0,1.0,74.63999999999999,17.65,6.0,77.57,train
9c9372efb0eaba42664210e312fe38c4,2017-11-11 23:20:20,0.006215277777777778,1,175.20000000000002,1.0,1.0,1.0,175.20000000000002,35.209999999999994,3.0,169.41,train
9ca25c67e315e2a59b00eca2d4797734,2018-07-21 13:24:30,188.1125,1,194.5,1.0,1.0,1.0,194.5,15.010000000000002,1.0,100.7,test
9cc5a07f169a1606fd347a56683e6ea6,2017-12-13 21:34:31,1.1574074074074073e-05,1,82.38000000000001,1.0,1.0,1.0,82.38000000000001,12.480000000000002,1.0,102.48,train
9cc5a07f169a1606fd347a56683e6ea6,2017-12-13 21:34:31,0.0,2,184.85999999999999,2.0,2.0,2.0,92.42999999999999,12.530000000000001,1.0,172.97,train
9cc5a07f169a1606fd347a56683e6ea6,2018-08-22 01:37:38,251.16883101851852,3,357.83,3.0,3.0,3.0,119.27666666666666,12.709999999999999,1.0,61.42,test
9cc73b2f1f13d58e4e11389fde3e2402,2018-08-09 14:36:13,23.24763888888889,1,168.14,1.0,1.0,1.0,168.14,19.140000000000004,3.0,69.69,test
9ccfff93c79f3dd996cce15f26480c5b,2018-02-01 19:34:28,16.354004629629628,1,68.17000000000002,1.0,1.0,1.0,68.17000000000002,8.27,1.0,72.38,test
9d1773d6d4fb3faaf3173924d181952a,2018-03-21 14:22:36,61.57646990740741,1,110.13,1.0,1.0,1.0,110.13,12.64,1.0,42.4,test
9d2b062dc07734a1d7053478a7e83280,2017-11-22 15:36:42,6.958912037037037,1,27.679999999999993,1.0,1.0,1.0,27.679999999999993,7.779999999999999,2.0,55.36,train
9d31457a03125fc870787a251760315a,2017-05-19 15:09:17,110.968125,1,107.9,1.0,1.0,1.0,107.9,18.000000000000004,1.0,107.1,train
9d31457a03125fc870787a251760315a,2017-08-30 19:45:25,103.19175925925926,2,215.0,2.0,2.0,2.0,107.5,17.599999999999998,1.0,105.17,train
9d42d5ee226121b6dc867197ce0529cc,2018-06-23 07:41:49,52.46591435185185,1,86.04999999999995,1.0,1.0,1.0,86.04999999999995,16.150000000000006,5.0,484.25,test
9d4dad0a5382a8d234d0ad979dc594f2,2017-03-29 23:17:00,1.1574074074074073e-05,1,56.28999999999999,1.0,1.0,1.0,56.28999999999999,11.740000000000002,2.0,144.58,train
9d8130e675ce6c1f24cd519444f7642b,2017-07-12 00:49:22,76.22471064814815,1,84.56,1.0,1.0,1.0,84.56,14.659999999999997,1.0,149.04,train
9dc44558922ff57d14d99f20d37f440f,2017-06-18 22:03:52,0.001400462962962963,1,106.74000000000001,2.0,1.0,1.0,106.74000000000001,26.74,1.0,69.5,train
9e174aadbc877e3c42ca03babfd157f8,2017-07-31 10:00:03,3.472222222222222e-05,1,65.0,1.0,1.0,1.0,65.0,15.099999999999998,6.0,116.94,train
9e4accf95024aa6565ca1efcadb96752,2018-05-12 13:42:24,250.72733796296296,1,36.769999999999996,1.0,1.0,1.0,36.769999999999996,7.780000000000001,1.0,104.79,test
9e527c9bc89a4228e5d8e136712ec63e,2017-10-09 17:40:38,55.024675925925926,1,89.97,1.0,1.0,1.0,89.97,20.97,4.0,222.21,train
9eaed62db4e25ad2ac2fcdec58a8e6cc,2018-03-29 16:11:04,2.4058912037037037,1,307.96,1.0,1.0,1.0,307.96,8.96,8.0,162.06,test
9eaee1fe94e2155bde44087d299c0b9d,2018-05-08 16:48:02,68.92646990740741,1,45.23999999999998,1.0,1.0,1.0,45.23999999999998,9.340000000000002,1.0,145.73,test
9eb77967122094a4eea4084933b47a1e,2018-03-19 10:05:40,0.0,1,138.28,1.0,1.0,1.0,138.28,7.780000000000001,10.0,211.71,test
9f10a450cddebea0e7cd86f67c894d1c,2018-05-07 10:00:08,120.80297453703703,1,40.09,1.0,1.0,1.0,40.09,15.100000000000001,1.0,99.43,test
9f3495fec7de50e7f0e31d3f1ed3c526,2018-07-06 15:33:58,99.11981481481482,1,64.58,2.0,1.0,1.0,64.58,14.780000000000001,1.0,32.33,test
9f37b1215df84eae065524290b66cba6,2018-02-09 00:22:10,8.922418981481481,1,49.24000000000001,1.0,1.0,1.0,49.24000000000001,9.34,1.0,19.88,test
9f5e91d56f3c3c192a0ee7fa88de7113,2017-12-07 13:12:40,84.56342592592593,1,133.03,1.0,1.0,1.0,133.03,47.129999999999995,10.0,60.65,train
9f67aa18a87ea9a76854deeb9385c011,2018-08-03 10:41:12,57.757523148148145,1,198.38,3.0,2.0,1.0,198.38,38.58,3.0,63.42,test
9f6a13c93d886acbefe16ad39bbfb85c,2018-01-17 08:21:49,182.87806712962964,1,115.88999999999999,1.0,1.0,1.0,115.88999999999999,38.09,10.0,167.45,test
9fa0a504d42412f2bc9878d90541121d,2018-03-15 10:52:58,229.91585648148148,1,55.309999999999995,1.0,1.0,1.0,55.309999999999995,42.38,1.0,54.79,test
9fbc6085aef8a6c39c5c177e7634c4e4,2018-07-18 21:21:02,0.0,1,58.370000000000005,1.0,1.0,1.0,58.370000000000005,18.379999999999995,1.0,100.06,test
9fdf694ddd72ea586dc72ceb7a0d2d91,2018-02-05 22:54:03,0.0,1,215.74,2.0,2.0,1.0,215.74,35.760000000000005,8.0,192.44,test
9fe8cb705d35cf54025160f9f01b7cc4,2017-12-12 22:13:30,172.05949074074073,1,82.6,1.0,1.0,1.0,82.6,17.699999999999996,1.0,113.56,train
9ff6787921b9aecefdb9c8212ebd8679,2017-10-17 19:05:01,1.1574074074074073e-05,1,60.74000000000001,1.0,1.0,1.0,60.74000000000001,20.840000000000003,6.0,66.1,train
a00a13ac36037d575bb016caf8f50d53,2017-04-07 10:12:48,9.737361111111111,1,54.06,1.0,1.0,1.0,54.06,15.560000000000002,3.0,62.08,train
a017de101a9c4fab4995c1bc81e737ea,2018-05-19 10:58:30,0.004826388888888889,1,341.85,5.0,1.0,1.0,341.85,72.35000000000002,1.0,273.48,test
a029899dd8534557a81c369475ff80c8,2018-04-27 13:36:40,14.011956018518518,1,123.60999999999999,1.0,1.0,1.0,123.60999999999999,18.609999999999992,1.0,209.91,test
a029899dd8534557a81c369475ff80c8,2018-05-01 17:38:20,4.167824074074074,2,333.52,4.0,4.0,2.0,166.76,33.41,1.0,177.77,test
a06f383add4d40457f1909b67ce6b7fb,2017-03-20 11:01:19,2.3148148148148147e-05,1,179.9,1.0,1.0,1.0,179.9,50.00000000000001,1.0,142.08,train
a0abd26659c9914690cbd3320d39fd96,2018-02-07 21:33:54,256.31289351851854,1,232.19,1.0,1.0,1.0,232.19,39.19,10.0,68.0,test
a0abd26659c9914690cbd3320d39fd96,2018-02-08 20:28:56,0.9548842592592592,2,300.19,3.0,2.0,2.0,150.095,33.695,6.5,63.6,test
a0abd26659c9914690cbd3320d39fd96,2018-06-23 11:39:19,134.63221064814815,3,363.79,4.0,3.0,3.0,121.26333333333334,27.833333333333332,4.666666666666667,62.33,test
a0b4713c96aeb3aff3b23412e63d5f75,2017-12-07 16:48:12,0.01773148148148148,1,22.47999999999999,1.0,1.0,1.0,22.47999999999999,12.48,1.0,161.13,train
a0d44d593fe455c0ec7ed8f4715190cb,2018-04-03 14:42:26,0.8803819444444444,1,111.61,1.0,1.0,1.0,111.61,21.71,10.0,111.61,test
a0d58c3abf0bc947e39f72976db72428,2018-07-18 00:08:34,1.1574074074074073e-05,1,94.72,1.0,1.0,1.0,94.72,19.719999999999995,1.0,146.12,test
a0e0770d529c5da6dd71d5be8620aa3b,2017-06-07 20:28:13,23.001527777777778,1,74.67,1.0,1.0,1.0,74.67,17.68,3.0,74.67,train
a0ef77ac3d3662b055dc12b045da37ed,2017-12-29 18:40:58,156.12665509259259,1,66.17000000000002,1.0,1.0,1.0,66.17000000000002,9.27,3.0,130.26,train
a0f0a2082b269a9715ba874c94b592f3,2017-11-24 21:13:26,0.0,1,132.01999999999998,2.0,1.0,1.0,132.01999999999998,32.220000000000006,1.0,360.72,train
a1044dd75b74fbc485b040575a14acf0,2017-12-20 23:22:55,8.21079861111111,1,87.70000000000005,2.0,1.0,1.0,87.70000000000005,23.699999999999996,1.0,1650.18,train
a10fe3c477989c968aa284bd448b1d5b,2017-04-29 16:26:37,25.23991898148148,1,198.69999999999996,2.0,1.0,1.0,198.69999999999996,28.719999999999995,1.0,133.95000000000002,train
a124666e823bbd5fb77a72afc8c1360c,2017-05-04 23:14:03,0.0,1,35.72,1.0,1.0,1.0,35.72,8.72,3.0,35.72,train
a147b35c04951884b4bbd65a0085cf88,2018-06-27 20:57:19,217.8560300925926,1,125.42000000000002,1.0,1.0,1.0,125.42000000000002,15.52,5.0,96.88,test
a176838867d89ed62981cdf02b7ca3e1,2018-03-04 15:58:10,1.1574074074074073e-05,1,107.87,1.0,1.0,1.0,107.87,17.879999999999995,6.0,353.21,test
a1874c5550d2f0bc14cc122164603713,2018-01-25 16:21:03,209.11130787037038,1,193.5,1.0,1.0,1.0,193.5,15.0,10.0,67.5,test
a1874c5550d2f0bc14cc122164603713,2018-04-26 17:11:38,91.03512731481482,2,261.00000000000006,2.0,2.0,2.0,130.50000000000003,16.299999999999997,8.0,486.45,test
a1874c5550d2f0bc14cc122164603713,2018-05-23 15:50:05,26.943368055555556,3,747.4499999999999,5.0,3.0,3.0,249.14999999999998,35.01666666666666,8.0,43.22,test
a1a374f4c131638dc698c76bebd11769,2018-02-01 15:22:08,6.9931018518518515,1,244.74,2.0,2.0,1.0,244.74,24.940000000000005,1.0,112.3,test
a1bb96820529725c3c79a77c69e7e792,2017-06-08 23:17:57,0.0,1,54.0,1.0,1.0,1.0,54.0,14.1,1.0,25.689999999999998,train
a1c1665f040ebd05f327c8e9dc1cdf4f,2018-04-29 18:49:55,166.7994097222222,1,49.999999999999986,1.0,1.0,1.0,49.999999999999986,15.099999999999998,5.0,126.64,test
a1c61f8566347ec44ea37d22854634a1,2018-08-25 11:01:56,524.1009259259259,1,30.86,1.0,1.0,1.0,30.86,10.959999999999997,1.0,113.61,test
a1f6aec75e41168caba548372f245c68,2018-03-06 14:25:20,77.11261574074074,1,122.5,1.0,1.0,1.0,122.5,15.499999999999996,1.0,125.63,test
a2027a1c6f9e04a875c44ea09061d3f2,2018-05-18 11:04:32,52.88953703703704,1,109.22999999999999,1.0,1.0,1.0,109.22999999999999,16.33,8.0,164.16,test
a2370b590b2453d5a748d4c4c35f900b,2017-11-13 17:12:35,201.09998842592591,1,44.46000000000001,1.0,1.0,1.0,44.46000000000001,15.56,4.0,32.0,train
a239b8e2fbce33780f1f1912e2ee5275,2017-02-06 14:56:21,1.1574074074074073e-05,1,59.35000000000001,1.0,1.0,1.0,59.35000000000001,24.350000000000005,5.0,114.42,train
a239b8e2fbce33780f1f1912e2ee5275,2017-02-06 17:06:53,0.09064814814814814,2,173.77000000000004,2.0,2.0,2.0,86.88500000000002,26.935000000000002,6.5,165.43,train
a239b8e2fbce33780f1f1912e2ee5275,2017-02-17 15:15:26,10.922604166666666,3,339.2,3.0,3.0,3.0,113.06666666666666,29.8,5.333333333333333,179.3,train
a253d10c681ebc4ee987907d2fd156ce,2018-05-14 17:25:13,48.85635416666667,1,234.84,1.0,1.0,1.0,234.84,34.94,1.0,211.03,test
a262442e3ab89611b44877c7aaf77468,2018-07-24 16:44:34,521.9281944444444,1,38.68000000000001,1.0,1.0,1.0,38.68000000000001,17.78,1.0,139.15,test
a26fff917d367b218a794da1eecba3fc,2018-06-28 13:32:50,0.0,1,123.72999999999999,1.0,1.0,1.0,123.72999999999999,18.829999999999995,3.0,62.21,test
a2b7188b91416738f3f713f6e107f276,2018-02-19 23:20:19,124.22849537037037,1,314.26,2.0,1.0,1.0,314.26,34.46,4.0,89.28,test
a2c15de05ef380b5a7eaf915898926db,2017-12-01 09:43:01,13.583946759259259,1,105.28,1.0,1.0,1.0,105.28,15.38,2.0,105.28,train
a2d2201f14b81eb836de9fef6d305311,2018-08-15 11:25:10,35.102534722222224,1,94.73999999999998,1.0,1.0,1.0,94.73999999999998,27.75,2.0,153.1,test
a2d8125361b16f316df65f4603b88e23,2018-03-10 11:31:10,56.71773148148148,1,235.32,2.0,1.0,1.0,235.32,45.959999999999994,1.0,262.9,test
a2eb3545fdbc2c6687e8d66c78c206d6,2018-06-10 11:41:07,280.7903125,1,92.95999999999998,2.0,1.0,1.0,92.95999999999998,15.560000000000002,1.0,110.32,test
a2ee01609cebac76651bfc4814f5500e,2018-06-09 19:24:53,46.533425925925926,1,82.38,1.0,1.0,1.0,82.38,7.389999999999999,1.0,61.47,test
a3021c629bd1d99347a8e75a9ab035d8,2017-07-22 14:11:29,0.1027662037037037,1,112.02,2.0,1.0,1.0,112.02,32.22,1.0,112.02,train
a3021c629bd1d99347a8e75a9ab035d8,2017-11-08 11:31:57,108.88921296296296,2,224.03999999999996,4.0,2.0,2.0,112.01999999999998,32.22,1.0,53.36,train
a30af9d68fbfcafb8451854c528587f5,2018-07-24 22:49:42,90.01958333333333,1,85.26999999999998,1.0,1.0,1.0,85.26999999999998,15.369999999999997,8.0,32.43,test
a31ef19138e1e8ddad1c8c30612a044d,2018-06-07 22:32:14,195.08731481481482,1,37.77000000000001,1.0,1.0,1.0,37.77000000000001,7.779999999999999,3.0,83.87,test
a327e19095ffb086d25f7ee477c9d3c6,2017-01-29 18:35:23,0.011354166666666667,1,87.9,1.0,1.0,1.0,87.9,18.0,1.0,87.9,train
a32fd99e791dbe323486039bce9ac35e,2018-06-25 18:22:41,43.80015046296296,1,34.78999999999999,1.0,1.0,1.0,34.78999999999999,12.79,1.0,104.43,test
a35e6ad969a4298593c504f69c03efb4,2018-08-01 14:13:38,58.18341435185185,1,27.359999999999992,1.0,1.0,1.0,27.359999999999992,7.869999999999999,1.0,54.74,test
a366793a4999f8cc135855c4dd347421,2018-06-09 22:43:02,113.0283912037037,1,148.06,1.0,1.0,1.0,148.06,12.16,8.0,59.91,test
a368079a0bebc82daf9ee12fd8a6ccd1,2018-02-20 20:38:22,0.0,1,115.34,1.0,1.0,1.0,115.34,15.45,3.0,100.34,test
a38b86dce31f7c014a0c958b548f6a64,2017-06-12 11:39:00,72.59762731481482,1,32.50999999999999,1.0,1.0,1.0,32.50999999999999,14.52,1.0,148.15,train
a3ad86e859f1d0466bc1beb77fdf218c,2018-08-01 13:56:49,71.88591435185185,1,117.96000000000001,1.0,1.0,1.0,117.96000000000001,7.639999999999999,5.0,118.35,test
a3c22bbd3ae5d6200ac82078b67eec2a,2017-12-12 09:34:16,5.353217592592593,1,56.78,1.0,1.0,1.0,56.78,7.780000000000001,5.0,205.84,train
a3cff19572a9d98802efdd6603792ce9,2018-01-09 18:57:54,6.176770833333333,1,44.099999999999994,1.0,1.0,1.0,44.099999999999994,15.100000000000001,3.0,70.82,test
a3dc27d87234f862d7e61a0148c77fa9,2018-02-23 17:55:18,0.30391203703703706,1,118.28,2.0,1.0,1.0,118.28,28.199999999999996,1.0,53.15,test
a3dc27d87234f862d7e61a0148c77fa9,2018-04-13 10:09:10,48.67629629629629,2,171.43,3.0,2.0,2.0,85.715,24.674999999999997,1.0,457.2,test
a40096fc0a3862e9e12bc55b5f8e6ab2,2017-10-11 14:49:49,0.8459837962962963,1,91.69999999999999,3.0,3.0,1.0,91.69999999999999,18.0,1.0,310.69,train
a40096fc0a3862e9e12bc55b5f8e6ab2,2017-10-11 14:49:50,1.1574074074074073e-05,2,402.39,7.0,6.0,4.0,201.195,39.425,1.0,54.79,train
a4030b5e97ffc14114e66d82df860f6f,2018-06-01 16:15:30,438.2267824074074,1,28.620000000000005,1.0,1.0,1.0,28.620000000000005,8.72,1.0,38.34,test
a43931660f8bbcc1c64db8ddf4b10dff,2017-10-06 20:58:51,104.44783564814814,1,91.04999999999998,1.0,1.0,1.0,91.04999999999998,16.15,4.0,37.68,train
a44636f3316d0114566918bd02ef58bd,2017-10-22 07:28:18,3.472222222222222e-05,1,53.3,1.0,1.0,1.0,53.3,15.1,5.0,65.62,train
a44b31b99d33ba6c128b857d28842ea8,2018-02-23 17:30:08,2.3148148148148147e-05,1,95.1,1.0,1.0,1.0,95.1,15.310000000000002,3.0,58.79,test
a484d6a80277ccf24d9980cf34c47546,2017-09-15 12:14:10,1.1574074074074073e-05,1,69.7,1.0,1.0,1.0,69.7,11.900000000000002,1.0,54.34,train
a48616b0798c3f1d5cae097c18180be8,2018-02-27 22:18:18,0.0,1,106.29000000000002,1.0,1.0,1.0,106.29000000000002,16.390000000000004,3.0,227.13,test
a4e456eca4b667dc31e1881a4b56b319,2018-06-08 08:26:57,145.0123726851852,1,21.75,1.0,1.0,1.0,21.75,11.85,1.0,143.93,test
a4e71a98a7a1490fff07e7a65cf06be2,2017-10-10 15:57:19,168.79984953703703,1,213.38,1.0,1.0,1.0,213.38,28.48,10.0,88.56,train
a4e8a2fb3d4d783c8eec5bf1ea80d3c6,2018-03-18 14:44:29,77.74450231481481,1,249.66999999999996,1.0,1.0,1.0,249.66999999999996,14.670000000000002,10.0,113.11,test
a518c60e2e7f3a2820b4ef5cf5107189,2017-10-16 12:28:39,25.559641203703702,1,132.03,1.0,1.0,1.0,132.03,12.039999999999996,10.0,100.66,train
a53b3da0cf3e158e78cad26c27a06d19,2018-02-23 20:55:33,1.1574074074074073e-05,1,111.1,1.0,1.0,1.0,111.1,17.1,4.0,111.1,test
a53c5bbb7be8b7a0f586d31c2bc499ef,2018-08-24 11:17:45,14.653865740740741,1,79.13999999999999,1.0,1.0,1.0,79.13999999999999,9.240000000000002,6.0,286.18,test
a54de86aa4370cc93031bb4e99d436b0,2018-05-25 20:47:34,32.98224537037037,1,51.46000000000001,2.0,1.0,1.0,51.46000000000001,30.46,1.0,127.0,test
a55e19719dab7efad8d5b7b0bedf5326,2018-06-19 23:01:50,102.26601851851852,1,172.92000000000002,1.0,1.0,1.0,172.92000000000002,13.02,4.0,108.12,test
a56df37f1251ec47d5ad53dab3043f38,2018-06-20 21:40:31,17.961122685185185,1,594.7900000000001,1.0,1.0,1.0,594.7900000000001,21.89,8.0,726.84,test
a5afb1cd8d3b8126d2d39a7a29880c09,2018-06-27 09:46:09,27.656099537037036,1,487.2700000000001,1.0,1.0,1.0,487.2700000000001,38.269999999999996,1.0,727.88,test
a5c62e7e896b7e6ed95d39714f51304a,2017-07-04 13:27:14,0.0,1,55.00000000000001,1.0,1.0,1.0,55.00000000000001,15.100000000000001,1.0,37.68,train
a5c806ebe5b25d0ab1e7f0da0e17d6bc,2017-04-13 20:08:10,70.9006712962963,1,123.34,1.0,1.0,1.0,123.34,13.350000000000001,1.0,133.9,train
a5c93e7b12545f61cbf92efa2d77f1f3,2018-02-25 13:06:17,1.1574074074074073e-05,1,89.56999999999994,1.0,1.0,1.0,89.56999999999994,12.670000000000002,1.0,489.24,test
a5c9660af607788526f45b6774ac2594,2017-07-22 23:18:13,8.296284722222222,1,129.42,1.0,1.0,1.0,129.42,16.42,5.0,143.83,train
a5d3bfee5b23b430b95c4ae295e1028a,2017-01-23 13:31:26,2.2728587962962963,1,109.39999999999999,6.0,2.0,1.0,109.39999999999999,50.01999999999999,1.0,104.3,train
a61a0484f0c42f81f6299b8d89123823,2018-08-09 20:10:29,3.0448958333333334,1,24.66000000000001,1.0,1.0,1.0,24.66000000000001,12.789999999999997,2.0,108.33,test
a660768f87f5460dead886e622dd5741,2018-05-21 21:34:55,75.46689814814815,1,66.81,1.0,1.0,1.0,66.81,19.32,1.0,152.58,test
a66315c850c3712707754c1eca7a8069,2018-03-15 12:56:35,301.0803587962963,1,201.14,2.0,2.0,1.0,201.14,24.240000000000002,8.0,335.0,test
a66315c850c3712707754c1eca7a8069,2018-04-25 12:23:27,40.97699074074074,2,536.1400000000001,6.0,3.0,2.0,268.07000000000005,39.82,9.0,135.32,test
a69d31a5f6011df99d415808d6d640b9,2018-02-23 18:37:23,1.4249537037037037,1,85.69,1.0,1.0,1.0,85.69,25.700000000000003,4.0,58.74,test
a6e56ce065f297714559452de03a2ca6,2018-07-14 11:38:58,9.774699074074075,1,297.34000000000003,2.0,2.0,1.0,297.34000000000003,45.629999999999995,1.0,98.65,test
a6ea57f856565adf869941339028fa05,2018-01-24 22:46:55,61.39289351851852,1,171.55,1.0,1.0,1.0,171.55,13.450000000000003,10.0,149.64,test
a72a2d4e19868dba726c0e6f49198c7e,2017-11-14 15:44:11,38.9849537037037,1,123.42000000000002,1.0,1.0,1.0,123.42000000000002,34.42,8.0,323.68,train
a72a2d4e19868dba726c0e6f49198c7e,2018-08-14 09:43:24,272.7494560185185,2,447.1,2.0,2.0,2.0,223.55,54.555,8.0,91.23,test
a73c5464692d3bc09d64e3edefae9015,2018-01-21 22:49:13,171.22974537037038,1,37.44,1.0,1.0,1.0,37.44,11.85,3.0,49.0,test
a73c5464692d3bc09d64e3edefae9015,2018-01-21 22:49:14,1.1574074074074073e-05,2,86.44,2.0,2.0,2.0,43.22,12.974999999999998,2.0,61.85,test
a73c5464692d3bc09d64e3edefae9015,2018-06-16 17:34:31,145.78144675925927,3,148.29000000000002,3.0,3.0,3.0,49.43000000000001,12.6,1.6666666666666667,172.32,test
a74c55db1520986fe4c117a54a0fc287,2018-05-02 10:22:32,20.823634259259258,1,48.21000000000001,1.0,1.0,1.0,48.21000000000001,18.23,4.0,48.22,test
a74cca5b53aa3fb9a6841f847033dcc1,2018-06-26 16:59:10,131.29778935185186,1,78.57999999999998,1.0,1.0,1.0,78.57999999999998,16.68,1.0,87.18,test
a74e3f2f887f14862e34c61ed0e4c5d0,2018-03-05 18:12:14,69.07461805555556,1,40.099999999999994,1.0,1.0,1.0,40.099999999999994,15.1,1.0,16.84,test
a7657330b1c135f3acd420326e335b2c,2017-06-09 14:24:57,21.731840277777778,1,150.32,2.0,2.0,1.0,150.32,30.34,6.0,298.56,train
a7657330b1c135f3acd420326e335b2c,2017-11-03 20:03:34,147.23515046296296,2,448.88,4.0,4.0,3.0,224.44,29.550000000000004,8.0,73.34,train
a7657330b1c135f3acd420326e335b2c,2017-11-07 18:03:01,3.916284722222222,3,522.22,5.0,5.0,4.0,174.07333333333335,24.179999999999996,7.666666666666667,144.9,train
a783997c6d6e57782d4d2dcbc5c9edaf,2018-03-07 12:17:30,337.77825231481484,1,120.13999999999999,1.0,1.0,1.0,120.13999999999999,21.140000000000004,1.0,173.88,test
a7986e0208cca640dd67c245525231b2,2018-02-24 17:49:16,1.1574074074074073e-05,1,190.90000000000003,1.0,1.0,1.0,190.90000000000003,30.960000000000008,4.0,480.59,test
a79f018f214e99a7551fd6efea6e2c4d,2017-10-25 13:44:07,2.3148148148148147e-05,1,59.59,1.0,1.0,1.0,59.59,19.590000000000003,1.0,237.17,train
a7a6d8b62390ec8014d5a46ee36644c4,2017-03-25 18:02:37,1.1574074074074073e-05,1,23.020000000000003,1.0,1.0,1.0,23.020000000000003,14.52,2.0,39.4,train
a7bbfaf8a288c45dc38d4693535dd63f,2017-02-07 19:06:47,9.377002314814815,1,82.9,1.0,1.0,1.0,82.9,17.999999999999996,1.0,44.42,train
a7d9a3e447614288937ad2bba991676c,2017-08-11 21:59:06,1.1574074074074073e-05,1,157.27,2.0,2.0,2.0,157.27,24.779999999999998,10.0,186.84,train
a7f45c1961dbd98e7a14f3d38ea11c06,2018-07-18 15:03:36,0.0,1,152.43999999999997,2.0,1.0,1.0,152.43999999999997,18.439999999999998,1.0,254.58,test
a7f8b23aaf522616c6c7daa2a3753247,2017-12-04 00:00:35,11.974363425925926,1,273.06,1.0,1.0,1.0,273.06,24.059999999999995,1.0,231.76,train
a8060584a077038962852f3184a4571e,2018-08-03 16:58:12,2.2005671296296296,1,43.170000000000016,1.0,1.0,1.0,43.170000000000016,18.269999999999996,3.0,445.59,test
a80a048ab08d27168131328d4e2fde1c,2018-06-25 09:05:04,3.9921875,1,130.4,1.0,1.0,1.0,130.4,21.4,1.0,24.78,test
a80bfbd1e59358c3afb4b2980455f171,2018-07-01 19:53:44,260.2177893518519,1,238.14999999999998,1.0,1.0,1.0,238.14999999999998,18.25,8.0,72.98,test
a82d9e16794b2921f600796767322a9f,2017-05-17 14:07:47,21.953506944444445,1,215.18999999999997,1.0,1.0,1.0,215.18999999999997,45.29,6.0,172.35,train
a8333c0243253bb6d89193af79807384,2018-02-14 17:56:45,333.9672453703704,1,196.89999999999998,1.0,1.0,1.0,196.89999999999998,47.0,8.0,81.11,test
a865a3f8b39809ab1ba53cd0e8122999,2018-01-17 11:32:19,14.476469907407408,1,103.07,1.0,1.0,1.0,103.07,12.970000000000002,1.0,55.88,test
a8cb771f0d1d230407948d4ce2af5c3e,2017-07-12 14:26:37,68.89982638888888,1,94.75999999999999,1.0,1.0,1.0,94.75999999999999,15.76,9.0,254.51999999999998,train
a8d344109edd5d56bed40ebbc3119129,2018-03-15 20:58:52,0.0,1,61.22,1.0,1.0,1.0,61.22,15.23,6.0,52.64,test
a8df4001abe77cf8473902c2b7efe418,2017-10-19 16:28:07,80.1865625,1,24.839999999999996,1.0,1.0,1.0,24.839999999999996,9.939999999999998,2.0,37.77,train
a900ff99a192cbaf6ae8e867a95117a3,2018-08-04 19:41:25,21.268657407407407,1,123.53999999999999,1.0,1.0,1.0,123.53999999999999,18.54,1.0,49.03,test
a914b2be4782207abc6758095ec9e8aa,2018-08-06 21:40:05,83.17100694444444,1,114.38,2.0,1.0,1.0,114.38,14.780000000000001,1.0,167.2,test
a944a93bfa1d65b1523c45f9ccb01ec0,2017-11-29 23:33:23,46.66747685185185,1,73.15000000000002,1.0,1.0,1.0,73.15000000000002,16.159999999999997,1.0,65.01,train
a97d43b24d76819903192611aca17914,2017-12-29 19:52:03,12.00806712962963,1,80.10000000000001,1.0,1.0,1.0,80.10000000000001,15.199999999999998,2.0,95.21,train
a982bd0fec12d781fecd9f1e17cb81bf,2018-02-25 17:37:04,0.0,1,134.25000000000006,1.0,1.0,1.0,134.25000000000006,17.260000000000005,1.0,475.42,test
a999e4bbad221a030b57ef4a2bfa1c39,2018-05-09 08:06:14,1.1574074074074073e-05,1,46.52,1.0,1.0,1.0,46.52,19.32,1.0,46.52,test
a9e070f61d35aa13e420c8597b5ccb3d,2018-01-20 20:57:48,1.1574074074074073e-05,1,42.39999999999999,1.0,1.0,1.0,42.39999999999999,15.099999999999998,1.0,86.2,test
a9e070f61d35aa13e420c8597b5ccb3d,2018-01-28 18:43:24,7.906666666666666,2,128.6,3.0,3.0,2.0,64.3,21.65,1.0,35.4,test
a9e4348b76f85861ada324e72dc92aca,2018-04-12 11:09:29,121.59876157407408,1,108.86000000000001,1.0,1.0,1.0,108.86000000000001,28.959999999999994,2.0,268.29,test
aa2630ebac79aa0c7749370b705121bc,2017-10-03 11:27:21,1.1574074074074073e-05,1,129.2,2.0,1.0,1.0,129.2,33.20000000000002,8.0,303.4,train
aa3bf249b773d47a88cd191c16152086,2018-06-28 12:22:47,117.9753125,1,135.48999999999998,1.0,1.0,1.0,135.48999999999998,15.589999999999996,1.0,166.16,test
aa3d117e569361959283b1e267bb785d,2018-03-03 17:11:27,1.1574074074074073e-05,1,156.92,1.0,1.0,1.0,156.92,14.020000000000003,8.0,228.65,test
aa591348866497ba6bf83de62e4f8813,2018-08-08 22:13:19,363.04703703703706,1,40.00000000000001,1.0,1.0,1.0,40.00000000000001,15.1,4.0,41.18,test
aa819ffd42a7a52ddfaee53f024fafdd,2017-11-25 23:45:18,0.29814814814814816,1,68.66,1.0,1.0,1.0,68.66,19.659999999999997,6.0,88.62,train
aa89a987e1e092c318fbdc4b0e3dcc44,2018-08-05 14:01:35,175.53701388888888,1,61.88000000000001,1.0,1.0,1.0,61.88000000000001,15.980000000000004,1.0,63.42,test
aaad6d68de5490cba508e4203ddc87de,2017-06-29 08:13:00,60.81021990740741,1,187.46999999999997,1.0,1.0,1.0,187.46999999999997,18.47,1.0,163.69,train
aab0cf2b7b1d9c3fd242397d73ed044b,2018-02-01 17:56:01,237.37473379629628,1,77.65,1.0,1.0,1.0,77.65,18.65,3.0,48.72,test
aaf97f99c731d8d84810ff16e6ded10d,2017-09-07 18:05:42,48.96259259259259,1,326.53,1.0,1.0,1.0,326.53,66.63,1.0,55.0,train
ab0f956f72812ae4636be4e15b58031e,2017-06-27 11:20:27,16.93570601851852,1,96.35,1.0,1.0,1.0,96.35,17.799999999999997,2.0,27.0,train
ab0faabf48c8c0108c13277d2b701f16,2018-01-17 18:06:45,2.0553125,1,86.25000000000003,1.0,1.0,1.0,86.25000000000003,16.250000000000004,3.0,170.84,test
ab243cd9e788d689cc822380f59616e1,2018-02-01 09:39:46,129.95285879629628,1,171.85000000000002,1.0,1.0,1.0,171.85000000000002,14.850000000000001,1.0,315.61,test
ab243cd9e788d689cc822380f59616e1,2018-02-01 09:39:48,2.3148148148148147e-05,2,487.46000000000004,2.0,2.0,2.0,243.73000000000002,26.229999999999997,2.5,301.35,test
ab2833d17fa6bccadb045eaf458e7e5e,2017-11-25 21:39:12,0.00028935185185185184,1,31.75,1.0,1.0,1.0,31.75,11.849999999999998,3.0,59.5,train
ab58f2fb5f71caac6366303095c0cd41,2018-05-05 10:14:05,240.0290162037037,1,174.26,1.0,1.0,1.0,174.26,15.860000000000003,3.0,92.5,test
ab63cccdc1367499b533e102cc9631d5,2018-07-08 19:40:11,0.0,1,28.23,1.0,1.0,1.0,28.23,18.23,1.0,28.23,test
ab6ec178286e6a6d70e9bfe90378bd95,2018-06-20 10:59:40,54.01210648148148,1,18.87,1.0,1.0,1.0,18.87,7.870000000000001,1.0,20.31,test
ab744045d2445f5bae53b57a4b99bfbf,2017-10-21 21:33:43,20.176678240740742,1,92.85,1.0,1.0,1.0,92.85,7.849999999999999,2.0,56.78,train
ab744045d2445f5bae53b57a4b99bfbf,2017-12-17 16:32:26,56.79077546296296,2,149.63,2.0,2.0,2.0,74.815,7.8149999999999995,1.5,96.88,train
abc9e5b32caf6ec0c8fa356117b66d66,2018-08-03 16:16:19,262.1814236111111,1,165.79000000000002,1.0,1.0,1.0,165.79000000000002,15.800000000000004,3.0,166.55,test
abfe742e782fb10f5c824fcb849e5cd1,2017-08-18 14:30:22,0.0,1,62.59000000000002,1.0,1.0,1.0,62.59000000000002,12.69,6.0,85.14,train
ac64c33e439eba6713e1743e070ef50e,2017-05-07 13:05:14,1.1574074074074073e-05,1,20.75,1.0,1.0,1.0,20.75,11.85,1.0,52.59,train
ac95cdab584cac0e86ce97a5399ecf79,2018-04-08 12:39:48,78.52950231481482,1,286.55999999999995,1.0,1.0,1.0,286.55999999999995,26.659999999999997,10.0,599.56,test
ac987d464574ee0f743f9b630f937a27,2017-08-06 08:49:24,50.99837962962963,1,171.79,1.0,1.0,1.0,171.79,21.89,4.0,171.79,train
ac987d464574ee0f743f9b630f937a27,2017-10-01 08:20:11,55.97971064814815,2,343.58000000000004,2.0,2.0,2.0,171.79000000000002,21.89,3.5,171.79,train
acaf5177d6de60fda7ce77c48abb5230,2018-02-22 16:51:30,2.7744560185185185,1,569.61,3.0,1.0,1.0,569.61,50.91,1.0,60.72,test
acaf5177d6de60fda7ce77c48abb5230,2018-04-12 00:10:10,48.30462962962963,2,630.33,4.0,2.0,2.0,315.165,29.815,1.0,62.87,test
acc374bd9024806a83121b1d2565db2f,2018-03-11 23:21:06,262.1456712962963,1,130.56,1.0,1.0,1.0,130.56,15.559999999999999,1.0,95.56,test
acc4424c209233de519e034152f30304,2018-05-05 23:45:35,73.0584375,1,161.86,1.0,1.0,1.0,161.86,17.450000000000003,2.0,167.62,test
acd7af4da419afee85373166387d5799,2018-08-20 12:38:56,7.472418981481481,1,37.52999999999997,1.0,1.0,1.0,37.52999999999997,7.630000000000003,1.0,674.69,test
acea13a79aeaf715ba68122e9deb330a,2018-08-13 14:18:20,68.105,1,144.54000000000002,2.0,2.0,1.0,144.54000000000002,62.53999999999999,5.0,204.81,test
acea6bd29b8c1e3c6a8b266a8fb4475e,2017-09-21 11:07:39,22.05115740740741,1,71.05000000000001,1.0,1.0,1.0,71.05000000000001,21.14999999999999,1.0,218.25,train
acea6bd29b8c1e3c6a8b266a8fb4475e,2018-02-20 10:25:52,151.9709837962963,2,289.3,4.0,3.0,2.0,144.65,42.349999999999994,1.5,76.17,test
acea6bd29b8c1e3c6a8b266a8fb4475e,2018-05-04 09:09:50,72.94719907407408,3,365.47,5.0,4.0,3.0,121.82333333333334,35.29333333333333,1.3333333333333333,281.52,test
acf91aaa6f337456d3c506a5a494552c,2018-04-27 22:44:44,462.32515046296294,1,60.40999999999998,1.0,1.0,1.0,60.40999999999998,14.52,1.0,104.61,test
ad0ab3a7b55bde26410aff17192f6699,2018-03-31 19:07:33,45.952395833333334,1,26.270000000000003,1.0,1.0,1.0,26.270000000000003,8.27,2.0,20.29,test
ad155bc0931cb6bab63d4ff2515c3159,2018-07-28 13:11:23,55.08872685185185,1,72.34,1.0,1.0,1.0,72.34,19.34,3.0,68.4,test
ad42aaf1833e2a64136a9d9f823d77ab,2017-12-14 19:10:10,0.041527777777777775,1,112.49,1.0,1.0,1.0,112.49,22.5,1.0,112.49,train
ad7072317d373de9bdc9b4ed5b6c5a85,2017-10-12 14:26:40,1.1574074074074073e-05,1,142.05,1.0,1.0,1.0,142.05,23.15,4.0,53.05,train
ad7fda75731aed4991eb80d939db8115,2018-08-22 13:59:28,8.96888888888889,1,32.42999999999999,1.0,1.0,1.0,32.42999999999999,15.43,1.0,91.29,test
ad97668eed5826a5d800b15351bea269,2018-07-02 14:50:55,123.96643518518519,1,433.34,2.0,1.0,1.0,433.34,59.36,3.0,81.33,test
ada6236b6bba2b0c3588aea846e43afb,2018-08-15 10:11:11,343.4736805555556,1,113.62,1.0,1.0,1.0,113.62,13.720000000000002,1.0,107.66,test
addc1082e059523e5ef2e7486d1d8905,2018-02-27 10:08:49,0.0,1,67.30000000000001,1.0,1.0,1.0,67.30000000000001,13.399999999999999,4.0,130.68,test
ade4eefdf0232fa26f1988cb56edc58c,2018-01-23 10:26:00,53.52540509259259,1,153.32,2.0,1.0,1.0,153.32,35.32,1.0,69.03,test
ae0ef1d2e3a62b54a83dadad4db14f5d,2018-05-02 23:22:04,107.36901620370371,1,148.96999999999997,1.0,1.0,1.0,148.96999999999997,13.97,1.0,149.31,test
ae11ab40faeb1f8b85f6308e052bd710,2018-05-09 21:09:14,68.29377314814815,1,128.24000000000004,1.0,1.0,1.0,128.24000000000004,18.339999999999996,1.0,133.21,test
ae207cf8119fd10e3b9ac24570089fad,2017-09-03 21:28:15,75.30962962962963,1,150.09,1.0,1.0,1.0,150.09,10.189999999999998,7.0,131.41,train
ae20947231d4d44dde1680a7ab14d90a,2017-09-02 22:37:04,2.3148148148148147e-05,1,124.99,1.0,1.0,1.0,124.99,18.0,3.0,105.08,train
ae20947231d4d44dde1680a7ab14d90a,2017-09-11 22:03:59,8.977025462962963,2,230.07,2.0,2.0,2.0,115.035,19.04,3.0,105.08,train
ae3e48f07b8242fa45f29dca1ce36a08,2018-06-08 11:09:25,200.56559027777777,1,114.2,2.0,2.0,1.0,114.2,30.200000000000003,1.0,121.39,test
ae4395be33e633d0c87010d59847e5ed,2018-05-18 00:35:08,0.0,1,205.24,2.0,2.0,2.0,205.24,66.34,2.0,132.64,test
ae44510fbe1ff7826298182f9f21aee9,2018-03-21 02:22:41,2.181377314814815,1,179.04,1.0,1.0,1.0,179.04,27.14,3.0,153.72,test
ae52fa61f27bd494a25bc4c101fa29d0,2017-06-06 23:09:17,2.3148148148148147e-05,1,49.09,1.0,1.0,1.0,49.09,14.099999999999998,4.0,74.19,train
ae53a87a257f8e54795af6ff434e443b,2017-09-14 10:12:04,0.0,1,62.549999999999955,1.0,1.0,1.0,62.549999999999955,17.920000000000016,6.0,956.86,train
ae72fc322c436d955bae749b31ef4b97,2018-04-13 07:50:12,142.64450231481482,1,29.769999999999996,1.0,1.0,1.0,29.769999999999996,7.780000000000001,1.0,81.32,test
ae74c314b9c383e5d7bcd99d54ffbc71,2017-06-07 13:16:14,30.521493055555556,1,133.76,1.0,1.0,1.0,133.76,13.86,10.0,44.01,train
ae7b79796d47ab59f417a154efcdbb77,2017-09-23 09:45:33,196.85371527777778,1,187.24,1.0,1.0,1.0,187.24,17.339999999999996,4.0,44.99,train
ae8482b27b2119e2c3278f5ddf9c1024,2018-02-12 03:09:04,1.1574074074074073e-05,1,81.51,1.0,1.0,1.0,81.51,12.609999999999998,2.0,87.55,test
ae899cddd0d9a9ae7f10099595241089,2018-06-05 20:44:27,18.424016203703705,1,50.22,1.0,1.0,1.0,50.22,16.32,5.0,50.22,test
aebc1c715aad58419ecb2d919f449127,2018-04-28 23:55:33,158.46608796296297,1,62.56999999999999,1.0,1.0,1.0,62.56999999999999,22.669999999999998,1.0,46.56,test
aebdb8f05f5ebf99f858c1a75fb7035a,2018-07-10 11:36:10,75.03337962962964,1,241.10000000000002,5.0,1.0,1.0,241.10000000000002,91.14999999999999,1.0,241.5,test
aecd46028eea6a741edca67e93b326bb,2018-03-03 17:23:30,2.3148148148148147e-05,1,71.01,1.0,1.0,1.0,71.01,31.02,7.0,71.01,test
aef5b3dd086be507c3dd70e07aa6bb94,2017-08-10 13:55:29,1.1574074074074073e-05,1,66.32,1.0,1.0,1.0,66.32,17.92,3.0,52.59,train
af0450a3075f107a38cd7daadc98f990,2018-04-06 14:01:11,21.04917824074074,1,47.36,1.0,1.0,1.0,47.36,7.389999999999999,1.0,54.95,test
af0f26435fade1ca984d9affda307199,2018-01-03 10:27:33,125.94422453703703,1,158.79999999999998,2.0,2.0,2.0,158.79999999999998,29.1,4.0,148.97,test
af4fa1cf57ef7ad8c28fdb80f86258d0,2018-03-01 08:11:25,2.3148148148148147e-05,1,96.21999999999997,1.0,1.0,1.0,96.21999999999997,16.32,8.0,317.57,test
af842a6ed9f77511c9bf46922a29ecb5,2018-04-18 15:41:02,0.0015277777777777779,1,63.86,1.0,1.0,1.0,63.86,11.86,1.0,63.86,test
afd7854781ccdc3222b69421f9c7c6ee,2017-03-05 20:49:57,2.3148148148148147e-05,1,45.45999999999998,1.0,1.0,1.0,45.45999999999998,15.560000000000002,4.0,258.52,train
afed5a21e94b4e3e5fbe6c7e4bc92f4c,2018-04-24 13:07:39,151.11163194444444,1,236.71,1.0,1.0,1.0,236.71,36.72,10.0,160.58,test
aff7f8b5669fbc5d6f6097ce45e63b19,2018-07-05 18:21:08,414.16194444444443,1,142.0,2.0,2.0,2.0,142.0,32.099999999999994,10.0,48.3,test
b021c4914aaf3c673e92473fb1e61010,2018-08-05 20:19:14,0.1749652777777778,1,116.91999999999999,2.0,1.0,1.0,116.91999999999999,38.92,1.0,99.65,test
b03155da610163a1626f1b99d4787774,2018-07-26 08:39:56,11.744872685185186,1,176.56,1.0,1.0,1.0,176.56,37.559999999999995,3.0,113.76,test
b045295488236fa73d8d9c37dc4b03e7,2017-09-13 10:35:15,105.93761574074074,1,1150.8,2.0,2.0,1.0,1150.8,50.82000000000001,1.0,96.33,train
b0468c2f2573d7b6bc5bc33479785e2a,2018-08-09 22:37:32,123.09033564814816,1,71.29000000000002,1.0,1.0,1.0,71.29000000000002,18.25,1.0,65.43,test
b04b3653ac441004b247e96ac0829d0c,2018-05-03 20:48:47,38.04246527777778,1,103.25,1.0,1.0,1.0,103.25,13.750000000000002,1.0,38.48,test
b079e8a1977edd900b4522be9dec0245,2018-01-25 21:33:34,38.2175462962963,1,169.35000000000002,1.0,1.0,1.0,169.35000000000002,28.35,1.0,189.37,test
b088bc1ec6539752bf408ac1d9c694da,2017-10-11 10:23:09,0.00015046296296296297,1,76.63,1.0,1.0,1.0,76.63,25.64,1.0,35.01,train
b08b68bac767c3269e827f822d308182,2018-02-18 20:42:53,0.019988425925925927,1,108.84,3.0,1.0,1.0,108.84,50.36999999999999,1.0,72.56,test
b08fab27d47a1eb6deda07bfd965ad43,2017-09-07 12:35:23,3.095150462962963,1,54.99999999999999,1.0,1.0,1.0,54.99999999999999,15.1,1.0,50.1,train
b08fab27d47a1eb6deda07bfd965ad43,2017-09-19 09:49:05,11.88451388888889,2,105.10000000000002,2.0,2.0,2.0,52.55000000000001,15.100000000000001,1.0,286.64,train
b08fab27d47a1eb6deda07bfd965ad43,2017-09-19 09:59:54,0.007511574074074074,3,391.74,3.0,3.0,3.0,130.58,15.61333333333333,1.0,85.6,train
b09f1bff1aff13c997af071602bc048b,2017-06-15 14:38:02,0.008344907407407407,1,206.35999999999999,4.0,4.0,1.0,206.35999999999999,47.39999999999999,2.0,146.52,train
b0ac5b393b78a6e8185fd3acb154748d,2018-02-14 11:43:41,1.1574074074074073e-05,1,234.44,2.0,2.0,2.0,234.44,52.44,3.0,97.02,test
b0b057559c54c99e41a21c40c08f7780,2017-06-05 18:44:05,91.2984375,1,176.75000000000003,1.0,1.0,1.0,176.75000000000003,46.75999999999999,1.0,80.34,train
b0bc6de4a99007470bbdbbf5cc502ea9,2017-01-14 23:05:01,0.0,1,40.86,1.0,1.0,1.0,40.86,10.96,4.0,35.86,train
b0c5e02d315f15318e37d7aab7ebb289,2017-11-05 00:20:47,4.6296296296296294e-05,1,91.71,2.0,2.0,2.0,91.71,31.21,1.0,33.09,train
b0f47d39f0e55621071ec1e93ca6b74d,2017-06-10 18:25:19,13.404872685185186,1,61.05,1.0,1.0,1.0,61.05,21.15,6.0,74.14,train
b10ad793f6d2cc31b08a3b8366f3d251,2017-03-25 09:03:09,1.1574074074074073e-05,1,35.70000000000001,1.0,1.0,1.0,35.70000000000001,20.8,1.0,48.79,train
b1153ed93605e954b8710b36c8c5f5e8,2018-04-24 08:36:26,9.512025462962963,1,79.03999999999999,1.0,1.0,1.0,79.03999999999999,37.04,1.0,171.77,test
b1449986ee6516d3797d782b01c36e80,2018-01-24 19:08:37,2.3148148148148147e-05,1,338.37,1.0,1.0,1.0,338.37,88.37,6.0,380.12,test
b157d45094580a4a5a90af5331351c13,2017-08-27 02:56:37,6.944444444444444e-05,1,133.76,1.0,1.0,1.0,133.76,13.859999999999998,8.0,99.34,train
b17ed96ffdf66518b4cf65e328298e7b,2018-03-08 11:40:28,19.798449074074075,1,253.29,1.0,1.0,1.0,253.29,46.28999999999999,1.0,163.58,test
b18c8cbd9616a95055ef4146f3f805e1,2018-06-04 15:29:14,55.055659722222224,1,44.079999999999984,2.0,2.0,1.0,44.079999999999984,14.780000000000001,1.0,198.11,test
b197f4af65829575f2f333bd0e9fd204,2017-10-14 13:59:48,28.020011574074076,1,113.89,1.0,1.0,1.0,113.89,28.99,3.0,113.89,train
b1a82c8d03f1811eb03d6cb6555ea68e,2018-07-20 17:26:30,182.61980324074074,1,87.22999999999999,1.0,1.0,1.0,87.22999999999999,11.730000000000002,3.0,62.91,test
b1a8a0800eac99ec4d83d6ca350a690e,2018-02-23 08:38:47,0.0,1,160.51000000000002,1.0,1.0,1.0,160.51000000000002,16.71,6.0,183.98,test
b1addddee0c4b35550114227d2328cc4,2018-06-29 11:03:15,161.49716435185186,1,119.25,1.0,1.0,1.0,119.25,12.249999999999998,3.0,52.93,test
b1c936c1a71a46cf4b840a9851486d86,2017-11-15 20:16:54,4.6296296296296294e-05,1,40.85000000000001,1.0,1.0,1.0,40.85000000000001,11.85,4.0,44.08,train
b20c6505279f1beb9c862000c094ebc7,2018-05-03 16:46:39,0.0,1,24.77,1.0,1.0,1.0,24.77,7.87,1.0,24.77,test
b222983612ccf9940049ebca9c555130,2018-06-22 12:40:56,14.749201388888888,1,72.08,1.0,1.0,1.0,72.08,17.090000000000003,1.0,84.51,test
b248c92ec54199bedb1d603e0e6f98c6,2018-02-21 00:55:03,88.76759259259259,1,1425.56,1.0,1.0,1.0,1425.56,25.559999999999995,1.0,57.7,test
b25a21b56a2d74da49e04cadbc9e0dd8,2018-01-23 16:54:31,187.98604166666667,1,72.83000000000001,1.0,1.0,1.0,72.83000000000001,15.84,1.0,54.79,test
b2664990a1ac9e250d98ff5c615c3276,2017-08-22 20:12:47,3.472222222222222e-05,1,64.99999999999999,1.0,1.0,1.0,64.99999999999999,15.100000000000001,6.0,81.39,train
b26fa76ddf33e534491e4ec46f51bc64,2017-08-14 13:18:06,76.71954861111111,1,115.00000000000003,2.0,1.0,1.0,115.00000000000003,35.2,1.0,163.72,train
b29bd5c2f25523fa4754d058fd513707,2017-11-20 23:34:26,0.0,1,103.54999999999998,1.0,1.0,1.0,103.54999999999998,13.650000000000002,1.0,33.99,train
b2a35fdfe13998540dc5fdda95e35ceb,2017-07-05 11:32:56,0.0,1,100.33000000000001,1.0,1.0,1.0,100.33000000000001,15.34,1.0,54.38,train
b2bd387fdc3cf05931f0f897d607dc88,2018-02-27 10:55:42,1.1574074074074073e-05,1,129.35,1.0,1.0,1.0,129.35,13.829999999999998,1.0,161.02,test
b2bd387fdc3cf05931f0f897d607dc88,2018-02-27 10:55:44,2.3148148148148147e-05,2,290.37,3.0,2.0,2.0,145.185,19.525,1.0,161.04,test
b2bd387fdc3cf05931f0f897d607dc88,2018-03-05 18:13:30,6.304004629629629,3,451.40999999999997,5.0,3.0,3.0,150.47,21.423333333333332,1.0,187.36,test
b2c913a0723c7737e11067861e061913,2018-07-16 10:33:02,167.9195486111111,1,171.83999999999997,2.0,2.0,1.0,171.83999999999997,33.84,1.0,239.06,test
b2e9a05d23ea17713b5d7799f2004f8e,2018-07-26 15:22:44,0.03931712962962963,1,134.34000000000003,6.0,1.0,1.0,134.34000000000003,44.34,1.0,603.52,test
b2e9a05d23ea17713b5d7799f2004f8e,2018-07-29 05:12:32,2.57625,2,737.86,7.0,2.0,2.0,368.93,33.794999999999995,2.0,44.78,test
b316e256ce45161d3ab81f74834376e8,2018-02-28 23:57:18,276.5304976851852,1,133.08,1.0,1.0,1.0,133.08,13.18,2.0,117.85,test
b3806e7118d02476c96b3dd8578dd07f,2017-04-26 11:31:41,43.82505787037037,1,106.95999999999998,1.0,1.0,1.0,106.95999999999998,17.059999999999995,3.0,76.75,train
b39dde6dd619943190a8cc9aa6db38a4,2017-04-08 01:04:51,15.529837962962963,1,504.56,1.0,1.0,1.0,504.56,21.659999999999997,6.0,140.82,train
b39dde6dd619943190a8cc9aa6db38a4,2017-06-21 14:59:31,74.57962962962964,2,645.38,2.0,2.0,2.0,322.69,21.290000000000003,5.0,73.75,train
b39dde6dd619943190a8cc9aa6db38a4,2018-02-20 12:26:11,243.8935185185185,3,719.13,3.0,3.0,3.0,239.71,26.810000000000002,4.333333333333333,50.68,test
b3a34bbf1a1d11885918ad3ad99083ae,2018-07-19 17:41:44,69.12672453703703,1,230.14000000000001,2.0,2.0,2.0,230.14000000000001,38.24000000000001,2.0,130.59,test
b3a6549b3cd47a7117094faafce8b10d,2018-02-24 10:35:46,19.906886574074075,1,111.03,1.0,1.0,1.0,111.03,13.029999999999998,1.0,32.68,test
b3a6549b3cd47a7117094faafce8b10d,2018-04-01 23:02:25,36.51850694444445,2,143.70999999999998,2.0,2.0,2.0,71.85499999999999,10.405,1.0,35.39,test
b3ccfe9606744e8b2757954a125ea1a6,2017-06-14 08:58:49,0.004178240740740741,1,55.09000000000002,1.0,1.0,1.0,55.09000000000002,15.1,3.0,85.14,train
b3dc8eaa25a1212037fae667340f20e5,2018-02-09 10:38:33,1.1574074074074073e-05,1,41.93,1.0,1.0,1.0,41.93,12.48,1.0,41.93,test
b434a4f306b4eb09c0d57b76f0c4684d,2018-06-25 12:26:18,42.80940972222222,1,27.36,1.0,1.0,1.0,27.36,7.87,2.0,72.72,test
b4418ae2225a81808d6c5a61f3a719ff,2018-07-08 07:13:08,237.57760416666667,1,168.07,1.0,1.0,1.0,168.07,57.08,1.0,19.64,test
b463aa86422087e97281b2787590fb0d,2018-02-01 11:43:42,2.3148148148148147e-05,1,91.81999999999994,1.0,1.0,1.0,91.81999999999994,8.329999999999998,8.0,471.0,test
b47715fad5cbc17bfb21e9ab646fdfb2,2018-01-12 16:54:45,7.933634259259259,1,431.92,1.0,1.0,1.0,431.92,15.93,1.0,431.92,test
b495d807ccbd38ea1be486a826c88008,2018-07-04 19:34:35,218.34136574074074,1,278.19,1.0,1.0,1.0,278.19,28.189999999999998,4.0,33.82,test
b4afb55d2d38d9bbe0b83ec108c3e77e,2017-10-23 08:03:09,104.51807870370371,1,235.19000000000003,1.0,1.0,1.0,235.19000000000003,14.559999999999999,6.0,138.16,train
b4b0901bb872cf9972b32a05733b3394,2018-07-29 00:46:28,78.3795486111111,1,115.70999999999998,1.0,1.0,1.0,115.70999999999998,47.31,4.0,347.58,test
b4be8ffe5a39196f0098f30316f7d7a1,2018-05-26 19:31:27,358.462337962963,1,230.05999999999995,2.0,1.0,1.0,230.05999999999995,34.25999999999999,2.0,312.74,test
b4d20b907a61795e8c8f3a7966c6cfb9,2018-06-14 13:23:36,248.7522800925926,1,170.36,4.0,1.0,1.0,170.36,50.76,1.0,79.24,test
b4e4f24de1e8725b74e4a1f4975116ed,2018-02-24 10:02:14,0.8679745370370371,1,65.09,1.0,1.0,1.0,65.09,15.1,2.0,65.09,test
b4e4f24de1e8725b74e4a1f4975116ed,2018-02-24 10:02:16,2.3148148148148147e-05,2,130.18,2.0,2.0,2.0,65.09,15.1,2.5,42.38,test
b4e4f24de1e8725b74e4a1f4975116ed,2018-02-24 23:39:56,0.5678240740740741,3,172.56000000000003,3.0,3.0,3.0,57.52000000000001,14.226666666666667,2.6666666666666665,62.29,test
b4e4f24de1e8725b74e4a1f4975116ed,2018-03-30 20:48:54,33.88122685185185,4,234.85,4.0,4.0,4.0,58.7125,14.8675,2.5,40.1,test
b50e2c316ac14c5ad88a269716fe3662,2018-04-08 13:07:51,0.0021296296296296298,1,298.77,1.0,1.0,1.0,298.77,18.87,8.0,298.77,test
b525fc8cce07342fb00ab3b2667c8eb9,2017-11-26 19:11:20,0.0,1,98.19999999999999,2.0,1.0,1.0,98.19999999999999,32.220000000000006,1.0,165.3,train
b52b8debdefe66d4c0d7f44d9b4ff088,2018-08-07 15:10:27,138.17516203703704,1,348.14,2.0,1.0,1.0,348.14,114.16000000000001,2.0,120.98,test
b530945168f12f82a3f9be3a5e243afa,2017-10-13 22:52:40,55.48802083333333,1,38.68000000000001,1.0,1.0,1.0,38.68000000000001,12.69,1.0,42.69,train
b531620286c6c6fbd1d3e7b58390fec0,2018-06-04 16:12:21,0.0038425925925925928,1,117.96000000000001,1.0,1.0,1.0,117.96000000000001,50.97,1.0,86.15,test
b56c60ed244eed72ff5640a41bf254d5,2017-11-21 11:37:06,280.1507986111111,1,89.88,1.0,1.0,1.0,89.88,17.93,1.0,65.0,train
b593353aa4c093b71235ece9689ce7e4,2017-12-18 17:03:53,20.005694444444444,1,65.0,1.0,1.0,1.0,65.0,15.100000000000001,1.0,206.0,train
b59e4bb4efe81ba0f7d30cff6734f9a2,2017-12-04 15:07:09,0.004479166666666667,1,76.79,1.0,1.0,1.0,76.79,26.89,7.0,24.42,train
b59e4bb4efe81ba0f7d30cff6734f9a2,2017-12-04 15:07:10,1.1574074074074073e-05,2,101.21000000000001,2.0,2.0,2.0,50.605000000000004,20.995,4.5,241.27,train
b5b46581465f851df3529a30d2503f59,2017-10-03 23:52:07,7.377152777777778,1,412.18,2.0,1.0,1.0,412.18,52.2,8.0,84.2,train
b5d391e8447d5ae0f8b852be83249e07,2018-08-14 20:14:55,0.25700231481481484,1,81.05000000000001,1.0,1.0,1.0,81.05000000000001,14.050000000000004,6.0,379.32,test
b608532e04a3070b4b31178948f5c43b,2018-05-10 17:45:55,7.8558564814814815,1,277.75,1.0,1.0,1.0,277.75,8.75,1.0,61.18,test
b60c8404de6587cab091a3fd0079f14c,2018-02-14 12:23:08,1.1574074074074073e-05,1,100.34,1.0,1.0,1.0,100.34,15.339999999999998,2.0,90.28,test
b619178eb4f697c3283943612910230a,2018-03-21 13:30:12,30.690601851851852,1,76.08,1.0,1.0,1.0,76.08,16.18,1.0,79.29,test
b6216e2929abf9261e14d2e40f9a4d17,2018-01-17 17:40:14,148.77162037037036,1,64.62000000000002,1.0,1.0,1.0,64.62000000000002,12.700000000000001,1.0,82.98,test
b62777d3969196b3329205b4d8e1ba0a,2017-08-10 13:44:51,2.7758564814814815,1,39.1,1.0,1.0,1.0,39.1,16.11,1.0,48.1,train
b64064e3ae051f50b6f1eb12552d30e4,2018-02-07 22:30:38,286.09760416666666,1,64.26,1.0,1.0,1.0,64.26,11.76,1.0,34.75,test
b643c19d91a65d73f94ba8e037668986,2018-01-11 22:14:00,340.18783564814817,1,176.39,1.0,1.0,1.0,176.39,46.4,3.0,187.43,test
b64d39d1e77c4d9a7e7d002ad7552178,2018-07-13 00:12:56,1.6361342592592591,1,216.4,1.0,1.0,1.0,216.4,16.5,8.0,171.09,test
b64ebaf3d11b7209fe566364cc359a51,2017-07-17 22:44:23,2.3148148148148147e-05,1,88.65,1.0,1.0,1.0,88.65,8.75,8.0,42.77,train
b64ebaf3d11b7209fe566364cc359a51,2017-07-17 22:44:24,1.1574074074074073e-05,2,131.42000000000002,2.0,2.0,2.0,65.71000000000001,8.265,6.0,66.72,train
b6551acfa77dba27fb288e08dbe02f84,2018-01-18 02:11:56,0.0,1,65.05000000000001,1.0,1.0,1.0,65.05000000000001,15.099999999999998,6.0,250.62,test
b68a98377d20140feaa17eeb61687459,2017-06-29 21:40:40,116.05799768518519,1,40.42,1.0,1.0,1.0,40.42,14.519999999999998,1.0,29.09,train
b698379306c3fad0ab64d82a63a770a2,2017-12-01 22:03:48,14.096099537037038,1,66.89000000000001,1.0,1.0,1.0,66.89000000000001,11.890000000000002,4.0,40.85,train
b6aa5a87f6c08e2510324edca009810f,2017-10-10 19:26:34,27.923773148148147,1,63.099999999999994,1.0,1.0,1.0,63.099999999999994,14.1,1.0,38.0,train
b6bb8e4780df00a25fa34335d3dc1330,2017-09-15 14:13:49,2.9233564814814814,1,62.78,1.0,1.0,1.0,62.78,7.78,5.0,42.78,train
b6c083700ca8c135ba9f0f132930d4e8,2017-11-27 12:44:25,82.88324074074075,1,97.70999999999998,1.0,1.0,1.0,97.70999999999998,17.81,1.0,59.24,train
b7474898d0dccad79a77bf2b0d23bbab,2018-06-08 11:48:33,254.51962962962963,1,48.620000000000005,1.0,1.0,1.0,48.620000000000005,8.719999999999999,3.0,139.75,test
b7737cd1c12adf6a0bc2de497ce2935d,2018-08-09 11:53:06,50.51600694444444,1,116.82,1.0,1.0,1.0,116.82,8.920000000000002,1.0,118.63,test
b7741f7ec50ab6bcd52ab08ea8f214d9,2018-01-25 22:21:43,1.1574074074074073e-05,1,101.93,1.0,1.0,1.0,101.93,17.03,1.0,104.87,test
b7b162291adff744d6f3c6450557ffee,2017-07-23 15:56:36,0.0,1,139.0,1.0,1.0,1.0,139.0,18.1,5.0,61.05,train
b7b162291adff744d6f3c6450557ffee,2018-07-27 07:57:16,368.66712962962964,2,200.05,2.0,2.0,2.0,100.025,16.6,5.0,319.19,test
b7b68a8bb6ca48aefdd5790e04cda817,2018-06-14 02:19:01,100.58449074074075,1,43.099999999999994,1.0,1.0,1.0,43.099999999999994,14.100000000000001,3.0,205.42,test
b7d4cab5dd11b238da97b01eaf657293,2017-08-16 02:00:11,1.1574074074074073e-05,1,62.660000000000004,1.0,1.0,1.0,62.660000000000004,24.660000000000004,6.0,57.27,train
b7d8524e14913b79fe082a5fc2efffd7,2017-08-28 15:30:28,1.1574074074074073e-05,1,120.08,1.0,1.0,1.0,120.08,13.09,4.0,69.33,train
b7e2b4e7e5bbfc11eb1b22e6d822926b,2018-05-04 18:35:55,3.713391203703704,1,68.32,1.0,1.0,1.0,68.32,19.32,6.0,56.39,test
b7f170888469e5332e43c92edd77793f,2017-03-20 14:45:57,1.1574074074074073e-05,1,104.7,1.0,1.0,1.0,104.7,14.8,1.0,32.42,train
b824f6981f2ee1c30533c4138572428c,2017-07-26 00:27:11,186.56166666666667,1,134.99,1.0,1.0,1.0,134.99,19.090000000000003,5.0,88.65,train
b854c56e1163bced9c3ebf1e4a6576f3,2018-03-20 23:55:09,27.277314814814815,1,67.5,1.0,1.0,1.0,67.5,17.6,1.0,174.96,test
b896655e2083a1d76b7b85df8fc86e40,2017-11-12 10:00:56,47.94322916666667,1,86.01999999999998,1.0,1.0,1.0,86.01999999999998,16.12,1.0,132.14,train
b896655e2083a1d76b7b85df8fc86e40,2018-01-14 11:11:24,63.04893518518519,2,218.15999999999994,2.0,2.0,2.0,109.07999999999997,14.229999999999999,1.0,138.53,test
b896655e2083a1d76b7b85df8fc86e40,2018-07-06 10:45:51,172.98225694444446,3,356.68999999999994,3.0,3.0,3.0,118.89666666666665,15.729999999999999,1.0,150.37,test
b8b3c435a58aebd788a477bed8342910,2017-07-17 09:46:31,73.04239583333333,1,69.19999999999999,1.0,1.0,1.0,69.19999999999999,17.200000000000003,6.0,271.32,train
b8b3c435a58aebd788a477bed8342910,2017-08-24 10:29:36,38.02991898148148,2,340.52,3.0,3.0,3.0,170.26,54.27000000000001,8.0,578.82,train
b8beb7a6bfb7ed884386a8da46be8f8e,2018-07-17 23:49:21,0.0,1,183.92000000000002,1.0,1.0,1.0,183.92000000000002,23.919999999999995,8.0,176.2,test
b8c5ccc844de0242c85efacf5b6a51da,2018-02-21 20:55:23,1.1574074074074073e-05,1,182.57999999999998,2.0,2.0,1.0,182.57999999999998,32.58,1.0,91.29,test
b8d31a82b1bb71983bbc08e4751baeab,2017-12-17 10:50:19,0.0,1,242.81000000000006,1.0,1.0,1.0,242.81000000000006,12.809999999999999,2.0,280.12,train
b8f77228f32fce5c13df55da21fad23b,2018-02-08 20:12:55,28.401631944444443,1,147.52,1.0,1.0,1.0,147.52,18.52,7.0,147.52,test
b8f9ecc7915ce653a1d7ee6dbfe8f54d,2017-08-10 13:51:49,0.005613425925925926,1,59.68,1.0,1.0,1.0,59.68,12.69,1.0,59.68,train
b918da4934c7eabcda6e45b4e18aba53,2017-05-08 17:34:29,13.79792824074074,1,155.99,1.0,1.0,1.0,155.99,16.090000000000003,1.0,59.68,train
b948343ff2e4e183e27e22ca63968d2b,2018-08-16 10:30:31,0.0,1,88.61999999999999,1.0,1.0,1.0,88.61999999999999,8.720000000000002,1.0,44.45,test
b9544dcc09004b3b28e388ed130e50f1,2018-03-14 11:47:59,22.92943287037037,1,221.78999999999996,1.0,1.0,1.0,221.78999999999996,21.890000000000004,8.0,227.38,test
b9833a43443ed9fad7a66f9ffb80684c,2018-07-18 12:50:40,90.99612268518518,1,38.28999999999999,1.0,1.0,1.0,38.28999999999999,7.390000000000001,1.0,169.32,test
b9bab1d3bf90360ff3942299971001ef,2018-08-15 14:57:55,141.78939814814814,1,190.57,1.0,1.0,1.0,190.57,16.1,15.0,62.11,test
b9badb100ff8ecc16a403111209e3a06,2018-08-05 11:15:46,345.0428703703704,1,507.75999999999993,3.0,3.0,1.0,507.75999999999993,50.959999999999994,1.0,62.92,test
b9fba7ed7a4f5761ffd6c407ad764503,2018-06-21 22:17:00,7.949409722222223,1,89.31,1.0,1.0,1.0,89.31,9.31,3.0,89.31,test
b9fc2d4c90bdadc7052fabe8353084ed,2017-12-18 13:35:02,0.0,1,73.99,1.0,1.0,1.0,73.99,17.0,2.0,72.14,train
b9fd889214fcb1a45e4cd51f5af6cba3,2018-04-02 09:01:04,265.9979861111111,1,77.94999999999999,1.0,1.0,1.0,77.94999999999999,11.96,3.0,155.45,test
ba06852aa0cfbaf3e534272d2be15a96,2018-01-18 15:08:15,0.0,1,87.64,1.0,1.0,1.0,87.64,17.74,6.0,87.64,test
ba0c0e497661b804dbb590a6c5660b77,2018-05-13 19:41:03,25.35361111111111,1,35.79,1.0,1.0,1.0,35.79,8.29,1.0,33.54,test
ba16ab3721ffd6b57fc87a7a4f6a4fcf,2018-02-15 13:09:29,1.1574074074074073e-05,1,20.03,1.0,1.0,1.0,20.03,7.780000000000001,2.0,73.43,test
ba54ee5be417c0558c060a3186451248,2017-07-31 16:50:59,37.22980324074074,1,198.51,1.0,1.0,1.0,198.51,18.51,1.0,202.76,train
ba77e9b6506636dcbd03e463d4786f24,2017-07-02 20:47:23,79.04986111111111,1,102.29,1.0,1.0,1.0,102.29,16.300000000000004,4.0,72.14,train
ba77e9b6506636dcbd03e463d4786f24,2017-07-02 20:47:24,1.1574074074074073e-05,2,174.43,2.0,2.0,2.0,87.215,15.725000000000001,4.0,95.21,train
ba87a137c5191264841e0be40e53f4ed,2018-02-21 08:39:03,1.1574074074074073e-05,1,79.34,1.0,1.0,1.0,79.34,16.2,2.0,79.34,test
ba87a137c5191264841e0be40e53f4ed,2018-02-21 08:39:03,0.0,2,158.68,2.0,2.0,2.0,79.34,16.199999999999996,2.0,79.34,test
baa8144c90cc484cda27858b86a32f99,2018-06-24 18:47:55,246.0355787037037,1,80.53999999999999,2.0,1.0,1.0,80.53999999999999,30.56,3.0,56.99,test
baad97a77fafd04f72a7f874dd67b37e,2018-05-21 19:51:55,384.66908564814815,1,208.35000000000002,1.0,1.0,1.0,208.35000000000002,19.450000000000003,5.0,61.14,test
baffecbd1fcc31f8a415cef1cd8cf772,2018-04-26 00:03:03,78.98881944444445,1,112.70999999999998,1.0,1.0,1.0,112.70999999999998,13.709999999999999,1.0,182.62,test
bb182f55e4cff6eabfc26d08354b5995,2018-03-14 22:08:40,0.0,1,178.56,2.0,1.0,1.0,178.56,36.76,1.0,83.23,test
bb4d84a2b45b22ed710ac8c0dec63d1a,2017-07-30 03:06:36,1.1574074074074073e-05,1,27.77000000000001,1.0,1.0,1.0,27.77000000000001,7.779999999999999,2.0,105.28,train
bb58670190dba4e9b320f84cb98317a3,2017-06-14 23:43:18,0.001400462962962963,1,42.11,1.0,1.0,1.0,42.11,16.11,1.0,42.11,train
bb58670190dba4e9b320f84cb98317a3,2017-06-14 23:45:18,0.001388888888888889,2,84.22,2.0,2.0,2.0,42.11,16.11,1.0,42.11,train
bb656eab01a34ac497457c5a92f5bd07,2017-09-06 17:41:59,116.99692129629629,1,191.58000000000004,1.0,1.0,1.0,191.58000000000004,21.68,2.0,181.51,train
bb6d785b806cb1eef824812b06b9f15b,2018-08-08 11:25:06,161.71583333333334,1,44.24,1.0,1.0,1.0,44.24,9.34,1.0,37.37,test
bb804ab3b59099c10245f17159faf55e,2018-07-25 16:53:06,6.756678240740741,1,204.06,1.0,1.0,1.0,204.06,24.060000000000002,1.0,284.66,test
bb8486cad0e431659227f6fb18fc6a72,2017-11-25 00:21:40,4.263414351851852,1,166.81,1.0,1.0,1.0,166.81,21.509999999999998,2.0,36.0,train
bb99e6ae642f462d7bf05db05fc9aa11,2018-04-06 12:48:10,180.5308564814815,1,113.15000000000002,1.0,1.0,1.0,113.15000000000002,13.25,2.0,92.83,test
bb9de7a757d93065939c7da2a3cd8ce4,2017-08-14 20:46:10,0.0,1,67.53,1.0,1.0,1.0,67.53,17.63,3.0,57.53,train
bba29bdc2bd4deeb7bba3c61ea98e012,2018-07-14 12:07:45,0.6995254629629629,1,224.45000000000002,1.0,1.0,1.0,224.45000000000002,24.55,1.0,142.67,test
bbe8686a830c0caaf68452997d73d396,2017-09-02 19:28:03,25.334027777777777,1,232.84000000000003,1.0,1.0,1.0,232.84000000000003,32.84,1.0,372.99,train
bbf65e7823171a84e70a495dd6c34ceb,2018-06-14 07:34:05,298.53133101851853,1,354.64,2.0,2.0,1.0,354.64,74.65,1.0,237.34,test
bbfa16828a49c356b46dcbea56ded834,2018-07-14 20:33:34,149.2801736111111,1,35.09,1.0,1.0,1.0,35.09,15.1,1.0,126.19,test
bc0cc7fd03864119501b931413dde0df,2018-05-09 15:37:32,3.1261342592592594,1,97.03,1.0,1.0,1.0,97.03,27.04,3.0,97.03,test
bc0d7bb032bbf422fc74bb279c47de1e,2017-09-13 00:46:59,41.19952546296296,1,123.69000000000001,1.0,1.0,1.0,123.69000000000001,13.79,1.0,20.77,train
bc2387c48428a2e128eaa3d5b18b3591,2017-03-09 14:21:58,46.022465277777776,1,64.42,1.0,1.0,1.0,64.42,14.520000000000001,1.0,79.52,train
bc27afa44f5b67b080ab4ba3851a162d,2017-08-14 10:00:45,1.1574074074074073e-05,1,85.13999999999999,1.0,1.0,1.0,85.13999999999999,15.239999999999998,1.0,128.2,train
bc3e7032668d3f411c227eec09221362,2018-06-19 16:17:31,3.9452083333333334,1,45.00999999999999,1.0,1.0,1.0,45.00999999999999,27.110000000000003,1.0,112.84,test
bc3e7032668d3f411c227eec09221362,2018-08-13 16:38:03,55.01425925925926,2,157.85,2.0,2.0,2.0,78.925,23.475,1.0,32.23,test
bc7b9e0d078c0c01f622b38cfcd7ee9c,2017-11-06 12:34:37,230.61082175925927,1,199.58,1.0,1.0,1.0,199.58,16.58,4.0,184.73,train
bc877a9f97bb3f3d4fcd5f86028f81a9,2018-02-05 10:26:45,194.7921875,1,163.8,2.0,1.0,1.0,163.8,18.0,1.0,27.75,test
bc98051cee7c0111167e6f40a4ed76f6,2018-03-15 22:02:24,18.39576388888889,1,380.79999999999995,2.0,1.0,1.0,380.79999999999995,41.0,1.0,136.71,test
bcabe34e299eaf51bb601e89401e25e4,2018-07-02 11:31:09,293.6499074074074,1,148.06,1.0,1.0,1.0,148.06,18.159999999999997,1.0,88.61,test
bcc9a08b533971412be737fd5bd918b3,2017-11-28 12:58:19,184.55854166666666,1,45.00999999999999,1.0,1.0,1.0,45.00999999999999,15.11,3.0,359.19,train
bce006e903be688f122a39f45b210090,2018-05-11 13:24:45,92.54318287037037,1,180.33999999999997,2.0,1.0,1.0,180.33999999999997,30.54,2.0,108.17,test
bcf0a5f0f3ec8639f940749aab360d8f,2017-10-04 16:18:22,91.71709490740741,1,113.24000000000001,2.0,2.0,2.0,113.24000000000001,30.350000000000005,8.0,338.48,train
bcfc1d8cf64a476b003cee4599f9fd11,2018-01-14 22:33:42,1.1574074074074073e-05,1,54.10000000000001,1.0,1.0,1.0,54.10000000000001,15.100000000000001,1.0,86.24,test
bcfc9032cea53ef734a6008742d954fc,2018-02-04 17:12:31,8.702523148148147,1,47.67999999999999,1.0,1.0,1.0,47.67999999999999,7.780000000000001,1.0,88.74,test
bd0512ab6c631a62fdc974a682600f56,2017-09-25 22:57:30,31.52545138888889,1,102.01999999999998,1.0,1.0,1.0,102.01999999999998,17.03,1.0,255.74,train
bd0f8d6b6bc185debdf79f91ba30fdc6,2017-03-01 10:08:34,9.027951388888889,1,124.53,1.0,1.0,1.0,124.53,14.53,1.0,124.53,train
bd748b6890efcaa0e79187653b2d6a91,2018-05-22 16:16:37,34.20152777777778,1,149.82,1.0,1.0,1.0,149.82,15.82,10.0,40.65,test
bd86b1862fe796149a4d2af57bd85451,2018-06-01 21:54:55,65.05818287037037,1,71.06,1.0,1.0,1.0,71.06,22.060000000000002,4.0,162.56,test
bd86b1862fe796149a4d2af57bd85451,2018-06-07 22:52:43,6.0401388888888885,2,233.62,2.0,2.0,2.0,116.81,29.810000000000002,3.5,126.32,test
bd8bee2d841f2573c7c4f2d49dfdcaf0,2017-03-10 17:55:34,3.472222222222222e-05,1,101.19,1.0,1.0,1.0,101.19,12.009999999999998,4.0,72.9,train
bd8e0f3ea9fb694fc53c7a358643fc06,2018-08-03 09:33:05,203.9589351851852,1,287.06,1.0,1.0,1.0,287.06,37.07,10.0,64.43,test
bd8ee6a65c4d647953792da821444580,2017-11-30 11:48:21,1.1574074074074073e-05,1,102.95999999999998,1.0,1.0,1.0,102.95999999999998,12.969999999999999,6.0,310.65,train
bd9faf610de6660a02b39510406c8e9f,2018-06-23 20:20:13,226.13585648148148,1,77.94999999999999,1.0,1.0,1.0,77.94999999999999,11.960000000000003,2.0,83.06,test
bdb40fdb1df62064c8ee38b845459e77,2018-07-04 20:41:02,152.20462962962964,1,42.59000000000001,1.0,1.0,1.0,42.59000000000001,12.690000000000001,2.0,47.37,test
bdbc3238ae12ff1aab4853dbcbc2241c,2018-04-11 11:23:01,27.609641203703703,1,89.49999999999999,1.0,1.0,1.0,89.49999999999999,16.479999999999997,1.0,70.26,test
bdde9ce1c27b88a7fe3ef13ad6a80b5f,2017-11-25 23:11:44,32.980636574074076,1,55.5,2.0,1.0,1.0,55.5,23.699999999999996,2.0,46.8,train
bdfd71dfee6faa67122cc7cdbc14d9f7,2018-02-10 17:01:48,0.0,1,36.78000000000003,1.0,1.0,1.0,36.78000000000003,7.780000000000001,3.0,235.05,test
be08ef2ebaeb41941a53aa75db874099,2017-11-26 10:05:27,4.039189814814815,1,48.379999999999995,1.0,1.0,1.0,48.379999999999995,12.479999999999999,4.0,28.09,train
be33ce67f6c02b468b94afa895a955fe,2018-05-14 20:29:22,121.0267361111111,1,236.97000000000003,1.0,1.0,1.0,236.97000000000003,17.97,10.0,89.45,test
beceaa52fb2f761e647222b3cf7ce0b2,2018-01-16 18:01:59,301.18175925925925,1,171.26000000000002,1.0,1.0,1.0,171.26000000000002,15.259999999999998,10.0,157.22,test
befed7f0bf7fc3d0262b0f95989a36ae,2017-03-01 15:03:00,1.1574074074074073e-05,1,114.73000000000002,1.0,1.0,1.0,114.73000000000002,24.829999999999995,4.0,137.14,train
bf087cbc0138d7066e1c41d1a97973dd,2018-06-28 19:42:28,5.065949074074074,1,179.22,1.0,1.0,1.0,179.22,19.22,8.0,179.22,test
bf1dd33f93c58ea45d677d7e871e098e,2018-06-07 13:28:00,56.60255787037037,1,74.48000000000002,1.0,1.0,1.0,74.48000000000002,14.580000000000002,3.0,961.49,test
bf257f507db19138f5bc4065313c1f87,2018-02-12 17:33:54,0.0,1,87.55,1.0,1.0,1.0,87.55,12.649999999999999,1.0,80.51,test
bf429f20c75a39eab83442cda8e59832,2018-03-30 20:50:23,126.26358796296296,1,368.94,3.0,1.0,1.0,368.94,53.94,1.0,385.68,test
bf448042b40749d8b95fe00c08a9b5cb,2018-02-01 07:49:37,68.37936342592593,1,147.06,1.0,1.0,1.0,147.06,27.160000000000004,7.0,184.93,test
bf482716881b0c14af9efda1fc58a649,2018-03-01 15:16:26,274.1829050925926,1,62.0,2.0,1.0,1.0,62.0,28.2,5.0,265.49,test
bf59acdae64e9900fd93e4847baa1978,2017-10-07 13:59:13,0.0,1,69.71,1.0,1.0,1.0,69.71,12.739999999999998,3.0,73.27,train
bf6504419e536f7c4c2461ebb0689d48,2017-06-29 00:20:21,31.118587962962962,1,148.15999999999997,1.0,1.0,1.0,148.15999999999997,12.16,4.0,109.42,train
bf6656ef50e6fd00e7517b01d615b4f3,2017-05-26 07:04:37,85.88075231481481,1,96.14000000000001,1.0,1.0,1.0,96.14000000000001,17.39,7.0,74.16,train
bf6656ef50e6fd00e7517b01d615b4f3,2017-08-26 08:06:34,92.04302083333333,2,170.29999999999998,2.0,2.0,2.0,85.14999999999999,15.780000000000001,7.0,124.53,train
bf79e2be560481b2e6014798b4331a18,2017-04-09 09:52:05,0.0,1,49.85999999999999,1.0,1.0,1.0,49.85999999999999,10.96,1.0,49.46,train
bf7e07e4ccc7df0889db4653d60c3f27,2018-04-05 14:54:54,3.0386458333333333,1,21.38,1.0,1.0,1.0,21.38,7.39,1.0,21.38,test
bfb33fedf91eb21f6d32ad5345989a6e,2017-10-18 21:14:16,112.13828703703703,1,166.71,1.0,1.0,1.0,166.71,16.809999999999995,1.0,93.78,train
bfc84496b1100cbbd83a6f8087526168,2017-06-20 18:52:33,44.97233796296296,1,212.36,4.0,1.0,1.0,212.36,60.4,6.0,108.51,train
bfca7a9e3e07df51447510ede80822ec,2017-10-01 20:48:40,1.1574074074074073e-05,1,177.89000000000004,1.0,1.0,1.0,177.89000000000004,25.9,10.0,394.83,train
bfcdddab5a2fe5dd1d1b8330795f4061,2017-12-25 06:44:48,189.73796296296297,1,184.93,1.0,1.0,1.0,184.93,16.940000000000005,7.0,67.43,train
bfe14bfa136397036c4fd0cade75c68c,2018-08-01 20:27:17,177.97568287037038,1,226.05,1.0,1.0,1.0,226.05,26.149999999999995,4.0,258.49,test
bfe1ecef0f01ad67e5e0cf1860e94e60,2017-09-19 09:22:36,123.7549537037037,1,180.03,1.0,1.0,1.0,180.03,45.03,1.0,29.59,train
c0118e2c0a037c31aeca71d0b81f66a1,2017-08-07 09:14:30,0.0,1,59.27000000000001,1.0,1.0,1.0,59.27000000000001,13.370000000000001,1.0,55.53,train
c0118e2c0a037c31aeca71d0b81f66a1,2018-03-29 19:17:49,234.41896990740742,2,114.80000000000001,2.0,2.0,2.0,57.400000000000006,19.5,1.0,285.68,test
c0378e9280a6e9401f2b0fd4a288496b,2017-08-21 13:00:05,1.1574074074074073e-05,1,146.88,1.0,1.0,1.0,146.88,27.379999999999995,3.0,54.1,train
c0394cfa96258a94e368499f919a3ba6,2018-04-10 21:09:18,88.11903935185185,1,59.36,1.0,1.0,1.0,59.36,13.37,1.0,59.36,test
c04a6c1c190e47ec62b4bb139921331a,2018-08-15 16:47:53,398.2275231481481,1,45.11,1.0,1.0,1.0,45.11,15.11,1.0,23.83,test
c0536ee7a009264e0f1bf1c8f4c54ad3,2017-11-24 12:58:54,1.1574074074074073e-05,1,333.3600000000001,2.0,1.0,1.0,333.3600000000001,33.620000000000005,1.0,696.0,train
c05e676aa7a9139b522ba75149226825,2018-05-13 17:26:54,13.612372685185186,1,32.38,1.0,1.0,1.0,32.38,7.39,1.0,32.38,test
c0779cfb3d6695eb9a6c14772852e10e,2017-02-18 17:47:36,0.003148148148148148,1,84.2,1.0,1.0,1.0,84.2,17.21,3.0,84.2,train
c0842fc6a034863db2d8479df8435492,2018-05-07 13:09:18,340.74243055555553,1,20.850000000000023,1.0,1.0,1.0,20.850000000000023,11.850000000000001,1.0,336.0,test
c0ab0c71f36879a7e904700157a6d88c,2017-04-20 12:22:59,0.0,1,133.89999999999998,1.0,1.0,1.0,133.89999999999998,15.0,1.0,35.86,train
c0ceb197de4a31388883a6369ec291d6,2018-06-28 08:33:04,139.90990740740742,1,21.710000000000008,1.0,1.0,1.0,21.710000000000008,8.720000000000002,1.0,47.44,test
c0f139fe95b95fe9648723696465c72b,2018-03-07 11:34:38,4.6296296296296294e-05,1,113.71999999999998,1.0,1.0,1.0,113.71999999999998,13.820000000000004,3.0,78.3,test
c0fc2e3595c750de75d36e7db9399e83,2017-09-08 12:00:21,59.93525462962963,1,263.8,1.0,1.0,1.0,263.8,22.699999999999996,1.0,162.7,train
c0fcb07a9959ae14f01bad208e445cc4,2017-10-15 22:17:40,241.93614583333334,1,44.00999999999999,1.0,1.0,1.0,44.00999999999999,14.11,1.0,328.51,train
c1133ec81daffffd4871e9353a3c8fb3,2018-03-01 12:57:44,2.3148148148148147e-05,1,248.51,1.0,1.0,1.0,248.51,21.560000000000002,3.0,100.77,test
c130bf40aa6d3bdb444b04a8d78adf5a,2017-06-01 10:48:48,0.0,1,56.24000000000001,1.0,1.0,1.0,56.24000000000001,9.340000000000002,1.0,114.44,train
c143eafe10719dcc7dc0a855b2e3554d,2018-02-21 17:35:00,119.97761574074075,1,726.8400000000001,4.0,1.0,1.0,726.8400000000001,127.19999999999999,1.0,351.32,test
c169c9937db997a267f749cdd64c161f,2017-05-09 14:41:10,0.0051736111111111115,1,837.84,4.0,1.0,1.0,837.84,82.24,1.0,837.84,train
c17526359e1068290ebf7dd22a856de7,2018-04-02 09:45:05,342.0007638888889,1,295.12,1.0,1.0,1.0,295.12,16.12,6.0,175.13,test
c17db1418a98b4a6d1dcad61cc579c70,2017-05-16 20:39:33,0.0,1,170.22999999999996,1.0,1.0,1.0,170.22999999999996,17.510000000000005,10.0,92.44,train
c17dec01473d89441bb6a93fcb58e663,2018-03-13 13:51:27,119.74128472222222,1,140.08000000000004,1.0,1.0,1.0,140.08000000000004,41.08,1.0,199.14,test
c1977e8e3ea0900e70cd1dd70123d382,2017-12-04 16:58:17,39.23951388888889,1,231.96,1.0,1.0,1.0,231.96,21.96,6.0,185.21,train
c1a57f5222ef4a8987b8477784809637,2017-09-12 08:47:04,1.1574074074074073e-05,1,44.489999999999995,1.0,1.0,1.0,44.489999999999995,16.109999999999996,1.0,96.8,train
c1c17398c133e0b88ab63b2e29dbb2bf,2018-03-08 04:03:00,1.1574074074074073e-05,1,60.22,1.0,1.0,1.0,60.22,15.230000000000002,6.0,80.32,test
c1d43ef6f70aff50201a1b882176a346,2017-04-29 21:36:17,25.192060185185184,1,177.53999999999996,1.0,1.0,1.0,177.53999999999996,18.54,10.0,306.76,train
c1ef581a9af244904429f1828f2747b8,2018-02-09 13:47:24,72.0022800925926,1,103.54999999999998,1.0,1.0,1.0,103.54999999999998,13.650000000000002,3.0,106.16,test
c2551ea089b7ebbc67a2ea8757152514,2017-05-27 16:15:38,12.824456018518518,1,54.81999999999999,1.0,1.0,1.0,54.81999999999999,17.92,1.0,113.4,train
c25d2fb6d22e04ce43c3652e3cacadad,2017-07-24 08:31:39,1.1574074074074073e-05,1,104.37,1.0,1.0,1.0,104.37,14.38,10.0,34.09,train
c25d2fb6d22e04ce43c3652e3cacadad,2017-09-05 08:40:16,43.0059837962963,2,138.46,2.0,2.0,2.0,69.23,14.239999999999998,6.5,40.1,train
c28b1528e093df4b2a5d47f6f2b0d5fb,2018-08-19 03:05:57,20.08517361111111,1,136.89999999999998,1.0,1.0,1.0,136.89999999999998,11.9,10.0,48.17,test
c2919fbdb45366551c1e80d5cb35cd3f,2017-11-01 18:14:32,55.306782407407404,1,42.69,1.0,1.0,1.0,42.69,12.690000000000001,1.0,85.38,train
c2919fbdb45366551c1e80d5cb35cd3f,2018-03-24 08:03:00,142.57532407407408,2,128.07,3.0,2.0,2.0,64.035,19.034999999999997,1.0,40.22,test
c297bb9230dc3152522d0c2b4caa7a1a,2018-02-21 23:00:07,79.08652777777777,1,146.43,1.0,1.0,1.0,146.43,36.42999999999999,4.0,313.84,test
c2a444c39a2d87b50039f910db917e3d,2018-06-22 19:39:26,165.3412037037037,1,72.75,1.0,1.0,1.0,72.75,12.759999999999998,2.0,62.0,test
c2b85086965c0fed46df434ddd474a9a,2017-12-17 18:45:57,1.1213078703703703,1,84.92,1.0,1.0,1.0,84.92,15.920000000000002,8.0,39.78,train
c2b85b27ebd380c2c156e3e8773bd4c6,2018-04-22 13:00:23,128.14496527777777,1,36.84000000000001,1.0,1.0,1.0,36.84000000000001,11.850000000000001,1.0,58.74,test
c2e9a50bcf76b5783bc96f906f95bceb,2017-09-15 16:33:32,45.258125,1,105.27999999999997,1.0,1.0,1.0,105.27999999999997,15.38,2.0,223.5,train
c2f7ac13c2e0937f956659002e5d5783,2017-10-17 10:10:05,27.550289351851852,1,45.139999999999986,1.0,1.0,1.0,45.139999999999986,21.149999999999995,3.0,130.13,train
c32c120fa230c291ecc017406aa2f39d,2018-08-20 17:04:34,149.01430555555555,1,115.58999999999999,1.0,1.0,1.0,115.58999999999999,35.69,6.0,103.99,test
c35ffdd9679e194c3673533720b5e00c,2017-08-17 14:18:05,132.8678587962963,1,71.03000000000003,1.0,1.0,1.0,71.03000000000003,11.029999999999998,4.0,379.67,train
c36acb527b8f2c464abd036b879f4ec8,2018-06-03 16:00:26,299.9767013888889,1,354.90000000000003,1.0,1.0,1.0,354.90000000000003,74.91,6.0,398.84,test
c3733cbdb41f37b5477b2c01c523e220,2017-09-16 09:34:02,1.1574074074074073e-05,1,183.95000000000002,1.0,1.0,1.0,183.95000000000002,25.950000000000003,1.0,215.65,train
c37449d8b51eefa148cd87b2c605a1c1,2017-05-04 19:14:54,28.008530092592594,1,81.78,1.0,1.0,1.0,81.78,11.88,3.0,54.73,train
c37cc6c1a59d81460a3059744f7ada1c,2017-07-03 18:35:01,0.8186574074074074,1,171.44,1.0,1.0,1.0,171.44,21.54,8.0,171.44,train
c37cc6c1a59d81460a3059744f7ada1c,2017-08-29 18:20:51,56.99016203703704,2,342.88,2.0,2.0,2.0,171.44,21.54,4.5,163.03,train
c37cc6c1a59d81460a3059744f7ada1c,2018-06-21 21:04:53,296.11391203703704,3,505.90999999999997,3.0,3.0,3.0,168.63666666666666,20.446666666666665,4.333333333333333,157.11,test
c385f43894ac5ac31c50339ccf16e8f0,2018-02-22 15:17:40,2.3148148148148147e-05,1,220.02000000000004,1.0,1.0,1.0,220.02000000000004,22.220000000000002,1.0,149.7,test
c3a1aa867de7bbc426695e756107ed38,2017-07-17 08:20:44,3.5169212962962964,1,163.71999999999997,1.0,1.0,1.0,163.71999999999997,18.729999999999997,8.0,137.56,train
c3a8c3c742829113458555ed8d300404,2018-04-11 07:38:12,133.1452662037037,1,99.42999999999995,1.0,1.0,1.0,99.42999999999995,9.439999999999998,2.0,626.68,test
c3efecdc2ca34416d845120af0bfca09,2017-10-26 13:12:04,29.98472222222222,1,31.259999999999998,1.0,1.0,1.0,31.259999999999998,15.099999999999998,1.0,62.52,train
c400a61d8b936f7d10930fc142a39407,2017-02-18 14:36:49,1.1574074074074073e-05,1,111.17,1.0,1.0,1.0,111.17,13.27,1.0,111.17,train
c40388c86f0334d1d69f33fc43322a8c,2017-01-26 00:20:23,1.1574074074074073e-05,1,128.20000000000002,1.0,1.0,1.0,128.20000000000002,18.200000000000003,6.0,131.4,train
c4063084f01f085897c04bcbd81fcb69,2018-04-20 12:34:10,252.80525462962962,1,208.01,2.0,2.0,1.0,208.01,33.209999999999994,1.0,550.17,test
c40b4a21d854ab194280dadc8998061f,2017-06-29 14:14:09,10.977777777777778,1,137.99,1.0,1.0,1.0,137.99,18.09,1.0,117.85,train
c411c8b6dbaffd467263f87a23f2cf52,2018-01-09 19:14:09,188.78555555555556,1,20.849999999999994,1.0,1.0,1.0,20.849999999999994,11.85,1.0,188.5,test
c4536b58064f144d0538c9cc69c2765d,2017-10-19 15:53:20,2.3148148148148147e-05,1,574.54,2.0,1.0,1.0,574.54,116.54,10.0,33.01,train
c45ece361aab055ea6c55b61eb2d99c0,2017-10-02 13:34:45,127.82472222222222,1,427.3,2.0,2.0,1.0,427.3,28.9,10.0,31.75,train
c499023d38f0db1bcf3db96b3c8a5dee,2018-03-08 23:14:39,274.987662037037,1,35.0,1.0,1.0,1.0,35.0,15.100000000000001,1.0,77.19,test
c49c236a96f8e5b983ce6467af4317b9,2018-03-04 16:17:17,1.1574074074074073e-05,1,87.63999999999999,1.0,1.0,1.0,87.63999999999999,17.739999999999995,8.0,210.01,test
c4a0864ef7d2deb7cdb86898faf6ffa6,2018-02-03 14:26:28,51.234398148148145,1,37.47,1.0,1.0,1.0,37.47,12.48,1.0,37.47,test
c4cf9b10d2668bfabb498d93004ab4a0,2017-12-02 21:17:32,14.898587962962964,1,115.42,1.0,1.0,1.0,115.42,17.93,3.0,115.42,train
c4d9ec8c227594222eedd980cb28a6f4,2017-06-25 22:22:31,1.1574074074074073e-05,1,116.04999999999998,1.0,1.0,1.0,116.04999999999998,21.149999999999995,10.0,131.16,train
c4de6c1719eff03b6d30aff09571e272,2018-07-15 11:28:15,257.8363888888889,1,176.70999999999998,1.0,1.0,1.0,176.70999999999998,38.81,2.0,51.67,test
c4fe9fc8b5e1b4f9992db983d0429854,2017-05-05 10:40:36,14.638240740740741,1,205.34999999999997,1.0,1.0,1.0,205.34999999999997,18.150000000000002,6.0,52.42,train
c4fe9fc8b5e1b4f9992db983d0429854,2017-05-06 10:29:30,0.9922916666666667,2,257.77,2.0,2.0,2.0,128.885,16.335,5.5,107.09,train
c50794dfc62b62a84f72475abf38b4e3,2018-07-17 08:58:47,0.0,1,64.44,1.0,1.0,1.0,64.44,15.44,4.0,104.72,test
c51a1ea9fa9851c70f89d1178c861150,2017-04-04 20:56:04,55.99814814814815,1,49.42,1.0,1.0,1.0,49.42,14.520000000000003,1.0,68.84,train
c51a1f42780144ae12d0e529abc3f83f,2017-11-30 10:18:49,13.860277777777778,1,421.47,3.0,1.0,1.0,421.47,151.5,1.0,219.75,train
c5400d2fca348bd1313426efe4b10a51,2018-04-22 02:43:22,102.12092592592593,1,189.02000000000004,2.0,1.0,1.0,189.02000000000004,51.02,4.0,48.14,test
c55821f6a2a59a93d4cde13a2ec14661,2017-08-16 13:10:42,1.1574074074074073e-05,1,128.01,3.0,1.0,1.0,128.01,53.76,10.0,272.94,train
c5b58e89d4e287e453b4a0bffcf7a025,2017-07-28 10:51:19,0.0,1,131.32999999999998,1.0,1.0,1.0,131.32999999999998,12.330000000000002,3.0,132.95,train
c5cc0bee4b73138ed973a1720df085aa,2018-08-17 21:08:06,91.8562037037037,1,38.19,1.0,1.0,1.0,38.19,8.29,1.0,19.29,test
c5f6047fb345ffd234cf5b26268988be,2017-06-06 22:27:33,24.950972222222223,1,122.17000000000002,1.0,1.0,1.0,122.17000000000002,12.269999999999996,10.0,261.28,train
c60635e3c36e27ff9222fdac1ef3e17f,2018-04-22 07:23:36,90.82936342592592,1,195.92,1.0,1.0,1.0,195.92,16.02,1.0,108.41,test
c644c379a96ef9468f073699ae37a84b,2018-03-04 16:45:30,342.87707175925925,1,95.34,1.0,1.0,1.0,95.34,22.440000000000005,1.0,29.74,test
c658495c41a24ef33a852db6840738a1,2018-01-10 15:18:58,335.18605324074076,1,39.50999999999999,1.0,1.0,1.0,39.50999999999999,14.519999999999998,3.0,55.09,test
c694ffd0ff6d172ecf34fcd4202c8693,2018-08-20 12:34:50,116.60686342592592,1,155.28,1.0,1.0,1.0,155.28,15.880000000000003,5.0,177.59,test
c6b2ccbe75ac5addb40fcff5db96a5c1,2018-07-07 14:58:14,273.99569444444444,1,188.59999999999997,2.0,1.0,1.0,188.59999999999997,30.599999999999994,2.0,479.44,test
c6df3869c263531ebd51f0454a353605,2017-03-24 06:12:05,19.825833333333332,1,29.95,1.0,1.0,1.0,29.95,16.05,1.0,28.95,train
c6df3869c263531ebd51f0454a353605,2017-03-24 06:19:53,0.005416666666666667,2,58.89999999999999,2.0,2.0,2.0,29.449999999999996,16.050000000000004,1.0,29.95,train
c731a46dd44dfe456ccfa8968206943d,2017-07-24 14:03:17,13.838854166666666,1,112.70999999999998,1.0,1.0,1.0,112.70999999999998,13.709999999999999,4.0,46.27,train
c73f294466cf13293810f4d1a3728d56,2018-07-28 13:20:43,0.0,1,110.78,1.0,1.0,1.0,110.78,13.780000000000001,2.0,55.46,test
c76762dfb642ac154475239639f7f8f4,2017-01-30 23:40:40,1.1574074074074073e-05,1,64.21999999999998,1.0,1.0,1.0,64.21999999999998,18.0,1.0,125.99,train
c76762dfb642ac154475239639f7f8f4,2017-02-08 23:08:53,8.977928240740741,2,190.21,2.0,2.0,2.0,95.105,20.0,1.0,66.65,train
c76dbe63126a89c815fe9716acfdb4a1,2018-05-19 15:07:25,330.8329282407407,1,50.5,1.0,1.0,1.0,50.5,17.6,5.0,305.96,test
c7819760e70376028f519e3b57e6c441,2018-08-03 14:16:35,444.7252546296296,1,45.0,1.0,1.0,1.0,45.0,15.100000000000001,4.0,93.28,test
c7b577de54cb78d5d8f60f78f0476a52,2018-02-07 14:23:13,3.472222222222222e-05,1,77.57,1.0,1.0,1.0,77.57,17.67,4.0,75.07,test
c7c19110042036e6266adc998cbf1289,2017-11-25 23:56:26,30.212002314814814,1,217.45999999999998,2.0,2.0,1.0,217.45999999999998,71.66,10.0,155.05,train
c7c19110042036e6266adc998cbf1289,2018-08-04 12:21:20,251.51729166666667,2,372.51,3.0,3.0,2.0,186.255,53.905,6.5,143.04,test
c7fb8ec1ea35af7e89f989b6e17e2bd8,2017-11-04 16:29:23,0.9132754629629629,1,294.15,1.0,1.0,1.0,294.15,9.25,3.0,678.82,train
c803385049057260f738c18c12749747,2017-05-25 15:54:41,1.1574074074074073e-05,1,97.68,2.0,2.0,1.0,97.68,23.7,8.0,97.68,train
c83c41456526926a16e2f95d3652b6d3,2018-02-01 12:00:30,164.49707175925926,1,77.57,1.0,1.0,1.0,77.57,17.67,7.0,177.39,test
c8460e4251689ba205045f3ea17884a1,2018-08-07 16:35:35,0.31427083333333333,1,1202.64,6.0,1.0,1.0,1202.64,182.64000000000001,6.0,1047.99,test
c8460e4251689ba205045f3ea17884a1,2018-08-08 14:24:24,0.908900462962963,2,2250.63,12.0,2.0,2.0,1125.315,105.3,6.0,1202.64,test
c8460e4251689ba205045f3ea17884a1,2018-08-08 14:27:15,0.001979166666666667,3,3453.2699999999995,18.0,3.0,3.0,1151.09,131.08000000000004,6.0,1202.64,test
c85df1c6ef6f7bb605e1c49d34f172ee,2017-12-09 23:02:28,34.52804398148148,1,159.12,2.0,1.0,1.0,159.12,39.32,1.0,78.65,train
c863f613022e5ce024c630ffa65ab51d,2018-03-14 17:57:56,60.77173611111111,1,119.05000000000001,1.0,1.0,1.0,119.05000000000001,24.05,2.0,52.29,test
c893e6fe915add1b28ef934048f0023e,2018-07-03 17:08:07,135.2260300925926,1,394.05999999999995,1.0,1.0,1.0,394.05999999999995,14.159999999999997,8.0,189.26,test
c89d91308d60d2f2076d20296962f2c3,2018-02-12 18:09:18,133.28623842592592,1,38.09,1.0,1.0,1.0,38.09,14.1,1.0,39.09,test
c8abffe7e68de3d6c4b6dd6d4c320dd4,2018-07-20 06:49:07,80.68177083333333,1,32.290000000000006,1.0,1.0,1.0,32.290000000000006,7.390000000000001,1.0,119.79,test
c8e2ea7e324f7dd660e7481ec85bef3c,2018-06-04 07:56:55,166.4605787037037,1,81.62999999999998,1.0,1.0,1.0,81.62999999999998,11.730000000000002,1.0,75.14,test
c902f3ef39179b58e803da196af3467a,2017-11-26 23:26:59,1.1574074074074073e-05,1,47.81,1.0,1.0,1.0,47.81,17.600000000000005,4.0,76.65,train
c90610b4cd15ff318841445c558c41fb,2017-05-19 10:02:07,2.3148148148148147e-05,1,122.73000000000002,3.0,2.0,1.0,122.73000000000002,48.33,1.0,61.0,train
c9158d089637ab443c78984d20da7fc0,2018-01-31 16:43:25,2.3148148148148147e-05,1,78.70000000000002,1.0,1.0,1.0,78.70000000000002,12.800000000000002,1.0,72.66,test
c92f31f36283b5e3c4b4657734ea8c16,2018-02-19 15:11:50,60.229108796296295,1,129.48,1.0,1.0,1.0,129.48,9.58,10.0,49.09,test
c937a5d7fe89380c128d9b8746495474,2018-01-26 00:14:36,51.585787037037036,1,314.91999999999996,1.0,1.0,1.0,314.91999999999996,14.929999999999996,1.0,168.33,test
c957b57bcaff0ed3a494d95c865de4a1,2017-11-16 17:00:37,21.987430555555555,1,82.12,1.0,1.0,1.0,82.12,16.22,1.0,180.38,train
c968cdb924339d7a42e0c448153b72cc,2017-10-16 14:04:25,18.79710648148148,1,667.99,1.0,1.0,1.0,667.99,117.98999999999998,10.0,120.17,train
c988628b7bc5d9c645eb7a3a66f31b46,2018-02-26 21:10:57,37.22986111111111,1,96.22,1.0,1.0,1.0,96.22,16.320000000000004,1.0,69.13,test
c9b3b24308b1a4587ffa3e60fafc2b1f,2017-10-26 10:13:29,217.70924768518518,1,99.35,1.0,1.0,1.0,99.35,14.36,1.0,226.9,train
c9b3b24308b1a4587ffa3e60fafc2b1f,2017-11-05 23:10:41,10.539722222222222,2,326.25,2.0,2.0,2.0,163.125,16.13,2.0,226.9,train
c9c6d353f4101827b3dbc83b093b2fe6,2017-04-06 13:45:15,42.90796296296296,1,71.74,1.0,1.0,1.0,71.74,36.75,7.0,111.21,train
c9c7f143771017a9c61af26f7291f7a5,2017-11-28 17:23:47,0.007835648148148149,1,119.78000000000002,2.0,1.0,1.0,119.78000000000002,15.559999999999999,1.0,79.33,train
c9ec7638cb8f2dd8e4439fa8374d89e4,2017-12-31 12:43:46,113.91261574074075,1,125.74,1.0,1.0,1.0,125.74,18.869999999999997,12.0,51.05,train
c9f3502cccf5585cea25aa7de58f6cb5,2018-05-03 16:16:41,210.08306712962963,1,672.72,4.0,1.0,1.0,672.72,73.2,1.0,377.28,test
ca0cd77819a2427d6ca0e0d0e92de58b,2017-10-31 19:53:44,195.46318287037036,1,147.65,1.0,1.0,1.0,147.65,17.75,3.0,50.0,train
ca12da7d856692d5cf4960c5edd99756,2018-07-07 04:15:32,51.07408564814815,1,156.92000000000002,4.0,1.0,1.0,156.92000000000002,72.92,1.0,103.26,test
ca26c28cab4d8cef1f2bc24e9bc78380,2018-04-23 17:07:27,62.050636574074076,1,39.09,1.0,1.0,1.0,39.09,15.099999999999998,2.0,247.48,test
ca3865ab988451f1544dad3910217f29,2018-02-06 09:17:35,2.3148148148148147e-05,1,83.41,1.0,1.0,1.0,83.41,13.51,5.0,49.0,test
ca55f9ebddc988ee65f4dea1a93ebc98,2018-02-20 09:50:21,268.58416666666665,1,62.78,1.0,1.0,1.0,62.78,7.780000000000001,1.0,84.72,test
ca6d9bc2e717c2a0aa19d77a3bfa5398,2017-07-06 20:19:20,78.1791550925926,1,818.3500000000001,1.0,1.0,1.0,818.3500000000001,19.35,8.0,419.04,train
ca77025e7201e3b30c44b472ff346268,2018-01-25 21:10:57,108.35854166666667,1,289.07,1.0,1.0,1.0,289.07,19.17,1.0,78.86,test
ca77025e7201e3b30c44b472ff346268,2018-02-09 15:43:37,14.772685185185185,2,367.92999999999995,2.0,2.0,2.0,183.96499999999997,19.065000000000005,1.0,159.23,test
ca77025e7201e3b30c44b472ff346268,2018-02-17 01:22:20,7.401886574074074,3,527.1599999999999,3.0,3.0,3.0,175.71999999999994,23.819999999999997,1.0,213.68,test
ca77025e7201e3b30c44b472ff346268,2018-04-26 11:44:48,68.43226851851851,4,740.8399999999999,6.0,6.0,4.0,185.20999999999998,32.042500000000004,1.0,95.56,test
ca77025e7201e3b30c44b472ff346268,2018-05-03 06:11:22,6.768449074074074,5,836.4,7.0,7.0,5.0,167.28,29.747999999999998,1.0,192.12,test
ca77025e7201e3b30c44b472ff346268,2018-06-01 11:38:29,29.22716435185185,6,1028.52,11.0,8.0,6.0,171.42,49.48333333333333,1.0,94.2,test
ca994abc57b0bd7981d91d0061b3d8d6,2017-07-13 21:03:44,0.0,1,263.47,1.0,1.0,1.0,263.47,53.47999999999999,1.0,161.46,train
ca994abc57b0bd7981d91d0061b3d8d6,2017-08-21 14:50:46,38.74099537037037,2,424.93000000000006,2.0,2.0,2.0,212.46500000000003,37.474999999999994,1.0,161.37,train
caa3d56b7a6777daaa2793053bdf2309,2017-12-03 23:14:29,104.53693287037036,1,64.34,1.0,1.0,1.0,64.34,9.34,2.0,17.77,train
cabef558b42bd1d2578afc81048e8415,2018-04-08 21:48:54,94.33865740740741,1,30.0,1.0,1.0,1.0,30.0,15.100000000000001,2.0,58.28,test
cb06773dbb3415543b78720a3986344e,2018-03-18 14:22:04,87.19282407407407,1,43.43000000000001,1.0,1.0,1.0,43.43000000000001,17.630000000000003,4.0,111.72,test
cb36d0f12c99d07935b706269045f613,2018-06-01 21:59:58,432.20234953703704,1,99.75,1.0,1.0,1.0,99.75,14.759999999999998,6.0,99.43,test
cb4253d36367737b6baa4f8ca58fac62,2018-05-03 14:37:40,323.56916666666666,1,83.14000000000001,1.0,1.0,1.0,83.14000000000001,15.239999999999998,3.0,59.66,test
cb4f48aa5b4657435b012a65f2a122eb,2018-02-17 14:07:46,180.91530092592592,1,820.25,1.0,1.0,1.0,820.25,20.35,3.0,143.0,test
cb57be427d5e8c06c10cdd1540df1e00,2017-12-04 17:24:58,126.0810300925926,1,290.32000000000005,1.0,1.0,1.0,290.32000000000005,70.42,10.0,194.91,train
cb5c545d96f39390b7f372aaa88c4a7e,2017-11-01 16:00:04,5.729351851851852,1,53.1,1.0,1.0,1.0,53.1,15.1,5.0,55.1,train
cb6eb4e06104e8902288c07ff4224c28,2017-11-14 20:34:19,0.01792824074074074,1,79.76999999999998,1.0,1.0,1.0,79.76999999999998,11.970000000000002,1.0,80.18,train
cbc71e02efb1d43b84f80b2a64d6013c,2018-04-23 18:49:22,51.88880787037037,1,111.8,1.0,1.0,1.0,111.8,11.899999999999999,4.0,111.30999999999999,test
cbd08b04b3f301152b7570da5e9c8cc4,2017-09-13 12:50:26,0.00866898148148148,1,450.19,1.0,1.0,1.0,450.19,20.29,1.0,450.19,train
cbd08b04b3f301152b7570da5e9c8cc4,2017-09-16 20:27:30,3.3174074074074076,2,900.3799999999999,2.0,2.0,2.0,450.18999999999994,20.29,1.0,349.49,train
cbe71e4cb0b82b97bbec5cd51e0fa3ea,2018-03-04 15:01:18,43.608969907407406,1,190.05,1.0,1.0,1.0,190.05,14.250000000000002,2.0,41.75,test
cbebce165db72a2bfba9e81a3411bdf7,2017-05-09 17:19:12,65.16783564814814,1,349.1,2.0,1.0,1.0,349.1,60.1,10.0,39.25,train
cc025521d96a3005316b61cde71907db,2018-02-20 22:09:01,185.28953703703704,1,84.58999999999997,1.0,1.0,1.0,84.58999999999997,19.69,7.0,366.19,test
cc0472ed54d7ef34d66a4cad6bf2e666,2018-02-25 11:41:01,181.6803125,1,33.0,1.0,1.0,1.0,33.0,14.100000000000001,3.0,166.9,test
cc14ea7099959d91a17c9d7c3a46721d,2017-05-19 15:52:45,7.225162037037037,1,99.03999999999999,1.0,1.0,1.0,99.03999999999999,21.040000000000003,5.0,142.96,train
cc22ee560df02b4c4f088ac4233fa87d,2018-06-25 18:29:22,38.2084837962963,1,68.87,1.0,1.0,1.0,68.87,8.88,1.0,76.22,test
cc2bef54fa72102dca9777ff483f75a5,2018-07-05 14:48:43,274.95958333333334,1,142.11,1.0,1.0,1.0,142.11,12.11,9.0,283.86,test
cc44d1f72587f44e3af25f68f1db8cd2,2018-07-09 15:47:59,63.25451388888889,1,71.95999999999998,1.0,1.0,1.0,71.95999999999998,22.060000000000002,1.0,113.68,test
cc47f99364c6a2b50a87c1bbb3e4f0f8,2018-04-05 12:39:13,70.09586805555556,1,273.54,3.0,1.0,1.0,273.54,48.84,1.0,94.39,test
cc492df9ae61715ec0ede787f6f086d9,2018-06-13 09:57:33,230.69447916666667,1,48.010000000000005,1.0,1.0,1.0,48.010000000000005,16.11,4.0,59.3,test
ccac5680eab564a88f301f59030b448b,2017-05-18 08:42:35,1.1574074074074073e-05,1,125.85,1.0,1.0,1.0,125.85,35.95,1.0,61.79,train
ccafc1c3f270410521c3c6f3b249870f,2018-06-07 19:03:12,608.978912037037,1,61.06,1.0,1.0,1.0,61.06,19.070000000000004,3.0,146.45,test
ccd2f7d983d761b9c7520a266bfcfc81,2017-11-16 12:33:17,0.015752314814814816,1,64.18,2.0,2.0,1.0,64.18,28.199999999999996,1.0,27.09,train
cd04cd9aa9eb0b51b40a2b124f3a93f3,2017-10-17 23:11:15,26.021944444444443,1,73.34,1.0,1.0,1.0,73.34,13.439999999999998,2.0,175.82,train
cd0e1d42225b7f4cf78a382e4f57e704,2018-06-24 11:39:03,97.9953587962963,1,226.47000000000003,1.0,1.0,1.0,226.47000000000003,27.47,8.0,317.4,test
cd11a0920c498edb1da9ecd2d31aa599,2017-10-22 22:09:04,1.1574074074074073e-05,1,29.75,1.0,1.0,1.0,29.75,11.850000000000001,2.0,116.97,train
cd11a0920c498edb1da9ecd2d31aa599,2018-02-02 22:05:44,102.99768518518519,2,146.72,2.0,2.0,2.0,73.36,12.459999999999999,3.0,55.24,test
cd52ca09554e5cc34d9ec28d230008af,2018-03-21 09:40:36,0.0,1,106.43,2.0,2.0,1.0,106.43,36.45,1.0,63.22,test
cd6c68c5fad15e0a5a5c1150546704e0,2018-08-13 18:26:49,428.0534375,1,609.27,1.0,1.0,1.0,609.27,37.27,7.0,88.15,test
cd86f2b40a6183a8212f9053bb0aaf8a,2018-03-19 13:36:55,30.97622685185185,1,170.42999999999995,1.0,1.0,1.0,170.42999999999995,14.529999999999998,1.0,388.88,test
cd915c60db8686f9a3dc35745aa1691c,2018-08-15 14:11:19,253.9869097222222,1,76.66,1.0,1.0,1.0,76.66,17.659999999999997,1.0,85.62,test
cdc8b0d152b868db7e28de59f642c94a,2018-07-05 13:45:17,127.10342592592593,1,188.94,1.0,1.0,1.0,188.94,9.450000000000003,2.0,243.62,test
cddc66766972c6d5da2fdd80fcefe1f0,2018-03-21 14:03:09,0.0,1,147.56,2.0,2.0,1.0,147.56,27.560000000000002,5.0,283.49,test
cde37fe3a24ad875f5ff1482fd80a43e,2018-07-31 13:27:22,57.02383101851852,1,36.859999999999985,1.0,1.0,1.0,36.859999999999985,7.869999999999999,1.0,130.47,test
cde6577300fbd06655ff162902f15b2a,2018-08-16 11:54:27,119.95222222222222,1,131.66999999999996,1.0,1.0,1.0,131.66999999999996,18.67,6.0,177.25,test
ce41a50f9ff95ef577cb759483fe9165,2018-06-14 16:35:37,199.3293402777778,1,115.57999999999998,1.0,1.0,1.0,115.57999999999998,15.59,10.0,57.27,test
ce60a50b73f7934a7d4caa92f2f05bbf,2017-09-01 12:43:39,1.1574074074074073e-05,1,136.24,1.0,1.0,1.0,136.24,38.24,10.0,64.05,train
ce6160651998b40db0a0f3b9d69f7f3d,2018-08-10 16:04:45,248.34822916666667,1,143.62999999999994,1.0,1.0,1.0,143.62999999999994,9.14,10.0,491.69,test
ce8b665ad7a00dfee2a4fbd19dedb82a,2018-02-25 20:41:55,11.093657407407408,1,462.84,1.0,1.0,1.0,462.84,19.839999999999996,12.0,27.75,test
ceb767afcf00ef4fedae42343064aa3d,2018-03-02 16:48:42,1.1574074074074073e-05,1,95.29,1.0,1.0,1.0,95.29,19.39,9.0,95.29,test
cecc19ff12c206e6368dd1e9c22a848d,2017-04-06 19:32:34,36.06534722222222,1,192.22000000000003,1.0,1.0,1.0,192.22000000000003,16.230000000000004,3.0,521.71,train
cecc19ff12c206e6368dd1e9c22a848d,2018-03-19 17:40:34,346.9222222222222,2,713.9300000000001,2.0,2.0,2.0,356.96500000000003,34.02,4.0,105.59,test
cee4e6509d99d45518c65d26971c1cbb,2017-07-18 12:38:09,6.521736111111111,1,144.03000000000003,1.0,1.0,1.0,144.03000000000003,18.13,1.0,77.77,train
cee86ef4954e9d77f02cbc2276dd75e7,2018-05-19 12:55:59,4.968032407407407,1,239.52000000000004,1.0,1.0,1.0,239.52000000000004,19.620000000000005,8.0,452.41,test
cef2883537239067f21cf38c1b2abb32,2018-03-17 15:21:41,119.81013888888889,1,52.01,1.0,1.0,1.0,52.01,16.11,1.0,51.29,test
cef29e793e232d30250331804cdb7000,2017-05-26 07:36:03,77.5558449074074,1,913.1600000000001,1.0,1.0,1.0,913.1600000000001,78.60000000000001,1.0,933.7,train
cef29e793e232d30250331804cdb7000,2018-01-18 19:59:07,237.5160185185185,2,1846.8600000000001,2.0,2.0,2.0,923.4300000000001,88.86999999999999,1.0,59.82,test
cef42836ff25476d55c9a3e58f8da99d,2018-08-01 17:13:52,4.899652777777778,1,116.79,1.0,1.0,1.0,116.79,18.79,8.0,54.36,test
cef44ce121b124fdc3438472b1ac4e9a,2018-02-09 13:48:17,31.669722222222223,1,54.36,1.0,1.0,1.0,54.36,16.11,1.0,54.36,test
cf26c0ed98d29abab5c9fe2643f88d19,2017-03-30 20:43:30,18.429826388888888,1,31.770000000000003,1.0,1.0,1.0,31.770000000000003,17.78,1.0,33.77,train
cf32aeb4e8a323e6499a573ac5c90326,2017-08-15 08:31:44,38.65625,1,74.88,2.0,1.0,1.0,74.88,25.380000000000003,1.0,149.69,train
cf56ccfd32ac8a510501a6fa69972c74,2018-08-18 11:09:38,16.897511574074073,1,112.42000000000002,1.0,1.0,1.0,112.42000000000002,23.419999999999998,1.0,66.94,test
cf7d5df4ee5ebe39ed41f0c5c1584b1c,2017-07-28 21:49:59,25.323900462962964,1,70.13999999999999,1.0,1.0,1.0,70.13999999999999,16.14,4.0,129.56,train
cfa69922f9968e0e6271647abda09b09,2018-06-09 08:44:22,27.931354166666665,1,52.84,1.0,1.0,1.0,52.84,22.85,1.0,52.84,test
cfa69922f9968e0e6271647abda09b09,2018-08-03 08:16:49,54.980868055555554,2,105.68000000000002,2.0,2.0,2.0,52.84000000000001,22.849999999999998,1.0,52.92,test
cfb025f193db116549c9c23e4d58e3e3,2017-12-27 21:34:00,0.9719907407407408,1,63.32999999999999,1.0,1.0,1.0,63.32999999999999,13.43,3.0,48.68,train
cfdaaa0caea59b06efb4b0fb8c700684,2017-03-03 19:35:00,1.2769444444444444,1,81.78000000000002,1.0,1.0,1.0,81.78000000000002,11.88,1.0,115.71,train
cfe96f24bd8c36325e0d92e44324cf66,2017-09-27 20:39:16,0.0,1,85.74000000000001,1.0,1.0,1.0,85.74000000000001,16.249999999999996,4.0,73.13,train
d0145502f422d4a9387f75186674f29a,2018-03-21 16:06:48,212.10273148148147,1,64.82,1.0,1.0,1.0,64.82,17.92,5.0,155.47,test
d0175fc564515a47e95bcfdf40e6bc07,2018-06-12 22:21:34,261.999212962963,1,376.95000000000005,1.0,1.0,1.0,376.95000000000005,17.95,8.0,97.66,test
d01cf8c6c7c836c5dd9320585928f42b,2018-04-15 19:42:06,0.0,1,56.86,1.0,1.0,1.0,56.86,11.86,1.0,56.86,test
d02cbb85434c84acabb8e81bbf064d3e,2018-01-14 18:49:14,120.07306712962964,1,59.75,1.0,1.0,1.0,59.75,11.849999999999998,1.0,49.239999999999995,test
d02cbb85434c84acabb8e81bbf064d3e,2018-04-05 22:07:30,81.13768518518519,2,108.98999999999998,2.0,2.0,2.0,54.49499999999999,10.594999999999999,1.0,48.78,test
d0401aa66d5c33ae752ece32f8474d3c,2018-05-08 15:52:07,204.71715277777778,1,178.85,1.0,1.0,1.0,178.85,23.95,8.0,45.22,test
d045537cf9bd29e415334af5a6cb8ff5,2017-07-22 22:19:02,1.1574074074074073e-05,1,206.61,2.0,2.0,1.0,206.61,67.81,6.0,24.94,train
d052fe86655dae0e952c1bacbbb99d7a,2018-05-06 19:03:22,122.39815972222222,1,82.98,1.0,1.0,1.0,82.98,13.080000000000002,1.0,121.11,test
d059a0ec4c911c7abb10602099670325,2017-07-30 09:14:52,186.4989351851852,1,30.95999999999998,1.0,1.0,1.0,30.95999999999998,10.96,1.0,245.86,train
d05fdf65460ea1bf8735cd5843c3d97d,2018-03-13 08:57:17,368.6588541666667,1,120.31999999999996,1.0,1.0,1.0,120.31999999999996,21.32,1.0,205.85,test
d0813c57df04369487ff42ab24dd0ac7,2017-11-21 20:32:21,213.27171296296297,1,65.05000000000001,1.0,1.0,1.0,65.05000000000001,16.049999999999997,6.0,41.38,train
d08c29302907086e8fe823369542f3ae,2018-08-23 10:25:47,403.65356481481484,1,422.2,2.0,2.0,2.0,422.2,33.220000000000006,10.0,66.26,test
d0924cc48eeb9e613a31e365ba1db47d,2018-01-29 11:19:16,206.68078703703705,1,169.0,1.0,1.0,1.0,169.0,14.1,1.0,58.85,test
d0af5dec42f3bf160195f5bcb704fd01,2017-08-31 10:28:39,0.0,1,19.67,1.0,1.0,1.0,19.67,8.27,1.0,19.67,train
d0b2f9c9f13d9048969517d02237b432,2017-02-21 14:25:22,5.1671875,1,36.099999999999994,1.0,1.0,1.0,36.099999999999994,14.11,3.0,36.099999999999994,train
d0be859f85cda9d896ab14e4ffba955d,2018-02-15 19:51:05,0.002199074074074074,1,234.05,1.0,1.0,1.0,234.05,24.050000000000004,2.0,106.21,test
d0c62583f73531eba6338b2390e7a861,2018-05-22 09:07:01,257.91037037037034,1,141.23,1.0,1.0,1.0,141.23,21.330000000000002,5.0,98.85,test
d0c8fa169b9f2995d6a1692a0e3aae32,2017-12-29 18:56:31,0.0,1,295.79,1.0,1.0,1.0,295.79,43.79,3.0,83.92,train
d0e376592a3036444738ee6a426785c1,2018-01-28 18:04:29,1.1574074074074073e-05,1,87.73,1.0,1.0,1.0,87.73,8.3,2.0,91.58,test
d0e4eb7f19326cba84b20949f1c90393,2017-12-10 20:04:47,1.1574074074074073e-05,1,36.84,1.0,1.0,1.0,36.84,11.85,3.0,40.09,train
d0f6a442ee95ea8674c2d8ba325f41c0,2018-04-29 20:45:10,28.757037037037037,1,571.73,1.0,1.0,1.0,571.73,21.73,3.0,199.0,test
d1085381045ea6f88be5cc3e14c61e55,2017-05-21 20:01:24,0.0,1,45.69,1.0,1.0,1.0,45.69,15.79,1.0,86.38,train
d132b863416f85f2abb1a988ca05dd12,2018-04-30 20:24:53,259.2796875,1,496.18000000000006,2.0,2.0,1.0,496.18000000000006,26.28,3.0,541.0,test
d132b863416f85f2abb1a988ca05dd12,2018-07-21 19:57:05,81.98069444444444,2,1037.18,4.0,3.0,2.0,518.59,31.719999999999995,2.5,239.34,test
d16f2966cda34d01f661bfc50635edb2,2018-06-29 23:02:10,184.29489583333333,1,717.83,3.0,2.0,1.0,717.83,43.13,10.0,40.76,test
d1c1745d918b9661759fce57da31a2d4,2018-01-29 11:48:36,2.3148148148148147e-05,1,127.53,1.0,1.0,1.0,127.53,15.530000000000001,1.0,205.98,test
d21fb1e8aee69c608f5c2fb5b6c28cad,2018-05-06 17:04:16,71.31332175925925,1,107.99999999999997,3.0,1.0,1.0,107.99999999999997,45.29999999999998,1.0,195.4,test
d24e1d0902dac57dd313bcf4f9c80160,2018-04-23 09:14:33,269.94762731481484,1,59.85000000000001,1.0,1.0,1.0,59.85000000000001,11.849999999999998,4.0,109.17,test
d2560fea402745a0f20f542f829c6109,2017-06-12 23:43:30,3.8632407407407405,1,33.59,1.0,1.0,1.0,33.59,15.1,3.0,29.08,train
d26c616e241736e0c1c1ab14150239e7,2018-02-28 15:57:50,3.472222222222222e-05,1,175.9,1.0,1.0,1.0,175.9,18.000000000000004,1.0,201.09,test
d26c616e241736e0c1c1ab14150239e7,2018-05-15 13:04:20,75.8795138888889,2,376.99,2.0,2.0,2.0,188.495,20.044999999999998,1.0,202.79,test
d270eb25f6d487d94778d358b01c651f,2017-08-20 14:01:13,65.84939814814815,1,24.64,1.0,1.0,1.0,24.64,8.27,1.0,28.96,train
d27295915d486516b99c3aed8628e83b,2018-04-16 10:31:20,325.7229282407407,1,827.19,1.0,1.0,1.0,827.19,36.290000000000006,1.0,117.38,test
d277ef4a75c805239e54be86625e0722,2018-03-10 01:02:31,0.014016203703703704,1,80.33,1.0,1.0,1.0,80.33,15.330000000000002,8.0,110.55,test
d2787622df9fd933c164f7cf696a4e2a,2017-09-27 13:54:38,5.787037037037037e-05,1,108.86000000000001,1.0,1.0,1.0,108.86000000000001,28.96,1.0,233.75,train
d2c30c00f9787faf7349ea558c153613,2018-06-17 21:17:28,39.09658564814815,1,221.99,1.0,1.0,1.0,221.99,51.69,3.0,142.25,test
d2d3ed262b31f2bb50932fd0b1ab5df7,2017-05-04 15:49:08,2.3148148148148147e-05,1,99.14000000000001,1.0,1.0,1.0,99.14000000000001,19.15,9.0,210.03,train
d2ecc28fac1b377eefe7b209a895626a,2017-12-04 18:52:48,10.2675,1,729.7,4.0,2.0,1.0,729.7,61.699999999999996,9.0,453.76,train
d2f38262a9f66d15aa9fc2b60ea873d9,2017-06-02 10:25:23,133.8879398148148,1,101.14,1.0,1.0,1.0,101.14,11.239999999999998,1.0,69.33,train
d3359a56d96666ac0c21bb01e7a61c95,2017-08-24 22:39:15,1.1574074074074073e-05,1,104.13999999999999,1.0,1.0,1.0,104.13999999999999,12.14,8.0,45.44,train
d3359a56d96666ac0c21bb01e7a61c95,2018-01-12 20:23:42,140.90586805555554,2,149.58,2.0,2.0,2.0,74.79,12.309999999999999,6.0,124.28,test
d3359a56d96666ac0c21bb01e7a61c95,2018-03-21 18:59:56,67.9418287037037,3,273.86,3.0,3.0,3.0,91.28666666666668,12.300000000000002,5.666666666666667,154.52,test
d3581765bcf955dcf282b1642c74157c,2018-01-22 19:46:58,0.0,1,103.38,2.0,1.0,1.0,103.38,31.58,1.0,37.69,test
d366cfc097d250c153a712cebfc7d94a,2018-02-04 22:14:40,29.190277777777776,1,168.25,1.0,1.0,1.0,168.25,18.35,10.0,250.68,test
d3738b2218832d0397dbbceffa3f3514,2018-02-18 13:38:49,1.1574074074074073e-05,1,93.57000000000001,1.0,1.0,1.0,93.57000000000001,13.58,1.0,82.73,test
d375c3a3a6bff030c08c6d4109b3f226,2017-11-11 23:02:16,119.1393287037037,1,127.6,1.0,1.0,1.0,127.6,22.6,5.0,39.24,train
d37b5d5b492f667ea230e377a97fe859,2018-01-29 19:05:16,86.1075925925926,1,77.57,1.0,1.0,1.0,77.57,17.67,1.0,103.35,test
d3857f98166ef23ca95d44cbe9b1828c,2018-05-07 11:50:30,44.163842592592594,1,55.129999999999995,1.0,1.0,1.0,55.129999999999995,15.230000000000004,1.0,566.19,test
d387ea85dc301a91740e31360d355686,2018-03-26 08:30:55,61.9212962962963,1,833.0799999999999,2.0,1.0,1.0,833.0799999999999,35.08,3.0,419.67,test
d387ea85dc301a91740e31360d355686,2018-05-28 16:08:37,63.31784722222222,2,1252.75,3.0,2.0,2.0,626.375,27.875,2.5,38.13,test
d3882d7abd0c66064d740d7ed04dd1ef,2018-02-14 11:52:13,1.1574074074074073e-05,1,49.48,1.0,1.0,1.0,49.48,9.34,1.0,49.48,test
d3882d7abd0c66064d740d7ed04dd1ef,2018-02-14 11:52:13,0.0,2,98.96000000000001,2.0,2.0,2.0,49.480000000000004,9.34,1.0,37.34,test
d393419796111dfaf317ca354f6c30e6,2017-12-11 17:44:07,9.206342592592593,1,48.19,1.0,1.0,1.0,48.19,9.94,1.0,48.19,train
d3e6520dde5fda9917fb56ffc3066d66,2018-03-24 09:59:59,52.725335648148146,1,176.11,1.0,1.0,1.0,176.11,38.11,3.0,266.66,test
d3efd0ae3bee9c35f302e336aef87b99,2017-04-09 19:10:24,2.3148148148148147e-05,1,101.68,1.0,1.0,1.0,101.68,26.78,3.0,89.25,train
d42abb03c8796ea293a48772c24843c1,2018-02-10 20:50:32,205.20289351851852,1,116.23000000000002,1.0,1.0,1.0,116.23000000000002,16.33,3.0,94.31,test
d42d80a0e58167c0dbb59315c93788bc,2018-06-19 14:59:31,265.92716435185184,1,67.82,1.0,1.0,1.0,67.82,17.92,6.0,158.42,test
d43c6aa82fc6dc2c43d6813a4822081f,2018-01-14 16:08:40,9.906446759259259,1,62.64,1.0,1.0,1.0,62.64,12.69,1.0,42.58,test
d44ccec15f5f86d14d6a2cfa67da1975,2017-09-13 14:55:27,106.21936342592592,1,46.89999999999998,1.0,1.0,1.0,46.89999999999998,14.100000000000001,3.0,217.64,train
d44ccec15f5f86d14d6a2cfa67da1975,2017-11-10 13:55:00,57.958020833333336,2,264.54,2.0,2.0,2.0,132.27,16.369999999999997,2.5,87.81,train
d44f553a3663a6323c901cf1f0a47c87,2018-08-27 17:18:42,48.21041666666667,1,104.12,2.0,1.0,1.0,104.12,31.12,6.0,115.81,test
d451891847b64bb4cf9a40e9cfe1c7a2,2017-02-05 23:52:10,1.1574074074074073e-05,1,505.87999999999994,2.0,2.0,1.0,505.87999999999994,105.9,10.0,303.69,train
d4a5e9f19897de65433c9d97bf4b9f8e,2018-05-10 23:40:44,8.925625,1,260.73,1.0,1.0,1.0,260.73,30.73,2.0,175.02,test
d4a5e9f19897de65433c9d97bf4b9f8e,2018-07-17 23:36:52,67.99731481481481,2,435.7500000000001,2.0,2.0,2.0,217.87500000000006,23.375,1.5,201.16,test
d4bfdb188411b1d1fdd0a66e8017e8b4,2017-06-26 10:15:11,2.3148148148148147e-05,1,128.83,1.0,1.0,1.0,128.83,13.83,1.0,172.52,train
d4e5ada242c876e58b2dbbcfaa80d977,2018-04-07 19:32:15,207.31780092592592,1,54.09,1.0,1.0,1.0,54.09,14.100000000000001,1.0,145.78,test
d5419994a02a55d4b7cd00e77fabdbae,2017-12-06 19:32:40,32.932488425925925,1,203.67000000000007,1.0,1.0,1.0,203.67000000000007,12.840000000000003,4.0,1025.76,train
d55417a83a73d1702b43988e63f0731a,2018-04-24 19:42:23,0.42689814814814814,1,175.34,2.0,2.0,2.0,175.34,23.14,1.0,113.22,test
d567f29ec5fa447c99e949f337f3a35c,2017-12-15 23:25:04,114.42658564814815,1,63.0,1.0,1.0,1.0,63.0,15.100000000000001,1.0,101.34,train
d56ded4569dd9821b2f83710a56afbde,2017-08-17 00:57:24,1.1574074074074073e-05,1,99.11000000000001,1.0,1.0,1.0,99.11000000000001,12.11,8.0,90.88,train
d58760239457cc420d92744d97087921,2018-07-03 21:05:39,99.02680555555555,1,30.129999999999995,1.0,1.0,1.0,30.129999999999995,15.230000000000004,1.0,247.86,test
d5b4fce33a7ef8e6025bff334e6bbf1d,2018-05-29 21:08:28,39.37645833333333,1,131.75,1.0,1.0,1.0,131.75,19.75,10.0,96.47,test
d5ca668597a3b40c1e527db8c761f03c,2018-02-26 17:35:24,1.1574074074074073e-05,1,26.070000000000007,1.0,1.0,1.0,26.070000000000007,9.27,1.0,45.17,test
d5f79f616536f08c3946ee6ac810a43a,2017-10-03 16:44:16,160.2370601851852,1,80.48,1.0,1.0,1.0,80.48,16.150000000000002,5.0,87.64,train
d60483078c0c81748581f80d355bbcba,2018-07-09 11:48:34,96.21859953703704,1,287.82000000000005,1.0,1.0,1.0,287.82000000000005,8.819999999999999,2.0,203.52,test
d64023c35e5c1452ce568e993ac12c86,2018-04-10 08:17:31,48.99546296296296,1,122.00999999999999,1.0,1.0,1.0,122.00999999999999,23.009999999999998,1.0,123.82,test
d64023c35e5c1452ce568e993ac12c86,2018-06-18 21:29:52,69.55024305555555,2,245.82999999999998,2.0,2.0,2.0,122.91499999999999,23.915,1.5,34.81,test
d649357bd5b1b116bf9662f41259db37,2018-08-22 18:03:39,0.0,1,90.20000000000002,1.0,1.0,1.0,90.20000000000002,13.2,4.0,92.03,test
d65921a138c59000aff343f8c991b896,2018-05-29 13:28:56,165.09966435185186,1,140.49000000000004,1.0,1.0,1.0,140.49000000000004,50.50000000000001,1.0,203.08,test
d66f438b3fcdcf22e7224aaeaf525443,2017-11-24 15:04:38,86.93670138888889,1,123.56,2.0,2.0,1.0,123.56,15.559999999999999,2.0,46.78,train
d6903bc66ac9ae94d0bec00ea5c39568,2018-05-22 10:22:36,305.99194444444447,1,133.08000000000004,1.0,1.0,1.0,133.08000000000004,13.179999999999998,3.0,138.26,test
d6caf670c8bf91aed723f242cafb71c8,2018-05-04 21:18:05,295.0681134259259,1,79.62000000000002,2.0,2.0,2.0,79.62000000000002,40.72,4.0,107.8,test
d6db3091e8c13023bf1e6d367b8c0847,2018-07-19 13:55:05,409.16907407407405,1,42.11,1.0,1.0,1.0,42.11,16.11,1.0,88.17,test
d6df1c8cb71c59d9b52d828dc6d0f5b3,2018-04-19 08:26:03,1.1574074074074073e-05,1,74.94,1.0,1.0,1.0,74.94,22.94,1.0,74.94,test
d6df1c8cb71c59d9b52d828dc6d0f5b3,2018-04-19 08:26:03,0.0,2,149.88,2.0,2.0,2.0,74.94,22.940000000000005,1.0,74.94,test
d74572d564d4ddc3cf3d286fdb4145eb,2018-07-16 14:13:44,0.0,1,92.30000000000001,1.0,1.0,1.0,92.30000000000001,37.300000000000004,5.0,96.32,test
d753459418d268407f19b64be28e3c5a,2017-01-05 13:43:17,0.00988425925925926,1,19.62,1.0,1.0,1.0,19.62,8.72,1.0,18.62,train
d75a854dd5534f42bfac3299ac2d0b33,2018-03-13 22:41:06,303.99278935185185,1,263.52,3.0,1.0,1.0,263.52,98.52000000000001,10.0,212.75,test
d75acd4c5b7b4dfd32b9d9172b195419,2018-04-07 15:24:30,11.055543981481481,1,152.62,3.0,3.0,3.0,152.62,29.619999999999997,10.0,54.72,test
d75acd4c5b7b4dfd32b9d9172b195419,2018-06-04 19:10:05,58.156655092592594,2,207.34,4.0,4.0,4.0,103.67,19.220000000000002,7.5,102.97,test
d7624d219b6ffad980e91412174db310,2017-04-05 17:58:30,3.472222222222222e-05,1,22.949999999999996,1.0,1.0,1.0,22.949999999999996,10.96,2.0,23.46,train
d7624d219b6ffad980e91412174db310,2017-04-05 17:58:31,1.1574074074074073e-05,2,46.41,2.0,2.0,2.0,23.205,10.96,2.0,41.34,train
d77aa95864ae5b42160937615628723a,2017-08-29 22:38:40,0.0020601851851851853,1,1225.05,1.0,1.0,1.0,1225.05,25.05,12.0,1225.05,train
d7a86208b8dd2e697ddf825c386a0402,2017-12-17 19:36:19,93.0197337962963,1,192.75,1.0,1.0,1.0,192.75,12.759999999999998,1.0,87.05,train
d7a9f47a1c943e087a775dc2f9d43eb3,2018-04-17 16:07:29,77.82469907407408,1,99.43,1.0,1.0,1.0,99.43,9.439999999999998,4.0,27.38,test
d7b402c756be57180fa0df36f58d8b7f,2017-07-10 12:19:10,1.1574074074074073e-05,1,61.05000000000001,1.0,1.0,1.0,61.05000000000001,15.1,3.0,70.12,train
d7b4f3c9c89ba771ef099693c61d7085,2017-12-13 13:52:38,299.9142013888889,1,67.53,1.0,1.0,1.0,67.53,18.629999999999995,1.0,43.1,train
d7bf7cfe09c3d0f40e1cabde2dc17fd4,2018-06-28 18:11:28,183.9912037037037,1,29.769999999999982,1.0,1.0,1.0,29.769999999999982,7.779999999999998,1.0,328.72,test
d7c6335139cb055ed0ce1125ddc788d8,2017-11-28 14:05:09,155.07056712962964,1,79.19999999999999,1.0,1.0,1.0,79.19999999999999,14.2,1.0,299.76,train
d7c6bdf20c4ec9c9cda815dde58e778a,2017-06-15 16:46:30,0.0,1,35.09,1.0,1.0,1.0,35.09,15.1,3.0,75.16,train
d7e0432688bbd72d3567568903f6117c,2018-01-31 14:24:07,17.934641203703702,1,103.14000000000001,1.0,1.0,1.0,103.14000000000001,16.239999999999995,1.0,116.78999999999999,test
d8079e13179a4ba20a2d06c42e713ff9,2017-10-29 18:36:22,1.1574074074074073e-05,1,84.22999999999999,1.0,1.0,1.0,84.22999999999999,14.239999999999998,1.0,106.78,train
d815021b4d2400e191b912e96d494b2a,2017-07-28 22:34:20,1.1574074074074073e-05,1,81.12,1.0,1.0,1.0,81.12,15.220000000000002,3.0,78.1,train
d821b0981be9795c42ff1b2dece149cb,2017-12-24 13:52:04,1.360486111111111,1,194.85,1.0,1.0,1.0,194.85,14.860000000000001,10.0,31.75,train
d83257348027bd8c59a228cc034de5e3,2018-06-11 17:36:32,328.9379398148148,1,128.04,1.0,1.0,1.0,128.04,13.14,3.0,69.69,test
d87cd982d4b793abe00c75c000c89237,2017-12-11 09:13:28,1.1574074074074073e-05,1,94.69,1.0,1.0,1.0,94.69,17.79,3.0,70.13,train
d8a89dc47bde7dc0b83a3434cc017ee1,2017-11-06 21:40:01,241.56184027777778,1,250.46,1.0,1.0,1.0,250.46,30.47,10.0,254.04,train
d8ad2c0c09bb419ee20bbbda66ed6d9c,2018-03-16 18:47:20,305.98230324074075,1,81.63,1.0,1.0,1.0,81.63,11.73,2.0,42.39,test
d8ca95d946a44bf4af460bc5eea8c00f,2018-05-16 16:50:24,51.0952662037037,1,173.52000000000004,2.0,2.0,1.0,173.52000000000004,25.92,2.0,60.39,test
d8dc373219d0f95053c8d65df85a7f1c,2018-08-08 16:54:04,56.622708333333335,1,242.48,3.0,2.0,1.0,242.48,43.599999999999994,10.0,77.41,test
d8e4bf349af9df104faeef494ad2c6de,2017-10-03 11:02:27,28.66516203703704,1,85.16000000000001,1.0,1.0,1.0,85.16000000000001,25.26,1.0,69.33,train
d8f3c4f441a9b59a29f977df16724f38,2018-08-24 17:52:59,582.864363425926,1,107.57999999999998,3.0,1.0,1.0,107.57999999999998,32.88,1.0,50.93,test
d8f979fcfc0ce686f6abf5af5f5217d4,2017-10-19 17:59:01,160.4166550925926,1,180.27,1.0,1.0,1.0,180.27,43.36999999999999,4.0,192.35,train
d92462d83762d5e5c112bccc344119e6,2017-11-22 11:39:00,0.0,1,66.05,1.0,1.0,1.0,66.05,34.15,6.0,90.71,train
d927267e54f07b9e0fd408d2f840024c,2017-05-15 20:46:00,0.0,1,108.19000000000003,1.0,1.0,1.0,108.19000000000003,18.199999999999996,1.0,168.54,train
d970a2354b55cfb67fa5840b9b4936ed,2018-07-29 18:17:11,145.961875,1,131.81,1.0,1.0,1.0,131.81,26.81,1.0,128.87,test
d97b3cfb22b0d6b25ac9ed4e9c2d481b,2017-10-17 13:06:30,1.1574074074074073e-05,1,853.95,11.0,6.0,2.0,853.95,138.86,3.0,190.18,train
d9ad5b8ce105bd3baced4648987fbbfc,2018-05-21 11:08:51,48.59216435185185,1,310.29,1.0,1.0,1.0,310.29,10.389999999999999,1.0,44.44,test
d9d038353abdad5717e9d11c1748736d,2017-08-06 12:19:52,2.3148148148148147e-05,1,63.999999999999986,1.0,1.0,1.0,63.999999999999986,14.1,6.0,84.14,train
d9e6c750121d4d84ba6f2cdc6cc80008,2017-12-25 13:09:24,30.974907407407407,1,20.849999999999994,1.0,1.0,1.0,20.849999999999994,11.850000000000001,1.0,135.08,train
d9e97e176fab9b275f9665eef6151a7b,2018-05-06 19:11:35,144.9280787037037,1,31.659999999999997,1.0,1.0,1.0,31.659999999999997,15.100000000000001,1.0,144.96,test
da0440138fea4368af70b5cb01126a9c,2017-08-24 19:06:43,0.0,1,70.72,1.0,1.0,1.0,70.72,11.73,4.0,114.22,train
da122df9eeddfedc1dc1f5349a1a690c,2017-04-01 15:58:41,1.1574074074074073e-05,1,4950.34,1.0,1.0,1.0,4950.34,151.34,10.0,2621.29,train
da1e7179b9c5a1494d78528cbcf05aa0,2017-11-09 11:20:34,173.88037037037037,1,76.07999999999993,1.0,1.0,1.0,76.07999999999993,16.18,7.0,1391.79,train
da29b8a3970adddb9ed2dc8a492065af,2017-09-18 12:37:24,89.99773148148148,1,110.42000000000002,1.0,1.0,1.0,110.42000000000002,15.42,5.0,35.0,train
da2b78576894a7f95d45bfd20250cc54,2017-05-22 17:54:01,96.13640046296297,1,50.86,1.0,1.0,1.0,50.86,10.959999999999999,5.0,57.72,train
da2b78576894a7f95d45bfd20250cc54,2017-12-04 17:01:06,195.9632523148148,2,108.57999999999998,2.0,2.0,2.0,54.28999999999999,12.165,5.0,300.12,train
da5bbfd583efb762f6fda762f1aaf4a9,2017-04-25 22:46:05,96.47162037037037,1,44.019999999999996,1.0,1.0,1.0,44.019999999999996,14.52,1.0,89.7,train
da8198ea45b815ac5588df1dc7f66661,2018-02-15 12:54:56,2.892210648148148,1,87.22,1.0,1.0,1.0,87.22,12.23,1.0,87.22,test
da8618694dda57a7eb9be2611e110f35,2018-07-19 12:04:10,0.0,1,159.16,1.0,1.0,1.0,159.16,20.16,3.0,159.16,test
da8ac849037c7201a41a4db0b1fa963e,2018-05-27 14:58:45,425.2721875,1,363.06000000000006,1.0,1.0,1.0,363.06000000000006,13.060000000000002,10.0,364.89,test
da8f764b90a3b800f31d093c22cd3074,2018-01-05 15:07:53,40.55454861111111,1,97.92000000000002,1.0,1.0,1.0,97.92000000000002,12.93,3.0,193.18,test
da938ecdfde4d90f6c247bfa5233c66a,2017-07-14 13:12:09,25.93835648148148,1,105.47999999999999,1.0,1.0,1.0,105.47999999999999,12.149999999999999,5.0,129.59,train
daa7bbf7016cc30bf64f97d1db63e5e6,2017-07-14 14:04:02,0.19564814814814815,1,26.430000000000007,1.0,1.0,1.0,26.430000000000007,12.48,1.0,56.78,train
dad9e634284872d012677965e512b57d,2018-06-13 08:50:25,89.90241898148147,1,84.47999999999999,1.0,1.0,1.0,84.47999999999999,14.580000000000002,2.0,202.98,test
daf8072197465eabacb942e6f644585a,2017-08-12 20:40:18,0.0,1,31.730000000000004,1.0,1.0,1.0,31.730000000000004,11.73,1.0,28.78,train
db03954a9a1cc5e71f6e0f73e81a628c,2017-09-21 22:11:37,4.159247685185186,1,246.35999999999999,1.0,1.0,1.0,246.35999999999999,17.36,5.0,171.29,train
db03954a9a1cc5e71f6e0f73e81a628c,2017-10-05 16:48:28,13.775590277777777,2,417.6500000000001,2.0,2.0,2.0,208.82500000000005,21.825,4.5,158.29,train
db07fd2ad9869f8356b1fbeefdac31e8,2017-12-21 13:31:15,4.064976851851852,1,42.78,1.0,1.0,1.0,42.78,7.780000000000001,1.0,128.34,train
db07fd2ad9869f8356b1fbeefdac31e8,2018-03-23 23:40:39,92.42319444444445,2,171.12,4.0,2.0,2.0,85.56,15.559999999999999,1.0,92.68,test
db094faaa9628ba9f5e5da127407f139,2018-06-26 16:44:39,1.2522569444444445,1,131.69,1.0,1.0,1.0,131.69,60.790000000000006,5.0,38.04,test
db539c729198334582efc7b53c803c79,2017-04-04 00:30:54,1.011226851851852,1,33.10000000000001,1.0,1.0,1.0,33.10000000000001,14.11,1.0,66.99,train
db856e8cb7586dd746d36ee69f7dbe68,2018-03-26 15:54:38,79.8205787037037,1,61.8,1.0,1.0,1.0,61.8,11.85,1.0,94.58,test
db8e4be2382fc04a998f0f1875767ee1,2018-07-18 18:25:54,0.0,1,167.14,1.0,1.0,1.0,167.14,19.14,1.0,147.0,test
dbc19912d7a5ce777b71178146f803f8,2018-04-08 19:09:35,10.044884259259259,1,67.29000000000002,1.0,1.0,1.0,67.29000000000002,8.29,6.0,32.38,test
dbdfcd1e9de47452f3c9b0229bc0edc3,2017-10-09 10:54:15,1.1574074074074073e-05,1,66.01000000000002,1.0,1.0,1.0,66.01000000000002,16.11,5.0,221.79,train
dc0274a25d881c813da7d55b7faace37,2018-02-15 08:21:05,1.1574074074074073e-05,1,32.63,1.0,1.0,1.0,32.63,17.63,1.0,33.73,test
dc1dac999319e4de0009df7ad0d02104,2017-05-24 21:43:53,0.0,1,85.14,1.0,1.0,1.0,85.14,15.24,3.0,40.0,train
dc1e294dceea9fbe6bd8646954e03c95,2018-02-03 01:07:02,4.387384259259259,1,79.0,1.0,1.0,1.0,79.0,18.0,1.0,282.67,test
dc450fdb03562a6d52752858f7855348,2017-02-16 14:56:07,6.119305555555556,1,464.29,2.0,2.0,1.0,464.29,44.49,8.0,62.56,train
dc48b0a1b0e6abb6586f322c189f6b93,2017-11-28 21:19:11,194.31256944444445,1,63.81999999999999,1.0,1.0,1.0,63.81999999999999,17.92,6.0,129.95,train
dc48b0a1b0e6abb6586f322c189f6b93,2018-08-20 23:18:27,265.0828240740741,2,193.76999999999998,2.0,2.0,2.0,96.88499999999999,13.985,8.0,133.62,test
dc6502a8fc5ef5239994a36192e7a0ca,2018-05-09 13:33:16,198.56125,1,176.2,1.0,1.0,1.0,176.2,36.3,4.0,199.44,test
dc813062e0fc23409cd255f7f53c7074,2017-10-06 23:23:02,97.79214120370371,1,336.6,4.0,1.0,1.0,336.6,136.6,10.0,99.03,train
dc813062e0fc23409cd255f7f53c7074,2017-11-13 21:50:45,37.93591435185185,2,435.63,5.0,2.0,2.0,217.815,81.82,7.5,303.02,train
dc813062e0fc23409cd255f7f53c7074,2017-11-14 12:09:35,0.596412037037037,3,738.65,8.0,3.0,3.0,246.21666666666667,80.21666666666668,12.0,134.03,train
dc813062e0fc23409cd255f7f53c7074,2017-11-25 18:35:17,11.267847222222223,4,872.68,9.0,4.0,4.0,218.17,67.44500000000001,11.5,99.87,train
dc813062e0fc23409cd255f7f53c7074,2018-08-23 00:07:26,270.23065972222224,5,972.5499999999998,10.0,5.0,5.0,194.50999999999996,59.736000000000004,11.0,122.08,test
dc858be5b0bb881c067192937bf4ff78,2018-01-31 23:31:42,2.3148148148148147e-05,1,73.03,1.0,1.0,1.0,73.03,14.13,1.0,31.75,test
dca9a13536adcef18c6c5859487347b1,2018-03-17 12:52:37,80.73042824074074,1,62.14999999999998,1.0,1.0,1.0,62.14999999999998,16.25,1.0,374.93,test
dcae10a371a35e87b7e88b8724a7bbea,2017-10-18 12:16:29,13.914965277777778,1,63.099999999999994,1.0,1.0,1.0,63.099999999999994,14.099999999999998,1.0,79.56,train
dcc9c0fd8dbf091ca2965710ef45c16c,2017-07-22 22:38:47,9.062349537037036,1,24.090000000000003,1.0,1.0,1.0,24.090000000000003,15.1,1.0,96.42,train
dcd27efb93b723b301f8bac00e5d7e01,2018-05-14 09:11:00,11.7296875,1,212.51999999999998,1.0,1.0,1.0,212.51999999999998,15.72,1.0,109.38,test
dce6dc77c19d239bfbe9d77dd4d0ef98,2018-05-02 18:40:32,69.3605324074074,1,83.41,1.0,1.0,1.0,83.41,13.509999999999998,1.0,104.43,test
dcee1e44ded6f1bfc5b4988d771243da,2017-12-04 17:48:47,6.3456018518518515,1,61.27999999999997,1.0,1.0,1.0,61.27999999999997,42.38,6.0,732.29,train
dd20866f2a6d0f83a61cf8887a09528d,2018-08-06 16:30:01,6.179421296296296,1,101.25000000000001,1.0,1.0,1.0,101.25000000000001,23.35,10.0,113.8,test
dd25b514ee922669e5de2d638199a3e3,2018-01-12 10:31:30,45.97222222222222,1,90.97999999999999,1.0,1.0,1.0,90.97999999999999,18.08,3.0,106.97,test
dd47740f3c285d15d8c9c72fc204e78a,2018-07-12 21:38:26,315.1234837962963,1,38.00999999999999,1.0,1.0,1.0,38.00999999999999,8.11,3.0,166.04,test
dd6ca4bccbd21803d32139af5b908fd7,2017-12-12 20:58:29,89.19464120370371,1,60.0,1.0,1.0,1.0,60.0,15.100000000000001,1.0,96.22,train
dd6e665621eca3de5e37b072f7d50f0c,2017-09-27 16:05:45,53.94111111111111,1,130.8,1.0,1.0,1.0,130.8,58.89999999999999,6.0,63.16,train
dd7b0e9b51e5377bd9c1fd3e286c7b9d,2018-02-26 12:42:32,41.035266203703706,1,20.09,1.0,1.0,1.0,20.09,14.1,1.0,20.09,test
dd8253fe17486f2e2cbff105e36e4a55,2018-01-15 09:33:37,23.02925925925926,1,31.850000000000023,1.0,1.0,1.0,31.850000000000023,11.850000000000001,1.0,834.12,test
dd8c586651f9232e473ad86cf89c143f,2017-04-20 13:07:05,1.1574074074074073e-05,1,68.55,1.0,1.0,1.0,68.55,14.55,6.0,43.42,train
dd9b235dbe7d48c82caca4da097a2240,2018-05-16 10:58:56,14.863599537037038,1,93.82,1.0,1.0,1.0,93.82,13.920000000000002,1.0,392.89,test
ddcbd9c87bce192fc14812129a7894da,2018-03-31 00:14:39,45.95128472222222,1,195.01,1.0,1.0,1.0,195.01,15.009999999999998,2.0,275.19,test
ddeb6f3566dcf17cb455271ac103a73f,2018-01-31 10:07:09,28.977233796296296,1,290.72,1.0,1.0,1.0,290.72,41.72999999999999,8.0,133.77,test
de226a12fac20b56580d731ec8ab8623,2018-06-24 13:18:56,107.88754629629629,1,56.22,1.0,1.0,1.0,56.22,16.319999999999997,5.0,136.95,test
de34b16117594161a6a89c50b289d35a,2017-11-05 15:24:14,2.6303472222222224,1,307.26,1.0,1.0,1.0,307.26,13.259999999999998,4.0,36.78,train
de34b16117594161a6a89c50b289d35a,2017-11-15 22:46:07,10.306863425925926,2,344.03999999999996,2.0,2.0,2.0,172.01999999999998,10.52,2.5,56.78,train
de34b16117594161a6a89c50b289d35a,2018-01-11 19:20:51,56.857453703703705,3,400.82000000000005,3.0,3.0,3.0,133.60666666666668,9.606666666666667,2.0,72.78,test
de34b16117594161a6a89c50b289d35a,2018-01-17 23:34:21,6.176041666666666,4,473.6,4.0,4.0,4.0,118.4,9.15,2.0,56.78,test
de73179fb08ccaa16bfbf6c139879855,2018-06-18 17:47:59,132.90425925925925,1,65.16999999999999,1.0,1.0,1.0,65.16999999999999,35.67,5.0,63.97,test
de7cad0a39eabfa2285ef0b891ef404a,2017-07-31 23:07:04,1.1574074074074073e-05,1,61.8,1.0,1.0,1.0,61.8,11.849999999999998,6.0,14.78,train
de8ce480b6119f2835ce8ad07c326793,2018-04-03 17:55:34,245.78395833333335,1,50.72,1.0,1.0,1.0,50.72,8.719999999999999,1.0,216.1,test
dec5217f924eab1dae338b9b54f53558,2018-02-20 13:34:41,62.58744212962963,1,31.749999999999986,1.0,1.0,1.0,31.749999999999986,11.850000000000001,1.0,112.71,test
dec8632530ce2c58e688e63cbc5105e6,2017-12-10 11:02:56,119.98523148148148,1,295.72,1.0,1.0,1.0,295.72,26.72,5.0,30.64,train
ded4351942c7fc292b88e5b090af2b46,2018-08-06 11:32:42,120.88625,1,162.85,1.0,1.0,1.0,162.85,7.949999999999999,10.0,134.83,test
dee6a650840de087ac42c4367bc9baf3,2018-01-12 16:19:31,4.6296296296296294e-05,1,285.0199999999999,1.0,1.0,1.0,285.0199999999999,35.019999999999996,10.0,306.54,test
df1f61c43368a8ed99dc76b43594fc4b,2017-10-26 19:14:52,1.1574074074074073e-05,1,215.56,2.0,2.0,1.0,215.56,35.76,4.0,26.0,train
df2a9226267aa1598b499b3ea09fcf60,2018-07-14 17:40:59,15.037037037037036,1,120.65,1.0,1.0,1.0,120.65,20.65,4.0,120.65,test
df5ff0c899dd19ed568e3e0f716cbe20,2018-04-23 14:31:55,53.49759259259259,1,170.76,1.0,1.0,1.0,170.76,30.82,3.0,170.76,test
df946ef265626b1e0a425292815ddead,2017-08-01 13:45:24,10.62443287037037,1,26.769999999999996,1.0,1.0,1.0,26.769999999999996,7.78,1.0,97.87,train
df946ef265626b1e0a425292815ddead,2017-08-01 13:45:24,0.0,2,124.64,2.0,2.0,2.0,62.32,7.83,1.0,27.77,train
df9bd60da4a8f8945d2b862aebd3d418,2017-07-06 10:23:06,0.0,1,66.72,1.0,1.0,1.0,66.72,11.73,1.0,27.77,train
dff33bfc45ae0becc55ce9b50acd4073,2018-02-19 16:49:20,152.2278472222222,1,638.66,2.0,1.0,1.0,638.66,96.86000000000001,1.0,637.11,test
dff41d762e4e7b68b73af7203a429072,2017-08-25 23:07:34,1.1574074074074073e-05,1,60.0,2.0,1.0,1.0,60.0,28.199999999999996,1.0,54.0,train
dff5ff8f411dd1d77875f7e17a3eb512,2017-09-27 20:04:09,46.032233796296296,1,31.749999999999986,1.0,1.0,1.0,31.749999999999986,11.850000000000001,3.0,112.71,train
dffdc8e60eab79300b75d9febd9eec46,2018-03-18 12:22:33,0.0,1,17.379999999999995,1.0,1.0,1.0,17.379999999999995,7.390000000000001,1.0,32.69,test
e016365b624d1755f3e2d0e8f1631ebb,2018-02-16 17:59:43,270.14332175925927,1,98.68999999999997,1.0,1.0,1.0,98.68999999999997,25.789999999999996,9.0,249.08,test
e016365b624d1755f3e2d0e8f1631ebb,2018-02-16 17:59:44,1.1574074074074073e-05,2,347.77,2.0,2.0,2.0,173.885,26.939999999999998,5.0,87.8,test
e0233c751408137ec5cdde0c37e6a61a,2017-12-16 00:46:18,211.04917824074073,1,234.31000000000003,1.0,1.0,1.0,234.31000000000003,34.32,4.0,60.85,train
e031118eb65330b4c180522f2743cf51,2017-06-01 16:05:29,1.1574074074074073e-05,1,76.07999999999998,1.0,1.0,1.0,76.07999999999998,16.18,1.0,204.25,train
e05757dc57fc38f5156c82e9e4444f8f,2018-01-22 16:33:37,55.018310185185186,1,335.30999999999995,1.0,1.0,1.0,335.30999999999995,106.31,6.0,309.28,test
e06e62694cd8ce637a1c3f4a624c647e,2017-08-30 11:14:51,133.8125,1,332.48,1.0,1.0,1.0,332.48,22.49,4.0,331.4,train
e079b18794454de9d2be5c12b4392294,2017-06-14 18:52:29,0.014293981481481482,1,134.25,2.0,2.0,1.0,134.25,32.269999999999996,8.0,303.53,train
e0836a97eaae86ac4adc26fbb334a527,2018-07-30 07:41:38,33.73498842592593,1,22.36,1.0,1.0,1.0,22.36,7.87,1.0,22.36,test
e0836a97eaae86ac4adc26fbb334a527,2018-08-27 09:54:35,28.09232638888889,2,44.72,2.0,2.0,2.0,22.36,7.869999999999999,1.0,43.55,test
e09e509936d44d03ec876c40b0f6dd3f,2018-04-18 11:33:24,120.05179398148148,1,55.089999999999996,1.0,1.0,1.0,55.089999999999996,15.099999999999998,4.0,53.13,test
e0a435b6106cae0bc42a2cef0565b622,2017-10-10 16:27:48,57.244560185185186,1,48.62,1.0,1.0,1.0,48.62,8.72,1.0,54.62,train
e0c99ffdcd8891130985ac90cd2d8eec,2017-08-22 20:29:26,33.92143518518518,1,260.16999999999996,1.0,1.0,1.0,260.16999999999996,66.17,2.0,230.83,train
e0c99ffdcd8891130985ac90cd2d8eec,2017-09-26 10:03:10,34.56509259259259,2,491.0,2.0,2.0,2.0,245.5,60.004999999999995,1.5,97.71000000000001,train
e0ec2e3c3f6e06839e8fb986be65c7c5,2017-10-29 15:26:18,1.1574074074074073e-05,1,31.77000000000001,1.0,1.0,1.0,31.77000000000001,7.779999999999999,3.0,99.43,train
e10b68125f54adc15562b1fa412e655a,2018-01-09 06:05:58,217.33587962962963,1,62.68000000000001,1.0,1.0,1.0,62.68000000000001,12.689999999999998,6.0,84.88,test
e11a1b428e150830944b665cb6b2d5da,2017-12-18 20:09:35,52.90650462962963,1,140.49,1.0,1.0,1.0,140.49,50.5,2.0,280.98,train
e1224167b1a3f92781c2ff55b0b794be,2018-02-13 21:20:34,73.89341435185185,1,107.36,1.0,1.0,1.0,107.36,14.259999999999998,2.0,17.28,test
e1224167b1a3f92781c2ff55b0b794be,2018-02-15 15:11:35,1.7437615740740742,2,124.64000000000001,2.0,2.0,2.0,62.32000000000001,11.02,1.5,16.78,test
e12f7f1e96f1f9f6361572028a1fad5a,2017-09-16 14:55:03,27.120833333333334,1,96.22000000000003,1.0,1.0,1.0,96.22000000000003,16.32,1.0,316.76,train
e12f7f1e96f1f9f6361572028a1fad5a,2017-10-30 12:09:05,43.88474537037037,2,412.98,2.0,2.0,2.0,206.49,16.59,1.0,316.76,train
e13e8b789e5a8e6fe1445f924a4ed4f6,2018-06-01 13:39:44,0.0,1,42.55,1.0,1.0,1.0,42.55,17.06,1.0,42.55,test
e13e8b789e5a8e6fe1445f924a4ed4f6,2018-06-01 13:39:44,0.0,2,85.1,2.0,2.0,2.0,42.55,17.059999999999995,1.0,42.55,test
e1407f4d2fd92ed069307bb0b836615a,2018-03-13 06:48:40,1.1574074074074073e-05,1,609.99,2.0,1.0,1.0,609.99,40.0,4.0,263.1,test
e14705d2e06ab8ee7c665f21c72f874f,2017-11-17 08:56:41,190.01244212962962,1,131.56,1.0,1.0,1.0,131.56,15.56,1.0,175.87,train
e14b8cd578c1f576594719bce2ee1aa2,2018-03-15 15:09:18,297.81238425925926,1,67.63,1.0,1.0,1.0,67.63,17.63,1.0,50.23,test
e18cd71e54e44b7cedb7991214b691a5,2018-01-15 00:25:08,0.0,1,49.33,1.0,1.0,1.0,49.33,9.34,2.0,49.33,test
e1b59a2032b34097d0c1c8d320f40832,2017-12-03 22:53:14,311.0381134259259,1,251.81999999999996,1.0,1.0,1.0,251.81999999999996,21.92,3.0,66.6,train
e1cc1be2730188040748affa422b2803,2018-03-20 14:01:59,201.76252314814815,1,36.75,1.0,1.0,1.0,36.75,11.85,1.0,55.47,test
e1cf735f320c9870c2046dbbc634fcec,2017-02-23 16:55:51,0.0,1,50.94999999999999,1.0,1.0,1.0,50.94999999999999,10.960000000000004,1.0,107.0,train
e208e280c8d8debab258793b0ce264ba,2018-04-25 15:57:14,3.9583796296296296,1,38.129999999999995,1.0,1.0,1.0,38.129999999999995,18.23,1.0,168.49,test
e219a439f6ca99e32824bcc7153969c9,2018-07-18 17:18:04,468.82684027777776,1,243.82999999999998,1.0,1.0,1.0,243.82999999999998,34.83,3.0,98.68,test
e2226f481eef03f2876d1a27f0f4b1b0,2017-08-28 15:14:21,0.0,1,619.93,1.0,1.0,1.0,619.93,20.93,1.0,91.96,train
e225b3c270984a8097a136089a11aea9,2018-01-16 09:55:52,0.0,1,102.66000000000001,1.0,1.0,1.0,102.66000000000001,12.76,3.0,112.39,test
e226254ce0c6d5b7a7ef7218c9b5b518,2017-12-05 09:21:51,184.50024305555556,1,128.56,1.0,1.0,1.0,128.56,18.660000000000004,10.0,115.8,train
e226254ce0c6d5b7a7ef7218c9b5b518,2018-05-08 19:38:58,154.42855324074074,2,244.36,2.0,2.0,2.0,122.18,24.779999999999998,5.5,406.26,test
e23daf58ce481f3d38066e654ef610cb,2017-03-01 08:08:10,15.676018518518518,1,49.52,1.0,1.0,1.0,49.52,14.52,2.0,49.52,train
e2439c7b04c3500e7a4aa7a208e78f70,2018-06-04 18:50:01,20.636886574074072,1,86.58,2.0,1.0,1.0,86.58,14.779999999999998,1.0,51.39,test
e246473a236ca29747182e7986dbdb7a,2018-01-30 15:18:07,134.0052662037037,1,594.4,2.0,1.0,1.0,594.4,38.4,1.0,592.18,test
e2492e4188991b6276a4a62a287a5451,2018-02-06 08:38:54,4.990729166666667,1,247.03999999999996,2.0,1.0,1.0,247.03999999999996,31.04,1.0,146.36,test
e2492e4188991b6276a4a62a287a5451,2018-04-10 08:52:51,63.0096875,2,393.4,3.0,2.0,2.0,196.7,26.2,1.0,243.4,test
e271fa40aa8fea4e0f304b3768b65d6a,2018-05-09 19:23:46,9.810127314814816,1,612.54,1.0,1.0,1.0,612.54,12.55,8.0,612.54,test
e2889baccec81ed3bed4d66c1c675cb2,2017-11-27 12:29:29,188.05859953703703,1,105.28000000000002,1.0,1.0,1.0,105.28000000000002,15.380000000000003,5.0,116.33,train
e2af42f42a86805055a8e71af58ee71e,2017-11-04 20:54:50,161.30881944444445,1,64.0,1.0,1.0,1.0,64.0,15.1,2.0,44.09,train
e2c483395f5aa739622936a3e826921d,2017-02-14 18:12:12,1.1574074074074073e-05,1,237.59000000000003,1.0,1.0,1.0,237.59000000000003,17.689999999999998,8.0,473.1,train
e2c87a07e54c863d60af789a9233bdb5,2018-02-23 14:15:52,220.92221064814814,1,190.41999999999996,2.0,1.0,1.0,190.41999999999996,30.619999999999997,4.0,101.25,test
e2ce734f0bd635b4b82317b5e5fcd152,2017-11-01 15:25:12,2.3148148148148147e-05,1,71.13000000000001,1.0,1.0,1.0,71.13000000000001,16.139999999999997,2.0,89.17,train
e301216623168d227eb0b0a3aabb1e62,2018-01-14 21:10:49,1.1574074074074073e-05,1,116.70000000000002,1.0,1.0,1.0,116.70000000000002,17.14,1.0,106.97,test
e30b83af13d6ff0b0f427b2a67c43b39,2017-05-07 17:31:09,108.11993055555556,1,480.46000000000004,3.0,3.0,1.0,480.46000000000004,46.96,10.0,89.15,train
e30b83af13d6ff0b0f427b2a67c43b39,2017-11-28 10:44:35,204.71766203703703,2,569.6099999999999,4.0,4.0,2.0,284.80499999999995,30.605,7.0,271.54,train
e325e139452a1ca05f5a33acedd7d94f,2017-11-27 11:33:51,0.0,1,102.23,1.0,1.0,1.0,102.23,12.330000000000002,2.0,89.67,train
e325e139452a1ca05f5a33acedd7d94f,2018-01-04 10:16:03,37.945972222222224,2,191.89999999999998,2.0,2.0,2.0,95.94999999999999,11.05,2.0,112.3,test
e3301490c373db9263c15a73172d0c6f,2017-04-20 11:56:40,21.822534722222223,1,129.9,1.0,1.0,1.0,129.9,15.91,10.0,192.33,train
e3301490c373db9263c15a73172d0c6f,2017-04-20 11:56:40,0.0,2,322.23,2.0,2.0,2.0,161.115,16.125,10.0,121.28,train
e35b2a3c980b6e0fc66c66b8e1122e93,2018-03-07 16:32:41,148.03577546296296,1,633.5,2.0,1.0,1.0,633.5,33.699999999999996,1.0,633.7,test
e372df26ddbc7532211a9886f9d3f358,2018-07-16 16:53:42,0.0,1,99.45,1.0,1.0,1.0,99.45,7.9,1.0,99.45,test
e374f0ed9ec35b9af339460a75c4d096,2018-02-17 15:24:03,295.8420717592593,1,493.99999999999994,1.0,1.0,1.0,493.99999999999994,28.000000000000004,6.0,200.55,test
e38a9d13896946501404c6d82790728c,2017-12-11 14:45:25,234.94873842592594,1,102.0,1.0,1.0,1.0,102.0,27.0,8.0,262.16,train
e38bf9a883752b0b65407a103fd7ef30,2018-01-02 13:54:45,34.10270833333333,1,45.99999999999997,1.0,1.0,1.0,45.99999999999997,15.100000000000001,1.0,215.15,test
e395de53a61a2f8fa96ea1ca399c3ff5,2017-09-17 20:41:23,2.3148148148148147e-05,1,336.66,1.0,1.0,1.0,336.66,62.66,9.0,102.26,train
e3a07a2fce775f67bcf06e6278807608,2018-03-03 17:48:49,4.6296296296296294e-05,1,107.78,1.0,1.0,1.0,107.78,17.88,8.0,130.18,test
e3c95cff4b8cca496061b369eaa006f7,2018-05-07 09:12:36,40.989270833333336,1,88.89999999999998,1.0,1.0,1.0,88.89999999999998,8.909999999999997,1.0,251.64,test
e3cf594a99e810f58af53ed4820f25e5,2017-09-17 16:04:44,10.12107638888889,1,106.38000000000001,1.0,1.0,1.0,106.38000000000001,16.39,1.0,85.23,train
e424731f7e9ccc9f3384b8b71378cbf7,2017-08-25 00:47:37,3.472222222222222e-05,1,56.780000000000015,1.0,1.0,1.0,56.780000000000015,7.780000000000001,4.0,113.2,train
e43c9920240823d6c97bedc723c25281,2018-08-01 22:59:21,394.9514351851852,1,163.06,1.0,1.0,1.0,163.06,14.059999999999999,1.0,93.24,test
e43e7031cd89dd0ac61dd44b840c311f,2018-08-08 18:23:18,244.9866550925926,1,28.75,1.0,1.0,1.0,28.75,15.100000000000001,1.0,219.43,test
e44110c2ff342e5bbda6c2224d94bbe6,2017-05-13 11:51:34,7.6266087962962965,1,411.94000000000005,2.0,2.0,1.0,411.94000000000005,28.240000000000002,1.0,206.03,train
e4419ca71e493f57fce5809d2039e9ba,2017-10-04 16:29:59,1.038738425925926,1,40.0,1.0,1.0,1.0,40.0,15.099999999999998,1.0,76.83,train
e45b0c7dd75287df589a26fdb7c2fcaf,2018-01-24 09:37:27,212.90273148148148,1,54.07000000000001,1.0,1.0,1.0,54.07000000000001,15.100000000000001,2.0,55.08,test
e47e3ecbe9ae12ecbfc5651bd62d7733,2017-12-04 15:08:11,145.09099537037036,1,77.89000000000001,1.0,1.0,1.0,77.89000000000001,17.99,1.0,117.85,train
e4971a4defaf07a1d7f2ff615a32c809,2018-08-08 10:50:05,285.06587962962965,1,190.17,1.0,1.0,1.0,190.17,10.669999999999998,2.0,169.23,test
e4b98eebb8983cade8610c0def59f705,2017-03-25 09:08:41,1.1574074074074073e-05,1,407.0400000000001,2.0,2.0,2.0,407.0400000000001,33.040000000000006,1.0,222.13,train
e4b98eebb8983cade8610c0def59f705,2017-05-02 16:36:02,38.31065972222222,2,629.17,3.0,3.0,3.0,314.585,28.084999999999997,1.0,130.84,train
e4d800060f85d896b83b4c3e3570065b,2018-03-22 14:01:17,197.98652777777778,1,37.69,1.0,1.0,1.0,37.69,12.689999999999998,1.0,169.87,test
e4f218d824a59b96c4399ad182327138,2018-03-17 11:07:24,0.0,1,113.11000000000001,1.0,1.0,1.0,113.11000000000001,23.21,4.0,123.18,test
e53821a413d5b137cd9005b41f09dfe0,2017-10-20 00:13:14,13.232476851851851,1,121.91,2.0,2.0,2.0,121.91,21.009999999999998,4.0,73.34,train
e53fd5575f1418397aae732c5755b6fc,2018-08-19 10:20:50,490.6970601851852,1,29.950000000000003,1.0,1.0,1.0,29.950000000000003,10.959999999999999,2.0,27.39,test
e53fd5575f1418397aae732c5755b6fc,2018-08-20 22:54:11,1.5231597222222222,2,57.34,2.0,2.0,2.0,28.67,9.180000000000001,1.5,74.69,test
e559969619d1a0922477a2d8cfaf50d9,2018-04-23 00:34:50,174.46880787037037,1,26.770000000000003,1.0,1.0,1.0,26.770000000000003,7.779999999999999,1.0,52.76,test
e58043c5746b4d123edd5fe77ef48696,2018-05-15 20:11:10,24.99773148148148,1,57.129999999999995,1.0,1.0,1.0,57.129999999999995,18.23,1.0,36.22,test
e58e049eea2419a34274619f798d0cd4,2017-11-28 21:53:20,1.1574074074074073e-05,1,50.00999999999999,1.0,1.0,1.0,50.00999999999999,15.11,2.0,312.88,train
e5912280c9d8c14b4e7778df669dea07,2018-07-31 10:32:59,1.8433333333333333,1,59.41,1.0,1.0,1.0,59.41,15.409999999999998,1.0,60.42,test
e5ae3dacf82b0ced4bd9e85046b96f38,2018-02-28 10:35:30,2.3148148148148147e-05,1,103.76000000000002,2.0,1.0,1.0,103.76000000000002,50.76,6.0,47.47,test
e5b6fb6c5e7e4adc25a5e400c0104508,2018-02-15 19:12:14,1.1574074074074073e-05,1,105.38,1.0,1.0,1.0,105.38,15.390000000000002,5.0,38.09,test
e5bdbd18812e42788e7cbad7058fc0ab,2017-04-25 13:27:31,80.07115740740741,1,118.28,1.0,1.0,1.0,118.28,19.28,1.0,124.22,train
e5d71c2a04ee3a370295b3290a85b2fb,2018-05-09 20:16:04,29.41269675925926,1,36.22999999999999,1.0,1.0,1.0,36.22999999999999,18.23,1.0,37.72,test
e5ec513f807eb586f0cb8ab492f59e13,2018-02-23 20:32:42,4.6296296296296294e-05,1,26.629999999999995,1.0,1.0,1.0,26.629999999999995,17.630000000000003,1.0,71.14,test
e5eed5d0afc1ee8620468918995df9f6,2017-11-05 22:21:05,4.6296296296296294e-05,1,125.53,1.0,1.0,1.0,125.53,25.54,7.0,56.5,train
e5f19a93cf85b13edc0376d90e4a0ba5,2018-07-28 00:54:33,112.0266087962963,1,39.16,1.0,1.0,1.0,39.16,9.259999999999998,1.0,18.29,test
e60856952187516c3397a2c4ac63aac4,2018-03-02 18:26:23,125.38315972222222,1,545.42,1.0,1.0,1.0,545.42,27.42000000000001,10.0,122.02,test
e60d32d446c543a9af42c36bf266b0ed,2018-03-02 10:14:08,204.8044675925926,1,151.7,1.0,1.0,1.0,151.7,52.699999999999996,5.0,37.0,test
e64ab18890c89066fe47f8abbbf180de,2017-06-10 19:03:03,34.019756944444445,1,66.69,1.0,1.0,1.0,66.69,16.79,4.0,111.22,train
e65862da4f9f183565831cf7e1cbb7a5,2017-04-17 09:46:16,5.804456018518518,1,81.0,1.0,1.0,1.0,81.0,11.1,1.0,85.25,train
e65e6159c5cfea9bd5aa393b49b02ee6,2018-03-23 17:04:51,0.0024074074074074076,1,57.38,1.0,1.0,1.0,57.38,7.39,5.0,57.38,test
e67af1efd445becc5019902668fe3218,2017-06-19 20:32:27,0.0069560185185185185,1,73.33999999999999,1.0,1.0,1.0,73.33999999999999,13.44,1.0,82.73,train
e68365f0fec5a377bd6f49cb444e453c,2017-10-04 10:29:31,33.94469907407407,1,180.51,1.0,1.0,1.0,180.51,20.61,1.0,180.51,train
e68856e8450afe7390b02d1b2bcefb29,2017-11-24 16:33:46,79.0433912037037,1,154.4,4.0,1.0,1.0,154.4,60.4,8.0,37.07,train
e68e1b61896163cdd7f8e07b2ae814c9,2018-04-17 00:35:26,0.9367824074074074,1,47.83000000000001,1.0,1.0,1.0,47.83000000000001,22.93,3.0,172.48,test
e68e1b61896163cdd7f8e07b2ae814c9,2018-04-17 00:41:54,0.0044907407407407405,2,220.30999999999995,2.0,2.0,2.0,110.15499999999997,23.255000000000003,3.0,143.38,test
e69e2b2ce493d7d2307b2588fd1614bd,2017-03-03 14:22:17,0.15059027777777778,1,137.57,1.0,1.0,1.0,137.57,17.58,1.0,106.36,train
e6ae3727da5a849a77c47c7d661bd152,2018-06-15 14:26:18,0.6338657407407408,1,65.70000000000002,1.0,1.0,1.0,65.70000000000002,9.7,6.0,144.27,test
e6f18fab493c0bdc553eafd9b66cb5f2,2018-03-18 17:12:55,0.0,1,110.33,1.0,1.0,1.0,110.33,22.33,3.0,103.36,test
e6f7a95a474d4f2224834b896c22f66f,2018-04-08 09:21:58,6.994560185185185,1,75.75,1.0,1.0,1.0,75.75,50.85000000000001,1.0,151.5,test
e6f7ddad5d0159e391e27db652c17246,2018-08-01 14:47:50,0.0,1,170.43,1.0,1.0,1.0,170.43,58.85999999999999,10.0,143.36,test
e702e8b7b2a4233b4a1c21f457a1030e,2017-05-18 12:50:35,1.1574074074074073e-05,1,157.72,1.0,1.0,1.0,157.72,30.73,10.0,157.72,train
e7039843c54c69530bbf70d926baaab6,2017-11-16 12:26:30,68.61393518518518,1,188.5,1.0,1.0,1.0,188.5,8.509999999999998,2.0,199.87,train
e73ccd01efa72e05476abdfa25f36208,2017-11-25 00:59:07,2.3148148148148147e-05,1,100.82,1.0,1.0,1.0,100.82,17.83,10.0,126.57,train
e7688fef5438be571d0c39bbb3e8e998,2017-10-28 20:39:20,77.30912037037037,1,27.770000000000003,1.0,1.0,1.0,27.770000000000003,7.780000000000001,2.0,44.24,train
e76f5c3699e402d57852989386ab1cc4,2018-03-21 10:59:55,12.003587962962962,1,62.709999999999994,1.0,1.0,1.0,62.709999999999994,13.71,1.0,125.42,test
e77723abebdc6d6b95814047f75c2aab,2017-12-16 21:29:20,14.225381944444445,1,193.6,2.0,1.0,1.0,193.6,23.6,6.0,140.33,train
e78838df9c44e102b6ac84cc5eea7d5c,2017-02-07 22:52:44,1.1574074074074073e-05,1,35.85999999999999,1.0,1.0,1.0,35.85999999999999,10.96,1.0,42.52,train
e78838df9c44e102b6ac84cc5eea7d5c,2017-02-07 22:52:44,0.0,2,78.38000000000001,2.0,2.0,2.0,39.190000000000005,12.739999999999998,1.0,127.58,train
e7a57c5b35cdb485d352afad87560042,2018-01-01 15:20:38,28.984444444444446,1,106.54000000000002,2.0,2.0,1.0,106.54000000000002,15.56,1.0,36.35,test
e7aa3fbe88423a0132e45578023bac50,2017-06-29 11:14:31,0.007835648148148149,1,49.04999999999999,1.0,1.0,1.0,49.04999999999999,21.15,1.0,53.050000000000004,train
e7ba27eaa7692a165b91ba35a41da310,2017-03-22 10:34:48,1.1574074074074073e-05,1,66.58000000000001,1.0,1.0,1.0,66.58000000000001,16.78,6.0,159.03,train
e7ceb5e15c42737c00925a715525dc67,2018-02-01 19:40:03,79.9328125,1,42.41,1.0,1.0,1.0,42.41,8.11,1.0,56.41,test
e7e84072c5730f21d38aea4e37d531f0,2017-11-24 13:01:36,113.14081018518519,1,37.92,1.0,1.0,1.0,37.92,17.92,1.0,35.09,train
e7ea4c3049b0ffcb326d8fcf44a06c05,2018-06-09 16:50:56,78.03659722222223,1,81.10999999999999,1.0,1.0,1.0,81.10999999999999,19.12,3.0,143.9,test
e8001d7ab27230c1f2fb39aa63aea136,2018-06-11 13:47:19,92.84379629629629,1,204.33999999999997,1.0,1.0,1.0,204.33999999999997,23.84,10.0,244.82,test
e836a4279bd9127752d8949d46f7a5a5,2018-07-12 22:34:54,66.28854166666666,1,70.38999999999999,1.0,1.0,1.0,70.38999999999999,20.4,1.0,139.5,test
e8569c57efe3adf347b3e92ec04d1f91,2017-10-25 12:58:49,1.1574074074074073e-05,1,49.09,1.0,1.0,1.0,49.09,14.099999999999998,4.0,75.65,train
e8663abca66edfe7b18d03a921637578,2018-02-27 15:31:49,33.20878472222222,1,52.099999999999994,1.0,1.0,1.0,52.099999999999994,14.1,1.0,144.54,test
e87c2e2e5985c5996ec20651a3d50fe7,2017-09-21 14:00:30,34.09575231481482,1,181.8,1.0,1.0,1.0,181.8,31.800000000000004,10.0,194.07,train
e89bab624ed1d8c75012bf52bacc654c,2017-12-13 14:40:20,0.00010416666666666667,1,31.77000000000001,1.0,1.0,1.0,31.77000000000001,7.779999999999999,3.0,99.43,train
e89bf89e2621b5aeb4c181e69a8c6952,2017-07-17 13:54:27,14.02329861111111,1,105.27999999999997,1.0,1.0,1.0,105.27999999999997,15.380000000000003,5.0,313.23,train
e8a63b5829f45bc153ed838ba9de6c0b,2018-05-15 11:09:02,245.09172453703704,1,73.18,1.0,1.0,1.0,73.18,25.19,1.0,61.56,test
e8bab621313ad2a3c0ce8e3a023ff9bb,2017-09-20 18:34:24,127.1884837962963,1,224.98000000000002,1.0,1.0,1.0,224.98000000000002,12.979999999999999,1.0,267.28,train
e8da63b2f86c44c750599dbe9d95b7d2,2018-06-04 20:07:58,0.003275462962962963,1,57.730000000000004,1.0,1.0,1.0,57.730000000000004,18.230000000000004,1.0,91.39,test
e8fee231a8a4901e2b0b5a2324eb1405,2017-09-10 19:26:12,28.21074074074074,1,39.09,1.0,1.0,1.0,39.09,15.099999999999998,1.0,76.65,train
e9523749328fe82cd18a39f8611a69b9,2018-04-22 19:14:39,60.98122685185185,1,339.77,1.0,1.0,1.0,339.77,20.77,2.0,267.62,test
e9659b474a13413b36c7a5c1e6d7055b,2018-03-15 13:11:21,235.1425462962963,1,100.85999999999999,1.0,1.0,1.0,100.85999999999999,12.959999999999999,3.0,58.16,test
e97081db25f1967ef831179b1995eead,2018-06-17 09:39:42,65.74747685185186,1,85.37000000000002,1.0,1.0,1.0,85.37000000000002,15.369999999999997,1.0,88.29,test
e9a6501768a8cc1125752e157da21cc1,2018-07-21 22:50:08,0.24082175925925925,1,177.10999999999999,1.0,1.0,1.0,177.10999999999999,47.21000000000001,3.0,198.92,test
e9b87dccd9c326a3325385087eb0150c,2017-08-16 14:35:06,83.80212962962963,1,34.09000000000003,1.0,1.0,1.0,34.09000000000003,14.100000000000001,3.0,270.78,train
e9b87dccd9c326a3325385087eb0150c,2017-10-05 18:45:37,50.173969907407404,2,304.87,3.0,3.0,2.0,152.435,22.64,3.0,146.96,train
e9c905c9d93eadb270434d5f1de50fee,2018-04-30 00:53:54,94.47332175925926,1,236.99999999999997,1.0,1.0,1.0,236.99999999999997,21.999999999999996,8.0,237.54,test
e9dd12dca17352644a959d9dea133935,2018-04-18 09:42:53,43.64627314814815,1,46.78,1.0,1.0,1.0,46.78,16.789999999999996,1.0,67.05,test
e9e96ff4f36a319a3621b95b43343532,2018-01-11 22:12:55,106.14162037037038,1,27.110000000000014,1.0,1.0,1.0,27.110000000000014,8.109999999999998,1.0,144.45,test
ea09b32bf96ba057088e140c6bec60da,2018-05-06 20:04:18,134.1223611111111,1,250.99,1.0,1.0,1.0,250.99,26.09,3.0,157.45,test
ea2a4a14c49ad9a9d64d2b7f91f0c293,2017-10-08 09:00:30,88.98943287037036,1,29.470000000000013,1.0,1.0,1.0,29.470000000000013,12.48,1.0,123.01,train
ea3f9ba2162d33a56fa8ff315f2c38ce,2018-02-10 02:19:28,1.1574074074074073e-05,1,119.25,1.0,1.0,1.0,119.25,12.250000000000002,8.0,199.31,test
ea4dce18a6994b1e69f0bc8093cfe869,2017-06-22 22:30:56,0.0,1,109.99999999999999,2.0,1.0,1.0,109.99999999999999,30.2,10.0,27.98,train
ea94f7a5177a14fde12ff625b03dcd7a,2018-04-27 10:01:33,238.75774305555555,1,86.14999999999999,1.0,1.0,1.0,86.14999999999999,16.25,1.0,65.99,test
eaa604ab9f816252edb7a8d297f932e5,2017-12-02 06:32:02,24.36525462962963,1,711.07,1.0,1.0,1.0,711.07,22.07,3.0,721.14,train
eabaccde0fe3120d2cbbcfc93e2b4177,2018-05-04 18:09:14,171.97644675925926,1,65.71,1.0,1.0,1.0,65.71,8.719999999999999,5.0,18.94,test
eac6dbc8ecd0a2f08ed8e53d18f0e0d0,2017-09-12 23:38:32,214.31074074074073,1,62.64999999999998,1.0,1.0,1.0,62.64999999999998,11.749999999999998,2.0,194.87,train
ead394416d4f85207932cc124eb145e2,2017-12-04 10:59:18,33.89126157407407,1,205.76000000000002,1.0,1.0,1.0,205.76000000000002,16.759999999999998,3.0,210.6,train
eae0a83d752b1dd32697e0e7b4221656,2018-04-24 17:06:54,81.94087962962963,1,1988.5500000000002,11.0,2.0,1.0,1988.5500000000002,626.64,10.0,794.46,test
eaf8b1aa185199a62be13fe370e82ad1,2017-12-04 09:08:22,17.489872685185187,1,49.85,1.0,1.0,1.0,49.85,11.85,4.0,49.85,train
eb28e67c4c0b83846050ddfb8a35d051,2017-09-18 16:12:04,145.22150462962964,1,259.83,1.0,1.0,1.0,259.83,19.93,3.0,24.73,train
eb3401656cd6eaad985629735dc1c339,2018-05-30 19:19:48,196.11085648148148,1,154.99,4.0,3.0,2.0,154.99,45.29999999999999,1.0,72.83,test
eb4520b16c32518b6615f2d50f1be1bb,2018-07-26 08:52:34,435.8472106481481,1,234.58,2.0,1.0,1.0,234.58,54.6,10.0,184.1,test
eb5d7d093a080f6b02d4b1ed626db0ff,2017-03-10 08:41:20,1.1574074074074073e-05,1,61.64,1.0,1.0,1.0,61.64,11.739999999999998,2.0,79.99,train
eb8367e178d144706a4ff3da62d284cb,2017-10-12 19:00:46,116.83172453703703,1,58.089999999999996,1.0,1.0,1.0,58.089999999999996,15.100000000000001,2.0,54.79,train
eb89ecac165940c95a05cb77e89a789d,2017-12-03 14:59:01,200.76574074074074,1,40.010000000000005,1.0,1.0,1.0,40.010000000000005,8.110000000000001,4.0,83.74,train
eb8ace0670e08632f5fe8977b669530e,2017-11-22 12:50:57,140.71802083333333,1,27.840000000000003,1.0,1.0,1.0,27.840000000000003,11.85,1.0,48.08,train
ebad8517c448bbd20ca1910bf1a33819,2017-10-28 20:54:23,217.19971064814814,1,153.68999999999997,1.0,1.0,1.0,153.68999999999997,17.789999999999996,10.0,117.85,train
ebf40c0db4fe06ddd15a7a44238c986e,2018-06-12 13:46:53,232.1340972222222,1,87.63999999999999,1.0,1.0,1.0,87.63999999999999,17.74,2.0,151.14,test
ec0f5b4fe392d71f361112c1b508b707,2018-01-02 16:26:54,179.99565972222223,1,157.28,1.0,1.0,1.0,157.28,38.379999999999995,4.0,127.9,test
ec1a46ef8409aca3b3f94b01e02d6582,2018-04-04 18:32:53,13.205081018518518,1,114.09,1.0,1.0,1.0,114.09,9.09,1.0,114.09,test
ec2ddda7d56bc6dcf0e5e5f4b9f67fef,2018-05-12 09:42:46,143.78148148148148,1,264.95000000000005,1.0,1.0,1.0,264.95000000000005,26.949999999999996,1.0,518.04,test
ec441c1966bfa602976763f330fc5168,2018-04-12 08:10:13,85.76006944444444,1,200.27999999999997,2.0,2.0,1.0,200.27999999999997,25.48,1.0,287.4,test
ec442faae8422b7ea35399ad213ff494,2018-06-18 15:34:13,0.012847222222222222,1,83.69,1.0,1.0,1.0,83.69,13.79,4.0,83.69,test
ec449149317e67f234b1cf7fe9fc966c,2018-02-26 09:41:21,3.472222222222222e-05,1,255.08000000000004,1.0,1.0,1.0,255.08000000000004,62.09000000000001,1.0,240.49,test
ec6a85d8bf9c7a514c411a1287643d1d,2017-12-06 13:18:40,14.901400462962963,1,368.6,1.0,1.0,1.0,368.6,28.699999999999996,8.0,191.58,train
ec7f1811826ab04a27a92197bc40c888,2017-11-18 07:41:46,15.683344907407408,1,299.43999999999994,1.0,1.0,1.0,299.43999999999994,9.44,10.0,36.09,train
ec7f1811826ab04a27a92197bc40c888,2017-11-20 11:00:54,2.138287037037037,2,335.53,2.0,2.0,2.0,167.765,11.77,5.5,160.4,train
ec7f1811826ab04a27a92197bc40c888,2017-12-19 05:16:33,28.760868055555555,3,495.93000000000006,4.0,3.0,3.0,165.31000000000003,17.98,4.333333333333333,61.01,train
ec8d6e9f822cddd2f1408b764cd173c4,2018-05-18 22:14:49,36.142916666666665,1,68.32,1.0,1.0,1.0,68.32,12.83,3.0,48.74,test
ec99f30f38afadbfbae32d5883734ded,2017-07-19 19:37:19,0.0,1,97.87,1.0,1.0,1.0,97.87,7.88,7.0,27.77,train
ecb2bbf5c566fab74d5ab5f3cfd2ba19,2018-05-07 10:09:40,102.72675925925925,1,43.99999999999999,1.0,1.0,1.0,43.99999999999999,15.099999999999998,1.0,58.13,test
ecb43665c8c390857cabf385d918da87,2017-08-25 09:15:52,1.1574074074074073e-05,1,99.70000000000002,1.0,1.0,1.0,99.70000000000002,16.34,3.0,107.78,train
ecc693b513a0c362c8da8e6beeeb545a,2018-06-19 17:43:52,235.0425,1,87.00000000000003,1.0,1.0,1.0,87.00000000000003,16.259999999999998,3.0,189.96,test
ecc6d0f3eb9435df737e1f0d9a1c6d3f,2018-04-27 17:43:13,87.0045138888889,1,216.92999999999998,1.0,1.0,1.0,216.92999999999998,17.030000000000005,8.0,218.21,test
ecdbc4bf2201c807294c7d8c4b777032,2017-10-17 16:34:11,198.18841435185186,1,71.02999999999997,1.0,1.0,1.0,71.02999999999997,11.029999999999998,1.0,1223.06,train
ece908ca0502def5dd56deca8a5c67d5,2018-04-28 20:38:32,427.0831712962963,1,151.05000000000004,1.0,1.0,1.0,151.05000000000004,16.150000000000002,10.0,114.53,test
ed05a1bbf9f8816af23fcc68084bb87d,2017-01-16 13:17:46,0.0,1,56.860000000000014,1.0,1.0,1.0,56.860000000000014,10.96,1.0,452.72,train
ed1b6f66996abfab57c0affd00805578,2018-06-23 11:11:56,0.0,1,121.56000000000003,1.0,1.0,1.0,121.56000000000003,17.660000000000004,10.0,187.04,test
ed2e7c127faf8aacf910fb4ecb881966,2017-09-23 18:20:19,5.787037037037037e-05,1,100.5,2.0,1.0,1.0,100.5,23.7,10.0,58.99,train
ed42ccde391485cde5b0699b84b5c070,2018-06-26 14:27:52,145.10413194444445,1,112.77000000000001,3.0,1.0,1.0,112.77000000000001,38.07000000000001,1.0,111.72,test
ed4c785e11a78a73c48fa3af98008292,2018-05-19 14:35:15,311.91180555555553,1,151.29000000000002,1.0,1.0,1.0,151.29000000000002,21.400000000000006,1.0,258.41,test
ed64cf9aa7a7028f4a7ba14dbc08de41,2018-05-09 11:31:26,0.0,1,92.84,1.0,1.0,1.0,92.84,8.940000000000001,3.0,98.97,test
ed7ecb1bd52fef9f35d06b0f09c79539,2017-12-08 19:09:47,247.19212962962962,1,39.620000000000005,1.0,1.0,1.0,39.620000000000005,8.72,3.0,64.0,train
ed873efbae1f165689d2e836f7a45a20,2017-06-02 11:01:39,35.90927083333333,1,20.820000000000004,1.0,1.0,1.0,20.820000000000004,8.719999999999999,1.0,19.88,train
ed917c786a8a3e411eae87aeca27cb27,2018-06-07 22:32:24,37.067256944444445,1,119.15000000000003,1.0,1.0,1.0,119.15000000000003,23.25,1.0,169.67000000000002,test
ed91e2bcbc71d72c1d7871961a01d3e3,2018-03-09 10:14:36,80.93373842592592,1,36.750000000000014,1.0,1.0,1.0,36.750000000000014,11.849999999999998,3.0,104.42,test
edb73fb9e9c6e283badde40e37f5c9e5,2017-11-30 02:16:19,6.028506944444445,1,157.85,2.0,2.0,1.0,157.85,18.049999999999997,10.0,51.01,train
eddc1407b097ef7952deb24806c9059b,2017-10-05 10:01:44,208.92125,1,153.8,1.0,1.0,1.0,153.8,23.900000000000002,1.0,122.92,train
ee04cc9bca4c9198bec5c54c2542dd3b,2018-08-06 08:44:23,411.7072800925926,1,87.70999999999998,1.0,1.0,1.0,87.70999999999998,7.809999999999999,1.0,145.01,test
ee2e40e31211c5c36ebf28b78316542e,2017-05-12 14:48:10,0.0,1,74.84,1.0,1.0,1.0,74.84,15.17,7.0,135.59,train
ee3adea169ca02ca9bd1e80bc620856e,2018-01-02 20:34:57,119.94869212962963,1,732.85,1.0,1.0,1.0,732.85,13.849999999999998,8.0,37.77,test
ee4a5dab94b427525ea24bc30d4442fb,2018-04-17 09:28:09,154.7361574074074,1,125.97000000000001,1.0,1.0,1.0,125.97000000000001,25.98,1.0,101.57000000000001,test
ee5c5d0ff3ff8e904b5c2b66dd471b01,2017-03-07 10:25:58,1.1574074074074073e-05,1,248.26000000000002,1.0,1.0,1.0,248.26000000000002,12.260000000000002,5.0,206.34,train
ee86c319ba988c50816cb59a863b1882,2018-03-16 07:01:56,0.0,1,122.13999999999999,2.0,2.0,1.0,122.13999999999999,14.779999999999998,1.0,45.87,test
ee9d97a7d28183a3d93aefb807e48524,2017-08-14 11:04:23,3.472222222222222e-05,1,35.84,1.0,1.0,1.0,35.84,11.85,3.0,102.12,train
eed4189bfc1ea0c708e927cf93d63bdf,2018-01-10 08:51:29,46.75945601851852,1,166.28999999999996,1.0,1.0,1.0,166.28999999999996,18.29,3.0,266.4,test
eed42da7ee2f3ce26ab52758e63d855f,2018-02-22 23:33:59,1.1574074074074073e-05,1,99.43000000000002,1.0,1.0,1.0,99.43000000000002,9.439999999999998,8.0,31.77,test
eeea20d93b0e221411defcabab3c8949,2018-06-15 07:01:23,448.79372685185183,1,202.27999999999997,2.0,1.0,1.0,202.27999999999997,22.480000000000004,1.0,78.87,test
ef1d0f1922417f396a0aa0a03296c572,2017-11-24 00:25:57,113.83273148148149,1,144.75,1.0,1.0,1.0,144.75,9.76,1.0,46.0,train
ef309784561fed416ff25e05ddfe495e,2018-07-19 17:46:37,41.30060185185185,1,26.780000000000015,1.0,1.0,1.0,26.780000000000015,12.79,1.0,116.01,test
ef3aa901ca7f8bc099be6fd33f8daba6,2018-07-19 11:10:14,50.64850694444444,1,58.18000000000001,1.0,1.0,1.0,58.18000000000001,18.28,1.0,108.78,test
ef3b6ab8a1704ead096adbcdee78284b,2018-03-10 19:52:26,95.4171875,1,72.43,1.0,1.0,1.0,72.43,13.43,1.0,212.26999999999998,test
ef6f8fd740ae1fe88a80a321306bac50,2018-06-07 16:46:09,61.24295138888889,1,129.73999999999998,1.0,1.0,1.0,129.73999999999998,19.740000000000002,1.0,128.65,test
ef7200d5b0b899369c77c7407ec5502e,2018-04-28 16:06:18,131.90885416666666,1,165.8,1.0,1.0,1.0,165.8,15.809999999999999,3.0,44.23,test
ef7ccf8e6acbf1ac71af305967e708c3,2017-07-24 08:56:42,9.721354166666666,1,77.07999999999998,1.0,1.0,1.0,77.07999999999998,15.18,2.0,217.64,train
ef89c781d27561d99c4b90783fde3c57,2017-12-22 15:53:30,5.848391203703704,1,149.14,1.0,1.0,1.0,149.14,29.239999999999995,7.0,72.79,train
efb164704e9f4fc3867f6f59f5f6dbd6,2018-02-07 18:23:09,349.28181712962964,1,33.69,1.0,1.0,1.0,33.69,14.520000000000001,3.0,154.72,test
efce1ab3e96ccab8b1b464326bd22417,2018-03-27 14:29:03,231.99951388888888,1,119.48000000000002,1.0,1.0,1.0,119.48000000000002,9.579999999999998,5.0,785.24,test
effecf2e702b13058b6ca07a0a649691,2018-01-18 15:26:37,2.3148148148148147e-05,1,148.42,1.0,1.0,1.0,148.42,17.17,8.0,105.38,test
f00aa1cfc257dfff20184269b19db923,2018-03-10 10:45:39,147.9914699074074,1,107.78,1.0,1.0,1.0,107.78,17.88,10.0,68.18,test
f00e99f043c33da533ebc107f5a68c4e,2018-06-03 17:02:22,172.58351851851853,1,162.25,1.0,1.0,1.0,162.25,17.26,1.0,154.81,test
f043529722a354cd3f185270e0c6aa15,2017-10-02 15:52:50,192.98133101851852,1,29.86,1.0,1.0,1.0,29.86,10.96,1.0,37.11,train
f06d35a600b606329886d392afda66c7,2018-07-09 21:50:54,1.2009375,1,86.37,1.0,1.0,1.0,86.37,19.379999999999995,1.0,127.37,test
f08d5e0d77469bca395ed24633b8f8d5,2018-04-03 20:32:47,12.264131944444445,1,48.129999999999995,1.0,1.0,1.0,48.129999999999995,18.230000000000004,1.0,130.69,test
f091cb60c97d35a42101a95cb825f821,2018-08-13 11:02:42,19.999502314814816,1,141.94,2.0,1.0,1.0,141.94,27.960000000000004,1.0,174.56,test
f0996ee6e59d10ac46fd0b9c632e759d,2017-07-04 01:44:17,0.0,1,76.08000000000001,1.0,1.0,1.0,76.08000000000001,16.18,4.0,151.92,train
f0a8e36658d6d08f6e96b9ecf389fd52,2018-06-09 21:51:46,36.9825462962963,1,63.83000000000001,2.0,2.0,2.0,63.83000000000001,31.940000000000005,1.0,167.4,test
f0ac405c280fab1d087b8982e7801b54,2018-08-07 09:54:16,382.8469097222222,1,220.03999999999996,1.0,1.0,1.0,220.03999999999996,15.040000000000003,10.0,81.99,test
f0daba1cfcc18d5a3229e1a911313e3e,2017-05-11 17:30:39,16.86721064814815,1,49.50999999999999,1.0,1.0,1.0,49.50999999999999,14.519999999999996,1.0,1348.67,train
f0e310a6839dce9de1638e0fe5ab282a,2017-08-03 20:28:45,75.4828125,1,243.34000000000003,1.0,1.0,1.0,243.34000000000003,16.339999999999996,5.0,52.5,train
f0e310a6839dce9de1638e0fe5ab282a,2017-09-29 19:30:05,56.95925925925926,2,295.84,2.0,2.0,2.0,147.92,16.470000000000002,3.0,59.6,train
f0e310a6839dce9de1638e0fe5ab282a,2017-10-13 07:17:42,13.491400462962963,3,355.44,3.0,3.0,3.0,118.48,16.513333333333335,2.3333333333333335,89.63,train
f0e310a6839dce9de1638e0fe5ab282a,2018-02-11 07:17:34,120.9999074074074,4,445.06999999999994,4.0,4.0,4.0,111.26749999999998,17.317500000000003,2.0,43.09,test
f0e310a6839dce9de1638e0fe5ab282a,2018-04-05 09:04:45,53.07443287037037,5,488.1600000000001,5.0,5.0,5.0,97.63200000000002,16.874,2.2,52.53,test
f0fd988c7c2a4cba167138a8adada6ca,2018-04-19 07:59:55,102.803125,1,71.73,1.0,1.0,1.0,71.73,16.819999999999997,1.0,35.56,test
f0fd988c7c2a4cba167138a8adada6ca,2018-06-11 15:55:22,53.330173611111114,2,107.29000000000002,2.0,2.0,2.0,53.64500000000001,19.439999999999998,1.0,68.25,test
f113042ff356f926d517f3087d4a1ba8,2018-06-26 12:39:48,302.6239814814815,1,75.16999999999999,1.0,1.0,1.0,75.16999999999999,16.170000000000005,7.0,53.24,test
f11821d908830e74ad782532ebed897a,2017-05-17 04:26:46,0.0,1,79.65,1.0,1.0,1.0,79.65,19.660000000000004,1.0,34.69,train
f11821d908830e74ad782532ebed897a,2017-08-21 00:36:28,95.84006944444444,2,114.34000000000002,2.0,2.0,2.0,57.17000000000001,18.225,1.0,76.76,train
f121995493925a5ef0b46a13f594e0ab,2018-01-16 22:08:15,155.0140162037037,1,41.69,1.0,1.0,1.0,41.69,12.689999999999998,2.0,435.95,test
f145d50379275ab9931636f83b0102eb,2018-07-26 07:10:27,48.55416666666667,1,150.63999999999996,1.0,1.0,1.0,150.63999999999996,20.64,6.0,208.03,test
f170c6e04c4cdf9219fc5c669b10f506,2018-01-13 13:36:23,0.0,1,165.54,1.0,1.0,1.0,165.54,58.53999999999999,1.0,192.42,test
f172c33b146e90b95ee12499eb6632cb,2018-03-27 08:10:06,76.7237962962963,1,37.09,1.0,1.0,1.0,37.09,15.100000000000001,3.0,200.35,test
f1a325803dd4c341c5a946ac84c71973,2017-09-01 10:15:36,122.69230324074074,1,148.33000000000004,3.0,3.0,1.0,148.33000000000004,43.629999999999995,1.0,202.74,train
f1bee02ceae8a430506b798786f766b4,2018-04-08 08:59:35,11.818842592592592,1,78.3,1.0,1.0,1.0,78.3,38.4,1.0,66.71,test
f1c08d13b8520a6efa197627fada3a56,2018-08-06 20:57:10,285.93539351851854,1,78.90000000000002,1.0,1.0,1.0,78.90000000000002,16.200000000000003,1.0,119.89,test
f1e73ad158b38954c23f5668894b3d46,2018-03-13 11:21:01,46.97175925925926,1,121.97000000000003,1.0,1.0,1.0,121.97000000000003,11.970000000000002,1.0,233.99,test
f1f30eb24d90309e4ec02c385a17e81f,2018-04-30 10:28:19,223.55188657407408,1,138.64,1.0,1.0,1.0,138.64,42.89999999999999,1.0,141.7,test
f216de65ece42736f341247dcba60ccb,2017-11-27 22:26:08,96.51303240740741,1,185.09999999999997,3.0,3.0,2.0,185.09999999999997,43.400000000000006,10.0,109.31,train
f22da779a017ed42f2c4e03862584885,2018-04-24 17:12:09,34.14818287037037,1,68.18,1.0,1.0,1.0,68.18,18.23,2.0,37.23,test
f257deaa49d5e0a8c5fde46dfc350e52,2018-08-01 21:21:47,29.884479166666665,1,181.66000000000003,1.0,1.0,1.0,181.66000000000003,21.759999999999998,1.0,251.92000000000002,test
f25c82f041560f45f4a408157ff3a5de,2018-07-25 16:11:44,233.17678240740742,1,210.29000000000002,1.0,1.0,1.0,210.29000000000002,14.39,1.0,284.96,test
f25c83fef4ae7252feec416e7927acac,2018-06-19 08:58:11,109.91880787037037,1,131.08,1.0,1.0,1.0,131.08,23.080000000000002,1.0,130.09,test
f2655a0ca53cad79e713d1a21b2328b7,2017-05-15 18:46:53,1.1574074074074073e-05,1,134.47,1.0,1.0,1.0,134.47,14.570000000000002,3.0,57.75,train
f2ab7bd70a9a23df0dac0be98f038374,2018-02-18 14:10:25,133.94664351851853,1,62.00999999999999,1.0,1.0,1.0,62.00999999999999,16.11,2.0,142.31,test
f2e0c95f9c0e971bb561b11ecf5a95d3,2018-02-22 19:54:45,2.3148148148148147e-05,1,95.48,2.0,1.0,1.0,95.48,18.68,3.0,67.3,test
f30856ad31d3e74253a3f4ccef670648,2018-02-02 18:01:10,2.3148148148148147e-05,1,115.05,1.0,1.0,1.0,115.05,25.899999999999995,3.0,100.23,test
f31ac54af6af7097bddd1053011e7a3a,2018-08-05 15:42:51,271.8923726851852,1,96.70000000000002,1.0,1.0,1.0,96.70000000000002,17.80000000000001,1.0,242.91,test
f31d2c22ddcad145e224e6dc48f349b9,2018-05-16 20:57:48,32.94802083333333,1,86.39999999999999,2.0,1.0,1.0,86.39999999999999,36.46,1.0,89.86,test
f324fb2ff71d3fe466169a995de25315,2018-07-20 16:39:13,0.0004398148148148148,1,95.76,1.0,1.0,1.0,95.76,15.86,1.0,95.76,test
f34cd7fd85a1f8baff886edf09567be3,2017-08-22 12:49:28,0.0,1,214.32,1.0,1.0,1.0,214.32,34.32000000000001,6.0,487.45,train
f34cd7fd85a1f8baff886edf09567be3,2017-08-22 12:49:29,1.1574074074074073e-05,2,701.77,2.0,2.0,2.0,350.885,51.885000000000005,6.0,214.32,train
f34cd7fd85a1f8baff886edf09567be3,2017-09-23 19:56:00,32.29619212962963,3,916.0899999999999,3.0,3.0,3.0,305.3633333333333,46.029999999999994,6.0,320.67,train
f3738f6f5687da7c7ae0623172be00bf,2018-01-20 20:10:56,13.998993055555555,1,97.31000000000002,1.0,1.0,1.0,97.31000000000002,16.81,1.0,82.73,test
f377461b37160ea383bbb3535714ba31,2018-07-27 05:39:01,0.00568287037037037,1,75.68,1.0,1.0,1.0,75.68,19.58,2.0,75.68,test
f37bd405972a0229ec900f3743f5bca6,2017-10-19 17:15:45,1.1574074074074073e-05,1,57.56999999999999,1.0,1.0,1.0,57.56999999999999,22.670000000000005,4.0,36.84,train
f3b75d6f1b2a6555223b35fcb52dcf54,2018-05-10 10:18:34,232.8270949074074,1,65.1,1.0,1.0,1.0,65.1,15.100000000000001,4.0,59.43,test
f3bf3bed9936aecd7792e6c49779dedc,2018-04-30 20:36:38,34.00103009259259,1,32.610000000000014,1.0,1.0,1.0,32.610000000000014,7.709999999999999,1.0,127.82,test
f3d176999f9c1273045f770712608944,2017-08-07 21:35:22,21.618796296296296,1,70.12,1.0,1.0,1.0,70.12,13.420000000000002,3.0,151.46,train
f3d7cb12e7dc54a424d935aae4426461,2018-04-07 14:15:19,373.89012731481483,1,133.45999999999998,1.0,1.0,1.0,133.45999999999998,34.46,1.0,68.3,test
f43a741f2b86fc593b013959d7b34083,2018-06-11 08:33:53,10.748622685185186,1,227.38,1.0,1.0,1.0,227.38,27.479999999999997,4.0,454.76,test
f46971f1ac7b376b668114a027c98e78,2017-05-24 15:41:46,8.96005787037037,1,59.69,1.0,1.0,1.0,59.69,16.789999999999996,1.0,278.16,train
f46ebdbd5c48c0683980a759b8937912,2018-02-20 16:06:00,5.787037037037037e-05,1,90.17000000000002,1.0,1.0,1.0,90.17000000000002,15.27,1.0,84.13,test
f497801658db70e1b18c76268001e944,2017-12-18 11:28:52,117.9478125,1,58.099999999999994,1.0,1.0,1.0,58.099999999999994,16.11,1.0,99.25,train
f497dd3ee9e4ef33b42acd82713e4bf3,2018-06-04 12:22:27,0.0,1,18.67,1.0,1.0,1.0,18.67,7.87,1.0,18.67,test
f4af0b3f627879bf6801db96949b1e71,2017-08-21 15:53:42,1.1574074074074073e-05,1,122.19000000000003,2.0,2.0,1.0,122.19000000000003,25.39,8.0,220.04,train
f4d1502ace38b0df6f052a5544add9f4,2018-04-11 23:14:26,152.01693287037037,1,257.92,1.0,1.0,1.0,257.92,27.93,5.0,82.42,test
f4d1502ace38b0df6f052a5544add9f4,2018-04-11 23:14:26,0.0,2,340.34000000000003,2.0,2.0,2.0,170.17000000000002,22.18,3.0,50.13,test
f4f2d85371955b0e254ce594fcf09a0d,2018-01-30 11:12:55,3.472222222222222e-05,1,45.23,1.0,1.0,1.0,45.23,15.24,4.0,40.1,test
f50ca6544a0ed8a52cc964e15cbe9cf9,2017-10-10 20:21:15,2.3148148148148147e-05,1,84.14999999999998,1.0,1.0,1.0,84.14999999999998,25.249999999999996,6.0,236.49,train
f526077dd7bdfdb1a6e10cd6b194b548,2017-09-24 09:30:35,0.0,1,33.0,1.0,1.0,1.0,33.0,15.1,3.0,29.0,train
f5344c7feb209d1e8a9de5d60ed79331,2017-07-31 23:06:47,1.1574074074074073e-05,1,58.59,1.0,1.0,1.0,58.59,12.689999999999998,3.0,185.99,train
f561632522774ab728bb93f8f3ab5e61,2018-01-06 12:01:41,213.93530092592593,1,379.72999999999996,1.0,1.0,1.0,379.72999999999996,83.93,12.0,319.58,test
f565c1cbc438d2561d40d780f1da28c5,2017-11-26 09:33:58,32.01084490740741,1,51.69,1.0,1.0,1.0,51.69,16.79,3.0,55.69,train
f58595c5ecdf5e9781678b83ba2e0c21,2018-07-16 04:02:53,71.68207175925926,1,136.71000000000004,1.0,1.0,1.0,136.71000000000004,18.71,1.0,199.26,test
f596242db91986b554f25768577cd5be,2017-06-18 14:32:38,13.721990740740742,1,695.99,1.0,1.0,1.0,695.99,145.99,10.0,35.09,train
f5d32f2ee3d4caec1870de481c276bd8,2018-06-06 14:19:52,74.52652777777777,1,124.77000000000001,1.0,1.0,1.0,124.77000000000001,26.77,12.0,75.85,test
f613612c35de4ffbbdb680f32e3baa80,2018-05-28 08:47:35,4.84244212962963,1,91.25999999999999,1.0,1.0,1.0,91.25999999999999,11.190000000000001,1.0,182.94,test
f62d6572c9c25b3796d058d7b833f8b7,2017-06-10 19:59:23,82.08835648148148,1,101.14,1.0,1.0,1.0,101.14,11.24,5.0,92.8,train
f63e56138ee7885ffc3b7e56933446e6,2017-09-10 09:22:44,1.1574074074074073e-05,1,55.00000000000003,1.0,1.0,1.0,55.00000000000003,15.100000000000001,4.0,206.1,train
f64075e7fa628bdc6c3e7c3108d7c624,2018-01-30 10:56:41,1.1574074074074073e-05,1,106.37,1.0,1.0,1.0,106.37,17.07,3.0,104.87,test
f64ec6d8dd29940264cd0bbb5ecade8a,2017-11-03 17:45:48,27.455474537037038,1,89.75,1.0,1.0,1.0,89.75,17.75,4.0,89.75,train
f64ec6d8dd29940264cd0bbb5ecade8a,2017-11-19 14:47:50,15.876412037037037,2,179.5,2.0,2.0,2.0,89.75,17.75,4.0,89.75,train
f64ec6d8dd29940264cd0bbb5ecade8a,2017-11-21 18:18:40,2.146412037037037,3,269.25,3.0,3.0,3.0,89.75,17.75,4.0,89.75,train
f6b12abd5112545273ecbdc84f6cf35f,2018-07-17 17:13:40,64.05019675925926,1,117.96000000000001,1.0,1.0,1.0,117.96000000000001,7.639999999999999,1.0,118.35,test
f6dc4789e4669873c35f8f92fdbed89f,2018-08-09 10:31:45,86.75924768518519,1,246.41999999999996,2.0,1.0,1.0,246.41999999999996,26.419999999999998,10.0,201.89,test
f71da337f7e2b3a70c74fa505f0f6ac9,2018-08-21 20:59:11,170.9995949074074,1,37.09,1.0,1.0,1.0,37.09,15.099999999999998,3.0,56.36,test
f720a16300d5b9dfa4639686e56561ba,2018-07-27 12:27:02,1.7255671296296295,1,158.43,1.0,1.0,1.0,158.43,39.43,5.0,69.07,test
f733f4254cce4a375a82258c272d1549,2018-05-29 10:46:58,324.75806712962964,1,62.169999999999995,1.0,1.0,1.0,62.169999999999995,9.27,1.0,58.77,test
f7471d502dd946e0a2cb6020bf076808,2018-03-31 18:26:56,84.91208333333333,1,127.73999999999998,1.0,1.0,1.0,127.73999999999998,21.240000000000002,6.0,187.67,test
f79c1eba3ebd97c75683b3ac6e333daa,2018-04-24 22:40:37,0.03518518518518519,1,36.96,1.0,1.0,1.0,36.96,17.06,3.0,57.29,test
f79c969a1665f477201e86ae6e036c30,2017-06-05 17:54:00,1.1574074074074073e-05,1,158.75,1.0,1.0,1.0,158.75,15.750000000000004,1.0,131.25,train
f7ac7452ae241a5a36aaf9542c2428d5,2017-07-26 18:22:31,1.1574074074074073e-05,1,427.93000000000006,2.0,2.0,2.0,427.93000000000006,107.23,10.0,231.27,train
f7b62c75467e8ce080b201667cbbc274,2016-10-07 08:28:29,0.7281597222222222,1,126.12,2.0,1.0,1.0,126.12,57.940000000000005,5.0,41.93,train
f7b981e8a280e455ac3cbe0d5d171bd1,2017-01-05 11:56:06,12.527303240740741,1,19.62,1.0,1.0,1.0,19.62,8.72,1.0,19.62,train
f7be9bec658c62ab6240b44cd26c0b84,2017-01-05 14:33:39,0.04101851851851852,1,18.62,1.0,1.0,1.0,18.62,8.72,1.0,19.62,train
f7d2fc6f0a2778f53d2a6bfc27bd0e8c,2017-10-19 10:05:02,155.7887037037037,1,190.33000000000004,1.0,1.0,1.0,190.33000000000004,20.43,1.0,179.86,train
f7d319c00224031393f1ba82343db3d6,2017-11-27 16:36:37,19.13310185185185,1,57.68,1.0,1.0,1.0,57.68,7.78,1.0,57.68,train
f7d7fc0a59ef4363fdce6e3aa069d498,2018-04-10 18:21:13,295.2425347222222,1,75.28,1.0,1.0,1.0,75.28,25.379999999999995,7.0,102.57,test
f7f7c86a6751896d012ebbe10e3fc6f3,2017-11-29 08:37:46,15.362604166666667,1,49.75,1.0,1.0,1.0,49.75,11.85,1.0,50.0,train
f801278dc42ce9d4773cb91ad0e21ab8,2017-01-21 18:17:15,1.1574074074074073e-05,1,93.84000000000002,1.0,1.0,1.0,93.84000000000002,26.94,6.0,35.95,train
f804ed90360900357b6db9d7635d275d,2017-05-20 10:30:23,19.06355324074074,1,161.56,1.0,1.0,1.0,161.56,11.66,10.0,468.81,train
f80c7e4cf2fa8ff3532323f19bf603ba,2018-05-09 12:47:39,105.90510416666666,1,27.680000000000007,1.0,1.0,1.0,27.680000000000007,7.779999999999999,1.0,135.62,test
f8308de7370e6293120c537a031f4cff,2017-10-22 22:00:35,14.520023148148148,1,117.85,1.0,1.0,1.0,117.85,17.95,1.0,107.78,train
f87108f2ff59f6cbc898ca230483c0ab,2017-11-15 10:09:38,121.42541666666666,1,58.59,1.0,1.0,1.0,58.59,12.69,1.0,61.84,train
f8777c0c5c96632fe9ded01856cb8c82,2017-10-13 14:45:04,1.1574074074074073e-05,1,140.65000000000003,1.0,1.0,1.0,140.65000000000003,20.75,1.0,294.91,train
f8bc1d81f395f6239a2a5ab1b9edf1ab,2018-04-13 13:54:38,188.95270833333333,1,155.14,2.0,1.0,1.0,155.14,35.34,2.0,313.67,test
f8bc1d81f395f6239a2a5ab1b9edf1ab,2018-08-20 12:00:24,128.9206712962963,2,468.81,4.0,3.0,3.0,234.405,89.13,2.0,46.29,test
f8bffe1586fdae62dd3646353a25f958,2018-03-01 10:35:27,96.45481481481481,1,24.680000000000007,1.0,1.0,1.0,24.680000000000007,7.779999999999999,2.0,269.78,test
f8d1720cca57b3c6961eb25114347ade,2018-05-03 21:16:34,0.001400462962962963,1,57.49000000000001,2.0,2.0,1.0,57.49000000000001,26.499999999999996,5.0,385.63,test
f8daef44c2589a488bfed29f1be8396a,2018-08-03 13:37:17,287.8572222222222,1,202.53,1.0,1.0,1.0,202.53,12.529999999999998,1.0,54.47,test
f8f6ed51ded0d4757a6153f5ce0f8906,2018-04-25 11:11:13,8.86818287037037,1,479.69999999999993,3.0,1.0,1.0,479.69999999999993,65.69999999999999,1.0,133.35,test
f9165be8a411384aab9f945394418a0c,2018-05-19 19:34:15,270.91979166666664,1,57.53,1.0,1.0,1.0,57.53,25.630000000000003,2.0,231.54,test
f92fd2c87375f957ece022972b16849b,2017-12-05 16:18:19,114.72021990740741,1,117.95000000000002,1.0,1.0,1.0,117.95000000000002,17.950000000000003,2.0,104.85,train
f93ea08ded32a5b926f9dd98c1dbd61d,2017-05-27 19:51:59,1.1574074074074073e-05,1,488.7200000000001,2.0,2.0,1.0,488.7200000000001,38.92,10.0,445.94,train
f944ee56d8467517955c2ddc7b0d486a,2017-11-01 20:57:34,107.98821759259259,1,152.47,1.0,1.0,1.0,152.47,23.77,2.0,155.23,train
f95407bbebadeb8eb236153ba339e998,2018-06-10 19:42:29,113.02836805555556,1,96.62,1.0,1.0,1.0,96.62,12.72,1.0,94.65,test
f95de29d9e810e69f55626ff1bbd4d60,2018-01-06 17:48:38,16.352256944444445,1,73.16,1.0,1.0,1.0,73.16,14.159999999999998,1.0,53.1,test
f96be73d5c1d3bfe8fcba7924798ba91,2018-05-18 13:22:34,295.00214120370373,1,130.74,1.0,1.0,1.0,130.74,13.84,4.0,309.81,test
f97ab9c166ca8d6f5313653ee439a6a8,2018-08-20 15:37:16,133.86994212962964,1,21.009999999999998,1.0,1.0,1.0,21.009999999999998,7.709999999999999,2.0,45.27,test
f982853f2882760f3a52e7bdfabb1080,2018-06-03 10:45:31,53.543310185185184,1,243.52000000000004,2.0,1.0,1.0,243.52000000000004,23.72,8.0,45.08,test
f99fa0c7b369bde9c53edc9e6f6c4a58,2017-11-24 09:15:36,0.0,1,42.33,1.0,1.0,1.0,42.33,9.34,1.0,62.41,train
f9ae226291893fda10af7965268fb7f6,2017-03-11 18:34:44,1.7884027777777778,1,425.3999999999999,2.0,1.0,1.0,425.3999999999999,45.60000000000001,3.0,95.67,train
f9b5d3c8bd2dc9c26ff00bde73171554,2018-07-23 10:37:56,151.97568287037038,1,128.29000000000002,1.0,1.0,1.0,128.29000000000002,18.340000000000003,10.0,357.09,test
fa0cf5b25732a933725b83d2f716000a,2017-09-13 17:10:25,3.472222222222222e-05,1,70.72,1.0,1.0,1.0,70.72,11.73,7.0,42.77,train
fa0ee7ceb94193fb02aa78ce3a55695a,2018-02-15 10:33:30,44.572546296296295,1,210.60000000000002,1.0,1.0,1.0,210.60000000000002,25.6,4.0,57.0,test
fa494e4132e6539d70a8478f1d0cf3e3,2018-08-06 17:56:20,180.12519675925927,1,132.05,1.0,1.0,1.0,132.05,9.059999999999999,1.0,75.17,test
fa980c101c0dcecaecd3a1b5984c6b5c,2018-05-26 11:44:37,170.5854398148148,1,76.66,1.0,1.0,1.0,76.66,17.659999999999997,7.0,99.43,test
fad2bf8fa1bdfc125781eb6c62b5ad81,2018-04-10 07:23:55,0.007534722222222222,1,32.04,1.0,1.0,1.0,32.04,11.149999999999999,1.0,54.32,test
fafbc4ecb15933633821dfd530c9263b,2017-05-21 08:00:00,1.1574074074074073e-05,1,137.99000000000004,1.0,1.0,1.0,137.99000000000004,18.090000000000003,10.0,226.22,train
fb490a070c5dbc385afadcf0e56270bd,2018-05-20 23:11:36,162.96844907407407,1,55.109999999999985,1.0,1.0,1.0,55.109999999999985,15.11,1.0,101.15,test
fb4accbcbcd54672a8a8b195d9ff0ec8,2017-08-16 09:48:02,22.95290509259259,1,86.81,1.0,1.0,1.0,86.81,34.17,2.0,86.81,train
fb567adf300e73b60281b72af7702687,2018-03-02 09:43:02,1.1574074074074073e-05,1,92.05,1.0,1.0,1.0,92.05,12.060000000000002,1.0,76.17,test
fb5e89c121d9569d1a58e0afb54da971,2017-09-12 19:28:31,0.0,1,104.37,1.0,1.0,1.0,104.37,14.38,10.0,38.09,train
fb7e29c65321441231990afc201c1b14,2018-08-28 19:32:05,5.950196759259259,1,174.91000000000003,1.0,1.0,1.0,174.91000000000003,9.909999999999997,1.0,139.43,test
fb82affcdf98ee48d9d36c7feb802417,2018-02-23 00:22:16,3.472222222222222e-05,1,174.78000000000003,2.0,1.0,1.0,174.78000000000003,74.98,10.0,119.94,test
fb8bc250f9f12a9121282d4b0d59485b,2018-05-15 11:12:08,57.6556712962963,1,106.85,1.0,1.0,1.0,106.85,52.95000000000001,2.0,36.84,test
fb920961e4d8e55fd9c357976a611765,2018-06-24 10:09:52,455.7746412037037,1,35.86,1.0,1.0,1.0,35.86,10.96,1.0,30.69,test
fbacf55907cfeeab0f1cb05ac31c429e,2018-01-27 19:28:48,0.0,1,136.5,1.0,1.0,1.0,136.5,16.600000000000005,2.0,145.56,test
fbdd85f919749a8e7a1290c6452024e3,2017-06-20 22:42:06,15.64175925925926,1,56.78,1.0,1.0,1.0,56.78,7.779999999999999,2.0,103.56,train
fc19fe9ac733e36ff8227c29435c2030,2018-05-23 23:59:19,483.96738425925923,1,60.86,1.0,1.0,1.0,60.86,10.96,1.0,72.67,test
fc1c735fd279ad7321e7b40a4f9d361f,2018-02-05 17:50:38,0.023645833333333335,1,67.49999999999999,1.0,1.0,1.0,67.49999999999999,17.6,5.0,76.08,test
fc2261ae2c583aa2e68241456a6467c8,2018-05-13 00:10:02,1.1574074074074073e-05,1,220.82,1.0,1.0,1.0,220.82,30.82,10.0,358.29,test
fc24db02becd484accefaa5af59c18b1,2018-06-25 11:15:35,20.495752314814816,1,719.7899999999998,1.0,1.0,1.0,719.7899999999998,19.799999999999997,10.0,869.16,test
fc685f5d020dbc22ef7dae7822f336dc,2017-09-08 13:51:42,2.8437615740740743,1,86.15,1.0,1.0,1.0,86.15,16.25,1.0,59.6,train
fc719c11b4dce594f47e1f9aa739a3a2,2017-11-24 18:04:11,8.038530092592593,1,70.14,1.0,1.0,1.0,70.14,15.139999999999999,7.0,65.71,train
fc719c11b4dce594f47e1f9aa739a3a2,2017-12-26 21:57:46,32.16221064814815,2,135.85000000000002,2.0,2.0,2.0,67.92500000000001,11.93,6.5,137.25,train
fcceb56470bf0b4d59caa87e111ca69e,2018-03-27 18:26:09,41.083958333333335,1,43.79999999999998,1.0,1.0,1.0,43.79999999999998,15.1,1.0,106.78,test
fccfbf734a92029859c4fe58eff05114,2017-03-29 17:13:43,57.848391203703706,1,297.99,1.0,1.0,1.0,297.99,17.999999999999996,10.0,35.18,train
fcd0ab79592faab19e2bf386cf69fbcd,2018-04-07 21:18:46,420.91332175925925,1,45.95,1.0,1.0,1.0,45.95,16.05,1.0,67.13,test
fd03997c82649affc061d275ddf1f3d9,2018-01-17 14:35:51,0.0,1,1233.65,1.0,1.0,1.0,1233.65,144.65,10.0,213.37,test
fd09c64a101e3eff4adbca1b28552514,2017-12-16 18:01:40,121.14760416666667,1,52.37,1.0,1.0,1.0,52.37,13.37,3.0,36.35,train
fd47af963b760f05fbc357474509905e,2017-10-03 17:05:02,19.755810185185187,1,71.14,1.0,1.0,1.0,71.14,14.15,2.0,71.14,train
fd8ccc89be43894d2553494c71a61fd8,2018-03-13 07:45:39,1.3701736111111111,1,45.129999999999995,1.0,1.0,1.0,45.129999999999995,15.229999999999997,1.0,80.44,test
fd8ccc89be43894d2553494c71a61fd8,2018-04-19 08:19:39,37.02361111111111,2,125.56999999999996,3.0,2.0,2.0,62.78499999999998,21.065,1.0,132.46,test
fda3a3eb3370c1295a4fc3f6cd3d7604,2017-09-04 18:46:38,0.0,1,38.09,1.0,1.0,1.0,38.09,14.099999999999998,1.0,75.65,train
fdb1f3e0dd15b657acc64314ce89688f,2017-08-15 18:03:03,21.058078703703703,1,132.48,2.0,1.0,1.0,132.48,32.5,5.0,51.85,train
fdb2f8a871f180fefdf3ba06bf7ab179,2017-06-06 21:31:50,0.0,1,236.28,1.0,1.0,1.0,236.28,16.29,8.0,86.15,train
fdb47f6659321662dce6524a8c629d0b,2017-12-06 22:24:22,1.1574074074074073e-05,1,203.78,1.0,1.0,1.0,203.78,13.46,4.0,203.78,train
fde381fe79993303957d1fcf9cd6bf4a,2018-05-03 22:43:17,0.021354166666666667,1,47.39,1.0,1.0,1.0,47.39,7.389999999999999,1.0,64.03,test
fe3e52de024b82706717c38c8e183084,2018-07-31 08:30:27,321.96445601851855,1,85.16000000000001,1.0,1.0,1.0,85.16000000000001,25.260000000000005,1.0,72.14,test
fe59d5878cd80080edbd29b5a0a4e1cf,2017-08-14 12:18:15,67.6833912037037,1,105.89000000000001,1.0,1.0,1.0,105.89000000000001,27.090000000000003,2.0,54.1,train
fe59d5878cd80080edbd29b5a0a4e1cf,2017-08-22 11:50:48,7.9809375,2,159.99,2.0,2.0,2.0,79.995,21.1,2.0,25.1,train
fe613188d4d20ea3e3dc1290549c3ad1,2017-11-20 12:47:30,0.042916666666666665,1,61.75,1.0,1.0,1.0,61.75,11.850000000000001,3.0,134.45,train
fe81bb32c243a86b2f86fbf053fe6140,2017-10-31 16:20:25,9.202118055555555,1,63.78,1.0,1.0,1.0,63.78,7.78,1.0,63.78,train
fe81bb32c243a86b2f86fbf053fe6140,2018-02-23 14:34:34,114.92649305555555,2,127.56,2.0,2.0,2.0,63.78,7.779999999999999,1.0,78.88,test
fe81bb32c243a86b2f86fbf053fe6140,2018-06-14 11:35:32,110.87567129629629,3,206.44000000000005,3.0,3.0,3.0,68.81333333333335,7.780000000000001,1.0,1035.79,test
fe81bb32c243a86b2f86fbf053fe6140,2018-06-21 12:10:25,7.024224537037037,4,1242.23,4.0,4.0,4.0,310.5575,11.4325,2.0,348.53,test
fed2005ccab4fcf1a40ebdaff032a148,2017-06-17 17:04:31,4.6296296296296294e-05,1,37.67999999999999,1.0,1.0,1.0,37.67999999999999,16.790000000000003,1.0,63.42,train
fed519569d16e690df6f89cb99d4e682,2018-03-18 21:51:49,88.11215277777778,1,175.88,1.0,1.0,1.0,175.88,15.880000000000003,10.0,110.26,test
ff03923ad1eb9e32304deb7f9b2a45c9,2018-05-26 11:51:22,32.58440972222222,1,123.53,1.0,1.0,1.0,123.53,13.21,2.0,123.53,test
ff44401d0d8f5b9c54a47374eb48c1b8,2017-05-19 21:20:54,0.0,1,39.0,1.0,1.0,1.0,39.0,14.1,1.0,29.0,train
ff8892f7c26aa0446da53d01b18df463,2017-11-26 23:25:43,186.30311342592591,1,263.4,1.0,1.0,1.0,263.4,35.4,10.0,66.74,train
ff922bdd6bafcdf99cb90d7f39cea5b3,2017-08-23 13:15:29,182.03387731481482,1,39.42000000000001,1.0,1.0,1.0,39.42000000000001,14.520000000000003,2.0,57.6,train
ff922bdd6bafcdf99cb90d7f39cea5b3,2017-09-14 14:24:04,22.047627314814815,2,97.02,2.0,2.0,2.0,48.51,16.060000000000002,2.0,42.58,train
ffe254cc039740e17dd15a5305035928,2017-04-02 16:33:30,0.0,1,51.7,1.0,1.0,1.0,51.7,14.52,2.0,28.42,train
